source_offset,source_id,content_group,marker_stratum,restrictive_notice,open_licence_marker,public_domain_marker,government_copyright_marker,copyright_marker,first_marker_offset,marker_within_initial_120k,classification_tied,script_group,prompt_chars,domains
0,23406777edfc2df1fe4301020636f6a617339df38ea1f5e2,books/literary/publisher,explicit_restrictive_notice,True,False,False,False,True,120,True,False,latin_or_other,256102,ftp.sas.com;support.sas.com;tshf.sas.com;wiki.mozilla.org
4,34263eba171c295062af45fbc3b151db52bb5a08cc360440,books/literary/publisher,explicit_restrictive_notice,True,False,False,False,True,131,True,False,latin_or_other,249745,
5,ad8973d6514ee0dcd6ffac25520fe014ea192065a9234a7c,government/legal/procurement,mixed_restrictive_and_open_or_public,True,False,True,False,True,37122,True,True,latin_or_other,61566,afge171.org;businessinsider.com;cashmoneylife.com;content.usatoday.com;cryptome.org;csmonitor.com;dailymail.co.uk;economix.blogs.nytimes.com;en.wikipedia.org;english.aljazeera.net;foxnews.com;globalpost.com;goforward.bm23.com;huffingtonpost.com;myoshaadvisor.info;newsweek.com;newyorker.com;nleomf.com;nyc.gov;nydailynews.com;nymag.com;nypd.police-memorial.com;nypost.com;nytimes.com;odmp.org;our.homewithgod.com;policeone.com;reuters.com;thedailynewsegypt.com;washingtonpost.com;wharz.com
12,8cfcf1e87a49e5ce251748b7ff98cbdff4c0734568263cf4,corporate/financial/ESG,generic_copyright_or_bibliographic_marker,False,False,False,False,True,82444,True,False,latin_or_other,154975,
17,8ddf36a6e924450cf5d44e9a969a41c932436ae278f5f490,government/legal/procurement,explicit_restrictive_notice,True,False,False,False,True,65419,True,False,han,66292,dena.de
20,2bbbeddfe3f51c61aae01b678b9e423050ada186a559842b,books/literary/publisher,explicit_restrictive_notice,True,False,False,False,True,1483,True,False,latin_or_other,78693,adamsmedia.com
29,39d8e5c4212bffb068a73f4730305b3380d0e986d2dd186d,government/legal/procurement,explicit_restrictive_notice,True,False,False,False,True,730,True,False,latin_or_other,57912,976-tuna.com;bigbearmarina.com;bishopvisitor.com;bonellipark.org;camplakepiru.com;castaiclake.com;dfw.ca.gov;dixonlake.com;dvmarina.com;fishinglakes.com;gvlfishing.com;jessranchlakesnews.com;kenssport.com;kernriverflyfishing.com;lagunaniguellake.com;lakecuyamaca.org;lakehemetcampground.com;lakejennings.org;lakemohavestripers.com;lastchancetackle.com;martinezlake.com;nacimientoresort.com;nrm.dfg.ca.gov;outdoornewsservice.com;poway.org;sandiego.gov;sbparks.org;sierradrifters.com;thetroutfly.com;williamsboatandtackle.com
34,4715aacd3a4c6cb6191f6b5b84b91700c4bad64058330250,news/blog/general web,generic_copyright_or_bibliographic_marker,False,False,False,False,True,365,True,False,latin_or_other,44432,
42,9917713a9aa6bfba6fb8a358bc09a1d28442d10f6ec4f13d,government/legal/procurement,generic_copyright_or_bibliographic_marker,False,False,False,False,True,27430,True,False,han,72956,
43,ca00c05a08f7394e16fb875ccb0eeb94892359ab4e53f86c,scholarly/research,explicit_restrictive_notice,True,False,False,False,True,93508,True,False,latin_or_other,94724,accesscopyright.ca;playwrightscanada.com;theatrewhynot.org
68,26ddd5a4a58790a0a99ddba892e7f62b240242e223ae114b,software/code/technical-QA,generic_copyright_or_bibliographic_marker,False,False,False,False,True,29727,True,False,latin_or_other,30476,adminlte.io;cdn.jsdelivr.net;code.ionicframework.com;fonts.googleapis.com;form.hairhub.org;stackpath.bootstrapcdn.com
69,10970040571d761b3adefaf5779e5fbc014bcf26858f3652,books/literary/publisher,explicit_restrictive_notice,True,False,False,False,True,78,True,False,latin_or_other,99670,historypress.net
73,fd87c8b96af85517bbc04fb3f5b59e68fddefc7fde666951,books/literary/publisher,generic_copyright_or_bibliographic_marker,False,False,False,False,True,500,True,False,latin_or_other,193942,barbercosmo.ca.gov;bppe.ca.gov;bppe.ca.govunresolved;bridgesbeautycollege.com;ed.gov;naccas.orgw;sos.ca.gov;studentaid.ed.gov;studentloans.gov
78,f39a81bcd9ea8c65d5cb3b9c88e7dad933cc4330f030d4ba,books/literary/publisher,mixed_restrictive_and_open_or_public,True,True,False,False,True,417,True,True,latin_or_other,178392,bcie.org;bndes.gov.br;bu.edu;cdb.com.cn;cdp.net;climatecasechart.com;climatefinancelab.org;climateinvestmentfunds.org;climatepolicyinitiative.org;dbsa.org;documents.worldbank.org;doi.org;ec.europa.eu;eib.org;fsb-tcfd.org;gain.nd.edu;germanwatch.org;globalfinancialgovernance.org;greenclimate.fund;i4ce.org;idfc.org;ipcc.ch;kdb.co.kr;kfw-entwicklungsbank.de;kfw.de;mainstreamingclimate.org;nama-facility.org;odi.org;oecd-ilibrary.org;openknowledge.worldbank.org;reseauactionclimat.org;s3.amazonaws.com;scafenergy.org;thecostaricanews.com;undp.org;unepfi.org;unfccc.int
86,6b37a407c1c078388ed1efd8ee511fbaed7d91c5e4d3109f,public-domain/library,explicit_public_domain_marker,False,False,True,False,True,828,True,False,latin_or_other,47900,pgdp.net
89,58df716639375c8cea4187e5d15038478399b585c42179ea,books/literary/publisher,explicit_restrictive_notice,True,False,False,False,True,562,True,False,latin_or_other,114103,club-internet.fr;randomhouse.com;vintagebooks.com
102,1d36cea639f84ef56590e83fac0fba2e3b8c5c313b76f50a,government/legal/procurement,generic_copyright_or_bibliographic_marker,False,False,False,False,True,1681,True,True,latin_or_other,138817,26magnet.co.jp;ause.net;bricklin.com;chusho.meti.go.jp;crito.uci.edu;dx.doi.org;ecommerce-awards.co.uk;europa.eu.int;hicss.hawaii.edu;itr.gov.au;learndirect-business.co.uk;noie.gov.au;oecd.org;sba.gov;strategis.ic.gc.ca;westcountryviolins.com
104,077d0fdcbb80014f0ac5b29fdd9afb231247945ec0c619ac,books/literary/publisher,generic_copyright_or_bibliographic_marker,False,False,False,False,True,214399,False,True,latin_or_other,214614,
110,95255ebfb924cfda0624e7371347ee32ecd15bfeea195e10,books/literary/publisher,explicit_restrictive_notice,True,False,False,False,True,103710,True,False,latin_or_other,105077,harlequin.com
112,ee49b0e078f7361802423d5a7a9de0e7c1c686c832932b79,books/literary/publisher,explicit_restrictive_notice,True,False,False,False,True,63460,True,False,latin_or_other,64662,crappypictures.com;harlequin.com
133,38cb3af0917fb65391618d6e467a9493a0754ebf0c147dc4,books/literary/publisher,explicit_restrictive_notice,True,False,False,False,True,40,True,False,latin_or_other,31554,
141,f9a24f2f32dfa059b3001fd1c77b505a2036921f590f7697,books/literary/publisher,explicit_restrictive_notice,True,False,False,False,True,86145,True,True,latin_or_other,88352,currency.com.au;integraldms.com
145,8600f77051ce35ecfc3d69c04aa6833931b427db1eee756c,books/literary/publisher,explicit_restrictive_notice,True,False,False,False,True,50,True,False,latin_or_other,48304,villard.com
150,37a4a92255d73673a72e294dc1036780a954eed7ebdace96,software/code/technical-QA,generic_copyright_or_bibliographic_marker,False,False,False,False,True,3699,True,False,latin_or_other,25882,ignite.apache.org;maven.apache.org;w3.org
154,d86e43ba8ae90a06fc6d2f3127b7d664a5a3377bffbb2b0b,scholarly/research,explicit_open_licence_marker,False,True,False,False,True,1967,True,False,latin_or_other,44169,doi.org;ensembl.org;ncbi.nlm.nih.gov;repeatmasker.org
159,d364c03df31a8d0fbd08288ad28f3a1b00f1ea4c3a5a8785,books/literary/publisher,generic_copyright_or_bibliographic_marker,False,False,False,False,True,74690,True,False,latin_or_other,75938,cedro.org;megustaleer.com;megustaleerebooks.com
164,a20c5f6f9eda036ebbe55cfafd74c454a0027c8c8e6bfd19,public-domain/library,explicit_public_domain_marker,False,False,True,False,True,792,True,False,latin_or_other,102685,pgdp.net
177,784e1dcee6d935d12eb21a613375e732effa4e98b7176ab5,government/legal/procurement,generic_copyright_or_bibliographic_marker,False,False,False,False,True,28571,True,False,han,74132,
181,23702a5ec3230c9f0c3844c2a8db75922c934a664ef7bddf,books/literary/publisher,explicit_restrictive_notice,True,False,False,False,True,37,True,False,latin_or_other,97109,doverpublications.com
186,bb7e78e7967cbd17e71e6361b9921f6c616b255320717531,public-domain/library,explicit_public_domain_marker,False,False,True,False,True,22794,True,False,latin_or_other,85248,pgdp.net
196,8fc2a89b9420c438e6015a05fb6670a5c8f745b57fcb0469,government/legal/procurement,explicit_restrictive_notice,True,False,False,False,True,158,True,False,latin_or_other,164222,beheco.oxfordjournals.org;birdata.com.au;birds.cornell.edu;bmad.com.au;dse.vic.gov.au;environment.gov.au;environment.nsw.gov.au;iucnredlist.org;jstor.org;nccnsw.org.au;planning.nsw.gov.au;rfs.nsw.gov.au;ro.uow.edu.au;threatenedspecies.environment.nsw.gov.au;unesco.org;weeds.gov.au;worldbirdnames.org
198,68864a8849b1a93a09645f1687b29628e5929555ed20d1f4,software/code/technical-QA,generic_copyright_or_bibliographic_marker,False,False,False,False,True,52308,True,True,latin_or_other,54774,
217,7a1e1275af1a3481ee5c1be4f576569f5c8a2cd24e99cc7d,government/legal/procurement,explicit_restrictive_notice,True,False,False,False,True,112059,True,False,latin_or_other,153577,upnrhm.gov.inemail
228,d84d73f0f34531b8ad9260c6d701f26501bc7b7dcb5cd22d,scholarly/research,generic_copyright_or_bibliographic_marker,False,False,False,False,True,411,True,False,latin_or_other,237324,athena.ecs.csus.edu;behance.net;dribbble.com;humanfactors.com;material.angular.io;nngroup.com;usability.gov;uxmatters.com
234,bbd146dda0a412c706365076a9d4aa821e11a3aa951d726c,software/code/technical-QA,explicit_restrictive_notice,True,False,False,False,True,3852,True,False,latin_or_other,33738,github.com;pub.dev
237,9aa941498ed3db7223eeea9359284c9385256ddef0e9abb3,news/blog/general web,explicit_restrictive_notice,True,False,False,False,True,101523,True,False,han,101568,
247,11150a616896c2c0c93a3b553d74081155b368d70ea07b7d,scholarly/research,generic_copyright_or_bibliographic_marker,False,False,False,False,True,36234,True,False,latin_or_other,44466,
248,bf6730e3631438484ae476081fd35393e30742a010ab5160,books/literary/publisher,explicit_restrictive_notice,True,False,False,False,True,45657,True,False,latin_or_other,49061,ctpub.com;tinyurl.com
249,19ff638c301f8eab2ea83d8f79a9e12a4eea4f9500adbe89,books/literary/publisher,explicit_public_domain_marker,False,False,True,False,True,25341,True,True,latin_or_other,73239,drinkingsongs.net;folklore.ms;itunes.apple.com;kevinbloodywilson.com;mudcat.org;smithsonianglobalsound.org;sniff.numachi.com;warrenfahey.com.au
251,487ebb1858d62859e62577245d7cfe439089899050aab7d6,unclassified/mixed,generic_copyright_or_bibliographic_marker,False,False,False,False,True,69,True,False,latin_or_other,21231,
254,5adf701ee8f82a3b9f4dc1b4321e6bc3bbb34986afa2ee90,scholarly/research,generic_copyright_or_bibliographic_marker,False,False,False,False,True,18507,True,True,latin_or_other,39752,
258,201bdc79ee379103c8a34bd4de86edb04ef316065b6e2ca8,scholarly/research,generic_copyright_or_bibliographic_marker,False,False,False,False,True,43724,True,False,latin_or_other,44086,
260,17269c2737a6f7e14552d48bbc5aa6d0e25f73b9daf6a241,books/literary/publisher,explicit_restrictive_notice,True,False,False,False,True,328,True,False,latin_or_other,43223,wesleyan.edu
270,a50652f1e72b117d6360b9807f72c0cf947a897da0df206b,books/literary/publisher,explicit_restrictive_notice,True,False,False,False,True,37727,True,True,latin_or_other,38404,davidyoungpoet.com;randomhouse.com
283,f20923dbcf95cd08da70bae043c1d845d19a81ce8c4c6175,books/literary/publisher,explicit_restrictive_notice,True,False,False,False,True,27230,True,False,latin_or_other,29139,lccn.loc.gov;simonandschuster.com;simonspeakers.com
307,37d1aafbd356e24f868af0122a92e21cae5885ff9714670e,manual/technical documentation,explicit_restrictive_notice,True,False,False,False,True,78,True,False,latin_or_other,150686,teledyneisco.com
308,907a33c6afb105e13da79b6dc4dee242f188314e1cd142f7,manual/technical documentation,explicit_restrictive_notice,True,False,False,False,True,80,True,True,han,83586,
312,fd699cebcf696f58bfb5d09cdbf957b54cd7f20de2d35e9d,books/literary/publisher,explicit_restrictive_notice,True,False,False,False,True,2,True,False,latin_or_other,60812,
315,3be23c7f86d99bebc27f5c167433ca3ab0a3f3ac149e0e58,software/code/technical-QA,explicit_open_licence_marker,False,True,False,False,True,8459,True,False,latin_or_other,29774,apache.org;developer.android.com
323,5ff3b1c19c57ad6c9783cc06b00d8ea0e6e906eb259b74f2,scholarly/research,explicit_open_licence_marker,False,True,False,False,True,1857,True,False,latin_or_other,44983,doi.org
326,00deaa506558fa9194a965ad3e8a9b0a40b2b20a97300942,books/literary/publisher,generic_copyright_or_bibliographic_marker,False,False,False,False,True,40,True,False,latin_or_other,111664,wildsidebooks.com
331,b614c8d886f5fa6d414874d75e589bc6fa9c13e485ecace3,books/literary/publisher,mixed_restrictive_and_open_or_public,True,True,False,False,True,143,True,False,latin_or_other,129167,creativecommons.org;lulu.com
336,badabc1cfc53730346c224d6ac64739b32db7ca3ff337830,books/literary/publisher,explicit_restrictive_notice,True,False,False,False,True,359,True,False,latin_or_other,37242,
340,fe85863965ac5be6f427ebd7d4651ebe1e3714fae81d2698,government/legal/procurement,generic_copyright_or_bibliographic_marker,False,False,False,False,True,33913,True,False,han,78217,ccgp.gov.cn;creditchina.gov.cn;zmxggzy.com
341,b413b0d1ca314a967b65a4c464c6c28eef4d672c768202fa,books/literary/publisher,explicit_restrictive_notice,True,False,False,False,True,150,True,False,latin_or_other,64995,ebooks.learntoplaymusic.com
350,1dff79e752e590fba4fc34a6697e50cf1b52bcb4377ebd74,software/code/technical-QA,explicit_restrictive_notice,True,False,False,False,True,3732,True,False,latin_or_other,23206,energy.saynoto0870.com;exampledepot.com;google-analytics.com;homephone.consumerchoices.co.uk;microsoft.co.uk;pagead2.googlesyndication.com;saynoto0870.com;w3.org;websitename.com;xbox.co.uk
352,5106f1dcd028a8286b69285d1f5c4ab025543e6f6af3a402,books/literary/publisher,explicit_public_domain_marker,False,False,True,False,True,305,True,False,latin_or_other,53016,pgdp.net
357,b11cd3439e496467b5357b5828e89ad907a883843e8d7fd9,books/literary/publisher,explicit_restrictive_notice,True,False,False,False,True,46862,True,True,latin_or_other,48351,simonandschuster.com;simonspeakers.com
363,fe7a499bc167dc2e3b9fecafc7e91d7254379c8834d9c6b4,government/legal/procurement,explicit_restrictive_notice,True,False,False,False,True,0,True,False,latin_or_other,315630,humanrights.gov.au
367,4da6859fc735ee16cac10e5a5ed13a32da2c214bde85f0b7,scholarly/research,generic_copyright_or_bibliographic_marker,False,False,False,False,True,22581,True,False,latin_or_other,52631,
369,8a35816265f34d162b2abf4f9b9581295851386d48cfe496,scholarly/research,explicit_restrictive_notice,True,False,False,False,True,1850,True,False,latin_or_other,85750,arc2earth.com;climatepolicyinitiative.org;cran.r-project.org;doi.org;earth.google.com;forestry.gov.cn;google.com;jcs.mep.gov.cn;lpdaac.usgs.gov;mep.gov.cn;srtm.usgs.gov;tradingeconomics.com;vip.arizona.edu
372,09f135e81ff2befee6639087dbb70215df262169347c253e,corporate/financial/ESG,generic_copyright_or_bibliographic_marker,False,False,False,False,True,167,True,False,han,128510,accc.gov.au;anatel.gov.br;consumerlaw.gov.au;epeat.net;hp.com;hp.com.au;register.hp.com;support.hp.com
373,9854c06a6105bd65a4ea8ee5ad71fd19588648105f684622,books/literary/publisher,explicit_restrictive_notice,True,False,False,False,True,52870,True,False,latin_or_other,54423,storey.com
377,b280d3def1e51a51280c8f951cf73ba2f909bbb75e514d27,books/literary/publisher,explicit_restrictive_notice,True,False,False,False,True,2,True,False,latin_or_other,44105,amherstmedia.com;begleiter.com;billypegram.com;cheriefoto.com;danbrouillette.com;dantzigphotography.com;fallcreekphoto.com;ferrophotographyschool.com;garageglamour.com;hernanphotography.com;jeffsmithphoto.com;mwphoto.net;portraitlife.com;prophotoresource.com;rickferro.com;rolandogomez.com;timschooler.com;vgallery.net;weskroninger.com
388,0d677ebe1d0c2a7802057c7bea467a2386d77723929ad396,government/legal/procurement,explicit_open_licence_marker,False,True,False,False,True,24,True,False,latin_or_other,332011,abs.gov.au;creativecommons.org;rba.gov.au
390,9cf525491978286e0f30db464d3dfd01815729d2ec9934b9,news/blog/general web,generic_copyright_or_bibliographic_marker,False,False,False,False,True,23524,True,False,latin_or_other,65428,
396,334e69b457a61ca517482877553570d74fdade14e786793b,books/literary/publisher,mixed_restrictive_and_open_or_public,True,True,False,False,True,3207,True,False,latin_or_other,62436,accesscopyright.ca;gooselane.com
402,4a6e7f75c57bd7d0cdaf8428369333d2b712739f91c4e09d,scholarly/research,generic_copyright_or_bibliographic_marker,False,False,False,False,True,6778,True,False,latin_or_other,140226,aisel.aisnet.org;apastyle.org;astc.org;athenpro.org;cast.org;celt.muohio.edu;design.ncsu.edu;eeonline.org;eric.ed.gov;livescribe.com;ncd.gov;ncsu.edu;nsf.gov;researchinlearningtechnology.net;staff.washington.edu;temple.edu;udlcenter.org;usm.maine.edu;uw.edu;youtube.com
403,12dcc0912f9165da9d74ff15cec5cd0b2d87c8e03606dd98,manual/technical documentation,mixed_restrictive_and_open_or_public,True,True,False,False,True,1826,True,False,latin_or_other,153169,apps.who.int;cdc.gov;columbia.edu;commons.wikimedia.org;creativecommons.org;emergency.cdc.gov;gnu.org;hopkinsmedicine.org;infectioncontroltoday.com;jhpiego.org;jstor.org;ncbi.nlm.nih.gov;oneandonlycampaign.org;osha.gov;phil.cdc.gov;thoracic.org;who.int;whqlibdoc.who.int;wpro.who.int
407,998a1aa256c5ff7468ae7c47e7e0b0d759a95a240acec56c,unclassified/mixed,generic_copyright_or_bibliographic_marker,False,False,False,False,True,565,True,False,latin_or_other,33204,ageconsearch.umn.edu
409,f12de8f6eb9b64c06f781f18f4e7a9af6be999ee1aa198a1,software/code/technical-QA,explicit_restrictive_notice,True,False,False,False,True,21152,True,False,latin_or_other,31650,code.jquery.com;fonts.googleapis.com;php.net;stackoverflow.com
411,7075b19e558ef4c98cdfa057f142a92b5f618f0557f21dfa,corporate/financial/ESG,explicit_restrictive_notice,True,False,False,False,True,33725,True,False,han,33903,
418,12b6bfcf4e985b2750a5f0a3d83ae873ecc3a7480c7b9a6f,books/literary/publisher,explicit_restrictive_notice,True,False,False,False,True,183,True,False,latin_or_other,47647,
436,21594f441ce9dd64bc6612578ecfc1881fe5bffe98b80baa,books/literary/publisher,explicit_restrictive_notice,True,False,False,False,True,225,True,False,latin_or_other,79998,chroniclebooks.com
439,6d687f0bff883eff8846695278c314a8643530d20fbfb898,books/literary/publisher,generic_copyright_or_bibliographic_marker,False,False,False,False,True,143,True,True,latin_or_other,187190,ccmd-ccg.gc.ca;cprn.org;psc-cfp.gc.ca;renoufbooks.com;telusplanet.net
441,895506f26d56505a022a17051cfc02588c990095947a120c,books/literary/publisher,generic_copyright_or_bibliographic_marker,False,False,False,False,True,36,True,False,latin_or_other,86923,
446,6b86f5e3fc3d2c4fefa9f20a290cee58c45ade20350d50fa,books/literary/publisher,explicit_restrictive_notice,True,False,False,False,True,82913,True,False,latin_or_other,84000,
447,59a8f52a661dd42b670e9656ecd66dab694c26bbb774fea9,books/literary/publisher,explicit_restrictive_notice,True,False,False,False,True,94436,True,False,latin_or_other,96876,periplus.com;tuttle.co.jp;tuttlepublishing.com
449,9b5429f2f52e13bd0ac97557486560872e5eaf56ed01c11c,books/literary/publisher,explicit_restrictive_notice,True,False,False,False,True,308,True,False,latin_or_other,48987,
450,5262a1d8f07ed376edb961e0549741525cb02266368a91c1,books/literary/publisher,generic_copyright_or_bibliographic_marker,False,False,False,False,True,288,True,True,latin_or_other,71302,dabirjournal.org;quran.com
457,4b5d736f909437e95a24df086a9aa7d45dc451255e17fd66,books/literary/publisher,explicit_restrictive_notice,True,False,False,False,True,137,True,True,latin_or_other,182062,abs.gov.au;acmedsci.ac.uk;adelaidenow.com.au;afao.org.au;aihw.gov.au;arc.gov.au;arv.ashm.org.au;ausstats.abs.gov.au;beta.health.gov.au;britannica.com;business.gov.au;cancer.gov;doi.org;dx.doi.org;finance.gov.au;futurefund.gov.au;ghdx.healthdata.org;health.gov.au;health.nsw.gov.au;health.qld.gov.au;industry.gov.au;kirby.unsw.edu.au;mja.com.au;mrc.ukri.org;nhmrc.gov.au;nimh.nih.gov;nsf.gov;nsw.gov.au;pbac.pbs.gov.au;psychology.org.au;qimrberghofer.edu.au;ranzcp.org;researchaustralia.org;sciencegenderequity.org.au;smh.com.au;tga.gov.au;thewest.com.au;who.int;wiki.cancer.org.au;ww2.health.wa.gov.au;www2.health.vic.gov.au
458,d5e2df9889badb2b9a00a5924f8d79612618ed11f31c70b4,books/literary/publisher,generic_copyright_or_bibliographic_marker,False,False,False,False,True,984,True,False,latin_or_other,52444,
467,6b705b3ecdd3965c922160a5a085e0fe102a1b3b665b8311,books/literary/publisher,explicit_restrictive_notice,True,False,False,False,True,35,True,False,latin_or_other,95648,orcabook.com
468,181c4a327eb57a9323bd8fde236b9ea8f4965c11028a33c5,scholarly/research,generic_copyright_or_bibliographic_marker,False,False,False,False,True,416,True,False,latin_or_other,38638,biomedcentral.com
472,3aa103861cb9753fc46296dbb0aadaae5932359db8c673cf,scholarly/research,generic_copyright_or_bibliographic_marker,False,False,False,False,True,58521,True,True,latin_or_other,86156,neowing.co.jp
474,a716b5c2b1ac7efe703619546d219ff75604cb16ad282372,books/literary/publisher,generic_copyright_or_bibliographic_marker,False,False,False,False,True,288,True,False,latin_or_other,79426,about.vanguard.com;articles.latimes.com;businesswire.com;crainscleveland.com;forbes.com;fortune.com;huffingtonpost.com;intel.com;jimcollins.com;newsroom.clevelandclinic.org;nytimes.com;ojaifestival.org;penguin.co.uk;theguardian.com
476,7c5d3e32a3f97e248db390a602e6a9e50284a6565a2756e4,government/legal/procurement,generic_copyright_or_bibliographic_marker,False,False,False,False,True,17422,True,False,han,51227,
502,a553bea7e37623e29ed1112e5c34ff860820de88b2e62a39,government/legal/procurement,generic_copyright_or_bibliographic_marker,False,False,False,False,True,94966,True,False,latin_or_other,192078,ace-cae.eu;ajaloomuuseum.ee;archiposition.com;artscouncil.org.uk;asiahouse.org;baike.com;bcaf.com.cn;beda.org;beiao.com;berlinerfestspiele.de;bfi.org.uk;bfna.org;bjnews.com.cn;bjry.com;bosch-stiftung.de;britishcouncil.org;caass.org.cn;cach.org.cn;cae.cn;caeg.cn;carnuntum.co.at;cchfound.org;ccrpf.org.cn;cctv-gac.com;cctv.com;ceibs.edu;cervantes.es;chinamuseum.org.cn;chinaphilharmonic.org;chncpa.org;chnmuseum.cn;cich.org.cn;cnpoc.cn;cnpubg.com;constellations-international.com;cul.jschina.com.cn;culturalink.gov.cn;dfyanyi.com;dpm.prg.cn;drc.gov.cn;ebu.ch;ec.europa.eu;echo.mpiwg-berlin.mpg.de;edc.nl;efa-aef.eu;efea.info;elia-artschools.org;emc-imc.org;encc.eu;epaper.ynet.com;esteri.it;eunic-online.eu;eur-lex.europa.eu;eurocult.org;europanostra.org;europeandigitalmedia.or;europeanheritagealliance.eu;fantawild.com;fep-fee.be;fondation-alliancefr.org;fondazioneprada.org;fosterandpartners.com;fu-berlin.de;gehua.com;gestalten.com;ghstf.org;goethe.de;hbpictures.com;heaven-creation.com;herzogdemeuron.com;iaa-europe.eu;icex.es;ifla.org;infzm.com;kampwesterbork.nl;kaogu.cn;legoland.com;mcorc.gov.cn;modulor.de;monocle.com;nfmedia.com;ntcc.com.cn;olafureliasson.net;oma.eu;operadeparis.fr;politics.gmw.cn;polyculture.com.cn;qdde.org;sach.gov.cn;sd-wx.com.cn;sh-symphony.com;shanghaimuseum.net;si.se;siat.ac;smg.cn;ssap.com.cn;staatsoper-berlin.de;starck.com;stardaily.com.cn;sxhm.com;tefaf.com;theoutlookmagazine.com;tomeetyou.net;vredespaleis.nl;wanda.cn;world.people.com.cn;worldartmuseum.cn;youcheng.org;yugongyishan.com;zcxn.com;zgwwxh.com;zgysyjy.org;zhongkun.com.cn
512,a546b3821e6b843006e86824dbd42766db04532c9a5e3391,government/legal/procurement,explicit_restrictive_notice,True,False,False,False,True,15238,True,False,han,15349,chinanews.com;news.cnwest.com;news.cri.cn;news.sina.com.cn;news.sohu.com;stock.10jqka.com.cn
517,943411d600dca1dc5c5ba97986261ad1b8c0aac362e6a138,scholarly/research,generic_copyright_or_bibliographic_marker,False,False,False,False,True,162,True,False,latin_or_other,197138,aamc.org
526,41564008ec05e518665fa464a145bbd91f9e29aafeefcc6e,books/literary/publisher,explicit_public_domain_marker,False,False,True,False,True,41595,True,False,latin_or_other,72716,
527,cc2ed91f81fcec75b956f0394aff3421a83b253cbbd47ce9,scholarly/research,generic_copyright_or_bibliographic_marker,False,False,False,False,True,28296,True,True,latin_or_other,202133,ats.ucla.edu;core.ecu.edu;cosmed.it;cs.uiowa.edu;dfes.gov.uk;intmed.mcw.edu;lifesci.sussex.ac.uk;ssc.uwo.ca;stat.uiowa.edu;teaching.shu.ac.uk;texasoft.com
535,c3a0352ecdf1021bbebfab23d2cd9ad571e7f7a33bc0b9c2,books/literary/publisher,explicit_restrictive_notice,True,False,False,False,True,1384,True,False,latin_or_other,65139,adamsmedia.com
541,7e25b4b2477e4102d01b317c4ed84a5724d4805d8ac0fad9,unclassified/mixed,generic_copyright_or_bibliographic_marker,False,False,False,False,True,42886,True,False,latin_or_other,43147,
548,450edf20e50a4fdebe3326812df5bcf6728d5166790a2751,unclassified/mixed,generic_copyright_or_bibliographic_marker,False,False,False,False,True,41679,True,False,latin_or_other,41840,
554,36c65e1584119c0f59f3dcff93c61613f1f45e6c8d6e7e38,books/literary/publisher,explicit_restrictive_notice,True,False,False,False,True,215,True,True,han,117647,chenwen.org;code.google.com;commons.apache.org;developer.android.com;dl-ssl.google.com;eclipse.org;example.com;fiddler2.com;google.cn;google.com;ietf.org;oracle.com;phpnow.org;tools.ietf.org;translate.google.cn;w3.org;webxml.com.cn;zh.wikipedia.org
556,00e256345587930c5f1dbaa6510b94d64f2dc66bd3c09cd1,books/literary/publisher,generic_copyright_or_bibliographic_marker,False,False,False,False,True,556,True,False,latin_or_other,81726,
561,5b5bb6718904c86d6f8ede37a4f0fbf888ec13b354b9a6b2,books/literary/publisher,generic_copyright_or_bibliographic_marker,False,False,False,False,True,128890,False,False,latin_or_other,295620,comptroller.texas.gov;esbd.cpa.state.tx.us.when;ethics.state.tx.us;fmx.cpa.state.tx.us;publishingext.dir.texas.gov;utsystem.edu;whitehouse.gov;window.state.tx.us
563,19e5fe6c64877b748af0975d17057ab80190b6125838e09e,books/literary/publisher,explicit_restrictive_notice,True,False,False,False,True,48,True,False,latin_or_other,47902,revellbooks.com
569,20b5d3b200a70bab72848f95fff6ff2bff61b26582811885,books/literary/publisher,explicit_restrictive_notice,True,False,False,False,True,1553,True,False,latin_or_other,43197,periplus.com;tuttlepublishing.com
575,fd7d79453c126b8b351ca86c0ac145da501e5ee02be31eb8,books/literary/publisher,explicit_restrictive_notice,True,False,False,False,True,114625,True,False,latin_or_other,117849,ospreygames.co.uk;ospreypublishing.com
588,ed3e180aa56f9fa51faa807667bacc0cbb92049c2454f285,corporate/financial/ESG,explicit_restrictive_notice,True,False,False,False,True,1424,True,False,han,96782,chinavbf.com;gdrcu.com;home.kpmg.com
590,c83081d6170014dfccb28551212ad1aab33a4c0f78e3436f,books/literary/publisher,explicit_restrictive_notice,True,False,False,False,True,355,True,False,latin_or_other,80306,
591,311429c01ba9f39f7096769a9146bc35939990f2b7b8afcc,government/legal/procurement,generic_copyright_or_bibliographic_marker,False,False,False,False,True,833,True,False,latin_or_other,126679,chinaplanning.org;eandu.sagepub.com;earthprint.com;earthscan.co.uk;eau.sagepub.com;environmentandurbanization.org;finance.people.com.cn;financialnews.com.cn;ghs.miit.gov.cn;gov.cn;iied.org;ilo.org;mohurd.gov.cn;people.com.cn;politics.people.com.cn;pubs.iied.org;sagepub.co.uk;sagepub.com;sdpc.gov.cn;stats.gov.cn;unfpa.org
599,81205775f405f79a7ec052f3695dd0ede07da47e879d1fb3,books/literary/publisher,generic_copyright_or_bibliographic_marker,False,False,False,False,True,44887,True,True,latin_or_other,45521,
600,3f1d3be96f95fb0ba64a9b8859256719fdd3b95479c03c81,books/literary/publisher,generic_copyright_or_bibliographic_marker,False,False,False,False,True,15593,True,False,latin_or_other,44696,sladesone.com;snopes.com
604,5c5e5ca1e6574f6598f6a96782c543ea3a67b38e94427d11,corporate/financial/ESG,generic_copyright_or_bibliographic_marker,False,False,False,False,True,723,True,False,latin_or_other,116302,auasb.gov.au;nrc.nsw.gov.au
606,5344739fef5d9b1354fd030e3b815d37f8597a83afe1b4af,scholarly/research,explicit_restrictive_notice,True,False,False,False,True,315,True,False,latin_or_other,227848,adb.org;icdc.co.ke;iprjb.org;margaretwheatley.com;ssrn.com
613,d5f5658c45424cab49f3312c86634840fe8ae0cd9d8589f8,books/literary/publisher,explicit_restrictive_notice,True,False,False,False,True,2,True,False,latin_or_other,62613,
626,a228d4c6f309db91e9268a6e70c34c2fe8c127913ecd279c,unclassified/mixed,generic_copyright_or_bibliographic_marker,False,False,False,False,True,27875,True,False,han,27931,
628,9b804a98486f04d685382c59bb48396b95eb09c5af5d6394,government/legal/procurement,generic_copyright_or_bibliographic_marker,False,False,False,False,True,21252,True,False,latin_or_other,210483,constitution.ie;iccl.ie;lawreform.ie;ohchr.org
631,5dfc4cdeaf678dffe128c7dba0d00acf1112d7a1b1a758d2,books/literary/publisher,explicit_restrictive_notice,True,False,False,False,True,31142,True,False,latin_or_other,34726,
636,fd1627dffaf12c53de36551e23c2fe37cfb7e70111c3c16f,scholarly/research,generic_copyright_or_bibliographic_marker,False,False,False,False,True,363,True,False,latin_or_other,209218,alz.org;csnews.com;developer.android;doi.acm.org;duo.uio.no;dx.doi.org;ec.europa.eu;its-wiki.no;owasp.org;polar.com;sciencebuddies.org;statista.com;theguardian.com
642,7039c6727d5b2b31d511cbf26a9e66ac4877aab4af8d9013,books/literary/publisher,generic_copyright_or_bibliographic_marker,False,False,False,False,True,26792,True,False,latin_or_other,102249,doverpublications.com;lccn.loc.gov
648,3b3a93f2f160b71f948e57866e31f688b0b14207be94e26b,scholarly/research,generic_copyright_or_bibliographic_marker,False,False,False,False,True,227,True,False,latin_or_other,112484,72hours.org;beprepared.com;cdihp.org;cms.hhs.gov;disabilitypreparedness.gov;emergency.cdc.gov;emprep.com;fda.gov;fema.gov;homelandpreparedness.com;hud.gov;ilrcsf.org;mcph.org;nimsonline.com;nod.org;pep-c.org;ready.gov;redcross.org;safecomprogram.gov;ynhhs.emergencyeducation.org
649,6c7b80cad22ca819da178269c549bee9624b9a963faa10cb,scholarly/research,generic_copyright_or_bibliographic_marker,False,False,False,False,True,2900,True,False,latin_or_other,138812,
665,08ac601371ec2c4084d7ee258c9ab42f6cb937f1eaeb0c80,scholarly/research,explicit_public_domain_marker,False,False,True,False,True,475,True,False,latin_or_other,216851,purlandtraining.com.we
666,117e0f6d9e8cdf084f08eff9a125e658af02a4250dc70bec,government/legal/procurement,generic_copyright_or_bibliographic_marker,False,False,False,False,True,7437,True,False,han,65327,
672,8daffb65cdd630512f66dd8d124f43b455302bfd90a3367e,books/literary/publisher,explicit_restrictive_notice,True,False,False,False,True,257,True,False,latin_or_other,60293,dianarennbooks.com;patricklohier.com
673,93800532e2ce915d5af24ea28a835b192118f8c6efda4f6a,corporate/financial/ESG,generic_copyright_or_bibliographic_marker,False,False,False,False,True,197,True,False,han,23022,
681,1742195512b06c8351362071db1132489141e6c960d359d0,software/code/technical-QA,generic_copyright_or_bibliographic_marker,False,False,False,False,True,1515,True,False,latin_or_other,18758,expeditor.chef.io;github.com
682,b35e1d4cb8699e5736e0dda162d20c357607831253f505b8,books/literary/publisher,explicit_restrictive_notice,True,False,False,False,True,118,True,False,latin_or_other,118779,draperyschool.com;gibbs-smith.com;leadcheck.com;slipcoveramerica.net;slipcovernetwork.org;waoamembersite.com;wcaa.org;wfcppro.com
703,3a3442af3ea0e665857d1b9c52f492c3bff67eec19a8c041,government/legal/procurement,generic_copyright_or_bibliographic_marker,False,False,False,False,True,2109,True,True,han,15263,
709,ba9e75aaa4d6da7306040c131b2b8ee0e7ff3cc7d84584f6,government/legal/procurement,explicit_restrictive_notice,True,False,False,False,True,85,True,True,han,57453,hrecchina.org;weibo.com
715,6eeb3333cf3b859d0a1a4c25398184693c142777b678ed05,news/blog/general web,explicit_public_domain_marker,False,False,True,False,True,7654,True,False,latin_or_other,46968,wishboneash.co.uk
723,4f1fc4df23a66ab8898a4e9e06db4e5baf448795950437b3,books/literary/publisher,explicit_restrictive_notice,True,False,False,False,True,236,True,False,latin_or_other,108295,jenniferfallon.com;reynox.wordpress.com;twitter.com;voyagerblog.com.au
733,b3708ad951f04a768d585a68f10d8757db3de3870dac144e,books/literary/publisher,explicit_restrictive_notice,True,False,False,False,True,664,True,False,latin_or_other,85343,counterpointpress.com
740,3b867448f947b9a68cf46f8cfdaeb6a163cc4a6e6594f0b9,manual/technical documentation,generic_copyright_or_bibliographic_marker,False,False,False,False,True,7614,True,False,han,52974,
753,6c27de5012e82678059674eea4eef0f76ca2b5b0d2b3ac90,books/literary/publisher,explicit_restrictive_notice,True,False,False,False,True,894,True,False,latin_or_other,40464,constablerobinson.com
755,2e62e8c9123d219467854f1093152cd2cf17e4ad90f35f9f,scholarly/research,generic_copyright_or_bibliographic_marker,False,False,False,False,True,1142,True,True,latin_or_other,150423,
759,37cf7eac16c3e00f2b679e512eec93561a875ffa8ca03eaa,government/legal/procurement,generic_copyright_or_bibliographic_marker,False,False,False,False,True,29823,True,False,han,57390,ccgp.gov.cn;creditchina.gov.cn;ggb.sx.gov.cn;zcygov.cn;zfcg.czt.zj.gov.cn
760,3a4cc163d47d5d049960b94ab5fc21d3c196483ffe51d59b,government/legal/procurement,generic_copyright_or_bibliographic_marker,False,False,False,False,True,2718,True,True,latin_or_other,102724,ecbcs.org;empa-ren.ch;miloni.ch
763,c7dfd1927227ada9fa8b03754b9e8a6ae4ac44ff3348190c,books/literary/publisher,mixed_restrictive_and_open_or_public,True,True,False,False,True,990,True,False,latin_or_other,39724,365sketches.org;drupalnortheast.org.uk;earlgreyandbattenburg.co.uk;en.flossmanuals.net;esdev.net;inkscape.org;inkscapeforum.com;inkscapetutorials.wordpress.com;launchpad.net;openclipart.org;packtlib.packtpub.com;packtpub.com;peacockcarter.co.uk;planet.inkscape.org;screencasters.heathenx.org;tavmjong.free.fr;twitter.com;wiki.inkscape.org;xquartz.macosforge.org
764,310beac3eb9e5695b6e222c9cf83266e899b23968b263262,books/literary/publisher,generic_copyright_or_bibliographic_marker,False,False,False,False,True,91,True,False,latin_or_other,30660,martha-stone.blogspot.com
766,48fa7b356b419e3fc3058d07dce5d5fb941a728d0adee0fc,books/literary/publisher,explicit_restrictive_notice,True,False,False,False,True,3059,True,False,latin_or_other,115688,accesscopyright.ca;booksupport.wiley.com;cowgirlcreamery.com;culturecheesemag.com;dibruno.com;dummies.com;dummies.custhelp.com;formaggiokitchen.com;fromagination.com;murrayscheese.com;pastoralartisan.com;wiley.com;zingermans.com
775,e089392aa9fe9aaa092e41e75f15572630e356b74628297b,books/literary/publisher,explicit_restrictive_notice,True,False,False,False,True,808,True,False,latin_or_other,55883,gooseberrypatch.com
777,afa078c38201884c948bcf5cabcd2f04b4f78cc5035c4dcf,scholarly/research,generic_copyright_or_bibliographic_marker,False,False,False,False,True,112246,True,False,latin_or_other,151252,aspsummerreading.weebly.com;ccdmd.qe.ca;lepointdufle.net;tv5.org
796,c6ec73a117cc7489e339097ad0e250a7480982d02965918a,scholarly/research,generic_copyright_or_bibliographic_marker,False,False,False,False,True,2,True,False,latin_or_other,43325,
801,a673cbe969a27af60102ed4988e379e8bc9023a998f4bb33,books/literary/publisher,generic_copyright_or_bibliographic_marker,False,False,False,False,True,236,True,False,latin_or_other,51937,
805,1058a5d96e9db28b78c9ebacd0769d305e671870f693ed43,corporate/financial/ESG,explicit_restrictive_notice,True,False,False,False,True,525,True,False,han,20562,001515.cn.90114999.com;0088hg.cc;030033.com;100lu.tv.1198088.com;113766.com.504501.com;113766.com.yf588.net;118.com;14339.com;1564t.com.la5001.com;15k2.com.v99019.com;1690uu.com;180dvd.com;21988.cc.v9162.com;21j8.com;280333.com;282233.com;300yu.com.55508444.com;33033s.com;333444.com;35509.com;35ue.com;36282.com;381mm.com;382msc.com;386998.com;39221.com;4388.net;438bb.com;449b.com;4623.com;4798.net;494ji.com.0707075.com;49549.com.97000.org.bet66632.com;559118.com;56824.com;587766.com;5b5b5b.com;619p.com.97780033.net;655266.com;665166.com;6hcp.com;768788.com;7778dj.com;77np3.com;78345.zt6699.com;79667.com;7eyyy.com;81238.com;822833.com;82929.com;839518.com;8473.com.xqdc888.com;84fi.com;8567.net;865789.com;874444.com;87776.com.d88.com;881414.com;8877h.com.77518x.com;8888x.com.h0569.com;8989.hk;908777.com;9090pa.com;92622.com;987345.com;988999.com;99249.com;99274.com;995100.con.288596.com;995799.com;9xfdy.com;b44499.com;b568.cn;bet9.com;bf805.com;bm3737.com;bs1122.com;bx9088.com;ccc727.com.bm9228.com.pj0368.com;chu777.com;ddb999.com;debulu.net;dg7777.com.shen3366.com;dj5858.com;dodoxx.com;ds3088.com;ds663.com;evebet.com;f9595.com;gm0444.com.6101166.com;hbtycp.com;he1588.com;hg1482.com;hg2275.com;hg265.com.365.comcn;hg32.com;hg3850.com;hg7248.com.sss0134.com.bm9608.com;hg8141.com;hhh29.com;hk3466.com.790065.com;j8887.com;jl0003.com;js9736.com.yhh02.com;jxycw.com;jxycw.com.1304567.com;kdw520.com.1003xpj.com;kf9999.com.95995511.com;kj8855.con;kk718.com;ll333.com;lp77.com.0707075.com;m1000.com;m49.com;mapai8.com;mufans.org;my333.cn;my366.net;pj0008.com;pj238.com;pj477.com;pj568.com.997761.com.1122yd.com.xq3311.com;pj685.com;pj860.com;pj9800.com;pu1199.com;qm789.com;qvnwro.com;s377.net.yin5588.com;sc003.com;spj22.com;tm5518.com;tt.cc;u588.cc;uuu730.com.1432000.com;vanho.cn;vic008.com;vic008.com.29886r.com;vv938.com;x.365.xus;xg890.com;xh8866.com;xin29.com;xmx003.com;xn999.net;yh8008.com;ys6666.net.ag2006.com;ys6666.net.v7433.com;zh667.com;zt67.com
806,a4f87384198931e8c735fa2384f8355c498c98f0976e456d,news/blog/general web,explicit_restrictive_notice,True,False,False,False,True,33803,True,False,latin_or_other,34810,randomhouse.com
813,d98952601f34295c528e72f14e986759362bb4b8118891c6,books/literary/publisher,explicit_restrictive_notice,True,False,False,False,True,87,True,False,latin_or_other,104122,timlebbon.net;tor.com;us.macmillanusa.com
828,80ca87271f084dc7f56310b7127248f4344e20e06f9641f4,scholarly/research,explicit_restrictive_notice,True,False,False,False,True,93527,True,False,latin_or_other,95073,triumphbooks.com
832,f6e3532f30e8b5d7bb1fe30bb14ef8ad655b016a2eb8adfd,government/legal/procurement,generic_copyright_or_bibliographic_marker,False,False,False,False,True,7905,True,False,latin_or_other,128314,ers.usda.gov;gao.gov
838,2c2d4d48b117f2256ac25635758d3042716edec794149980,scholarly/research,explicit_restrictive_notice,True,False,False,False,True,84892,True,True,latin_or_other,222842,beckershospitalreview.com;brookings.edu;deloitte.com;worldbank.org
839,fca4b4fd286ff4eb723bd15784db9f876dd147080d36daaf,education/course/textbook,generic_copyright_or_bibliographic_marker,False,False,False,False,True,85015,True,False,han,85721,bie.org;infosci.otago.ac.nz;otago.ac.nz
842,ca49ba89eca9a5ac015837e013196ba5501e45f1a73d4e2f,government/legal/procurement,generic_copyright_or_bibliographic_marker,False,False,False,False,True,68515,True,False,latin_or_other,71959,alfaguara.com
850,4f02d5f45a7d9912e90e8f04585ef1911071c989dbc6043f,scholarly/research,explicit_restrictive_notice,True,False,False,False,True,1073,True,False,latin_or_other,145711,aaai.org;acm.org;ainowinstitute.org;arxiv.org;ash.harvard.edu;brightplanet.com;brookings.edu;californialawreview.org;cc.gatech.edu;cihr.eu;citeseerx.ist.psu.edu;core.ac.uk;cs.cityu.edu.hk;cs.cornell.edu;cs.stanford.edu;darpa.mil;digital.law.washington.edu;digitalcommons.law.yale.edu;doi.org;dx.doi.org;dzone.com;en.wikipedia.org;forbes.com;ftc.gov;gao.gov;govexec.com;govtech.com;hastingslawjournal.org;itu.int;jolt.law.harvard.edu;journals.sagepub.com;lawdigitalcommons.bc.edu;motherjones.com;nber.org;nytimes.com;obamawhitehouse.archives.gov;openscholarship.wustl.edu;papers.ssrn.com;pewinternet.org;propublica.org;pti.org;queue.acm.org;rand.org;researchgate.net;ri.cmu.edu;scholarlycommons.law.northwestern.edu;scholarship.law.duke.edu;scholarship.law.upenn.edu;semanticscholar.org;slideshare.net;ssrn.com;technologyreview.com;theguardian.com;thenextweb.com;utilitydive.com
852,8560c27c24d46a0ed0f87031af623b5e98b1521024aeefba,government/legal/procurement,generic_copyright_or_bibliographic_marker,False,False,False,False,True,16363,True,False,han,57369,hlyzztb.com;qjq.gov.cn;qzggzy.com;tseal.cn
854,91bc42b0fbb6de87fbe0879e80beba18d50bef4736ecb4b6,software/code/technical-QA,generic_copyright_or_bibliographic_marker,False,False,False,False,True,61984,True,False,latin_or_other,68708,buttons.github.io;github.com;gohugo.io;spf13.com;w3.org
861,13afecd3414ca37f236462f0795fac2b14913109b93f5cb1,news/blog/general web,generic_copyright_or_bibliographic_marker,False,False,False,False,True,7709,True,False,latin_or_other,57675,blogs.desmoinesregister;cbsnews.com;consumerist.com;en.wikipedia.org;examiner.com;nationalreview.com;o.canada.com;sfgate.com;thinkprogress.org;wptv.com;youtube.com
867,547e91848e78edda3e89a5f3acd57f092cb94b66b6d9ca12,scholarly/research,explicit_restrictive_notice,True,False,False,False,True,110840,True,False,latin_or_other,111624,fairtradefabric.co.uk;greenfibres.com;organiccotton.biz;pavilionbooks.com;texere-yarns.co.uk;textilesociety.org.uk;wildcolours.co.uk
868,ae65def5b492b5bfa9fdef64f82c32c33a93b45b293ec960,scholarly/research,generic_copyright_or_bibliographic_marker,False,False,False,False,True,56920,True,False,latin_or_other,69373,imdb.com;redbubble.com
879,61f5202b35ff034e8641ea950986b8cdde2937db067f97d1,government/legal/procurement,generic_copyright_or_bibliographic_marker,False,False,False,False,True,81624,True,False,latin_or_other,236842,
884,360bae8a591a4b89cdbe2850f0fa6d8ceb413a0bc660b377,books/literary/publisher,explicit_restrictive_notice,True,False,False,False,True,99566,True,False,latin_or_other,100633,openroadmedia.com
887,f775d832e8abf478f1aa9604acd62b07d5c95796dee8a555,books/literary/publisher,generic_copyright_or_bibliographic_marker,False,False,False,False,True,372,True,False,latin_or_other,82070,arcadiapublishing.com;imagesofamerica.com
888,bd4a6562add533ac0af32e6355b868cc9dfabd3b0f92ad58,corporate/financial/ESG,generic_copyright_or_bibliographic_marker,False,False,False,False,True,47238,True,False,latin_or_other,262932,westerndigital.com
893,1e1f4767ae34030ebba9e268d82da38193b72e6da9f63dee,books/literary/publisher,explicit_restrictive_notice,True,False,False,False,True,78817,True,False,latin_or_other,79130,penguin.com
894,13cdff96314321ca56f66ef518922b8cb584613a25fbd123,scholarly/research,generic_copyright_or_bibliographic_marker,False,False,False,False,True,138,True,False,latin_or_other,53658,adb.org;adb.orghttp;citypopulation.de;dx.doi.org;giovanni.sci.gsfc.nasa.gov;nasa.gov
897,889f4a1caf37cae9a8cdffc261b1c5553af84509127d9afa,books/literary/publisher,explicit_restrictive_notice,True,False,False,False,True,657,True,False,latin_or_other,69003,ccbpublishing.com
900,804459b815a4f34bb727b4922ba25f449fe4b070e405adaa,books/literary/publisher,explicit_restrictive_notice,True,False,False,False,True,117,True,False,latin_or_other,70948,amherstmedia.com;facebook.com;instagram.com;powerofprintfilm.com;twitter.com;youtube.com
906,7b95d0a8cfd2c3e0416491c72fe227172155547ddd8e0f11,books/literary/publisher,explicit_restrictive_notice,True,False,False,False,True,292,True,False,latin_or_other,23014,
921,6ed0e7fe14f3500c87847503436bb692c5bd271d49c912f2,books/literary/publisher,explicit_restrictive_notice,True,False,False,False,True,75,True,False,latin_or_other,72508,
928,abdfa4018da7d0265dcddce2ad4c9d38c46cd7038f1dd197,government/legal/procurement,generic_copyright_or_bibliographic_marker,False,False,False,False,True,3776,True,False,han,25342,ahtcm.edu.cn;aufe.edu.cn;aust.edu.cn
930,419c3606164c06da256b482bd11e2282a9d3655e5b00326e,books/literary/publisher,explicit_restrictive_notice,True,False,False,False,True,2,True,False,latin_or_other,96365,starwars.com
934,ecf4816b134d714cea1d80a9850c5da5c77ad68277416b62,scholarly/research,generic_copyright_or_bibliographic_marker,False,False,False,False,True,205,True,False,latin_or_other,189972,cenelec.org;du.edu;eia.org;icbo.org;iec.ch;iso.org;nfpa.org;osha.gov;panduit.com;siri.uvm.edu;tiaonline.org;ul.com
939,d0bdf2eab13f56df47a747756d1eafcd44cf194725f5156e,books/literary/publisher,explicit_restrictive_notice,True,False,False,False,True,44156,True,False,latin_or_other,44971,
943,d04975bb7c46efa0c1778435effb62d54b3389ef998c4a0c,books/literary/publisher,explicit_restrictive_notice,True,False,False,False,True,221,True,False,latin_or_other,93284,authortracker.com;harpercollins.ca;harpercollins.co.nz;harpercollins.co.uk;harpercollins.com;harpercollins.com.au;jamesrollins.com;rebeccacantrell.com
944,a78330fb05bb17da4a669dea3d0281ddb2ef2634dffcf901,books/literary/publisher,explicit_restrictive_notice,True,False,False,False,True,785,True,False,latin_or_other,73223,
956,ea816dfc5eb9fc97a0cb5931b1195b24b7ae33156949ab22,government/legal/procurement,generic_copyright_or_bibliographic_marker,False,False,False,False,True,4098,True,True,latin_or_other,138967,ers.usda.gov
959,6c31755076a09185591ebf61b5896002e42e70e57ba603ad,corporate/financial/ESG,explicit_public_domain_marker,False,False,True,False,True,10998,True,True,latin_or_other,43422,
966,f6cbb70772d1cd31b8362e3020bf43c3c880d892d0458097,corporate/financial/ESG,explicit_restrictive_notice,True,False,False,False,True,231940,False,False,latin_or_other,268540,xerox.com
972,dc7e0f2b7d119f014bd5f00de1338e190e46d52174f299a5,scholarly/research,explicit_restrictive_notice,True,False,False,False,True,3041,True,False,latin_or_other,79286,61hugs.co.uktwitter;aircapitalproductions.com;amazon.com;anthonydelacruzartist.comanthony;beatthecityfilm.combonus;bit.ly;blackbox.global;comiccon2018.sched.com;facebook.com;filmconvert.com;freshtix.com;globalmobilefilmawards.comsubscribe;hallh.comaaron;hotnerdgirl.comdude;imdb.com;imdb.me;instagram.com;internationalmobilefilmfestival.comfacebook;itunes.apple.com;linkedin.com;lulufilmsproductions.wordpress.comwatch;medium.com;mobilefilmmedia.wordpress.com;mobilizestories.com;mobilizestories.comsusy;open.spotify.com;pamelabradley.mykajabi.com;patreon.com;pcast.link;redgiant.compatron;roleplay4solutions.com.aufacebook;sbppodcast.podiant.co;sbppodcast.studiofacebook;sbppodcast.studiointernational;sbppodcast.studioitunes;sbppodcast.wordpress.comsbp;sethdfilms.com;swordsandcircuitry.comtwitter;t.co;theleader.com.au;theutahfilmawards.com;twitter.com;unchartedregions.comtwitter;vimeo.com;youtu.be;youtube.com
975,0a4c4e695557b199c121ef4eb089afb1f49a86008a14b306,scholarly/research,generic_copyright_or_bibliographic_marker,False,False,False,False,True,1666,True,False,latin_or_other,153114,consilium.europa.eu;european-agency.org;oecd.org;tandfonline.com;un.org
976,d62889d6cd4174d53ae4308aaa21ec844bea409929f3e98f,government/legal/procurement,generic_copyright_or_bibliographic_marker,False,False,False,False,True,226507,False,False,latin_or_other,226745,analysisgroup.com;erc.gov.ph;hdl.handle.net;irena.org;nea.gov.ph
984,dd53fd79792a7d6c1a17241197d4a19cd5f36a55b6df24a2,books/literary/publisher,explicit_restrictive_notice,True,False,False,False,True,48,True,False,latin_or_other,57685,us.penguingroup.com
1003,7840571c9df34fd8c6234dd1251917d5184271807eee1deb,scholarly/research,mixed_restrictive_and_open_or_public,True,False,True,False,True,179739,False,True,latin_or_other,235244,armedcitizensnetwork.org;atf.gov;autismspeaks.org;cbsnews.com;ccohs.ca;childmind.org;cms.gov;cnn.com;colonelboyd.com;countyhealthrankings.org;dhs.gov;doe.in.gov;doi.org;ed.gov;en.wikipedia.org;exceptionalchildren.org;fbi.gov;fema.gov;in.gov;indianz.com;isba-ind.org;languages.oup.com;macmillandictionary.com;mentalhealthfirstaid.org;merriam-webster.com;nami.org;nasponline.org;nationalmentoringresourcecenter.org;nbcnews.com;ncbi.nlm.nih.gov;nctsn.org;news.minnesota.publicradio.org;newtownbee.com;nimh.nih.gov;nytimes.com;oxforddictionary.com;phe.gov;psychiatry.org;radnor.com;redcross.org;secretservice.gov;stanford.edu;thresholds.org;usa.gov;verywellmind.com;web.archive.org
1005,a53127c2fa1f47c9bc0e32d46a8e2e1c6e5c79c7a8602bac,books/literary/publisher,explicit_restrictive_notice,True,False,False,False,True,192,True,False,latin_or_other,120882,
1015,a8ee4092aba0a89c52fcd7b9b787565d5ccee73f3cebaa55,books/literary/publisher,explicit_restrictive_notice,True,False,False,False,True,99614,True,False,latin_or_other,105774,andrewsmcmeel.com
1020,f304f69eb496199d6963e2bd8cd2d5e468c0ad74d4d29ead,books/literary/publisher,explicit_restrictive_notice,True,False,False,False,True,1093,True,True,latin_or_other,28893,
1022,3096b85c8acaf7631b8be357d9cd9fc6858b3121373b838f,books/literary/publisher,explicit_restrictive_notice,True,False,False,False,True,590,True,False,latin_or_other,51077,
1035,245dd76bb3095b32cbad63038940e228679a341c097f388f,books/literary/publisher,explicit_restrictive_notice,True,False,False,False,True,179,True,False,latin_or_other,99301,anoccasionalchocolate.com;barryfarm.com;confectionaryhouse.com;flavorganics.com;maggiesnaturals.com;skyhorsepublishing.com;swervesweetener.com;vitacost.com;wholesomesweeteners.com
1037,3a1da84e4ace48e33a0fa049a4001faf9315605cfbe669a4,books/literary/publisher,generic_copyright_or_bibliographic_marker,False,False,False,False,True,441,True,False,latin_or_other,77038,cmg.bbaw.de;reclam.de
1044,1f0eb2c1c71960ca98c2924a67569079b366671b9e2e4f25,books/literary/publisher,explicit_restrictive_notice,True,False,False,False,True,89884,True,False,latin_or_other,90012,edmbooks.com
1045,964c1dd83c367835330859b36b64a6aa4291f023d72674dc,corporate/financial/ESG,generic_copyright_or_bibliographic_marker,False,False,False,False,True,14836,True,False,han,20786,
1049,f7ff94d1df79f7776a2715fc405510e2958bf2e6576c6c5a,government/legal/procurement,generic_copyright_or_bibliographic_marker,False,False,False,False,True,42732,True,True,latin_or_other,48673,education.jlab.org;jlab.org;jsallc.org
1055,c1e487fce2530af5a3ff17aeb90f7c9f3f4c1121e9a25c03,books/literary/publisher,generic_copyright_or_bibliographic_marker,False,False,False,False,True,15004,True,False,han,15096,facebook.com;gnci.org.hk;goo.gl;sunshine-lutheran.org.hk;youtu.be
1076,355dd3d2ab309e9eb51acfc180d5bdb3c03ac494daffedb4,books/literary/publisher,explicit_restrictive_notice,True,False,False,False,True,2,True,False,latin_or_other,52959,crownpublishing.com;links.penguinrandomhouse.com;tenspeed.com
1083,1066b40f88667196511bcf06e370fa382f5e8e4b48e49e71,books/literary/publisher,generic_copyright_or_bibliographic_marker,False,False,False,False,True,48052,True,True,han,52435,
1084,533da80f420a22f57da6f9aa2a90aab2a7935174f464fef0,government/legal/procurement,generic_copyright_or_bibliographic_marker,False,False,False,False,True,10648,True,True,han,19039,
1089,8a4f3310c9a3d6aa105bd2fba4136efd67066ea5f3479d38,books/literary/publisher,explicit_restrictive_notice,True,False,False,False,True,78344,True,False,latin_or_other,79314,abramsbooks.com
1092,f58c4028df14a72295e17370ba90e937d1dfafded4b0975d,government/legal/procurement,generic_copyright_or_bibliographic_marker,False,False,False,False,True,156,True,False,han,20345,
1096,b612ac057ae7646df5b6f66e66616de3093ab50fd1f2842c,scholarly/research,generic_copyright_or_bibliographic_marker,False,False,False,False,True,82165,True,False,latin_or_other,83022,birkhauser.com;dnb.dnb.de
1097,877ed6fb987392d49dac5ed9647f81788c99afb887fca034,books/literary/publisher,explicit_restrictive_notice,True,False,False,False,True,167,True,False,latin_or_other,52819,
1102,4c2a7e334511f27257af7facef8f6824eed94ccdf2ea62ec,news/blog/general web,generic_copyright_or_bibliographic_marker,False,False,False,False,True,4691,True,False,han,21164,
1117,75452a4457d0b6d9c44139ff11e0b8c7caadfd58eaf36150,public-domain/library,explicit_public_domain_marker,False,False,True,False,True,1269,True,True,latin_or_other,34354,pgdp.net
1122,daa9a66b74e43d78f03cb3e9a5b988a3874b35c4a0e4f604,books/literary/publisher,explicit_restrictive_notice,True,False,False,False,True,577,True,False,latin_or_other,58731,
1129,d20850cc4d55f4f4e0a6e293198efea3665f6acb980507c8,scholarly/research,generic_copyright_or_bibliographic_marker,False,False,False,False,True,30400,True,False,latin_or_other,100213,
1138,41558250faa8be91e37f62551d8ff4168eb7ed9feaf2a6a2,books/literary/publisher,generic_copyright_or_bibliographic_marker,False,False,False,False,True,44,True,False,latin_or_other,86911,
1144,5cd1a64f75541030eee0b1df098b5c86cd625ecd7c0e2d33,books/literary/publisher,explicit_restrictive_notice,True,False,False,False,True,82718,True,False,latin_or_other,86194,
1148,fe263a40de30af3eb5ba1a6a7a43baff7f7b8701520cfb60,public-domain/library,explicit_public_domain_marker,False,False,True,False,True,397,True,False,latin_or_other,67311,pgdp.net
1158,9c316496fc39a3b88e32e5ced1a46d700b72ca7afb129076,books/literary/publisher,explicit_restrictive_notice,True,False,False,False,True,553,True,False,latin_or_other,97609,archive.org;pgdp.net
1164,b336eb3922421e1316b3e6c85375adad6145b991b1fcec78,books/literary/publisher,explicit_restrictive_notice,True,False,False,False,True,246,True,False,latin_or_other,74236,timberpress.co.uk;timberpress.com
1169,1cdaf2c72a52ca3270e9d848b8e70cd28360a0b5617c34ed,scholarly/research,explicit_restrictive_notice,True,False,False,False,True,3808,True,False,latin_or_other,253864,bipm.org;docs.oasis-open.org;ewh.ieee.org;gnu.org;oasis-open.org;yaml.org
1178,57e45a4c67e6570a12bb7ab99207cd258a175af0871b068b,books/literary/publisher,explicit_restrictive_notice,True,False,False,False,True,437,True,False,latin_or_other,50191,accesscopyright.ca
1179,c3e310f175106a57205cc159054854c13a17181dfc22b739,manual/technical documentation,mixed_restrictive_and_open_or_public,True,True,False,False,True,87984,True,True,han,88120,
1215,620b788a450f4845506dbe2b61a20ca38713574fa7bd6358,government/legal/procurement,explicit_restrictive_notice,True,False,False,False,True,56883,True,False,latin_or_other,230602,ambest.com;fiscal.treasury.gov;michigan.gov;sigma.michigan.gov
1218,e84b2769804b8f5d992474f2c30915c6f8614612a521e748,books/literary/publisher,generic_copyright_or_bibliographic_marker,False,False,False,False,True,81,True,False,latin_or_other,51686,epagine.fr;leseditionsdeminuit.fr
1219,c7f1cc5ed303ac5ea67d5bf441b88381426518f273bffa9c,books/literary/publisher,generic_copyright_or_bibliographic_marker,False,False,False,False,True,108056,True,False,latin_or_other,108206,mysteriousbookshop.com;mysteriouspress.com;openroadmedia.com
1230,2028541359fa72fc29d1453747661f6d290354425f816c90,government/legal/procurement,government_copyright_notice,False,False,False,True,True,231044,False,False,latin_or_other,231552,acgih.orgbritish;cleapss.org.uk;nationalarchives.gov.uk;pwtag.orgsports;science.cleapss.org.uk
1235,eba31d59fd8833ecdd0bf2261ce289b36ba641c2eaafdf09,books/literary/publisher,explicit_restrictive_notice,True,False,False,False,True,73281,True,False,latin_or_other,74391,bloomsbury.com;starfighterbooks.com
1236,b887447b7f73a8bf027c41ab13a4e099422d8fa43f684726,scholarly/research,generic_copyright_or_bibliographic_marker,False,False,False,False,True,4004,True,False,latin_or_other,170717,dx.doi.org;informaworld.com
1237,cecdc95f70365bbf21c7961a160e00ae02c929c4afa76de7,books/literary/publisher,generic_copyright_or_bibliographic_marker,False,False,False,False,True,1,True,False,latin_or_other,97627,mariyaolshevska.com;yoonhalee.com
1238,320c64c1d0ec677d863baf06bf42e9dbbf2aa1c779639798,books/literary/publisher,explicit_restrictive_notice,True,False,False,False,True,1248,True,False,latin_or_other,33337,authortracker.com;harpercollins.co.nz;harpercollinsebooks.ca;harpercollinsebooks.co.uk;harpercollinsebooks.com;harpercollinsebooks.com.au
1239,143ab2ee2413b3271ed6d920eee3adf75592d5b25bc7bb5e,books/literary/publisher,generic_copyright_or_bibliographic_marker,False,False,False,False,True,411,True,False,latin_or_other,77031,arcadiapublishing.com;imagesofamerica.com
1242,87297483fdb2db48cb7ac281777d76e85bcb24259afdfe15,books/literary/publisher,generic_copyright_or_bibliographic_marker,False,False,False,False,True,62421,True,True,latin_or_other,63000,newcomlab.com;planetadelibros.com;planetadelibrosinfantilyjuvenil.com
1246,b86179be3b0bba1e274ffdf5ab8ef6363b4ff6d860cb6ed4,manual/technical documentation,generic_copyright_or_bibliographic_marker,False,False,False,False,True,3687,True,True,latin_or_other,116501,honeywellanalytics.com
1247,ec230e1e3caeceab198a7ba0ff20d815fc76b38f7bd77e5c,scholarly/research,explicit_public_domain_marker,False,False,True,False,True,29,True,True,latin_or_other,67571,
1258,6c9858604fdaab1fec6db274d7aa84b566d3fceb50347520,books/literary/publisher,explicit_restrictive_notice,True,False,False,False,True,81518,True,False,latin_or_other,84823,ctpub.com;tinyurl.com
1260,01446afa2b86a6c022b3dc457bfa0c1b8b44e34d9522f90b,books/literary/publisher,explicit_restrictive_notice,True,False,False,False,True,33,True,False,latin_or_other,59803,us.penguingroup.com
1272,b53420f70e2bdf4495933584dc3be59e1d3e95f0c8699e0e,books/literary/publisher,explicit_restrictive_notice,True,False,False,False,True,87,True,False,latin_or_other,56828,permissionscompany.com
1288,2f798b57e09f83431c779be269cb8773acc515c6e6ce6452,scholarly/research,generic_copyright_or_bibliographic_marker,False,False,False,False,True,72518,True,False,latin_or_other,264644,cms.org;fs10.formsite.com;journalofethics.ama-assn.org;msm.edu
1293,4292984c73641afb2cb6e267b4d88f00d1dfacf333fc7b9e,news/blog/general web,explicit_restrictive_notice,True,False,False,False,True,37199,True,False,han,60665,
1302,eda53efa8422d59ca46fed484e9fecc3c792c0d1c79017e3,books/literary/publisher,generic_copyright_or_bibliographic_marker,False,False,False,False,True,305,True,False,latin_or_other,45151,melgilden.com;wildsidebooks.com
1304,fa18b5601651871b7448f88a65f303b2254581a528df42d3,scholarly/research,explicit_open_licence_marker,False,True,False,False,True,61868,True,False,latin_or_other,62467,creativecommons.org;ntsb.gov;weforum.org
1313,a334974de750914fa6e6c74f8e04e5f826d43b3d3a7febb8,books/literary/publisher,explicit_restrictive_notice,True,False,False,False,True,40072,True,False,latin_or_other,41586,araldodeluca.com;britishorigami.info;facebook.com;mfpp-origami.fr;nuinui.ch;origami-cdo.it;origami.me.uk;origamiusa.org;periplus.com;tuttle.co.jp;tuttlepublishing.com
1316,24a3656a3e1947d976bafa979da18eea03aa93d9adfdb3fa,scholarly/research,explicit_restrictive_notice,True,False,False,False,True,4289,True,False,latin_or_other,44628,mytaoworld.com;singingdragon.com
1318,3d1e4690cb2b6b584a08a593ccdd98ff76863fbf142aa6c4,corporate/financial/ESG,explicit_restrictive_notice,True,False,False,False,True,52300,True,False,han,52439,
1329,cd5e17ca9a6cc0464267cdc66a31be049ac24684863baee5,books/literary/publisher,explicit_restrictive_notice,True,False,False,False,True,1421,True,False,latin_or_other,87246,orbooks.com
1332,67621c69b5b184c4b13981c7535f453d73c45ab441638637,software/code/technical-QA,generic_copyright_or_bibliographic_marker,False,False,False,False,True,11616,True,False,latin_or_other,29476,github.com
1337,5c1a5b8eb90d63b207e1a552538ccd6d707cb08a0e0291d6,books/literary/publisher,explicit_restrictive_notice,True,False,False,False,True,54049,True,False,latin_or_other,55439,
1348,1db5acebdbbd8c837fe9294b6f468ae5f7c984eec7dc623e,corporate/financial/ESG,generic_copyright_or_bibliographic_marker,False,False,False,False,True,23633,True,False,han,23705,
1349,6239482b0492b7d4547b71bc8fe18642d46becc071dd9151,books/literary/publisher,explicit_restrictive_notice,True,False,False,False,True,168,True,False,latin_or_other,123964,drugabuse.gov;drugfree.org;drugs-forum.com;drugs.com;health.state.mn.us;insurancefraud.org;jenniferschneider.com;medscape.com;mlive.com;monitoringthefuture.org;naabt.org;ncbi.nlm.nih.gov;nejm.org;oas.samhsa.gov;painmed.org;premierinc.com;samhsa.gov;startribune.com;treatmentsolutions.com;treato.com;unodc.org
1351,ddfec35e2a55819ca5f4ab62a33f6e3307b1012c4d1ef163,books/literary/publisher,generic_copyright_or_bibliographic_marker,False,False,False,False,True,1084,True,False,latin_or_other,82879,arcadiapublishing.com;imagesofamerica.com
1358,f85edc6906e6c6252f4ffe96f7998aba146cf1d8e5f0cc6a,books/literary/publisher,generic_copyright_or_bibliographic_marker,False,False,False,False,True,829,True,True,latin_or_other,186988,dpi.wi.gov
1362,64aa19345f3d000f595c66efb664b7f88f8ba4bc928b3046,scholarly/research,explicit_open_licence_marker,False,True,False,False,True,455,True,False,latin_or_other,196650,3dhybridsolutions.com;3dmetalforge.com;doi.org;en.dmgmori;english.mazak.jp;fabrisonic.com;hermle.de;hybridmanutech.com;mdpi.com;optomec.com;polycontrols.com
1372,9853003f074ae6dcc9676ed9a8b8af02221869d714dd6518,books/literary/publisher,explicit_restrictive_notice,True,False,False,False,True,715,True,True,latin_or_other,44622,astrofella.wordpress.com
1377,cdff33fbad55bde668958c903ba795fd1546611475244e51,books/literary/publisher,explicit_restrictive_notice,True,False,False,False,True,611,True,False,latin_or_other,46972,amherstmedia.com;brettflorens.com;foresterphoto.com;heathermagliarditiphotography.com;jeneanmohrphotography.com;jlmcreative.com;marcweisberg.com;mimikacooney.com;photoduds.com;portrait-photographer.blogspot.com;saltykissesphotography.com;stellabfoundation.org;tracydorrphotography.com;vgallery.net;weddingphotographer-amherstmedia.blogspot.com
1389,4c0fded1d9fa51e1d7235a9851a5467c2b2f95069a8cdf51,government/legal/procurement,explicit_restrictive_notice,True,False,False,False,True,2245,True,False,latin_or_other,249986,gyandoot.nic.in;jhalawar.nic.in;jobaccess.gov.au;minabibliotek.se;sitapur.nic.in
1404,512bfeebf5d5f43edb5a924c434bc4e0b4f7c15cb8ef5002,corporate/financial/ESG,generic_copyright_or_bibliographic_marker,False,False,False,False,True,0,True,False,latin_or_other,66380,hdfclife.com
1409,6ba3ffdf5cc556a2bb8b71860e76edf98e5d20ba5a86887c,books/literary/publisher,explicit_restrictive_notice,True,False,False,False,True,82326,True,True,latin_or_other,84785,bloomsbury.com
1413,36ffafdd680e2b62119947a9a3c229438edf7b30c4ebd501,books/literary/publisher,explicit_restrictive_notice,True,False,False,False,True,83,True,False,latin_or_other,97114,harvesthousepublishers.com;mixandmatchmama.blogspot.com
1419,edacd9cd236306921d2adf19453b37f8cdb8226b5b852d11,scholarly/research,generic_copyright_or_bibliographic_marker,False,False,False,False,True,17320,True,False,latin_or_other,41345,
1420,e2608657722aa0bb6e068d29063e78b6c26e7a3867f3ed99,books/literary/publisher,explicit_restrictive_notice,True,False,False,False,True,644,True,False,latin_or_other,53550,gooseberrypatch.com
1429,008e3a590690aee0b3570ddf02bbb7b6dea7a356895a789d,books/literary/publisher,explicit_restrictive_notice,True,False,False,False,True,562,True,False,latin_or_other,43440,wwnorton.com
1431,0a5549f6aa1ed1f4e96a8fad0551572d267331e4ef6851a8,government/legal/procurement,generic_copyright_or_bibliographic_marker,False,False,False,False,True,61830,True,True,han,73187,
1434,a23793e964b89a32d23b1e2cf6ad215c8c9ac3ba47fe8b18,government/legal/procurement,generic_copyright_or_bibliographic_marker,False,False,False,False,True,83254,True,False,latin_or_other,146695,bloomberg.com
1437,6a6eb0064c72556df12e22e8df022aa2dbe92891133337f8,books/literary/publisher,explicit_restrictive_notice,True,False,False,False,True,2,True,False,latin_or_other,104502,sevenstories.com
1442,fa889fef17c5d70829439419c3c96545e96c52f8494f7590,news/blog/general web,explicit_public_domain_marker,False,False,True,False,True,249,True,False,latin_or_other,97139,
1444,faccce31212ff4d575f7fd868d832b694349025e5d4ae2ff,books/literary/publisher,explicit_restrictive_notice,True,False,False,False,True,17,True,False,latin_or_other,59053,andrewsmcmeel.com;biothinking.com;pqblackwell.com
1448,2b259daf3b159fe794fc759c8942ebc72c00986aaa4381b6,software/code/technical-QA,explicit_restrictive_notice,True,False,False,False,True,3380,True,False,latin_or_other,20986,lightgbm.readthedocs.io
1451,001bed2b312fa8511ed4817e968327790799560968221447,books/literary/publisher,explicit_restrictive_notice,True,False,False,False,True,59484,True,True,latin_or_other,62329,fwcommunity.com
1461,510d2b102f88611da87be7dc3ffd527cb807e2c05bfc0d0c,government/legal/procurement,explicit_restrictive_notice,True,False,False,False,True,885,True,False,latin_or_other,267591,ag.gov.au;anao.gov.au;medicareaustralia.gov.au;medicareaustralia.gov.au.chapter;medicareaustralia.gov.au.information;medicareaustralia.gov.au.issn;medicareaustralia.gov.au.measuring;medicareaustralia.gov.au.medicare;tenders.gov.au.australian
1462,88e231fef159d2fbf7f1914613778ccaa8d6d6ae9b23af5d,books/literary/publisher,explicit_restrictive_notice,True,False,False,False,True,142,True,False,latin_or_other,88347,flatironbooks.com;us.macmillanusa.com
1474,90a7c017f234dae3ba220fe78d055a1ae37339a4f650742a,books/literary/publisher,explicit_restrictive_notice,True,False,False,False,True,2,True,False,latin_or_other,57887,articles.chicagotribune.com;inc.com;loc.gov;news.google.com;nytimes.com;theatlantic.com
1480,9f43f67820f3612f725eb11cc942d5a169482942e831106c,government/legal/procurement,generic_copyright_or_bibliographic_marker,False,False,False,False,True,90291,True,False,latin_or_other,216996,dmh.ms.govsection;learningcommunity.us;rxlist.com
1484,20361554e174894832e9a2797fdac836bffa1b4c6b7ffbb1,books/literary/publisher,explicit_restrictive_notice,True,False,False,False,True,33786,True,False,latin_or_other,36092,penguin.com
1506,781016c39f47830e71338f0bd743845b6b8dadd8e6338465,books/literary/publisher,explicit_restrictive_notice,True,False,False,False,True,55609,True,False,latin_or_other,57050,nosycrow.com
1510,268eee6c15c1389bba098f4023d6158f00c77e1c2897d76f,books/literary/publisher,explicit_restrictive_notice,True,False,False,False,True,1105,True,False,latin_or_other,42389,harpercollins.ca;harpercollins.co.nz;harpercollins.co.uk;harpercollins.com;harpercollins.com.au
1512,25a632fa15fcbe391a02eda325e1f62840b69935253459d2,government/legal/procurement,generic_copyright_or_bibliographic_marker,False,False,False,False,True,7779,True,False,latin_or_other,42613,
1515,e8c8d658fad5ca04021f1e2b312944b2ac6ae58225908c74,government/legal/procurement,generic_copyright_or_bibliographic_marker,False,False,False,False,True,7877,True,False,han,21365,
1516,6f1a65031af7531ae77b312f467c09830cf3c733a09c6572,scholarly/research,generic_copyright_or_bibliographic_marker,False,False,False,False,True,15757,True,False,latin_or_other,36479,
1518,50dce53f497bb6afc284b9405878edd157a42eaa5997bdc0,books/literary/publisher,generic_copyright_or_bibliographic_marker,False,False,False,False,True,65,True,True,latin_or_other,50739,anthonyryan.net
1519,4ff4a5b57c8e7db6f91d1e6f0057adae04b248a162efe479,government/legal/procurement,generic_copyright_or_bibliographic_marker,False,False,False,False,True,30750,True,False,latin_or_other,158300,
1520,00f9b060fa0487115ca92d5e1b4060cce991a165707b4c8d,government/legal/procurement,generic_copyright_or_bibliographic_marker,False,False,False,False,True,19746,True,False,han,53705,ccgp.gov.cn;credit.jiangsu.gov.cn;creditchina.gov.cn;czj.xz.gov.cn;jiangsu.gov.cn;jszfcg.jsczt.cn;xuzhoucredit.gov.cn
1532,e57d857735a44b951b726b5dbed0a55241e9825b60f603ab,books/literary/publisher,generic_copyright_or_bibliographic_marker,False,False,False,False,True,9391,True,False,latin_or_other,80824,
1534,2dfc577ef3df40cfe06a0e42ce1bb969209bfea2a8835d9c,books/literary/publisher,explicit_restrictive_notice,True,False,False,False,True,17255,True,True,han,17361,
1540,0e60ba3538f8c37b792d8ceb944eb911ceb70427cfa6347a,books/literary/publisher,explicit_restrictive_notice,True,False,False,False,True,573,True,True,han,58800,pep.com.cn
1544,f5e26e8f6c0f989c9e1ae5b00cf30c2f2e1ce232c78fc242,scholarly/research,explicit_restrictive_notice,True,False,False,False,True,68673,True,False,latin_or_other,68830,
1548,1f9d176a0ee43f2ff034e403fd4c1f173d8552791cf5b581,books/literary/publisher,explicit_restrictive_notice,True,False,False,False,True,29255,True,False,latin_or_other,31059,lccn.loc.gov;simonandschuster.com;simonspeakers.com
1551,414ea3ac09b6876844314ea8a9092f9ebd0d7629e11f64e4,books/literary/publisher,explicit_restrictive_notice,True,False,False,False,True,712,True,False,latin_or_other,84362,littletiger.co.uk
1557,dc108405618fd5651a3541d6b1c4b38938bd91736d97edfe,software/code/technical-QA,explicit_restrictive_notice,True,False,False,False,True,19147,True,False,latin_or_other,22818,abip.fsusd.org;github.com;w3.org
1566,970b70cae5e9bd71886d94e79533e6227e7b492ee6a8efd0,books/literary/publisher,explicit_restrictive_notice,True,False,False,False,True,2,True,False,latin_or_other,102708,crownpublishing.com;tenspeed.com
1575,a4ca26b453eb0d38d2444469c6bcb518acb97c1eea5a2d7d,books/literary/publisher,explicit_restrictive_notice,True,False,False,False,True,161,True,False,latin_or_other,65677,
1581,81e14ff2795cc3ed066b3908e9d0e99020c8303efa7f78f3,books/literary/publisher,explicit_restrictive_notice,True,False,False,False,True,1215,True,False,latin_or_other,54701,mcclelland.com
1608,ba28db74bc11e3071d25043719e46e0223b8cb9aeb06fe27,books/literary/publisher,explicit_restrictive_notice,True,False,False,False,True,153,True,False,latin_or_other,87673,ikejime.com;noobspear.com;noobspearo.com;reddit.com;spearfishing.com.au;spearfishingcom.au;ultimatespearfishing.com
1610,2aa5aadeb9f808a2357be0833cce4258709eb991ef79bdc2,books/literary/publisher,explicit_restrictive_notice,True,False,False,False,True,360,True,False,latin_or_other,166466,antykorupcja.edu.pl;aspra.pl;cabinetoffice.gov.uk;dsc.kprm.gov.pl;economist.com;ena.fr;eupan.eu;faststream.civil;faststream.civilservice.gov.uk;ksap.gov.pl;mrr.gov.pl;network.civ;oecd.org;sobieski.org.pl;sprawynauki.edu.pl;top100graduateemployers.com
1617,4effd43c84d05d89694b42723f2f04058c4231e9d9e2c5a0,public-domain/library,mixed_restrictive_and_open_or_public,True,False,True,False,True,626,True,True,latin_or_other,56071,pgdp.net
1625,1e59f29f7af975fb2e5ac6c73fc63a6eb9b9c830ec284eef,books/literary/publisher,generic_copyright_or_bibliographic_marker,False,False,False,False,True,180,True,False,latin_or_other,73781,liberatethis.com;mfso.org;voxfeminista.org;writebloody.com
1629,4760cf3628c380d4eebf5ef8b6fc61ced012030f7e3de645,books/literary/publisher,explicit_restrictive_notice,True,False,False,False,True,35474,True,False,latin_or_other,91899,brianstauffer.com;clwuherstory.org;garytaxali.com;jointheresistance.store;juhaszillustration.com;redbubble.com;seeredwomensworkshop.wordpress.com;simbolidesign.com;worstpresident.org
1643,a40279f9da0a8f562e6a41d362d1f1da7837536c4dd0613b,news/blog/general web,generic_copyright_or_bibliographic_marker,False,False,False,False,True,15904,True,False,han,15965,
1645,99b46a083d1a6c375f4574af77a4bcae592cc703370d41d1,scholarly/research,explicit_open_licence_marker,False,True,False,False,True,1827,True,True,latin_or_other,77954,
1650,1c661e63311e493a5fb381a69d26df5fdba7185b58f4c67d,books/literary/publisher,explicit_restrictive_notice,True,False,False,False,True,410,True,False,latin_or_other,75415,4thestate.co.uk;facebook.com;harpercollins.ca;harpercollins.co.nz;harpercollins.co.uk;harpercollins.com;harpercollins.com.au;nikkigemmell.com;twitter.com
1652,dcefaa308370ab2228af3f93930f0ab94a6440ef2afcd7d9,government/legal/procurement,explicit_restrictive_notice,True,False,False,False,True,22327,True,False,han,101769,zcygov.cn
1653,94fbbc9d90234fca7c2df53ef8a7f6203c7e027d0ac09143,books/literary/publisher,explicit_restrictive_notice,True,False,False,False,True,620,True,False,latin_or_other,109241,pushkinpress.com
1657,9cc15bd829fd5daaeac355ffd9dc3d9de4521ceeb5d7e7ac,books/literary/publisher,generic_copyright_or_bibliographic_marker,False,False,False,False,True,700,True,False,latin_or_other,127410,
1663,dc9bb849a7daa57acc074afb29ba585a36275b80855cee44,books/literary/publisher,explicit_restrictive_notice,True,False,False,False,True,505,True,False,latin_or_other,91520,howgoodisgoodenough.com
1664,92bb09d76cadd31b59e95e76b665bf26e5e50879735db936,scholarly/research,explicit_restrictive_notice,True,False,False,False,True,349,True,False,latin_or_other,104975,dk.com
1677,8562d7dbb3b46f520b6d4fd4fc62716abeed05a03eb3cfe5,scholarly/research,generic_copyright_or_bibliographic_marker,False,False,False,False,True,19335,True,False,latin_or_other,96636,dancenotation.org;oxfordreference.com;plato.stanford.edu
1684,ec2e4a4d7337f73c628e38aa85acdf1b83771c2c55e970be,government/legal/procurement,generic_copyright_or_bibliographic_marker,False,False,False,False,True,116,True,False,latin_or_other,172199,data.worldbank.org;dos.gov.jo
1695,ef4387274b62f21ad5501d1b8a8580134479b5c6476d0a92,books/literary/publisher,explicit_restrictive_notice,True,False,False,False,True,497,True,False,latin_or_other,42150,
1697,06edeca00caa91ead3bbf9e1114049133131d0b8750db9ac,books/literary/publisher,explicit_restrictive_notice,True,False,False,False,True,156809,False,False,latin_or_other,284569,deerparktx.gov;progressive-medical.com;pswca.org
1700,b2bfcd0c9efc0927e1c6a0bc722e210058abf8c158cd79fa,books/literary/publisher,generic_copyright_or_bibliographic_marker,False,False,False,False,True,130,True,False,latin_or_other,52229,anthonystuff.wordpress.com
1702,690afd6bec5f09ada0699000869e50ee1ca82c2905299e91,books/literary/publisher,explicit_restrictive_notice,True,False,False,False,True,1379,True,False,latin_or_other,141897,ey.com;uli.org
1729,01bf28b59deb0d448255fee0ba1843e1c542e0debf52cd21,scholarly/research,generic_copyright_or_bibliographic_marker,False,False,False,False,True,274384,False,False,latin_or_other,274593,clutch.co;deloitte.com;deloitte.com.au.liability;deloitteaccesseconomics.com.auabout;englishagenda.britishcouncil.org;resources.kinvey.com
1734,53df05241655033cddb031ca6497a0492cad483ac11ec422,books/literary/publisher,explicit_restrictive_notice,True,False,False,False,True,44711,True,False,latin_or_other,46213,leeners.com
1737,4e2559184117bab0096b02d5abcb4010528be9804df6bd0c,books/literary/publisher,generic_copyright_or_bibliographic_marker,False,False,False,False,True,36,True,False,latin_or_other,76335,arcadiapublishing.com;imagesofamerica.com
1743,f599af8486afbc57b6f569c35017d117d82b2d22fc054928,scholarly/research,generic_copyright_or_bibliographic_marker,False,False,False,False,True,3189,True,False,latin_or_other,119691,
1744,d251175ff81739fa19074dc43182fd2edfa385c56e676822,government/legal/procurement,generic_copyright_or_bibliographic_marker,False,False,False,False,True,635,True,True,latin_or_other,37669,peeron.com
1745,29d16a613c93d090e9a00fadd669e8893a9d24a82c49f9e6,software/code/technical-QA,explicit_restrictive_notice,True,False,False,False,True,15056,True,False,han,95665,
1756,75a1124517a8d675e7a42ceee9f8199b906a2e01f757c0d7,books/literary/publisher,explicit_restrictive_notice,True,False,False,False,True,489,True,False,latin_or_other,87957,innertraditions.com
1762,d50ee32c6b98cfe7ea995886f571f4509ab21f2bf852657b,government/legal/procurement,generic_copyright_or_bibliographic_marker,False,False,False,False,True,608,True,False,latin_or_other,31621,
1764,1fad67772219227a07b0fd325a6507d20d46993ba3321aee,software/code/technical-QA,generic_copyright_or_bibliographic_marker,False,False,False,False,True,2692,True,False,latin_or_other,17353,
1767,b6b1388a03c908798a44682c9efce4a8100607a734a30940,news/blog/general web,generic_copyright_or_bibliographic_marker,False,False,False,False,True,57990,True,False,latin_or_other,63785,en.wikipedia.org
1768,a5b1f95e5d74308c66d68b30fc852962568c3982fb29923d,books/literary/publisher,generic_copyright_or_bibliographic_marker,False,False,False,False,True,90398,True,False,latin_or_other,141442,canton.edu;highered.nysed.gov;justice.gov;researchguides.canton.edu;s3.amazonaws.com;socialresearchmethods.net;textbooks.opensuny.org
1776,45cd679733789e019ac505478ba5eebc5fa2463e0197eb14,books/literary/publisher,explicit_restrictive_notice,True,False,False,False,True,1908,True,False,latin_or_other,130004,
1792,dee4d078f9d2503a5f67dce3576bda9e5fb5df11ea77a675,government/legal/procurement,generic_copyright_or_bibliographic_marker,False,False,False,False,True,3522,True,False,latin_or_other,273248,bahrain.bh;bdb-bh.com;blmi.lmra.bh;cbb.gov.bh;data.gov.bh;data.icao.int;data.imf.org;investmentpolicy.unctad.org;legalaffairs.gov.bh;mofne.gov.bh;mumtalakat.bh;nbr.gov.bh;nhra.bh;noga.gov.bh;nogaholding.com;s3-eu-west-1.amazonaws.com;sce.gov.bh;sijilat.com;tbtims.wto.org.products;worldbank.org
1793,f220b916a79fde1c49730ca18bedf2b93c7b876587a8ff0b,books/literary/publisher,explicit_restrictive_notice,True,False,False,False,True,7,True,False,latin_or_other,95191,lernerbooks.com
1798,0890bdb3063300d514506ff1cb14f5e7c511168d20f00664,government/legal/procurement,generic_copyright_or_bibliographic_marker,False,False,False,False,True,14,True,False,han,59632,iresearch.com.cn
1807,99a8ea568ea81755b3bdea536c5d81cfd330c5127e5a55a4,government/legal/procurement,generic_copyright_or_bibliographic_marker,False,False,False,False,True,13466,True,False,latin_or_other,89931,aphis.usda.gov;ers.usda.gov;nbiap.vt.edu;ostp.gov;www4.od.nih.gov
1808,478bd08f0c321639e4ea2c4652de847e3a02e9630adff51a,books/literary/publisher,explicit_restrictive_notice,True,False,False,False,True,1378,True,False,latin_or_other,45960,
1814,6aa8a246366f55ffce6bcd8c23b2c4732f5bc2bac74fea0d,scholarly/research,generic_copyright_or_bibliographic_marker,False,False,False,False,True,5267,True,False,latin_or_other,74778,dx.doi.org;mccrone.com;ngac.org.cn
1819,e30f63a2d5d06bcc8004bd73e0283bad7bbc31a9ff9ae5da,books/literary/publisher,explicit_restrictive_notice,True,False,False,False,True,56,True,False,latin_or_other,98359,asiafoods.com;asianwok.com;dmoz.org;geocities.com;indiangrocerynet.com;orientalfoodexpress.com;orientalpantry.com;periplus.com;pilipinomart.com;templeofthai.com;thaigrocer.com;tuttlepublishing.com;zestyfoods.com
1822,70a63b64236beb0fcef73d92d45fde337e44769542dd4e01,scholarly/research,generic_copyright_or_bibliographic_marker,False,False,False,False,True,113,True,False,latin_or_other,56483,youtube.com
1833,4a1869ec36df8e35f81f856255046dc3d095526733f2d7f6,public-domain/library,explicit_public_domain_marker,False,False,True,False,True,361,True,True,latin_or_other,57129,pgdp.net
1838,37feb41c3e4fdba6bd23b8f8e3f47ddf5f0da9a9a8abd0d9,scholarly/research,mixed_restrictive_and_open_or_public,True,False,True,False,True,60612,True,False,latin_or_other,64836,penguin.com
1841,0b176ae65bbc74ae7275cff26740d04852b77e64513b337d,government/legal/procurement,explicit_restrictive_notice,True,False,False,False,True,15629,True,False,han,15695,46wxm.cn;jxyy.edu.cn
1869,8e4239ab2a2aeb325ebf7039b125141760e16de8a9ef59e4,books/literary/publisher,explicit_restrictive_notice,True,False,False,False,True,1209,True,False,latin_or_other,62503,doverpublications.com
1877,3fcf1f3707f99544006193faa0c8497eb80c1fb3bcf5a686,government/legal/procurement,generic_copyright_or_bibliographic_marker,False,False,False,False,True,1221,True,False,latin_or_other,209106,arb.ca.gov;cawateraction.org;ciel-et-terre.net;energy.ca.gov;energypedia.info;esd.worldbank.org;fao.org;icimod.org;juhudikilimo.com;lorentz.de;microfinancegateway.org;mid.org;news.trust.org;peeracod.sn;pumpefficiency.org;solaropia.com;water.ca.gov;weforum.org
1890,1ee831120429d03abaac4c0280629aca2b3a61395474cdcf,manual/technical documentation,explicit_restrictive_notice,True,False,False,False,True,0,True,True,han,79383,
1897,352301449e82a335f0263718326b1f2f2ad376e4f8857568,books/literary/publisher,mixed_restrictive_and_open_or_public,True,False,True,False,True,1688,True,False,latin_or_other,179500,21stcentury.state.pa.us;access.gpo.gov;biodiversitypartners.org;biodiversityproject.org;biology.usgs.gov;bionet-us.org;ceres.ca.gov;chicagowilderness.org;dnr.state.il.us;dnr.state.md.us;dnrec.state.de.us;eli.org;esa.sdsc.edu;fisheries.fws.gov;fws.gov;gap.uidaho.edu;geoplan.ufl.edu;indianabiodiversity.org;invasivespecies.gov;natureserve.org;nbii.gov;nmfs.noaa.gov;nr.state.ky.us;nysm.nysed.gov;partners.fws.gov;publicconversations.org;reeusda.gov;research.amnh.org;rndhouse.nrcs.usda.gov;state.ma.us;state.nj.us;teaming.com;wcs.org;wws.princeton.edu;www2.hawaii.edu
1898,1c415d736d0e8e1ea4456a548665da663b3ec9ab008d634c,government/legal/procurement,generic_copyright_or_bibliographic_marker,False,False,False,False,True,228178,False,False,latin_or_other,290774,tn.diversitysoftware.com;tn.gov;tntap.tn.gov
1906,bce77b9c14f8c922009c0f8a707097379214e5bd65c3f827,government/legal/procurement,government_copyright_notice,False,False,False,True,True,23492,True,True,latin_or_other,250442,assets.publishing.service.gov.uk;eci.ox.ac.uk;englandsnortheast.co.uk;everybarn.yorkshiredales.org.uk;magic.defra.gov.uk;nuclnp.org.uk;publications.parliament.uk;yorkshiredales.org.uk
1909,9b007d366d1d405a53a7173a37324ed1ad441400d2d32637,books/literary/publisher,explicit_restrictive_notice,True,False,False,False,True,33,True,False,latin_or_other,94439,chroniclebooks.com;lccn.loc.gov
1928,642be4f17eda56e0c5351a5e5e008e906f9c305d038f7a8f,books/literary/publisher,explicit_restrictive_notice,True,False,False,False,True,50100,True,True,latin_or_other,51050,randomhouse.com
1941,4cb825b647adcb2b9395131b5e3e607af7bb393689218db4,books/literary/publisher,explicit_restrictive_notice,True,False,False,False,True,148,True,False,latin_or_other,62290,facebook.com;twitter.corn
1949,037f397c97ffa03160d8c1494072d6c03e49efc59264f7cb,government/legal/procurement,explicit_open_licence_marker,False,True,False,False,True,37268,True,False,latin_or_other,234187,co.moc.gov.kh;facebook.com;naccambodia.gov.kh;tools.customs.gov.kh
1950,94c1f275f2e287beaa54af2eb9dc3a07f3cb5e8ca0066c51,books/literary/publisher,explicit_restrictive_notice,True,False,False,False,True,179,True,False,latin_or_other,58593,austinmacauley.com
1965,748a0b3919ca0d9a24c056986a832d2ef172294f4a5e3d31,books/literary/publisher,explicit_restrictive_notice,True,False,False,False,True,36547,True,True,latin_or_other,36746,blog.moneysmart.sg
1977,90f06f3825a336eebd8e2ef4d3bee927b187e69abfeba17e,scholarly/research,generic_copyright_or_bibliographic_marker,False,False,False,False,True,13993,True,False,han,14053,
1980,eedce6e60b22d56f9cef274a45129c2b5fee5fd5ded8ad53,books/literary/publisher,explicit_restrictive_notice,True,False,False,False,True,1072,True,False,latin_or_other,255734,carpentries.org;doi.org;nap.edu.copyright;nasa.gov;nationalacademies.org;nationalacademies.org.consensus;nist.gov;obamawhitehouse.archives.gov;strategy.data.gov;youtu.be
1983,d3dec8d678ff7ae87c9ed42acf9341b9e859863a5eee0119,scholarly/research,explicit_public_domain_marker,False,False,True,False,True,3834,True,False,latin_or_other,129710,
1989,ff9b8898999fe16eb20e0df4adc82689a07e71bbfb1c44e3,books/literary/publisher,explicit_restrictive_notice,True,False,False,False,True,2,True,False,latin_or_other,55748,
1994,b4e144497278bfd53de325ca6901bc25f98f94b391b7c360,government/legal/procurement,explicit_restrictive_notice,True,False,False,False,True,15721,True,False,han,16046,chinazhaokao.com
1995,9939c0a4f0adcf96bf9f5a66e8b7bbbe01eae6e68f2e20de,books/literary/publisher,explicit_restrictive_notice,True,False,False,False,True,74276,True,False,latin_or_other,76324,currency.com.au;integraldms.com
2000,2e62e8c9123d219467854f1093152cd2cf17e4ad90f35f9f,scholarly/research,generic_copyright_or_bibliographic_marker,False,False,False,False,True,1142,True,True,latin_or_other,150402,
2002,ac64861e0dabe41afab1c5c8159573f33fe8e02ba84effda,government/legal/procurement,generic_copyright_or_bibliographic_marker,False,False,False,False,True,12879,True,False,han,36957,urgc.net
2010,7f8e1b20ab1df833615226d1e31f1e80956b2a180bdd372b,government/legal/procurement,explicit_open_licence_marker,False,True,False,False,True,514,True,False,latin_or_other,309003,abc.net.au;abs.gov.au;acara.edu.au;adelaide.edu.au;ahl.gov.au;aitsl.edu.au;anything.tas.gov.au;aph.gov.au;apo.org.au;assoa.nt.edu.au;cep.org.au;cewa.edu.au;cg.catholic.edu.au;cgc.gov.au;cns.catholic.edu.au;creativecommons.org;dese.gov.au;det.wa.edu.au;downloads.wairc.wa.gov.au;eb.qcec.catholic.edu.au;edresearch.edu.au;education.act.gov.au;education.gov.au;education.nsw.gov.au;education.qld.gov.au;education.sa.gov.au;education.vic.gov.au;education.wa.edu.au;farreragri-h.schools.nsw.gov.au;files.eric.ed.gov;forms.wairc.wa.gov.au;foundingdocs.gov.au;frrr.org.au;health.gov.au;lawlink.nsw.gov.au;legislation.gov.au;ministers.dese.gov.au;nhulunbuyhighschool.com;npyec.org.au;nswtf.org.au;ocpe.nt.gov.au;oecd.org;pc.gov.au;policies.education.nsw.gov.au;qirc.qld.gov.au;read.oecd-ilibrary.org;research.acer.edu.au;servicesaustralia.gov.au;study.vic.gov.au;teach.qld.gov.au;telethonkids.org.au;tic.tas.gov.au;vuir.vu.edu.au;web.archive.org;www2.health.vic.gov.au
2011,8ec828a1449564ee455c86e6ea2fae25d3d4d4e37bbdff40,scholarly/research,explicit_public_domain_marker,False,True,True,False,True,1660,True,False,latin_or_other,253136,
2013,fe9781259c496c35b95d190e37b4cc4c8cc39f3964b1a376,books/literary/publisher,explicit_restrictive_notice,True,False,False,False,True,108757,True,True,latin_or_other,109831,randomhouse.com;ruthsanderson.com;steppingstonesbooks.com
2020,bc2c1cfded8c6924285354b9c8d6c354e0591ef00bb174b4,books/literary/publisher,explicit_restrictive_notice,True,False,False,False,True,149,True,False,latin_or_other,33549,tajbooks.com;tajminibooks.com
2023,118ce5b838b267fc32aee75620916471d8dd3a8f990c2d49,software/code/technical-QA,explicit_restrictive_notice,True,False,False,False,True,16373,True,False,latin_or_other,18841,facebook.com;instagram.com;w3layouts.com
2028,fd695f464df7bcde0a072525c7fc83782fb8b106bbd3d789,books/literary/publisher,generic_copyright_or_bibliographic_marker,False,False,False,False,True,1475,True,False,latin_or_other,113144,arcadiapublishing.com;imagesofamerica.com
2030,f4d64d7294625a164a9a284284ef49c25cd5e5e135f979eb,software/code/technical-QA,explicit_public_domain_marker,False,False,True,False,True,28716,True,False,latin_or_other,42277,jahaines.blogspot.in;sqlserver2000.databases.aspfaq.com;sqlservercentral.com;sqlshack.com
2031,7c078711311df4ec952b64a2789b85627a91ae3771cfdd95,software/code/technical-QA,generic_copyright_or_bibliographic_marker,False,False,False,False,True,6155,True,False,latin_or_other,23909,l.facebook.com;robinj1995.sinners.be;telefonica.cl;username.sinners.be
2032,709ad10996b29ee9642d5afe539cc5a7bb637f210e8df1b0,public-domain/library,mixed_restrictive_and_open_or_public,True,False,True,False,True,179,True,False,latin_or_other,111121,gutenberg.net;ibiblio.org;promo.net
2035,c790ebb1f6ea23f0569ad110e3811571f5bcdb66201ffdcb,education/course/textbook,generic_copyright_or_bibliographic_marker,False,False,False,False,True,17715,True,False,latin_or_other,132139,ancient.eu;commonsense.org;crisisprevention.com;dosomething.org;erroluys.com;fasttrackteaching.com;fbmarketplace.org;history.com;icivics.org;mdek12.org;nationalww2museum.org;nimh.nih.gov;owl.purdue.edu;pbs.org;rethinkstigma.org;skypeascientist.com;springfieldschool.org;ssla.ca;striking-women.org;teenlife.com;timelessmyths.com;tinyurl.com;youtu.be
2038,0e6b70909f67fcc01b6701cdda832ec270382b8dbb0d1041,corporate/financial/ESG,generic_copyright_or_bibliographic_marker,False,False,False,False,True,15791,True,False,latin_or_other,238180,legacyhousingcorp.com.our
2065,a8de0d74a8db1912ef9ca9bf38353499260a58f949a7b23d,scholarly/research,explicit_open_licence_marker,False,True,False,False,True,153514,False,False,latin_or_other,168395,adhb.health.nz;cdhb.health.nz;health.govt.nz;iris.wpro.who.int;minhealthnz.shinyapps.io;pacificperspectives.co.nz;scoop.co.nz;stuff.co.nz;surv.esr.cri.nz;who.int
2068,c189c7a7c0197944999a2f6c5f7d304fb1ea408e2a1598af,news/blog/general web,generic_copyright_or_bibliographic_marker,False,False,False,False,True,76006,True,False,latin_or_other,122612,
2072,86eb9b43ebfdce87e06f86ce3f9d52cea3261a6feed4195b,books/literary/publisher,generic_copyright_or_bibliographic_marker,False,False,False,False,True,778,True,False,latin_or_other,95911,5thuscc.net;arcadiapublishing.com
2080,dc381baeb55e649a8c834498475f89392ed62adde98f7ee0,corporate/financial/ESG,mixed_restrictive_and_open_or_public,True,True,False,False,True,226787,False,False,latin_or_other,228534,cebic.vic.gov.au.figure;creativecommons.org;dtf.vic.gov.au;ibac.vic.gov.auphone;sustainability.vic.gov.au
2086,3684d390eb9cbf5e65704ea22010a098d3f70d01f0cc26b6,education/course/textbook,explicit_open_licence_marker,False,True,False,False,True,478,True,True,han,13385,
2095,ba633d73b2ffc41af83652e9026cf8a8d8eca9801720e30a,books/literary/publisher,explicit_restrictive_notice,True,False,False,False,True,70,True,False,latin_or_other,98592,addresources.org;chadd.org;lccn.loc.gov;ptscoaching.com;understood.org
2111,8560c27c24d46a0ed0f87031af623b5e98b1521024aeefba,government/legal/procurement,generic_copyright_or_bibliographic_marker,False,False,False,False,True,16363,True,False,han,57375,hlyzztb.com;qjq.gov.cn;qzggzy.com;tseal.cn
2126,ab60aa5807cd66c639980839ebfb47c554dc9db3481783de,scholarly/research,generic_copyright_or_bibliographic_marker,False,False,False,False,True,1063,True,False,latin_or_other,31606,
2136,6ddef0c81049af9a1dd23cb721b942c7c2413572ffb3bc27,software/code/technical-QA,explicit_open_licence_marker,False,True,False,False,True,21926,True,False,latin_or_other,25820,cdn.jsdelivr.net;creativecommons.org;disqus.com;en.wikipedia.org;facebook.com;github.com;gnu.org;ibug.io;ibugone.disqus.com;jekyllrb.com;linkedin.com;mademistakes.com;notes.ibug.io;pagead2.googlesyndication.com;schema.org;stackoverflow.com;steamcommunity.com;t.me;twitter.com
2139,de76566533399523e32e00c400151ed45d3f8289466ffdeb,government/legal/procurement,generic_copyright_or_bibliographic_marker,False,False,False,False,True,46782,True,False,latin_or_other,151829,crt.state.la.us;doa.louisiana.gov;lagoverpvendor.doa.louisiana.gov;legis.la.gov;sam.gov;smallbiz.louisianaeconomicdevelopment.com;wwwprd1.doa.louisiana.gov
2149,1773fa65b8a757407233f9855ab0cf9226031e48acd675c5,books/literary/publisher,explicit_restrictive_notice,True,False,False,False,True,244,True,False,latin_or_other,37423,lccn.loc.gov
2175,a948431f35ec18b1f44e79a251e67dadb3dcf956e157a0de,software/code/technical-QA,generic_copyright_or_bibliographic_marker,False,False,False,False,True,1948,True,False,latin_or_other,35281,embedinc.com
2177,6d657b3f712d01cd614dce64cc16aee23982de2984d78711,books/literary/publisher,generic_copyright_or_bibliographic_marker,False,False,False,False,True,11235,True,False,latin_or_other,43111,andreas-klewe.de
2178,c17dd71b7306fbf066cb5ccd3aee689716fbff112991d477,books/literary/publisher,explicit_open_licence_marker,False,True,False,False,True,455,True,True,latin_or_other,155729,abs.gov.au;ascd.org;cats.mcri.edu.au;education.vic.gov.au;facebook.com;theconversation.com
2181,1c0c723999d3a92c9f0c773dc1964661f3e390dbb918f097,software/code/technical-QA,generic_copyright_or_bibliographic_marker,False,False,False,False,True,1345,True,True,latin_or_other,26522,add.my.yahoo.com;buttons.googlesyndication.com;cbsnews.com;engadget.com;feeds.cbsnews.com;feeds.feedburner.com;fusion.google.com;indiatoday.feedsportal.com;live.com;myserver.com;netvibes.com;newsgator.com;odeo.com;pageflakes.com;podnova.com;pubsubhubbub.appspot.com;rssnamespace.org;search.yahoo.com;tkfiles.storage.msn.com;us.i1.yimg.com;w3.org;wwwimage.cbsnews.com
2183,1324dc69496dab4906a60028c64668208e877d6b0ffc0a3f,government/legal/procurement,explicit_restrictive_notice,True,False,False,False,True,42472,True,False,han,42557,halwebb.com;vjpedu.com;zr218.com
2186,0f17af02ceb28bdbc82b0c8a8e9ca89a43ee7755cf7eea1b,books/literary/publisher,explicit_restrictive_notice,True,False,False,False,True,3612,True,False,latin_or_other,45875,mthmusical.com;randomhouse.com
2203,d3df82a5269fee4c0b5ea5b6a9af4e1797d92551d86564d4,books/literary/publisher,explicit_restrictive_notice,True,False,False,False,True,98751,True,False,latin_or_other,100745,ampersandart.com;briansullivanart.com;cantwellart.com;colourcraft-ltd.com;creativeartmaterials.com;danielsmith.com;decoart.com;goldenpaints.com;mixedmediamanic.blogspot.com;nancystandlee.blogspot.com;nancystandlee.com;panpastel.com;rangerink.com;roc-lon.com;sakuraofamerica.com;savoirfaire.com;stackpolebooks.com;strathmoreartist.com;triarcoarts.com;winsornewton.com
2211,e0a6deb27a13f5d1ae18e656810451c45fd6fc7295f76690,books/literary/publisher,explicit_restrictive_notice,True,False,False,False,True,589,True,False,latin_or_other,64547,afe.easia.columbia.edu;agakhanmuseum.org;amnh.org;artic.edu;artmuseum.princeton.edu;asia.si.edu;coldsibe-ria.org;grc.nasa.gov;lccn.loc.gov;mbam.qc.ca;metmuseum.org;mfa.org;rosenlinks.com
2215,515b82715a1bc468305459b0f12b56a617eeaad378813e94,scholarly/research,generic_copyright_or_bibliographic_marker,False,False,False,False,True,22270,True,False,cyrillic,37191,
2220,76be5969804e61934f8f9f0d669b7cf5351c26e08799f4ca,software/code/technical-QA,generic_copyright_or_bibliographic_marker,False,False,False,False,True,30016,True,False,latin_or_other,34961,github.com;hm.baidu.com;pagead2.googlesyndication.com;schema.org;xiazemin.github.io
2226,beffb9441f668fe2ee5fcb436745de3d366a27b9a223388d,software/code/technical-QA,explicit_open_licence_marker,False,True,False,False,True,2480,True,False,latin_or_other,21856,angular.io;code.visualstudio.com;creativecommons.org;electronjs.org;github.com;hakim.se;i.creativecommons.org;lab.hakim.se;marketplace.visualstudio.com;nativescript.org;platform.linkedin.com;progressbg.net
2253,07bf65a8a32f79a49d110a890104d678f3c5f20bfa5edad6,books/literary/publisher,mixed_restrictive_and_open_or_public,True,True,False,False,True,42,True,False,latin_or_other,199777,bbs.ca.gov;bbs.ca.gov.if;bbs.ca.govthis;cdc.gov;medbd.ca.govthis;ncbi.nlm.nih.gov;pai-ca.org;psychboard.ca.govthis;socialworkers.org
2254,f4693f6ca7317a1094cb56a1ab5a94c35124f3c7da986053,government/legal/procurement,generic_copyright_or_bibliographic_marker,False,False,False,False,True,44417,True,False,han,58993,ccgp.gov.cn;creditchina.gov.cn;zcygov.cn
2259,b5325cdc951922c54a956f982513ff11783f2a05ea2f5c1b,books/literary/publisher,explicit_restrictive_notice,True,False,False,False,True,150,True,False,latin_or_other,50422,
2269,b63a08f56fa149e800594d0f0dcb61005067278d1def7d77,books/literary/publisher,explicit_restrictive_notice,True,False,False,False,True,2,True,False,latin_or_other,89235,links.penguinrandomhouse.com
2272,524272486c59b2b92d8e94c6193bc4ea655eec5bd49cb6a3,books/literary/publisher,explicit_restrictive_notice,True,False,False,False,True,409,True,False,latin_or_other,40557,amherstmedia.com;brettflorens.com;dougbox.com;heathermagliarditiphotography.com;hernanphotography.com;jeneanmohrphotography.com;jlmcreative.com;photolyrical.com;portrait-photographer.blogspot.com;saltykissesphotography.com;texasphotographicworkshops.com;tracydorrphotography.com;weddingphotographer-amherstmedia.blogspot.com
2276,1a4c9d01b191983bd32e8e1d29df00ff3df406f2db88f262,books/literary/publisher,generic_copyright_or_bibliographic_marker,False,False,False,False,True,34472,True,False,latin_or_other,37698,stmartins.com
2287,0b981582909563469dc376e43e34d14f67b328454b91c71b,books/literary/publisher,explicit_restrictive_notice,True,False,False,False,True,96383,True,False,latin_or_other,97169,artistsnetwork.com
2289,c8f119d83f7ca9ef3f35b8088e23606ca07fcc3d49058c75,government/legal/procurement,explicit_restrictive_notice,True,False,False,False,True,10190,True,False,latin_or_other,158549,asha.org;calipsoclient.com;capcsd.org;corequest.dshs.texas.gov;international.unt.edu;tdlr.texas.gov;texreg.sos.state.tx.us
2291,44dcd32dacf5e95d121876dcec2c3b770505cfd79c61d6ea,government/legal/procurement,explicit_restrictive_notice,True,False,False,False,True,380,True,False,han,68274,pep.com.cn
2299,3d2fc8aa98a04bad4b472e2788ce23ea99fdac83cd035b04,books/literary/publisher,mixed_restrictive_and_open_or_public,True,True,False,False,True,1904,True,False,latin_or_other,89500,beagleboard.org;beaglebone.org;cgdave.github.io;debian.beagleboard.org;en.wikipedia.org;fedorahosted.org;github.com;howtoforge.com;lighttpd.net;nonoo.hu;packtpub.com;php.net;redmine.lighttpd.net;shrkey.com;sourceforge.net;www2.packtpub.com
2307,7020d44db0a919c2c644d02ee8a381d9a4274df0cf487ea3,scholarly/research,generic_copyright_or_bibliographic_marker,False,False,False,False,True,468,True,False,latin_or_other,202426,corescholar.libraries.wright.edu;doe.virgini.gov;ecfr.gov;gpo.gov;learningandtheadolescentmind.org;ncd.gov;ritter.tea.state.tx.us;tea.state.tx.us;tx.pearsonaccess.com;www2.ed.gov
2322,97057ad69f67aa39bbe4eba6645bd525aeed491ef7fbbb13,books/literary/publisher,generic_copyright_or_bibliographic_marker,False,False,False,False,True,729,True,False,latin_or_other,93762,arcadiapublishing.com;imagesofamerica.com
2323,4525d3a0dd22404d54edfba68dfc4a0e92319bb8cab5491c,books/literary/publisher,explicit_restrictive_notice,True,False,False,False,True,1192,True,False,latin_or_other,81923,gooseberrypatch.com
2330,fa1df35a3e8f75cd430e65af81b2d868b0da1153ef0f0de4,books/literary/publisher,generic_copyright_or_bibliographic_marker,False,False,False,False,True,46832,True,False,latin_or_other,47352,
2358,6ba4f17b2f269e8ca569baf41fe75de3cf58aae228730d25,books/literary/publisher,explicit_restrictive_notice,True,False,False,False,True,811,True,False,latin_or_other,48788,
2368,e8b0387ec879542e08746c289cdba40255df09c73bd2a69b,scholarly/research,generic_copyright_or_bibliographic_marker,False,False,False,False,True,116801,True,True,latin_or_other,184036,acmaweb.org;annfammed.org
2371,39a134426732007794e1d8a298b6fefc3b38d1d28c864d66,government/legal/procurement,explicit_restrictive_notice,True,False,False,False,True,64953,True,False,latin_or_other,161657,hyperwave.eskom.co.za;worldweatheronline.com;zendto.eskom.co.za
2382,3cf517da1ce945b10b25a8bf06529f228faabc66cfa97eb3,books/literary/publisher,explicit_restrictive_notice,True,False,False,False,True,953,True,False,latin_or_other,73169,marthapullen.com
2387,f2313264f7650cc2d14b68742c0c3a7a95156f715e634376,scholarly/research,explicit_open_licence_marker,False,True,False,False,True,4152,True,False,latin_or_other,73340,dx.doi.org
2390,84934a5ed93e5e74281c1c6bf3cd85511437c51ce2987a1a,books/literary/publisher,explicit_restrictive_notice,True,False,False,False,True,40933,True,False,latin_or_other,41537,beacon.org
2400,6c3f02b6574e21a33afdb8fc1560dfd7217d0cc4e8082dd4,books/literary/publisher,explicit_restrictive_notice,True,False,False,False,True,325,True,True,latin_or_other,38054,
2406,2a187e68791b6f50f771c5f791b4e3ed61ac754ebc1df25e,software/code/technical-QA,generic_copyright_or_bibliographic_marker,False,False,False,False,True,27,True,False,latin_or_other,24164,
2414,51ec317e130c9d33c2296ecad6fef48054d42461b76b918a,government/legal/procurement,generic_copyright_or_bibliographic_marker,False,False,False,False,True,33552,True,True,han,33797,
2417,6ac871ea998adca34afcd233ba2ba7c5d35ccd765332daed,books/literary/publisher,generic_copyright_or_bibliographic_marker,False,False,False,False,True,126,True,False,latin_or_other,64831,babelcube.com;babelcubebooks.com;facebook.com;writerkristenjames.com
2433,a407ad8b228aafbcde6e4a248a17b10a03e9db7d068c8b90,government/legal/procurement,generic_copyright_or_bibliographic_marker,False,False,False,False,True,46477,True,True,latin_or_other,46590,financialexpress.com;telegraph.co.uk
2436,c002b50e470c53fcf0930a6adb43481d0ae867fec5f9a16a,software/code/technical-QA,explicit_restrictive_notice,True,False,False,False,True,37382,True,False,latin_or_other,37591,apache.org;commons.apache.org;docs.oracle.com;w3.org
2439,864c93cc2fc513873854bcf3ed3744c95673d84b4e55c80a,books/literary/publisher,explicit_restrictive_notice,True,False,False,False,True,3134,True,False,latin_or_other,71356,coppercanyonpress.org
2456,828af11b674f14bcfdffdefa37415d98e29e2d075b151e85,government/legal/procurement,generic_copyright_or_bibliographic_marker,False,False,False,False,True,18128,True,False,han,53090,hlyzztb.com
2471,948dc7aec1beb9fbe46b9b6bf40c81c52bbed377169f54b4,software/code/technical-QA,generic_copyright_or_bibliographic_marker,False,False,False,False,True,6635,True,False,latin_or_other,29036,dimetapp.com;mucinex.com;robitussin.com;stopmedicineabuse.org;supervalu-ourownbrands.com;supervalue-ourownbrands.com;theraflu.com;vicks.com
2472,8cbed219cbc4c49d4f39a552cce0614dbafc562e9d457926,corporate/financial/ESG,generic_copyright_or_bibliographic_marker,False,False,False,False,True,18715,True,False,han,56752,njcb.com.cn;sse.com.cn
2475,43fd4f33d1c333901590ad6d8a22324f12135663ba57c038,scholarly/research,explicit_open_licence_marker,False,True,False,False,True,683,True,False,latin_or_other,36849,
2481,ab63ce95f5951e0ac06515414d57cdda21799b9ba1421fd0,scholarly/research,explicit_public_domain_marker,False,False,True,False,True,6380,True,False,latin_or_other,165653,abcnews.go.com;aclu.org;advocate.com;bangladeshobserveronline.com;boston.com;cnn.com;int.iol.co.za;interfax.ru;outlookindia.com;saveourcivilliberties.org;scholarship.law.cornell.edu;starbulletin.com;tsn.ca;vex.net;washingtonpost.com;ww.freerepublic.com
2487,e449e717c603b81102b0f9492c5919fcc32c830af22ac6de,software/code/technical-QA,generic_copyright_or_bibliographic_marker,False,False,False,False,True,40828,True,False,latin_or_other,46359,boost.org
2490,0f3b00e252885b1ea2f177f57338a8383c722c1020c0c307,books/literary/publisher,explicit_restrictive_notice,True,False,False,False,True,1765,True,False,latin_or_other,63941,authortracker.com;harpercollins.co.nz;harpercollinsebooks.ca;harpercollinsebooks.co.uk;harpercollinsebooks.com;harpercollinsebooks.com.au;poems.com
2500,6b4c0a6cb9812f59044d4c82334d1c6115d70db515b9ba9a,government/legal/procurement,generic_copyright_or_bibliographic_marker,False,False,False,False,True,29242,True,False,han,70198,ccgp.gov.cn;creditchina.gov.cn
2501,55e0caf7b1d74a578436c9b2cec3a80f096b3706ea292daf,unclassified/mixed,explicit_open_licence_marker,False,True,False,False,True,869,True,False,latin_or_other,33160,
2509,651345d173a9ca552ca5228741fe4d1a89971133446fc4f3,books/literary/publisher,explicit_restrictive_notice,True,False,False,False,True,54158,True,False,latin_or_other,55186,strangechemistrybooks.com
2514,8fcb7f0a6f4712a898bb8d10fd815d05c929a4bc9decc187,corporate/financial/ESG,generic_copyright_or_bibliographic_marker,False,False,False,False,True,9790,True,False,latin_or_other,42053,adr.org;equinox.com;jamsadr.com
2516,a0a3db437c41da6f8d3f41182460d7c7a07879ba52e82771,books/literary/publisher,explicit_restrictive_notice,True,False,False,False,True,69,True,False,latin_or_other,56876,ilmministries.com
2522,02e58d6788ba4b4e48825ad996c431ebbb69cbc9aec247d5,books/literary/publisher,explicit_restrictive_notice,True,False,False,False,True,49887,True,False,latin_or_other,51822,storey.com
2523,ce52733efddc9152972073d0a478d19ee46841c6feff7fba,government/legal/procurement,generic_copyright_or_bibliographic_marker,False,False,False,False,True,63108,True,False,latin_or_other,146188,humanservices.arkansas.gov
2530,532af7b13244a9c5f9912ed05ac0f56131c89d59ba5fc89f,unclassified/mixed,generic_copyright_or_bibliographic_marker,False,False,False,False,True,17499,True,False,latin_or_other,21626,renatojungano-urologo.it;toscanaurologia.it
2549,1b01b68495fc468d15bbe7525a78833b8587bc036065b667,scholarly/research,generic_copyright_or_bibliographic_marker,False,False,False,False,True,1263,True,False,latin_or_other,178791,
2558,746d2b2ab17f0128e546b4192d8a8d2a25f8115fc1b7d9e5,books/literary/publisher,explicit_restrictive_notice,True,False,False,False,True,93467,True,False,latin_or_other,96910,capstoneyoungreaders.com
2567,ea07748cc11781b24fe26f732d19c9906d3d473e34f6d7a9,unclassified/mixed,generic_copyright_or_bibliographic_marker,False,False,False,False,True,8739,True,False,han,16429,
2575,97ab1c745e6c9b4d335a7fe6b94aa18c3b02aade4634702b,government/legal/procurement,generic_copyright_or_bibliographic_marker,False,False,False,False,True,519,True,False,latin_or_other,159184,aceee.org;acilallen.com.au;cesmii.org;dupress.deloitte.com;energiatehokkuussopimukset2017-2025.fi;energy.gov;gob.mx;gov.uk;grandviewresearch.com;iac.university;iea.org;isotc.iso.org;leonardo-energy.pl;navigantresearch.com;oecd.org
2603,3896c9282545f9de1f60b8f2068500645bc1f01fc2a0873e,government/legal/procurement,explicit_restrictive_notice,True,False,False,False,True,74202,True,True,han,74382,21ic.com;acl2020.org;arxiv.org;deloitte.com;horace.io;intc.com;www2.deloitte.com;yassouali.github.io
2609,39133ff8417a6e173b85a48d220819bfac8325831916c368,books/literary/publisher,mixed_restrictive_and_open_or_public,True,True,False,False,True,2369,True,False,latin_or_other,63166,
2614,478c142b6a1663f1ebe8b776cbbf8428484aa798ad66938f,books/literary/publisher,explicit_restrictive_notice,True,False,False,False,True,2,True,False,latin_or_other,91697,acatoday.org;alexandertechnique.com;anatomytrains.com;feldenkrais.com;foundationtraining.com;franklinmethodonline.com;gyrotonic.com;healthline.com;lumobodytech.com;mayoclinic.org;nianow.com;npr.org;painfreeposturehandbook.com;painmed.org;pilatesstudiocity.com
2616,3df5bcab8f139d18083ba9eeca4922bbebbc8c18e1c383ee,books/literary/publisher,explicit_restrictive_notice,True,False,False,False,True,77,True,False,latin_or_other,80669,penguin.com;us.penguingroup.com
2619,4a4f3795b30a071388e4db8e9e19058aab1b8c063d663ac8,books/literary/publisher,explicit_restrictive_notice,True,False,False,False,True,57572,True,False,latin_or_other,58747,lccn.loc.gov
2621,875b8ad5ea327d7935d51402d71c9d2409579ce6ceadc0bb,books/literary/publisher,generic_copyright_or_bibliographic_marker,False,False,False,False,True,417,True,False,latin_or_other,30782,
2622,06b3b62c1f1f7db135de3a6c6bc31a9df2027ca7d09059db,books/literary/publisher,explicit_restrictive_notice,True,False,False,False,True,479,True,False,latin_or_other,38100,tor-forge.com
2625,c0b5405bdc2f9c4f2f81bdddb0b9eee57e2c3cb3b11489bd,software/code/technical-QA,explicit_restrictive_notice,True,False,False,False,True,28898,True,False,latin_or_other,29114,facebook.com;github.com;google.com;twitter.com
2629,3c009087bbf0c185413f3d6ccda853493c45559613bc8d64,software/code/technical-QA,generic_copyright_or_bibliographic_marker,False,False,False,False,True,14566,True,False,latin_or_other,18906,oss.maxcdn.com
2639,b339817ea2bb7bc3f1b75fadc65c2887daf35dfa47760c40,books/literary/publisher,explicit_restrictive_notice,True,False,False,False,True,143,True,False,latin_or_other,37786,
2647,bcf3a039faca6c9aa38e3e70e16716290d55c26edf22b0bc,government/legal/procurement,generic_copyright_or_bibliographic_marker,False,False,False,False,True,229,True,True,latin_or_other,243849,accessiblesociety.org;ascd.org.department;atia.org;censo2010.ibge.go.br;doi.org;donjohnston.com;echo.unm.edu;echo.unm.edu.edyburn;fcc.gov;gtec.at;ies.ed.gov;joe.org;journals.sagepub.com;journals.sagepub.com.murchland;mj.gov.br;nces.ed.gov;ncscpartners.org;pewglobal.org;planalto.gov.br;qsrinternational.com;section508.gov;tamcec.org;un.org;uwyo.edu;wareable.com;wcc.gatech.edu;who.int
2656,0defc459f8765f06903fe1ab3cc47964a4c405700b8ba9dc,books/literary/publisher,explicit_restrictive_notice,True,False,False,False,True,420,True,False,latin_or_other,51880,
2662,225407da38fea95564918c16b285da2b783935f24750bae6,books/literary/publisher,explicit_restrictive_notice,True,False,False,False,True,581,True,False,latin_or_other,57029,
2675,fcca95e2b85c885352a8f20d616b00ec62835f0fac811f09,books/literary/publisher,generic_copyright_or_bibliographic_marker,False,False,False,False,True,18616,True,False,latin_or_other,51083,
2676,1d6d04753db3b74d73bdccc494c578a7da54ef56a9f96067,news/blog/general web,generic_copyright_or_bibliographic_marker,False,False,False,False,True,12409,True,False,latin_or_other,33507,academic.oup.com;ameraucanabreedersclub.org;amerpoultryassn.com;doi.org;showameraucanas.com
2688,696435abc62db72174952a7452466122412c70a76a6e50e5,books/literary/publisher,explicit_restrictive_notice,True,False,False,False,True,1155,True,False,latin_or_other,117664,sevenstories.com;sunshineproject.org
2691,41a6bfd74c113bf6171501cd27901074c1800394efb1bf97,government/legal/procurement,generic_copyright_or_bibliographic_marker,False,False,False,False,True,16700,True,True,han,57038,
2696,c5e075f378f3b3aa36149efbb7e2ca9d0ff57869f109e38a,books/literary/publisher,explicit_restrictive_notice,True,False,False,False,True,85387,True,False,latin_or_other,88410,bclm.co.uk;beamish.org.uk;blackpooltransport.com;bradfordmuseums.org;britishtramsonline.co.uk;britishtrolley.org.uk;culturenl.co.uk;douglashorsetramway.net;eatransportmuseum.co.uk;edinburghtrams.com;glasgowlife.org.uk;gmts.co.uk;greatormetramway.co.uk;gtm.org.uk;hampshireculturaltrust.org.uk;heatonparktramway.org.uk;ipswichtransportmuseum.co.uk;lrta.org;ltmuseum.co.uk;manxelectricrailway.co.uk;metrolink.co.uk;mtps.co.uk;nexus.org.uk;nmni.com;nxbus.co.uk;sandtoft.org.uk;shirebooks.co.uk;supertram.net;swanseamuseum.co.uk;tfl.gov.uk;thetram.net;tram.co.uk;tramwayinfo.com;volkselectricrailway.co.uk
2705,ab58a771078b599eafd99cb29cf120c63958e96c9aaf94b3,books/literary/publisher,explicit_restrictive_notice,True,False,False,False,True,416,True,False,latin_or_other,85625,pupress.princeton.edu
2707,54b9811b9d63df24b9cedb9247d8c130d389a23e83455557,books/literary/publisher,generic_copyright_or_bibliographic_marker,False,False,False,False,True,913,True,False,latin_or_other,46114,
2710,5c715a384bb93ed6d03e855dc0fbf5e4af025d11f755bcc2,books/literary/publisher,explicit_restrictive_notice,True,False,False,False,True,84208,True,False,latin_or_other,85075,authors.simonandschuster.com;simonandschuster.com;simonspeakers.com
2719,21a19cd8d161b1a05721ea7dad79252300548ef5ec4868c2,books/literary/publisher,explicit_restrictive_notice,True,False,False,False,True,1167,True,False,latin_or_other,32846,headofzeus.com
2720,bfc3d5a8fea622f069d1121853000883c4faebeae6c7d133,books/literary/publisher,mixed_restrictive_and_open_or_public,True,False,True,False,True,572,True,False,latin_or_other,64730,pgdp.net
2743,d53bcc10eaf2a1a3c8701dbffe96287084f9dcc62a20d3a9,books/literary/publisher,explicit_restrictive_notice,True,False,False,False,True,580,True,False,latin_or_other,62956,bit.ly;castgallery.org;citrusmoon.com.au;cyclingsouth.org;facebook.com;fleurtys.com.au;grousehobart.tumblr.com;hammerandhand.com.au;hideseek.com.au;psma.com.au;recyclibrary.tumblr.com;resourcetipshop.com;sashikodesign.com;statecinema.com.au;tasfarmgate.com.au;theatreroyal.com.au;themillonmorrison.com.au;tmag.tas.gov.au;woodysskatecentre.com.au;writtenontea.com
2751,ff546cbd77d4d746f875a6be7b8fe41cd966d6e3cc70e35f,books/literary/publisher,explicit_restrictive_notice,True,False,False,False,True,2958,True,False,latin_or_other,52231,coppercanyonpress.org
2752,ef4661bfa89d58a7918fea5d4f5f75636f41f8d9e594e913,books/literary/publisher,explicit_restrictive_notice,True,False,False,False,True,83904,True,False,latin_or_other,87073,baltimorestreetcar.org;ct-trolley.org;dctrolley.org;easttroyrr.org;ectma.org;irm.org;nps.gov;oerm.org;pa-trolley.org;rockhilltrolley.org;sftm.org;shirebooks.co.uk;shorelinetrolley.org;trolleymuseum.org;wrm.org
2755,3154931c07c4f0533793b51bdac9650c8f9bb8339d751623,manual/technical documentation,explicit_restrictive_notice,True,False,False,False,True,87,True,True,han,88847,abb.com;sac-china.com
2765,2024e7480d9c47e9290bf0db6f7bd33009cc791d3d8ff693,books/literary/publisher,explicit_restrictive_notice,True,False,False,False,True,212,True,False,latin_or_other,97080,cchunterbooks.com;stmartins.com;us.macmillanusa.com
2771,0bcb637dcb02b2839fb65174bde7dfd68fffcf8cb4c10430,corporate/financial/ESG,mixed_restrictive_and_open_or_public,True,False,True,False,True,15794,True,False,han,29350,zhglb.com
2774,4d1458aa351715910b54d56a740d1f644eb4b1c43bae8e1f,books/literary/publisher,generic_copyright_or_bibliographic_marker,False,False,False,False,True,31773,True,True,latin_or_other,32584,cegta.net;facebook.com;fonts.googleapis.com;g.page;wa.me;web.whatsapp.com
2782,87bc236ca186520385593293770588be5ee115fc8c89b46e,corporate/financial/ESG,generic_copyright_or_bibliographic_marker,False,False,False,False,True,29972,True,False,latin_or_other,173961,byd.com;escn.com.cn;hkexnews.hk;recall.org.cn;szse.cn
2783,4382b7d2a2c8d5fe9129e468d04b2636e1dabc4cbe8da84f,software/code/technical-QA,generic_copyright_or_bibliographic_marker,False,False,False,False,True,13106,True,False,latin_or_other,25463,alonshrestha.com.np;fonts.googleapis.com;google-analytics.com;ssl.gstatic.com;stechalon.com;twitter.com
2787,2bd0313521d79ce5204d36d7b3a171a28adb10268565c50f,scholarly/research,generic_copyright_or_bibliographic_marker,False,False,False,False,True,15734,True,True,latin_or_other,44037,sourceware.org;zfsonlinux.org
2793,b06b7b0b2fe11db8f18d02540f405e1ef3e88e014f52fef0,scholarly/research,generic_copyright_or_bibliographic_marker,False,False,False,False,True,144877,False,False,latin_or_other,228640,apa.org;apapracticecentral.org;cudcp.us;cudcp.wildapricot.org;deanofstudents.uncg.edu;drmargaretbarnes.com;fia.dept.uncg.edu;grs.uncg.edu;integrity.uncg.edu;its.uncg.edu;locator.apa.org;mentalhealthgso.com;ncpsychologyboard.org;northcarolina.edu;ods.dept.uncg.edu;oma.uncg.edu;policy.uncg.edu;psy.uncg.edu;recwell.uncg.edu;sa.uncg.edu;search.apa.org;shs.uncg.edu;sites.google.com;triadpsychiatricandcounseling.com;trustinsurance.com;uncg.edu;uncg.smartcatalogiq.com
2805,88089bfc735a90beb1a2678073ff0d1ce569bd95eb76e06f,books/literary/publisher,explicit_restrictive_notice,True,False,False,False,True,1232,True,False,latin_or_other,102979,
2813,7c201d3b7149b80740b1776b7664453174c0bb7c9cc65e6c,books/literary/publisher,generic_copyright_or_bibliographic_marker,False,False,False,False,True,480,True,False,latin_or_other,81997,arcadiapublishing.com;imagesofamerica.com
2820,89902c5d649cf460a2707251b3920eb6b0fa531ff2c09762,books/literary/publisher,explicit_restrictive_notice,True,False,False,False,True,3631,True,True,latin_or_other,34423,
2823,1417788bff0f3eaaad7d72708db84c43b8141ada564fa8f6,books/literary/publisher,explicit_restrictive_notice,True,False,False,False,True,50546,True,False,latin_or_other,51862,panmacmillan.com;picador.com
2824,aef09aa77e55676216daa3461b085b559fbb5e8666f2b0fc,books/literary/publisher,explicit_restrictive_notice,True,False,False,False,True,435,True,False,latin_or_other,89857,harpercollins.ca;harpercollins.co.in;harpercollins.co.nz;harpercollins.co.uk;harpercollins.com;harpercollins.com.au;harpercollinschildrens.com
2827,9155182115230e59f09dbe327b96e2198bae221bdb398c51,books/literary/publisher,generic_copyright_or_bibliographic_marker,False,False,False,False,True,597,True,False,latin_or_other,36924,
2837,498600b4f2b572a0a0dbff4e4bfdb9ade1e8a0d7370f7be9,government/legal/procurement,generic_copyright_or_bibliographic_marker,False,False,False,False,True,4344,True,False,latin_or_other,229147,ada.gov;adagreatlakes.orgu;adr.org;ala-apa.org;ala.org;doj.state.wi.us;dol.gov;dpi.wi.gov;gab.wi.gov;imls.gov;legis.state.wi.us;legis.wisconsin.gov;michigan.gov;nlrb.gov;olc.org;pld.dpi.wi.gov;senate.gov;usdoj.gov;werc.wi.gov;wla.wisconsinlibraries.org
2843,54ef37ec9bd93b1acde37a1c100250b40032ae779a48e110,books/literary/publisher,explicit_restrictive_notice,True,False,False,False,True,3310,True,True,latin_or_other,67299,
2844,a9fa1c34a69457e75b7993d88e7c21fce4662265e5d60c57,news/blog/general web,explicit_restrictive_notice,True,False,False,False,True,41471,True,False,latin_or_other,42162,
2852,637f9695d7b33734d5d9abb8f5987258f27071d30b2518f0,books/literary/publisher,explicit_restrictive_notice,True,False,False,False,True,501,True,False,latin_or_other,42543,authortracker.com;dangutman.com;harpercollinsebooks.ca;harpercollinsebooks.co.nz;harpercollinsebooks.co.uk;harpercollinsebooks.com;harpercollinsebooks.com.au;jimpaillot.com
2857,fb7f7c66e005906c47646d0e0530c344c988504d8f50dee8,government/legal/procurement,explicit_restrictive_notice,True,False,False,False,True,97119,True,True,latin_or_other,222410,asha.org;hhs.gov;professional.asha.org
2859,a7e5e85a76f86c353f92068b112a8b34e1b1bd1497af5e53,software/code/technical-QA,generic_copyright_or_bibliographic_marker,False,False,False,False,True,4239,True,False,latin_or_other,24725,apacheignite.readme.io;drive.google.com;ignite.apache.org
2863,1e1064b03f147ec7f8c990d3faa69d450fe865d2d093acce,books/literary/publisher,explicit_restrictive_notice,True,False,False,False,True,524,True,True,latin_or_other,37696,
2872,6cbaf3bb4e455e2b7feff84851842a2e545ffee24bc2e67d,scholarly/research,explicit_restrictive_notice,True,False,False,False,True,329,True,False,latin_or_other,93429,scholastic.co.uk
2877,e08c060e3fefa5767af74b0ed4cafb811204c65b9cd704ab,books/literary/publisher,explicit_restrictive_notice,True,False,False,False,True,42709,True,False,latin_or_other,43380,beacon.org
2882,e43ffe32474be25988265eaafb8a2e7f908d2c01955bed0e,scholarly/research,generic_copyright_or_bibliographic_marker,False,False,False,False,True,18273,True,False,latin_or_other,81827,doi.org;oritsivansgroup.weebly.com;sthda.com
2884,659a6789d5326dc97324bc4e5acece53e5942cd0e278ed8d,scholarly/research,generic_copyright_or_bibliographic_marker,False,False,False,False,True,103,True,False,latin_or_other,112537,airqualitynju.com;atmos-chem-phys.net;data.stats.gov.cn;due.esrin.esa.int;earthdata.nasa.gov;escience.gov.cn;ready.arl.noaa.gov;zhb.gov.cn
2893,29439fc0360f89cf936a9db9d2f1b71eba42715901a403ac,news/blog/general web,generic_copyright_or_bibliographic_marker,False,False,False,False,True,37273,True,False,latin_or_other,42387,
2905,605e76013108430a3d2b580377b8f4e036fc042714873b55,scholarly/research,generic_copyright_or_bibliographic_marker,False,False,False,False,True,42340,True,False,latin_or_other,42504,rainrfid.org
2918,11911f52e74ec9ec19315a54545c30be8d837f63153cfe6e,scholarly/research,generic_copyright_or_bibliographic_marker,False,False,False,False,True,17032,True,False,latin_or_other,110893,
2920,f54bed3efc8d99f1e625d9a158159240d91ee8afc919013b,corporate/financial/ESG,explicit_restrictive_notice,True,False,False,False,True,398,True,False,han,66383,bayarea.gov.hk;gbm.hsbc.com;gs1hk.org;home.kpmg;home.kpmg.com;research.hktdc.com
2926,4b3a8efa7425d94875347a737cb312e0c10a60c7acabf807,software/code/technical-QA,generic_copyright_or_bibliographic_marker,False,False,False,False,True,35525,True,False,latin_or_other,40536,fonts.googleapis.com;google.com;themes.3rdwavemedia.com;w.soundcloud.com;youtube.com
2931,e0742709a6425ac9a211e3c7d8b42dad9f2b63adf4dfcb73,books/literary/publisher,explicit_restrictive_notice,True,False,False,False,True,125,True,False,latin_or_other,111912,hanshi.com;periplus.com;tuttle.co.jp;tuttlepublishing.com
2943,bdb4ebc5ab583bbe49b38fd6241e1a90bceb5312fd59ee8e,scholarly/research,explicit_restrictive_notice,True,False,False,False,True,43852,True,False,latin_or_other,44373,data.consilium.europa.eu;esma.europa.eu;eur-lex.europa.eu;gov.uk;iosco.org;mofo.com;twitter.com
2956,bf3516cfcc187b373db4efe3a1175409619984d31ba8c5b2,corporate/financial/ESG,generic_copyright_or_bibliographic_marker,False,False,False,False,True,15274,True,False,han,24122,qg777.com
2960,0143f48bdda08197078cd96f685a7dc3a3bff155702fe6e7,books/literary/publisher,generic_copyright_or_bibliographic_marker,False,False,False,False,True,51681,True,True,latin_or_other,134913,forbookssake.net;iwm.org.uk
2966,4ae06324a923f79c149602e1652e7be4cf4e18a8d0b8447b,books/literary/publisher,generic_copyright_or_bibliographic_marker,False,False,False,False,True,1634,True,True,latin_or_other,77875,ahec.edu;auraria.academicpub.com;colorado.edu;cu.edu;explorance.com;guides.instructure.com;portal.cusys.edu;portal.prod.cu.edu;sehd.ucdenver.edu;skyline.ucdenver.edu;ucdenver.edu
2993,e386624de22e99c3042d10e143d1e4e1777653dee280aafc,government/legal/procurement,generic_copyright_or_bibliographic_marker,False,False,False,False,True,118725,True,False,latin_or_other,317644,
2995,f05a5b1ade5f0a3543c1f38d0f4ec68f1b3b5d5b06cf4c92,software/code/technical-QA,generic_copyright_or_bibliographic_marker,False,False,False,False,True,7037,True,False,latin_or_other,17242,
2997,b7f0acc82aef2dfdf8a1bbf2800fbea991a1a23b162562b9,government/legal/procurement,generic_copyright_or_bibliographic_marker,False,False,False,False,True,3494,True,False,latin_or_other,231645,capec.mitre.org;csrc.nist.gov;cve.mitre.org;fdcc.nist.gov;first.org;itl.nist.gov;kb.cert.org;nvd.nist.gov;scap.nist.gov;usgcb.nist.gov;web.nvd.nist.gov;whitehouse.gov
3003,3d123ba31463544e7c27b493817620bcec5fa1c6f007de2d,books/literary/publisher,explicit_restrictive_notice,True,False,False,False,True,127,True,False,latin_or_other,56943,ebookcentral.proquest.com;image-bar.com
3006,809c821c5baf922b1efd20e19059d0c572904c3af4be3f44,news/blog/general web,explicit_restrictive_notice,True,False,False,False,True,42413,True,False,latin_or_other,42568,
3007,39c1b78206024efbe9320cd563977d2597e05d0b0771e2fd,scholarly/research,generic_copyright_or_bibliographic_marker,False,False,False,False,True,308,True,False,latin_or_other,163146,ec.europa.eu;oecd.org;pbl.nl;researchsquare.com
3029,0132bc61aad6a8eb91728d4095f1c6eaec67a888e9ab7545,software/code/technical-QA,generic_copyright_or_bibliographic_marker,False,False,False,False,True,656,True,False,latin_or_other,29414,code.jquery.com;davidwalsh.name;github.com;opensource.org
3033,6e46c30ffe3c96932875f59a7efefbc45437e0d6d39749d9,government/legal/procurement,generic_copyright_or_bibliographic_marker,False,False,False,False,True,33826,True,True,han,54586,
3040,070f9f0b1efebfc4fd11b0d899da756ce892cd6b79b0bf9a,government/legal/procurement,explicit_restrictive_notice,True,False,False,False,True,15842,True,True,han,15947,tianqi.com
3042,35a0b7b696a8446d2cc2f5abe727b1312708b8155927b1ed,books/literary/publisher,explicit_restrictive_notice,True,False,False,False,True,557,True,False,latin_or_other,60993,harpercollins.ca;harpercollins.co.nz;harpercollins.co.uk;harpercollins.com;harpercollins.com.au;harpercollinschildrens.com;littlehousebooks.com;williamandersonbooks.com
3055,7220165655eb856707f9cb3dcacbfcdc9da20eb61efb0c23,scholarly/research,generic_copyright_or_bibliographic_marker,False,False,False,False,True,577,True,False,latin_or_other,203331,atlantis-press.com;bsuc.cn;npc.gov.cn;wjx.cn
3057,02a6527ed781b3b48fa08b7b18752adbe345c2c3f8481e53,books/literary/publisher,explicit_restrictive_notice,True,False,False,False,True,2459,True,False,latin_or_other,45468,coppercanyonpress.org
3060,7987514414721d369ee5561b6f9c898015f5123013a68e7d,manual/technical documentation,explicit_restrictive_notice,True,False,False,False,True,24837,True,False,latin_or_other,31746,hdl.handle.net;register.wdc.com;seoiljp.tistory.com;support.wdc.com
3071,d0e6c0faa9b8a195c87ff958f1f058c00f771ad315ce7658,corporate/financial/ESG,explicit_open_licence_marker,False,True,False,False,True,78988,True,False,han,131378,adobe.com;download.yamaha.com;qt-project.org;yamaha.com.cn
3072,cec1bbf2879c09b72b7f9d18394c30807472e3c3eb7fe5be,books/literary/publisher,explicit_restrictive_notice,True,False,False,False,True,113,True,False,latin_or_other,21915,5lovelanguages.com;designbyjulia.com;moodypublishers.com
3077,dd7c62f8d2fa209671a73eb952d90819da7379339c9091c7,corporate/financial/ESG,explicit_restrictive_notice,True,False,False,False,True,52215,True,False,han,65087,
3081,4b9c14d23ed2b9411466bfa4882ad589a2ed558a3fa5999a,books/literary/publisher,explicit_restrictive_notice,True,False,False,False,True,2,True,False,latin_or_other,54183,crownpublishing.com;maple.dnr.cornell.edu;tenspeed.com
3098,a3be4d15d1fba4777bde39766fbf75968aa99aefc386efcf,books/literary/publisher,explicit_restrictive_notice,True,False,False,False,True,81423,True,False,latin_or_other,82138,randomhouse.com
3105,7aff743c529c2fd82099e12187ba0bec3540675a432942dc,books/literary/publisher,explicit_restrictive_notice,True,False,False,False,True,50,True,False,latin_or_other,102275,
3114,0afeb59c19e140eda3406b32cdf524ac76972e8a7154082e,books/literary/publisher,generic_copyright_or_bibliographic_marker,False,False,False,False,True,3229,True,False,latin_or_other,43397,lettermen2.com;swrb.com
3124,1fd3d0f8c6dc59553cbe4baa1de746e6dfcc6d33873a0474,scholarly/research,generic_copyright_or_bibliographic_marker,False,False,False,False,True,70085,True,False,latin_or_other,70949,
3125,c8f6432b84e0dc8e08c5cf02511058b92a50d627877690a8,books/literary/publisher,explicit_restrictive_notice,True,False,False,False,True,75759,True,False,latin_or_other,77058,
3140,b73b73db7b2cb0934e89c9fa6279434e1ffc2666aaa47dc0,news/blog/general web,generic_copyright_or_bibliographic_marker,False,False,False,False,True,29631,True,False,latin_or_other,53448,dmeaccreditation.com
3147,85cb9423f75aeab368682ad1848a04f9d5c7dbbb08584d05,news/blog/general web,generic_copyright_or_bibliographic_marker,False,False,False,False,True,650,True,False,latin_or_other,71444,123helpme.com;airspacemag.com;ambientinsight.com;applieddefense.com;ascd.org;blogs.discovermagazine.com;brainbasedlearning.net;businessinsider.com;cbhd.org;cbsnews.com;cnn.com;definitions.uslegal.com;edglossary.org;edutopia.org;elearningindustry.com;en.wikipedia.org;express.co.uk;forbes.com;funderstanding.com;gwu.edu;history.com;iteslj.org;livescience.com;lumosity.com;marssociety.org;military.com;nasa.gov;nbcnews.com;neo.jpl.nasa.gov;nss.org;nytimes.com;physicsworld.com;rebilderu.com;science.nasa.gov;sciencetechtablet.wordpress.com;sedl.org;seenmagazine.us;slate.com;teyl.org;theguardian.com;thethirdindustrialrevolution.com;usatoday30.usatoday.com;vimeo.com;web.mit.edu;whitehouse.gov;wired.com;wordle.net;youtube.com
3149,e2e2a08779350ae9856efbbd82faed5e124368014494b9cb,books/literary/publisher,explicit_restrictive_notice,True,False,False,False,True,605,True,False,latin_or_other,50908,
3155,5ebfd60b06a2cdc074b04e1fcc6e31682b5446b709e34d7c,books/literary/publisher,explicit_restrictive_notice,True,False,False,False,True,157,True,False,latin_or_other,71739,
3158,747a8cf6213a0d4359b77db31fbc2228d73235aa1894fb8b,books/literary/publisher,explicit_restrictive_notice,True,False,False,False,True,1202,True,True,latin_or_other,241043,21stcenturyskills.org;cbronline.com;cesa7ita2009.pbworks.com;digitaltrends.com;doi.org;edweek.org;eric.ed.gov;files.eric.ed.gov;iste.org;jerome.stjohns.edu;journals.humankinetics.com;jstor.org;link.springer.com;online.purdue.edu;scholar.stjohns.edu;scholarworks.lib.csusb.edu;search.ebscohost.com;static.battelleforkids.org;tech.ed.gov;udlguidelines.cast.org
3160,1e9935f7e630f20df0503d6d879b4fefc1ccfc69c9ff0cd5,books/literary/publisher,generic_copyright_or_bibliographic_marker,False,False,False,False,True,517,True,False,latin_or_other,94405,arcadiapublishing.com;imagesofamerica.com
3175,56b67bb7d6678e256e39bfe9d9af93d8ddd0a90f37c40137,scholarly/research,explicit_open_licence_marker,False,True,False,False,True,247,True,False,latin_or_other,25625,
3180,9d73c80d0c4af13c24407e6e991fa2fe33ef6d0b7c5ed7fb,scholarly/research,explicit_public_domain_marker,False,False,True,False,True,7920,True,False,latin_or_other,39565,
3183,6fce466498a79c364bc8201e13a542de42390b206d83bf86,scholarly/research,government_copyright_notice,False,False,False,True,True,1726,True,False,latin_or_other,219781,mfe.govt.nz.cover;worksafe.govt.nz.field
3188,44921f83f40d0dd56393d13d786f8261f845bcd94efc4bdc,books/literary/publisher,explicit_public_domain_marker,False,False,True,False,True,58107,True,False,latin_or_other,114973,econlib.org;historylearningsite.co.uk
3201,6f17f276c0c9d6565b1bbdf5047b3610a6e5891f621929c7,books/literary/publisher,generic_copyright_or_bibliographic_marker,False,False,False,False,True,186,True,False,latin_or_other,42547,arcadiapublishing.com;imagesofamerica.com
3207,eda761e38748211e8f51718c150b1a16cc5c8a04f6d60234,government/legal/procurement,generic_copyright_or_bibliographic_marker,False,False,False,False,True,307,True,False,latin_or_other,164769,blueeconomyfuture.org.za
3210,50960802b137e5cfcbd68f49f382f029bb557cc8d84ad807,software/code/technical-QA,generic_copyright_or_bibliographic_marker,False,False,False,False,True,30240,True,False,latin_or_other,34137,fonts.googleapis.com;kit.fontawesome.com;raw.githubusercontent.com;schema.org;w3.org
3215,975fb39215b3907f48dcbc5fd40647643f64768f8a6617da,scholarly/research,generic_copyright_or_bibliographic_marker,False,False,False,False,True,67530,True,False,latin_or_other,75441,isako.com;mercuredefrance.fr
3231,bc448a9dfc43a357bead0e2649bb61c58df5c417919da071,software/code/technical-QA,explicit_open_licence_marker,False,True,False,False,True,10597,True,True,latin_or_other,19143,dgraph.slack.com;discuss.dgraph.io;docs.dgraph.io
3235,a59bd4af016d4c2e24c809787044515165a45ce62007d1a5,scholarly/research,generic_copyright_or_bibliographic_marker,False,False,False,False,True,1046,True,False,latin_or_other,76504,
3236,36a6813acfcb068bee202ddecfdec6b037deee6f5033d96b,books/literary/publisher,explicit_restrictive_notice,True,False,False,False,True,7305,True,False,latin_or_other,91426,
3237,60ad95b9972849fe5fbb0412c2fb051a8df39b018a6b14a2,government/legal/procurement,explicit_restrictive_notice,True,False,False,False,True,0,True,True,han,77356,
3242,d16f3f8ad33ee5cd320e30c1720b05459c9527a9d9389dcb,books/literary/publisher,explicit_restrictive_notice,True,False,False,False,True,42431,True,True,latin_or_other,42623,
3250,fa1ba3a0dc5268827b8a9a06566a01ebac4ce668a89d52e4,scholarly/research,generic_copyright_or_bibliographic_marker,False,False,False,False,True,24,True,False,latin_or_other,89494,
3251,ee571ae8cb093079c6c3f620d06a09f824311121265f51a7,public-domain/library,explicit_public_domain_marker,False,False,True,False,True,13870,True,True,latin_or_other,75964,pgdp.net
3257,1e2a8d2dd301ab02307781797c88f1146465eebdd99f830d,books/literary/publisher,explicit_restrictive_notice,True,False,False,False,True,51,True,False,latin_or_other,36426,quercus.com;quercusbooks.co.uk
3280,44e6b3b3dcd9ca4544fe7b288adaf1c46ca4186c08870763,books/literary/publisher,generic_copyright_or_bibliographic_marker,False,False,False,False,True,1099,True,False,latin_or_other,37589,pmpress.org;reachandteach.com;stealworks.com;thomsonshore.com
3282,5dad0dadad33b8a79b9ff437a37477f1be6d55a59fa5857b,news/blog/general web,generic_copyright_or_bibliographic_marker,False,False,False,False,True,39845,True,False,latin_or_other,65348,abc.net.au;bakosurtanal.go.id;bnpb.go.id;bom.gov.au;flickr.com;fundp.ac.be;mirovaweb.it;modis.higp.hawaii.edu;rinjanimountain.com;so2.gsfc.nasa.gov;thejakartapost.com;trekkingrinjani.com;ulb.ac.be;vsi.esdm.go.id
3283,53a8a5d6def2dad16efb3a8be2792275dedb035ca244eba2,government/legal/procurement,explicit_public_domain_marker,False,False,True,False,True,70213,True,False,latin_or_other,192913,asme.org;asmeconferences.org;csrc.nist.gov;d4s-de.org;fedbizopps.gov;grantadesign.com;grants.nih.gov;h30507.www3.hp.com;hescregapp.od.nih.gov;hhs.gov;iedison.gov;jeccomposites.com;lcacenter.org;mep.nist.gov;nist.gov;nvl.nist.gov;sam.gov;sba.gov;sbir.gov;sbs.dnb.com;scap.nist.gov;smart-process-manufacturing.ucla.edu;stemcells.nih.gov;symantec.com
3291,d154ab675712ee617c28703cf7017a74ac57877d2782d4d3,books/literary/publisher,explicit_restrictive_notice,True,False,False,False,True,249,True,False,latin_or_other,55029,
3296,9385efdcab8520ea345722c670eff8441514a73442cfc5be,government/legal/procurement,explicit_restrictive_notice,True,False,False,False,True,122801,False,False,latin_or_other,179659,canarabank.com
3302,fac872d1f599a15bda13979b921972b8b566db8f9135a846,software/code/technical-QA,generic_copyright_or_bibliographic_marker,False,False,False,False,True,1310,True,False,latin_or_other,22655,
3303,c3c42872736e3b4739fb92a839d3cffbf00d9895600cb7d4,government/legal/procurement,explicit_open_licence_marker,False,True,False,False,True,239958,False,True,latin_or_other,241995,parallel.vub.ac.be
3311,9761bacc08f5add3eab8563c46a7a21af82bffec83ccaf60,corporate/financial/ESG,generic_copyright_or_bibliographic_marker,False,False,False,False,True,1100,True,False,han,18979,
3312,7dc930b4b2caa116ebeb5b6a2a38a1c995964b036125739c,government/legal/procurement,explicit_open_licence_marker,False,True,False,False,True,1703,True,True,latin_or_other,42454,
3324,bdeccf089373afa8e873c0f1f83f022d2a9bb38ab6177149,books/literary/publisher,explicit_restrictive_notice,True,False,False,True,True,59,True,True,latin_or_other,288970,educationstandards.nsw.edu.auncs
3326,a738b14926a2ce082a350fe5de0c311d4ce5822825cfd02b,corporate/financial/ESG,generic_copyright_or_bibliographic_marker,False,False,False,False,True,14143,True,False,latin_or_other,70567,cronaca.com;crookedtimber.org;prudentbear.com;quote.bloomberg.com;stern.nyu.edu
3339,efabeeea8a4601f1820965cf09c5553a876d30472e4145ef,scholarly/research,explicit_open_licence_marker,False,True,False,False,True,1892,True,False,latin_or_other,33145,
3341,5688bf0d04905050b3a7be3fe881cb2643478e2af2184145,scholarly/research,explicit_restrictive_notice,True,False,False,False,True,6432,True,False,latin_or_other,122480,alicefox.co.uk;alisonmilner.co.uk;annadickerson.com;annekellytextiles.blogspot.co.uk;annekellytextiles.com;annekellytextiles.wordpress.com;artvango.co.uk;brightonmuseums.org.uk;canterbury.co.uk;carengarfen.com;carolnaylor.co.uk;carolynforster.co.uk;casholmestextiles.co.uk;catherinefreresmith.com;chelseafringe.com;colourcraftltd.com;craftscouncil.org.uk;ditchlingmuseumartcraft.org.uk;ellenmontelius.com;embroiderersguild.com;emilynotman.co.uk;emmanishimura.com;flowersanddaughters.co.uk;gabi-mett.de;georgeweil.com;gold.ac.uk;greatdixter.co.uk;hillaryfayle.wordpress.com;hospiceintheweald.org.uk;janechurchillartist.com;janenicholas.com;jennifercollier.co.uk;judithmundwiler.ch;kimthittichai.com;lesleypattersonmarx.com;lindsay-taylor.co.uk;louisepettifer.co.uk;lse.ac.uk;lynnsetterington.co.uk;maxinesutton.com;mccord-museum.qc.ca;melaniebowles.co.uk;melvynevans.com;meredithwoolnough.com;monaleisa.com;mvtm.ca;namelesswonders.jimdo.com;nancynicholson.co.uk;nationaltrust.org.uk;nicolajarvisstudio.com;nm.cz;paulineverrinder.com;pavilionbooks.com;praguepatchworkmeeting.com;prochemicalanddye.com;quiltersguild.org.uk;rosiemaccurrach.com;royal-needlwork.org.uk;rspb.org.uk;russianmuseums.info;seawhite.co.uk;sussexprairies.co.uk;suzettesmart.wordpress.com;textile-art-centre.com.fr;textilemuseum.ca;thefibreworks.co.uk;theharbourgalleryjersey.com;theknittingandstitchingshow.com;thethreadstudio.com;worldofthreadsfestival.com
3364,e7decac9fe8cb4d233c8482f45680e802690fac3ca681c47,public-domain/library,explicit_public_domain_marker,False,False,True,False,True,351,True,False,latin_or_other,45412,pgdp.net
3367,81dcee0edf4db497209a8289e006a901a3cf3e27a4bf57c9,books/literary/publisher,explicit_restrictive_notice,True,False,False,False,True,107,True,False,latin_or_other,85518,gibbs-smith.com
3370,a8b40f37b2fe6323a952ce01ed5755e120fa558dc3c91bb2,government/legal/procurement,generic_copyright_or_bibliographic_marker,False,False,False,False,True,25841,True,False,latin_or_other,251928,elec.state.nj.us;epa.gov;newjersey.usnlx.com;nj.gov;njstart.gov;njstart.gov.table;state.nj.us
3376,019e945adf8115dd23f28179fd190c18025ea4792f390341,scholarly/research,government_copyright_notice,False,False,False,True,True,157629,False,True,latin_or_other,157995,nationalarchives.gov.uk
3378,75336344a50ac4615dd8f267948c5062c56e04ba1ca54878,scholarly/research,generic_copyright_or_bibliographic_marker,False,False,False,False,True,86598,True,False,latin_or_other,171256,books.google.co.in;youtu.be
3383,c8227cbc65715cecebdd4e0d7e99fafd6e74078d5b1bd84a,books/literary/publisher,explicit_restrictive_notice,True,False,False,False,True,86,True,False,latin_or_other,40202,agathachristie.com;authortracker.com;harpercollins.ca;harpercollins.co.nz;harpercollins.co.uk;harpercollins.com;harpercollins.com.au
3385,7ccdca5225482821ea15523e1755a02021b22d354eb938be,books/literary/publisher,explicit_restrictive_notice,True,False,False,False,True,1271,True,False,latin_or_other,53453,wwnorton.com
3389,8456849f49b7a9ead23109899073a742849e84806b90122f,scholarly/research,generic_copyright_or_bibliographic_marker,False,False,False,False,True,0,True,False,latin_or_other,142078,education.jhu.edu;eduweb.vic.gov.au;goodreads.com;ies.ed.gov;ncte.org;rudyrucker.com;tes.co.uk;webfronter.com
3394,59d64b7c58370ef85934db00738e713ca3ee595bebcd9871,public-domain/library,mixed_restrictive_and_open_or_public,True,False,True,False,True,2427,True,False,latin_or_other,100642,pgdp.net
3399,f1706d44a5f85c65580194d995ddb7c037b22eb41f5721f3,books/literary/publisher,explicit_restrictive_notice,True,False,False,False,True,29206,True,False,latin_or_other,31158,lccn.loc.gov;simonandschuster.com;simonspeakers.com
3401,379f803c38395de590cdb56ad3f78daa45d9594bfa493f69,books/literary/publisher,generic_copyright_or_bibliographic_marker,False,False,False,False,True,41,True,False,latin_or_other,70263,estarbooks.com
3405,1f580db437ac89f42a1e121f1d895f990d591f1e8aecf2fb,books/literary/publisher,explicit_restrictive_notice,True,False,False,False,True,23275,True,False,latin_or_other,121893,adr.org;patents.dts.com;tvguidelines.org;vizio.com
3420,62d9c56446b27eb89d4877ba8501f7cef5ce09d53d555524,books/literary/publisher,explicit_restrictive_notice,True,False,False,False,True,29,True,False,latin_or_other,102828,orcabook.com
3421,ee47e30ce712bc05f48b7c625f810c3603b27d4a24486b5a,scholarly/research,generic_copyright_or_bibliographic_marker,False,False,False,False,True,192,True,False,latin_or_other,124130,aanem.org;accessdata.fda.gov;neurotron.com
3427,69c2dbaf9c398c58b999fb327ebd7c1258dfd7f755ed7118,books/literary/publisher,explicit_restrictive_notice,True,False,False,False,True,28334,True,True,latin_or_other,28498,
3428,f61d1e8fab78f1f18f03b36e5252051e0c870927b08338c6,software/code/technical-QA,generic_copyright_or_bibliographic_marker,False,False,False,False,True,45679,True,False,han,47659,ghbtns.com;github.com;google-analytics.com;jekyllthemes.org;schema.org;twitter.com;v2.uyan.cc
3431,261acfd119b4516fff932261db19ae48b3f564e2335362cc,corporate/financial/ESG,generic_copyright_or_bibliographic_marker,False,False,False,False,True,5003,True,True,han,15755,
3435,3f649726c020b59e11884a5582a499dff2f333d65c991251,corporate/financial/ESG,generic_copyright_or_bibliographic_marker,False,False,False,False,True,44481,True,False,latin_or_other,58890,
3443,bdb5c96e50f8ead719d9aa93da33b91193f2e082c3ed2b10,books/literary/publisher,explicit_restrictive_notice,True,False,False,False,True,44400,True,False,latin_or_other,45858,storeybooks.com
3446,f5f9ef5d1062447c17a547b1d3eae5ca7e28b356c7fed221,books/literary/publisher,explicit_restrictive_notice,True,False,False,False,True,148,True,False,latin_or_other,102044,fsgbooks.com
3447,950a0fc06817f81ea7c791147881ca358dc4b37f5a9df001,books/literary/publisher,generic_copyright_or_bibliographic_marker,False,False,False,False,True,1331,True,False,latin_or_other,112030,arcadiapublishing.com
3458,343a61d5ea4d350336215f73cd7912a8018452f1be985016,scholarly/research,generic_copyright_or_bibliographic_marker,False,False,False,False,True,59143,True,False,latin_or_other,198876,clasweb.jlab.org;d0server1.fnal.gov;industrial.panasonic.com;ntrs.nasa.gov;physik.rwth-aachen.de
3461,c6ca56a5bf127885710fbf7748607af81cb5f01f8e3c1f0a,books/literary/publisher,explicit_restrictive_notice,True,False,False,False,True,1390,True,False,latin_or_other,129188,mcclelland.com
3462,7c5e4b773dc0b3c42f7f21d23557aa01e96b736fdd33bc0b,government/legal/procurement,generic_copyright_or_bibliographic_marker,False,False,False,False,True,16423,True,True,han,16652,
3464,c5629366c31265c0b35bad44a411fd0dfaa1d486831830ee,books/literary/publisher,mixed_restrictive_and_open_or_public,True,False,True,False,True,293,True,False,latin_or_other,103789,pgdp.net
3468,475d1952ccda11602cabf8d325dae144cdfdc29eb304e2b4,books/literary/publisher,explicit_restrictive_notice,True,False,False,False,True,281,True,False,latin_or_other,50594,
3486,1e8ab24c1498b2490810fd5db4beb0a8ec4e9245fd46ef7c,books/literary/publisher,government_copyright_notice,False,False,False,True,True,1443,True,True,latin_or_other,165606,research.dwp.gov.uk
3488,633e5c1e5759ded0913939629aee3cfc3c3ad5fe459eae2a,books/literary/publisher,explicit_restrictive_notice,True,False,False,False,True,176,True,False,latin_or_other,150890,almis.dws.state.ut.us;bls.gov;cps.ca.gov;da.state.ks.us;doer.state.mn.us;fs.fed.us;gms.state.ga.us;hr.dop.wa.gov;hr.state.az.us;hrm.napawash.org;hrsoft.com;ipma-hr.org;nuviewinc.com;opm.gov;peopleclick.com;pilat-hr.com;state.ia.us;state.me.us;state.nj.us;workforceonline.com;www1.opm.gov
3489,8d20d2edece01d8d3554f5ba06cd7ea93fba6688dc59cbe7,books/literary/publisher,explicit_restrictive_notice,True,False,False,False,True,35546,True,False,latin_or_other,36870,dreamspinnerpress.com;facebook.com;twitter.com
3494,8a1bea19ce533508b5562858a641508c92fe319053180f10,books/literary/publisher,explicit_restrictive_notice,True,False,False,False,True,33661,True,False,latin_or_other,35604,lccn.loc.gov;simonandschuster.com;simonspeakers.com
3495,7d608f4e3d42ccd3de4d83b2c35e2bc9e1fdd92ebe0d6568,scholarly/research,explicit_restrictive_notice,True,False,False,False,True,6278,True,True,latin_or_other,21084,google.com;heywhatsthat.com;opengis.net;profile.heywhatsthat.com;w3.org
3496,00c8fa52011dda244fbf8728eee8fa930a1b9909b57d6132,books/literary/publisher,explicit_restrictive_notice,True,False,False,False,True,11,True,False,latin_or_other,83437,skyhorsepublishing.com
3506,f8dc59ccd1f43482a4bb3eceaadfcf94fd1aab3a704ab74d,government/legal/procurement,generic_copyright_or_bibliographic_marker,False,False,False,False,True,23899,True,False,han,57027,ccgp.gov.cn;creditchina.gov.cn;fsyczb.com;gaoming.gov.cn;gdgpo.czt.gd.gov.cn;ggzy.foshan.gov.cn
3515,e3611206b76ea4eae1561a7ba0aab66e9c75a718e76895ed,manual/technical documentation,explicit_restrictive_notice,True,False,False,False,True,9933,True,False,han,59330,china.td.org;d22bbllmj4tvv8.cloudfront.net;home.pearsonvue.com;pearsonvue.com;td.org;tdcapability.org
3522,89495a17412d28b4b5d1cc9cfdf8e7d2dbef4ef37196db0d,books/literary/publisher,explicit_restrictive_notice,True,False,False,False,True,105863,True,False,latin_or_other,109779,artistsnetwork.com
3537,072e4d282dc30c0dfae62dc0ea8f6fccf92c7b6178e19b33,books/literary/publisher,mixed_restrictive_and_open_or_public,True,True,False,False,True,199,True,False,latin_or_other,73711,aahgs.org;afpls.org;asalh.org;blackhistoricalmuseum.org;buffalosoldiermuseum.com;dusablemuseum.org;loc.gov;naacp.org;nps.gov;rosenlinks.com;thewright.org
3548,13458f03f16ccb4f44bca3cca55a1c02d091157439039f93,books/literary/publisher,explicit_public_domain_marker,False,False,True,False,True,29626,True,True,latin_or_other,70374,
3549,5ef788f97e6344f62feada8de203e9d15e4a2a904eeb6070,scholarly/research,generic_copyright_or_bibliographic_marker,False,False,False,False,True,108440,True,False,latin_or_other,108630,novembereditions.com
3552,d26b6e8d843895073721263171634bf775e4901184ec11b0,books/literary/publisher,explicit_restrictive_notice,True,False,False,False,True,606,True,False,latin_or_other,110213,
3568,de7cc54c0a2e767adbac1ad59fdebe92aba2bf5f55e34729,scholarly/research,explicit_open_licence_marker,False,True,False,False,True,747,True,False,latin_or_other,30211,who.int
3575,7a206ec906f22c1f2952aec3292ca3bd70ed878dde91f63f,books/literary/publisher,explicit_restrictive_notice,True,False,False,False,True,3136,True,True,latin_or_other,171325,ariadne.ac.uk;arl.org;biomedcentral.com;bl.uk;bubl.ac.uk;celt.mmu.ac.uk;confer.co.nz;customerserviceexcellence.uk.com;dbl.lishost.org;diglib.org;education.guardian.co.uk;educause.edu;eevl.ac.uk;electroniclibrarian.org;extremetech.com;gbhgis.org;gdl.cdlr.strath.ac.uk;iath.virginia.edu;jisc.ac.uk;jiscinfonet.ac.uk;library.yale.edu;libraryjournal.com;lic.gov.uk;ned-potter.com;net.educause.edu;northumbria.ac.uk;oclc.org;rdn.ac.uk;sapiens.cdlr.strath.ac.uk;smg.ac.uk;soros.org;thestudentsurvey.com;timeshighereducation.co.uk;torinmonahan.com;vhp.gla.ac.uk;weaveux.org;web.fumsi.com;wwwcache.ja.net
3578,008484e175794562c93644c47534893a1ad3f927d74d04b1,news/blog/general web,generic_copyright_or_bibliographic_marker,False,False,False,False,True,33234,True,False,latin_or_other,40478,anopendooroflove.org
3589,26c95878d79a668b8f868d8d4d30c4f560a9e52cd0a98072,books/literary/publisher,generic_copyright_or_bibliographic_marker,False,False,False,False,True,8712,True,True,latin_or_other,44587,authenticnikejetstore.com;officialavalanchesauthenticstore.com;officialblazershops.com;officialnewyorkrangers.com;officialsraidersfootballonlines.com;officialsvancouvercanuckshop.com;officialyankeesproshops.com;proshopsauthenticspacers.com;ravensshopfootballonlines.com;saintsshopfootballonline.com;storesfootballvikingofficial.com;storessanjosesharksauthentic.com
3590,ba8fa2f5b188f0ec02fa2efab0d36a8a39388ea8e9853c3a,unclassified/mixed,generic_copyright_or_bibliographic_marker,False,False,False,False,True,2417,True,False,latin_or_other,34015,
3592,cb4b2b9c9e6f603db91a1c7eb8264dc2042098089be86f1c,books/literary/publisher,explicit_restrictive_notice,True,False,False,True,True,59,True,True,latin_or_other,288985,educationstandards.nsw.edu.auncs
3598,94afb08a60b0766144be9d6d609009afddefc5b2a27f5c50,government/legal/procurement,generic_copyright_or_bibliographic_marker,False,False,False,False,True,48875,True,False,latin_or_other,83228,ahrq.gov;broadbandusa.gov;cms.gov;cms.hhs.gov;dcoe.health.mil;dhs.state.mn.us;ehealthinitiative.org;fbo.gov;fda.gov;federalregister.gov;federaltelemedicine.com;governor.iowa.gov;gramts.nih.gov;grants.gov;grants.nih.gov;grants.nih.gove;health.mil;healthit.hhs.gov;lsdfa.org;maine.gov;match.broadbandusa.gov;medetel.lu;mobih.org;samhsa.gov;techandaging.org
3599,5c9dc5dd3023e2ef7fdf311f299e6f76299a815345e7df3e,government/legal/procurement,generic_copyright_or_bibliographic_marker,False,False,False,False,True,50446,True,False,latin_or_other,53001,
3601,ddde478e5f814a1c93317a3a55dd5fd2aaf3bd719190e148,books/literary/publisher,explicit_restrictive_notice,True,False,False,False,True,7,True,False,latin_or_other,92394,randomhouse.com
3608,33a4f9de12556588a7ace7a491f2bfdf15dec1185250d665,government/legal/procurement,explicit_restrictive_notice,True,False,False,False,True,100715,True,False,latin_or_other,101245,
3627,f9909e5ce4ec4bc3d4ccfbcb05169687c63c902d34608ebc,books/literary/publisher,explicit_restrictive_notice,True,False,False,False,True,299,True,False,latin_or_other,105332,1000ventures.com;acblack.com;acorncoaching.com;assertiveness.com;businessballs.com;career-success-for-newbies.com;careerjournaleurope.com;fabjob.com;impactfactory.com;ivillage.co.uk;mindtools.com;money.cnn.com;solutions4training.com;thepoliticsoftheworkplace.com;time-management-guide.com;tsuccess.dircon.co.uk
3628,41af6ab7a500063fc1501c17160eb08cdda98da67729b7c3,manual/technical documentation,generic_copyright_or_bibliographic_marker,False,False,False,False,True,0,True,False,han,103248,eeeetop.com;jinjieming.com
3633,bf9de8df9439bcda0fa01d0726713f864153880de9cfbc5d,books/literary/publisher,generic_copyright_or_bibliographic_marker,False,False,False,False,True,590,True,False,latin_or_other,56560,
3640,639cf3dbf493aeaefe0f02d873a4d2720c37323c46d95de1,manual/technical documentation,generic_copyright_or_bibliographic_marker,False,False,False,False,True,34873,True,False,han,78877,stcsm.sh.gov.cn
3646,82e4f1926c61b03a95b9dffcac59c628b3e58b283b0e3445,books/literary/publisher,explicit_restrictive_notice,True,False,False,False,True,152842,False,False,latin_or_other,153246,emerson.com;microsoft.com;opcfoundation.org
3655,b5ee4ebe7ad7935e481b6c19633371a2d3558ad569c2e6a4,books/literary/publisher,explicit_restrictive_notice,True,False,False,False,True,27245,True,True,latin_or_other,28722,simonandschuster.com;simonspeakers.com
3658,ba64a8fb0d3b74bec7f493000e943997618de887d85020e9,books/literary/publisher,explicit_restrictive_notice,True,False,False,False,True,32,True,True,latin_or_other,170358,beyondtrust.com;docs.microsoft.com;docstore.mik.ua;oracle.com;support.microsoft.com
3668,16bf0ec4066dbc1310df215202ae002c3dec893061b04dad,books/literary/publisher,generic_copyright_or_bibliographic_marker,False,False,False,False,True,491,True,False,latin_or_other,84435,arcadiapublishing.com;emmaparkersphotography.com;hottomatopinupacademy.com;krforbesphotography.com;raylavoie.com
3669,000249e0d9ea9dd56d8542895f852ec89dae2bf361cc57d7,government/legal/procurement,generic_copyright_or_bibliographic_marker,False,False,False,False,True,10209,True,False,han,23513,
3670,139b34c6b55c48743211a94a777666dfc10f4e44ed312e29,books/literary/publisher,mixed_restrictive_and_open_or_public,True,True,False,False,True,424,True,False,latin_or_other,151880,9500liberty.com;abc15.com;agency.azpost.gov;ajc.com;articles.latimes;articles.latimes.com;azcentral.com;azdailysun.com;azstarnet.com;blog.al.com;blogs.ajc.com;cbp.gov;cops.usdoj.gov;hamptonroads.com;huffingtonpost.com;justice.gov;kpbs.org;latimes.com;latino.foxnews.com;nbclatino.com;nbcnews.com;ncsl.org;npr.org;nytimes.com;policeforum.org;pwcgov.org;rasmussenreports.com;reuters.com;scotusblog.com;sports.espn.go.com;theatlantic.com;tucsonaz.gov;voices.washingtonpost;washingtonpost.com
3681,26a95b1d7004b40b59f80aec5a46cba71b66d37d7865ea43,books/literary/publisher,explicit_restrictive_notice,True,False,False,False,True,2,True,False,latin_or_other,55779,
3684,2a58cf13e62c85ff971c4e46ce55bd455a8daa290e0b1a8e,public-domain/library,explicit_public_domain_marker,False,False,True,False,True,38166,True,True,latin_or_other,38309,
3685,293598365f334a53851a48212fb46b2844c26d9c6fa58333,corporate/financial/ESG,generic_copyright_or_bibliographic_marker,False,False,False,False,True,16506,True,False,han,16919,
3688,175ae55967d816d65b1a3de99bd68037d0f1f0efb5c7c89c,scholarly/research,explicit_open_licence_marker,False,True,False,False,True,61790,True,False,latin_or_other,62609,doi.org;rgd.mcw.edu
3693,b4bbd8997e0c95621f176b93b8266427cfc003a80b014cf8,books/literary/publisher,generic_copyright_or_bibliographic_marker,False,False,False,False,True,12528,True,False,latin_or_other,35842,redner-geschenke.de
3694,e7419b96965364f08c12958f2266551fb70412aae5c71de9,books/literary/publisher,explicit_restrictive_notice,True,False,False,False,True,1088,True,False,latin_or_other,73918,
3714,5a4e9e86d3c7fb72b3e746b9b99c50e42b648f73d6078b5b,books/literary/publisher,explicit_restrictive_notice,True,False,False,False,True,194,True,False,latin_or_other,82104,gibbs-smith.com;kelpnoodles.com
3724,d6987818e9bf1b892f1b6860b5649e6602be2c9e85bb4742,scholarly/research,generic_copyright_or_bibliographic_marker,False,False,False,False,True,37295,True,False,latin_or_other,39085,nichiren-shu.org;nichirenlibrary.org;onlinelibrary.wiley.com;play.google.com
3743,bdccdd000df0c2a72cbab0c3ec83cc030c4d767e1bd8ac79,unclassified/mixed,generic_copyright_or_bibliographic_marker,False,False,False,False,True,71653,True,False,latin_or_other,71803,
3747,04255dbb2b94db24825286b9c6c14bd391e73ebf4c3ab539,books/literary/publisher,explicit_restrictive_notice,True,False,False,False,True,67,True,False,latin_or_other,73375,
3750,de8df556a5ebfda7280f19ae6984773ba966c7462da8e033,books/literary/publisher,explicit_restrictive_notice,True,False,False,False,True,108294,True,False,latin_or_other,109845,bloomsbury.com
3761,2b3ee516507db7780c63ba0268a33a7f9ede9ae1ea808064,scholarly/research,generic_copyright_or_bibliographic_marker,False,False,False,False,True,19587,True,True,latin_or_other,52186,
3777,435b92ee36eac722b13cb3023a9e0f7a27db1abde2e94c7d,books/literary/publisher,explicit_restrictive_notice,True,False,False,False,True,71,True,False,latin_or_other,118944,cecilmurphey.com;twitter.com
3778,61b61a2727c34a79808363ea4be75c49d1ee9d405de6197a,corporate/financial/ESG,explicit_restrictive_notice,True,False,False,False,True,15598,True,False,han,15626,erotik-kleinanzeigen.com
3782,68201e6abcbe2f6e660b5f7cb9a578d153a7e9e69c5b48d3,unclassified/mixed,explicit_restrictive_notice,True,False,False,False,True,12824,True,False,han,12911,fzsz.com.cn
3783,f9e923663f28255b2b887987771c9535f4045e4184a4dceb,books/literary/publisher,explicit_restrictive_notice,True,False,False,False,True,345,True,False,latin_or_other,49172,dangutman.com;harpercollins.ca;harpercollins.co.in;harpercollins.co.nz;harpercollins.co.uk;harpercollins.com;harpercollins.com.au;harpercollinschildrens.com;jimpaillot.com
3784,ddd99a17b9bc1fb8830ef5f420de8a37a51cef43fe86792f,books/literary/publisher,explicit_restrictive_notice,True,False,False,False,True,181,True,False,latin_or_other,49420,andrewsmcmeel.com
3794,cfc35aef72541ea54764ffcb93031ad8bf72c424b527c69c,government/legal/procurement,explicit_restrictive_notice,True,False,False,False,True,639,True,False,han,66562,chinaqw.com
3801,47aba49f1677a9c448b971821ef43659d6c3ebffce6c175f,scholarly/research,explicit_restrictive_notice,True,False,False,False,True,1980,True,True,latin_or_other,198076,ccsantelmo.com;collegeboard.org;repertorio.org
3816,53cbc2892a7b0046a17e3b38d3b6c22afa343b7f98497429,books/literary/publisher,generic_copyright_or_bibliographic_marker,False,False,False,False,True,15447,True,True,latin_or_other,143370,optimum-maschinen.com
3817,972c83d45f4ac00158b1513646865772039327090ea6f3ac,books/literary/publisher,explicit_restrictive_notice,True,False,False,False,True,54549,True,False,latin_or_other,57847,ctpub.com
3822,fc5e3059c45f685109dc75e9750fc17334f67fc7814c0bfa,public-domain/library,mixed_restrictive_and_open_or_public,True,False,True,False,True,495,True,False,latin_or_other,44311,pgdp.net
3825,a6bc80132b1100df962a34ebfb13ffaa5f5ccfebcc9a8475,books/literary/publisher,generic_copyright_or_bibliographic_marker,False,False,False,False,True,58,True,False,latin_or_other,47315,cartearomaneasca.ro;polirom.ro
3828,c8ad9322eb52640e3236666abd457960b9ec242e32dacf1a,scholarly/research,explicit_restrictive_notice,True,False,False,False,True,386,True,False,latin_or_other,217469,barrett.com;eecs.umich.edu;emoteq.com;sdfast.com;sensable.com
3846,e9329178844abbbaab6d8a4c68975be1aea685992ebe4448,government/legal/procurement,explicit_restrictive_notice,True,False,False,False,True,106,True,False,han,101358,
3847,3642734bbffdc1506b1517c01f739465d51d84e72c65062e,books/literary/publisher,generic_copyright_or_bibliographic_marker,False,False,False,False,True,169,True,False,latin_or_other,65607,bookviewcafe.com
3848,1a2e41afe119c7fab52711d085b348842971dfb464b8b6a7,corporate/financial/ESG,explicit_restrictive_notice,True,False,False,False,True,66393,True,False,han,66481,
3850,d841c4e56014b11d8bb033f229e9eee519c28feb54096bea,government/legal/procurement,explicit_open_licence_marker,False,True,False,False,True,65560,True,False,han,75846,africau.edu;aripo.org;dlsu.edu.ph;fisaum.ankara.edu.tr;ipdiscovery.net;ipresearchersasia.org;ipwi.uj.edu.pl;kdischool.ac.kr;kipoacademy.kr;oapi.int;tongji.edu.cn;turin-ip.com;udesa.edu.ar;universite-yde2.org;upov.int;uqu.edu.sa;welc.wipo.int;wipo.int;wto.org
3851,7832cd9ce5da1520a854d97dca3ac45e8854ff0c1aa94af6,books/literary/publisher,explicit_restrictive_notice,True,False,False,False,True,138,True,False,latin_or_other,54677,eoincolfer.com;puffin.co.uk;puffinbooks.com
3859,0238222d9d2e3aad469348bdcfeccbcf07444c686abe5021,government/legal/procurement,explicit_restrictive_notice,True,False,False,False,True,12106,True,True,han,12464,
3860,c87b931945df6d8f582bc33228f4faf91b4c7ce925bf3397,government/legal/procurement,generic_copyright_or_bibliographic_marker,False,False,False,False,True,146435,False,False,latin_or_other,164783,
3861,7fa5fa37d7136efb4755057450677011539d41bc01176d7d,government/legal/procurement,generic_copyright_or_bibliographic_marker,False,False,False,False,True,14407,True,True,han,67752,cninfo.com.cn;hikvision.com;open.hikvision.com;v-club.com
3867,afcf0cb677179cdb6e8140eaf41c8fa5041c73f11539c9c6,scholarly/research,generic_copyright_or_bibliographic_marker,False,False,False,False,True,59678,True,False,latin_or_other,59830,
3879,e2455279efe6b00434415c07a6fc32d878e3682ec4c154df,corporate/financial/ESG,generic_copyright_or_bibliographic_marker,False,False,False,False,True,13421,True,False,latin_or_other,46162,
3890,4215565dc7287ee183658f83fd634aa69dd50a3d3b56f57b,books/literary/publisher,explicit_restrictive_notice,True,False,False,False,True,463,True,False,latin_or_other,58095,gloriaoliver.com;uncialpress.com
3893,a56c2bce4f6933eb72e8560b9aa062a0bbce963c96092068,scholarly/research,generic_copyright_or_bibliographic_marker,False,False,False,False,True,33227,True,False,latin_or_other,210570,apa.org;campbellcollaboration.org;doi.org;dx.doi.org;education.com;people.clas.ufl.edu
3897,b87f3ad8d1431c8984a36be1e12fff76bb742c9efa1295ea,books/literary/publisher,explicit_restrictive_notice,True,False,False,False,True,1369,True,False,latin_or_other,92921,artistsnetwork.com
3911,3ef273cf752200184908d850052150f8fda6e8b7ccd0e3c5,books/literary/publisher,explicit_restrictive_notice,True,False,False,False,True,2,True,False,latin_or_other,78263,rickcheadle.com;skyhorsepublishing.com
3917,69fd09675d8814a39283a82eba06fa7816e06c5977381230,corporate/financial/ESG,explicit_open_licence_marker,False,True,False,False,True,45579,True,False,latin_or_other,162659,akoyabio.com.cautionary;dlapiper.comjune;sec.gov
3918,a02e260ca93651a14e9332ff54ce1f9466ef2ff099220917,books/literary/publisher,explicit_restrictive_notice,True,False,False,False,True,553,True,False,latin_or_other,69458,
3924,7c26baa8a314ac5e534aa9918d4d7e4b0390af4e88334825,books/literary/publisher,explicit_restrictive_notice,True,False,False,False,True,1206,True,False,latin_or_other,257283,
3925,5a9b869d53bdbcaa0b337340af1bc3a62c8cd18b707de96b,books/literary/publisher,mixed_restrictive_and_open_or_public,True,False,True,False,True,5391,True,True,latin_or_other,52524,
3927,238680f07d3aeae8fb8e1efd797e4969387dcd3e10fbc495,books/literary/publisher,explicit_restrictive_notice,True,False,False,False,True,1247,True,False,latin_or_other,58625,constablerobinson.com
3932,07aac936b47b67df5e3c20d2c68907c3e86c0de938a2e6de,books/literary/publisher,explicit_restrictive_notice,True,False,False,False,True,2,True,False,latin_or_other,88634,theandromasaga.com
3953,c966b955369ef15dff02fad3809d06f57f231de24fd9ae5b,government/legal/procurement,generic_copyright_or_bibliographic_marker,False,False,False,False,True,97859,True,False,latin_or_other,135453,company.com;comptroller.texas.gov;statutes.legis.state.tx.us;tips-usa.com;trmechanical.com
3956,6683ab7dab257ad98bb14d3d7dd3af1eb6ede0dee88c5d85,scholarly/research,generic_copyright_or_bibliographic_marker,False,False,False,False,True,4921,True,False,latin_or_other,219072,aacap.org;aidworkers.net;antaresfoundation.org;asbury.edu;branchor.com;childrenandwar.org;comhlamh.org;doh.gov.uk;equiptraining.org.uk;escapeartist.com;expat-moms.com;expatexchange.com;expatexpert.com;globalconnections.co.uk;globalnetwork.co.uk;headington-institute.org;home.earthlink.net;humanitarian-psy.org;membercare.org;members.aol.com;mhwwb.org;missionarycare.com;mukappa.org;nmfa.org;oscar.org.uk;outpostexpat.nl;peopleinaid.org;tckinteract.net;tckworld.com;transition-dynamics.com;trauma-pages.com;traumatic-stress.com
3967,aeb7b686d3a257b9b5d9cbb73c4939bdd3b8da3be1a8e1a1,books/literary/publisher,mixed_restrictive_and_open_or_public,True,False,True,False,True,323,True,False,latin_or_other,67720,pgdp.net
3971,cd02e7ad3fec8a991ef6765e2e739c794f1230ae43e9c233,news/blog/general web,generic_copyright_or_bibliographic_marker,False,False,False,False,True,980,True,False,latin_or_other,37072,
3976,6b80ba82145e0c538a73fa5df979c640c02d37a8e0995a49,books/literary/publisher,explicit_restrictive_notice,True,False,False,False,True,45,True,False,latin_or_other,45645,us.penguingroup.com
3992,06bbb9d8f48ed6e253d6bb70c6a298b3a41c487bb98a507d,corporate/financial/ESG,generic_copyright_or_bibliographic_marker,False,False,False,False,True,21896,True,False,han,71386,hkexnews.hk;hsbank.com.cn
4001,18fb120ecc6e1cdde522a0c7c9117cf263e82e506c08f2e7,news/blog/general web,generic_copyright_or_bibliographic_marker,False,False,False,False,True,14871,True,False,latin_or_other,40455,
4011,7107ecbe31290e544a94fededbad8428176988c84ebb983e,government/legal/procurement,generic_copyright_or_bibliographic_marker,False,False,False,False,True,192070,False,False,latin_or_other,232634,hawk-i.org;swcciowa.edu
4013,653c4ea18683e70b109d42494f1b38df00b987b85d7ea035,books/literary/publisher,generic_copyright_or_bibliographic_marker,False,False,False,False,True,1748,True,True,latin_or_other,76953,
4014,b87d3b35141a17f481db3807224fd44f4121fedb2ce032cd,scholarly/research,generic_copyright_or_bibliographic_marker,False,False,False,False,True,231,True,False,latin_or_other,208710,acmedsci.ac.uk;blog.hefce.ac.uk;britac.ac.uk;dur.ac.uk;ed.ac.uk;epsrc.ac.uk;gov.uk;heacademy.ac.uk;hefce.ac.uk;keele.ac.uk;manchester.ac.uk;ncub.co.uk;publications.parliament.uk;raeng.org.uk;ref.ac.uk;soapbox.co.uk;theatlantic.com;thecompleteuniversityguide.co.uk;tinyurl.com;ucl.ac.uk;uknea.unep;wellcome.ac.uk
4015,250a80cf15466f4ef2ac4148fbeee79df48286b6db2f80e2,scholarly/research,generic_copyright_or_bibliographic_marker,False,False,False,False,True,56294,True,False,latin_or_other,150876,
4038,2c61691594dde1d0b49fc9326f1f593e6cbd5bac17dfff4e,scholarly/research,explicit_restrictive_notice,True,False,False,False,True,4166,True,False,latin_or_other,218483,ah.xinhuanet.com;blogs.lse.ac.uk;china.org.cn;cpc.people.com.cn;doyouhike.net;dro.deakin.edu.au;image.baidu.com;law-lib.com;surface.syr.edu;techweb.com.cn;whc.unesco.org;you.ctrip.com
4044,e24d8cfdb4c64caf29716c0b93bf02e6db3dd1351af12bb9,software/code/technical-QA,generic_copyright_or_bibliographic_marker,False,False,False,False,True,14199,True,False,latin_or_other,20015,
4047,5df2477ac5203205c7f4cd3e5a3f87a6cd860d2b4309d65e,scholarly/research,generic_copyright_or_bibliographic_marker,False,False,False,False,True,1071,True,False,latin_or_other,241276,ceeol.com;cms.horus.be;coe.int;dfes.gov.uk;drom-vidin.org;dx.doi.org;ec.europa;errc.org;go.worldbank.org;mek.oszk.hu;oki.hu;osi.hu;palgrave-journals.com;soros.org;unescap.org;unicef.org
4055,6ae13914046b87f03c3bb8fd084d2542b4bf09867297238f,scholarly/research,explicit_restrictive_notice,True,False,False,False,True,40949,True,True,latin_or_other,41191,
4059,fbf7b304f6b555f2112eb5697de055f89523f2f6f484ecd5,books/literary/publisher,generic_copyright_or_bibliographic_marker,False,False,False,False,True,153,True,False,latin_or_other,70842,nickhernbooks.co.uk
4061,91d21deefdc580b696fe96106b6801402248b752d05d4190,books/literary/publisher,explicit_restrictive_notice,True,False,False,False,True,1112,True,False,latin_or_other,119756,aavmc.z2systems.com;ahvma.org;animalemerg.com;avsab.org;awfc.ca;canadianveterinarians.net;ceta.ca;cvent.com;deltaequineseminar.com;facebook.com;homewoodhealth.com;katrinaarcher.com;mieducation.ca;muironmoney.com;nicvet.com;ovma.org;savt.ca;scilvet.ca;southamericandental.conferenceseries.com;springfieldfuneralhome.com;svma.sk.ca;svprx.ca;veterinarycalendar.dvm360.com;vetoquinol.ca;vetoutreach.org;waavp2017kl.org;whalesanctuaryproject.org;wsava.org;wsvma.org
4063,70476ab7a20b4020ff12891fe264911e0c4693db11aa8e0f,books/literary/publisher,explicit_restrictive_notice,True,False,False,False,True,622,True,False,latin_or_other,54061,gooseberrypatch.com
4064,fd257d410b887e4cdf188f0ba32e0eb2b67b0939cfced765,government/legal/procurement,generic_copyright_or_bibliographic_marker,False,False,False,False,True,28041,True,False,han,60752,ccgp.gov.cn;creditchina.gov.cn;login.sxzfcg.zcygov.cn
4066,3a2bccc29f6b5e173c5dea548bb0475c5bda70b4c8f43cdf,books/literary/publisher,generic_copyright_or_bibliographic_marker,False,False,False,False,True,447,True,False,latin_or_other,106480,arcadiapublishing.com;imagesofamerica.com
4070,99469ec54c6167fba203f603b204dd75cb25f79b3f6dea27,public-domain/library,explicit_public_domain_marker,False,False,True,False,True,1799,True,False,latin_or_other,54711,pgdp.net
4074,38a9d41cbf1262de0c11e6d9bcf592f0e456cf26ccb4054d,news/blog/general web,generic_copyright_or_bibliographic_marker,False,False,False,False,True,41967,True,False,latin_or_other,42958,
4077,0143ec6cbad6de664eda3db2e883c6feb0afcd707a1cbb70,books/literary/publisher,explicit_restrictive_notice,True,False,False,False,True,45,True,False,latin_or_other,64327,us.penguingroup.com
4092,c2c72f89a8a5003fe92360bbc0bc40232e865ca5eb0e9dab,books/literary/publisher,generic_copyright_or_bibliographic_marker,False,False,False,False,True,407,True,False,latin_or_other,45807,arcadiapublishing.com;imagesofamerica.com
4109,e4179860793e0ec0ccacd2a758f26719b04362203baaa15f,books/literary/publisher,explicit_restrictive_notice,True,False,False,False,True,1596,True,False,latin_or_other,98124,backgroundsprophire.co.uk;bakerandmaker.com;brickettdavda.com;divertimenti.co.uk;dolcidigio.com;etsy.com;hobbycraft.co.uk;johnlewis.com;lakeland.co.uk;pipii.co.uk;roseandgrey.co.uk;squires-shop.com;thehambledon.com
4110,25c27fe24bd3258089b74860eea197ca595f1d9616b6bfba,books/literary/publisher,explicit_restrictive_notice,True,False,False,False,True,43,True,False,latin_or_other,77118,frogoutofwater.ca;lccn.loc.gov
4111,8ba3fead56646d6bab0740407ce901b728003c10cc880433,corporate/financial/ESG,generic_copyright_or_bibliographic_marker,False,False,False,False,True,151135,False,False,latin_or_other,151883,abetterway.speaker.gov;aei.org;cbo.gov;crs.gov;eml.berkeley.edu;iielaw.org;irs.gov;jct.gov;kansascityfed.org;knowledge.wharton.upenn.edu;kotlikoff.net;ntanet.org;oecd.org;papers.ssrn.com;pdfs.taxnotes.com;repository.law.umich.edu;taxfoundation.org;taxlaw.journals.cdrs.columbia.edu;taxpolicycenter.org;treasury.gov;waysandmeans.house.gov;whitehouse.gov
4124,79933cf9b983bfed537ac74b94c82569d5dd228a0c5cef06,government/legal/procurement,explicit_restrictive_notice,True,False,False,False,True,47060,True,False,han,71718,msf-usa.org
4133,7ba0a27c45e3207c82710a14126653ea89d5e007c062c922,scholarly/research,explicit_public_domain_marker,False,False,True,False,True,2271,True,True,latin_or_other,44753,edu.glogster.com
4142,ab768e020ca5214ca335c0378daea23afb1f00176e671689,scholarly/research,explicit_restrictive_notice,True,False,False,False,True,3735,True,False,latin_or_other,35765,allmusic.com;culturekiosque.com;ericineke.com;jeroendevalk.nl
4145,0408890b80b43ee85aefea2f8594a50862a004be87746d0a,books/literary/publisher,generic_copyright_or_bibliographic_marker,False,False,False,False,True,122,True,False,latin_or_other,42330,reviewofaustralianfiction.com
4149,f1c4c8e2177afc5dbf22fabcee64900f058279661c45bb99,books/literary/publisher,explicit_restrictive_notice,True,False,False,False,True,50455,True,False,latin_or_other,51423,simonandschuster.com;simonspeakers.com
4156,1201f42980574c73e1529c8ab33b1c361a56771099ee7ca1,scholarly/research,explicit_restrictive_notice,True,False,False,False,True,633,True,False,latin_or_other,181070,anti-moneylaundering.org;apwg.com;consumer.gov;ec.europa.eu;ecgi.org;econsumer.gov;europa.eu;fatf-gafi.org;ftc.gov;ifc.org;interpol.int;oas.org;oecd.org;transparency.org;uncitral.org;unodc.org;worldbank.org
4160,de2b481846c3f19beadecdf188cb8487721fe3da5171c866,government/legal/procurement,generic_copyright_or_bibliographic_marker,False,False,False,False,True,37160,True,False,han,54122,ccgp.gov.cn;cebpubservice.com;creditchina.gov.cn;gxcic.net;jzsc.mohurd.gov.cn;nnggzy.org.cn;zfcg.gxzf.gov.cn
4162,c112dac8844f8325f54fcb27ef2677de13381eef34892d5c,software/code/technical-QA,generic_copyright_or_bibliographic_marker,False,False,False,False,True,33418,True,False,latin_or_other,33679,w3.org
4178,8478c5243fff32ecb17741c35af4ba004de59eb9ac328c88,books/literary/publisher,generic_copyright_or_bibliographic_marker,False,False,False,False,True,23753,True,True,latin_or_other,32357,alpo.com;facebook.com;iams.com;kibblesnbits.com;purina.com;purinaone.com;sfiprogram.org
4185,d3ff64928a1279da1b9a302cc83d24c83e1eaebbe3771959,books/literary/publisher,explicit_restrictive_notice,True,False,False,False,True,1399,True,False,latin_or_other,116684,developingchild.harvard.edu;lccn.loc.gov;pearsoned.com
4187,7fbed815771efb2b76f7233fa170063ea7f0c0a48e4c3dba,government/legal/procurement,generic_copyright_or_bibliographic_marker,False,False,False,False,True,105255,True,False,latin_or_other,172654,af.reuters.com;blogs.ft.com;blogs.reuters.com;bloomberg.com;dailystar.com.lb;dutchnews.nl;en.rian.ru;en.trend.az;english.ruvr.ru;ft.com;google.com;in.reuters.com;indrus.in;interfax.com;itar-tass.com;izvestia.ru;kommersant.ru;newizv.ru;novinite.com;oilprice.com;platts.com;rbcdaily.ru;rbcnews.com;rbth.ru;reuters.com;rt.com;russiaprofile.org;speroforum.com;themoscowtimes.com;ukrainianjournal.com;vedomosti.ru;voanews.com;weeklytimesnow.com.au
4196,6dce2d43f0337cb6b67c2aa270fc2863c8dd20813fad8ba8,scholarly/research,explicit_public_domain_marker,False,False,True,False,True,84303,True,False,latin_or_other,84702,
4201,4f2c46a46e8fc135cb862ef555ddda89ebeabee9d0906700,books/literary/publisher,explicit_restrictive_notice,True,False,False,False,True,283,True,False,latin_or_other,37948,harpercollinschildrens.com;harpercollinsebooks.ca;harpercollinsebooks.co.nz;harpercollinsebooks.co.uk;harpercollinsebooks.com;harpercollinsebooks.com.au
4203,1ed605c625f1cb25108087b7fe8de685f7b9d0bf6742ac77,books/literary/publisher,explicit_restrictive_notice,True,False,False,False,True,102950,True,False,latin_or_other,103912,
4204,99fab00d6cdcec7e7023112abbae6af342a4968930bec4dd,news/blog/general web,explicit_restrictive_notice,True,False,False,False,True,7072,True,False,han,12802,
4206,77edfe46acb973d951e824e53fd6e390c78ba44de25460b8,scholarly/research,generic_copyright_or_bibliographic_marker,False,False,False,False,True,52377,True,False,latin_or_other,53725,jnanobiotechnology.com
4209,100f744ffc10322665d988f522a2827c21691f0917846db0,books/literary/publisher,generic_copyright_or_bibliographic_marker,False,False,False,False,True,14654,True,False,han,15805,
4210,d84d146458337d4deb4b4e38f2634c9fccf739437a209caf,books/literary/publisher,explicit_open_licence_marker,False,True,False,False,True,3653,True,False,latin_or_other,79551,facebook.com;my.safaribooksonline.com;oreilly.com;twitter.com;yourbucket.s3.amazonaws.com;youtube.com
4222,2444f3f44fe0e8b64768b6692c8251b3f73f651ad63d6dab,books/literary/publisher,generic_copyright_or_bibliographic_marker,False,False,False,False,True,14896,True,False,latin_or_other,62411,
4223,2c74fc3280718f0d00b9b2f94fe5542d754828ec06b73c87,software/code/technical-QA,explicit_public_domain_marker,False,False,True,False,True,1534,True,False,latin_or_other,49038,ant.apache.org;bugs.eclipse.org;developer.android.com;github.com;gradle.org;groups.google.com;issues.apache.org;jetbrains.com;maven.apache.org;netbeans.org;projectlombok.org;repo1.maven.org;scala-sbt.org;search.maven.org;sourceforge.net;stackoverflow.com;youtrack.jetbrains.com
4231,34148b208b059d01555444723885eb70842aa99a073bbacd,books/literary/publisher,explicit_restrictive_notice,True,False,False,False,True,2,True,False,latin_or_other,67351,
4236,a60fdf726492b8fc40b57f1751b3b3ecd14680ee5b8d4ec3,books/literary/publisher,explicit_restrictive_notice,True,False,False,False,True,7,True,False,latin_or_other,75185,ulyssespress.com
4240,694995128336da67e09591920b0b3bf16c1972f4e400e988,books/literary/publisher,generic_copyright_or_bibliographic_marker,False,False,False,False,True,40702,True,False,latin_or_other,40834,
4241,0495ef9e9b7ab9eb721b942b60048bfb9f10d44f90a5ff0c,scholarly/research,generic_copyright_or_bibliographic_marker,False,False,False,False,True,112,True,False,latin_or_other,91805,functionalmovement.com;optfitness.net;sciencebuddies.org
4243,d95753cb2a76353118d1a80d420c027b5bc001d775f8a802,books/literary/publisher,explicit_restrictive_notice,True,False,False,False,True,564,True,False,latin_or_other,54901,
4247,e1e2881a87fcc5e417c8dedc1e0a5bd1d35cc235e9a4c01d,public-domain/library,explicit_public_domain_marker,False,False,True,False,True,16944,True,False,latin_or_other,59494,pgdp.net
4259,e40fa55fb04af2dfa4a28f12cb7bfd0e645e90590e49f462,scholarly/research,explicit_open_licence_marker,False,True,False,False,True,2713,True,False,latin_or_other,48527,bna.birds.cornell.edu;books.google.com;cedarcreek.umn.edu;christmasbirdcount.org;doi.org
4261,fc526dc93fb7a46c525e265f405b6c03a1920db7c3af3cec,software/code/technical-QA,generic_copyright_or_bibliographic_marker,False,False,False,False,True,21139,True,False,latin_or_other,21679,fonts.googleapis.com;google.com;youtube.com
4270,98603fe86cff6e2ba2153530f1e89d832240bd24f3dbcd4e,news/blog/general web,mixed_restrictive_and_open_or_public,True,False,True,False,True,75,True,False,latin_or_other,103533,gutenberg.net;ibiblio.org;promo.net
4275,da9cbbc6a458ae5dc35c8443fe64a5e51146de77c085d886,software/code/technical-QA,generic_copyright_or_bibliographic_marker,False,False,False,False,True,9476,True,False,latin_or_other,29432,d-k.netai.net;drive.google.com;envato.com;facebook.com;fonts.googleapis.com;freebiesxpress.com;google.com;interia.pl;kodu.je;mail.google.com;o2.pl;onet.pl;pl.pinterest.org;pl.wordpress.org;plus.google.com;studio.envato.com;tutsplus.com;twitter.com;wp.pl
4278,ecfc622443c0836273e41936ab3d993728e35580bae30d3e,books/literary/publisher,explicit_restrictive_notice,True,False,False,False,True,308,True,False,latin_or_other,227304,asbalaid.arkansas.govarkansas;asbalaid.arkansas.govrulesthe
4282,bedec2bd256483ee69fe5644566adac085e9a4bcdb68c20c,books/literary/publisher,explicit_restrictive_notice,True,False,False,False,True,33,True,False,latin_or_other,63565,us.penguingroup.com
4287,f5353bac58232c3ef73a2b9009e74518411147d20e56b2fe,news/blog/general web,generic_copyright_or_bibliographic_marker,False,False,False,False,True,42529,True,False,latin_or_other,44403,mdbootstrap.com;use.fontawesome.com
4288,3f225e5c3b0f8f6ab2a2767a7eb4b355e961a78a31554f49,books/literary/publisher,explicit_public_domain_marker,False,False,True,False,True,98675,True,True,latin_or_other,160877,
4301,e6595a4b8a291bfd53b0e8fb9f94bc4f0121b6a5c25bf255,news/blog/general web,explicit_restrictive_notice,True,False,False,False,True,18954,True,False,han,19021,shs.ntu.edu.tw
4304,fa6759890d6e62953d25cbc6a5a39a102200b9ad66c31f8d,books/literary/publisher,explicit_restrictive_notice,True,False,False,False,True,387,True,False,latin_or_other,108692,periplus.com;tuttlepublishing.com
4305,13ecdf0913ea33406e9ea6959b6f1a93e6f590b3aac478fc,government/legal/procurement,generic_copyright_or_bibliographic_marker,False,False,False,False,True,29253,True,True,han,29303,resortcondoscancun.com
4312,3fab67de6303f75827b5799488410a301f27e0b292ce576d,books/literary/publisher,explicit_restrictive_notice,True,False,False,False,True,2,True,False,latin_or_other,61067,chroniclekids.com
4314,1e20bc47765583aaaf1690a7f4c0cbf603063b5c62d75ec1,books/literary/publisher,explicit_restrictive_notice,True,False,False,False,True,292,True,False,latin_or_other,83730,openletterbooks.org
4324,ebb7f965e7e15e0b9ac6accc2cadaf59609a2d94a51411b0,government/legal/procurement,explicit_restrictive_notice,True,False,False,False,True,107482,True,False,latin_or_other,112390,countrymanpress.com;wwnorton.com
4336,f795444b30d9f953749688c6d4a9404a57002fe7eabcd4db,books/literary/publisher,generic_copyright_or_bibliographic_marker,False,False,False,False,True,54,True,False,latin_or_other,61050,
4347,c412641ed9bf0543799862d40efdef50506ea418ab5ea822,books/literary/publisher,explicit_restrictive_notice,True,False,False,False,True,1362,True,False,latin_or_other,60317,aquaponics4you.com
4349,3a0f779a23e8cf01adbf3cf2ea06e9c42e4e293d3db09a72,government/legal/procurement,generic_copyright_or_bibliographic_marker,False,False,False,False,True,23755,True,False,han,82051,
4350,5dc3ce6d3ff9922e3dda088568ec200dc064116656c251d5,books/literary/publisher,explicit_restrictive_notice,True,False,False,False,True,1015,True,False,latin_or_other,59479,kellymckain.co.uk;stripespublishing.co.uk
4358,06aec450eaf8b56f0c962f7c2a0a2585c56e022682e97713,government/legal/procurement,explicit_open_licence_marker,False,True,False,False,True,39181,True,False,latin_or_other,39810,
4360,6a38943cfd7de23ebc3e8ed71867b25cc16e398feedf0d04,education/course/textbook,explicit_restrictive_notice,True,False,False,False,True,836,True,False,latin_or_other,131776,aappolicy.aappublications.org;cdc.gov;nasn.org;odh.ohio.gov;tiffincityschools.org
4365,1ca1b826cca624f9d5fd341663a43c784717b7d813eb4395,government/legal/procurement,explicit_open_licence_marker,False,True,False,False,True,0,True,False,latin_or_other,257225,abs.gov.au;aph.gov.au;architecturequote.com;ausfashioncouncil.com;awe.gov.au;books.google.com.au;cdn.aigroup.com.au;changingmarkets.org;charitablerecycling.org.au;consumerombudsman.dk;csiro.au;dcceew.gov.au;design.org.au;designcouncil.org.uk;documents.packagingcovenant.org.au;doi.org;ec.europa.eu;ecologie.gouv.fr;ellenmacarthurfoundation.org;environment.gov.au;environment.vic.gov.au;epa.nsw.gov.au;eur-lex.europa.eu;fujifilm.com;gazette.govt.nz;gbca-web.s3.amazonaws.com;greatwrap.co;hm-treasury.gov.uk;home.kpmg;ibisworld.com;imf.org;industry.gov.au;iso.org;iso20400.org;issues.org;lucris.lub.lu.se;materialeconomics.com;mckinsey.com;meti.go.jp;milieudatabase.nl;mpaq.com.au;ncc.abcb.gov.au;new.gbca;new.gbca.org;oecd.org;pc.gov.au;plasticsstewardshipaustralia.org.au;recofloor.org;repair.eu;routledge.com;schiavello.com;sciencedirect.com;sharingcitiesalliance.knowledgeowl.com;suez.com.au;tcgcm.com.au;theage.com.au;theconversation.com;toyota-europe.com;werktrends.nl;www2.deloitte.com
4369,3190c5d1444f6bccc072c6314c26a6d692a07ef510f9eff8,books/literary/publisher,explicit_restrictive_notice,True,False,False,False,True,148,True,False,latin_or_other,83923,facebook.com;fsgbooks.com;twitter.com
4379,75824ed12630595e5055d00b318f285b0507ea83b863eadb,books/literary/publisher,explicit_restrictive_notice,True,False,False,False,True,104,True,False,latin_or_other,55640,
4385,bd896b0ec39b2bf357ed96c9936d3a1f11e22165b656361c,books/literary/publisher,explicit_restrictive_notice,True,False,False,False,True,168,True,False,latin_or_other,92427,
4388,4cc046d554a16d6894716ce3bd7c368b3d213803412edae3,corporate/financial/ESG,generic_copyright_or_bibliographic_marker,False,False,False,False,True,10667,True,False,han,15912,
4397,437ed7ce6b0b173b17823c5d24355c2024f283a0684fad91,books/literary/publisher,explicit_restrictive_notice,True,False,False,False,True,1250,True,False,latin_or_other,116777,3x3mag.com;agoodson.com;ai-ap.com;aoiimages.com;apeonthemoon.com;cargocollective.com;centralillustration.com;commarts.com;creativereview.co.uk;dandad.org;debutart.com;dutchuncle.co.uk;etsy.com;eyecandy.co.uk;folioart.co.uk;handsomefrank.com;heartagency.com;illustrationage.com;illustrationfriday.com;illustrationmundo.com;illustrationweb.com;juxtapoz.com;kuler.adobe.com;lebook.com;moo.com;organisart.co.uk;pikaland.com;pinterest.com;saahub.com;societyillustrators.org;stitchcraftcreate.co.uk;theaoi.com;theispot.com;thelittlechimpsociety.com;tomsimmonds.com;yourname.com
4399,6f335f6ff4d21b99504576a056f12811e012fb15f033cfeb,manual/technical documentation,generic_copyright_or_bibliographic_marker,False,False,False,False,True,155,True,False,han,93327,dell.com
4401,b03bd3a0aa6d58e53a727a33f2d5f8d2c6c92629bbc14a52,books/literary/publisher,explicit_restrictive_notice,True,False,False,False,True,2907,True,False,latin_or_other,100658,harlequin.com;jeannielin.com
4407,7ce09ce53940fcf83006a1b26a901eafdd630094e1decad5,scholarly/research,explicit_restrictive_notice,True,False,False,False,True,102,True,False,latin_or_other,126055,elsevier.com
4417,9011b050573df679ed9f82b4257e81982325be9de0803769,scholarly/research,explicit_restrictive_notice,True,False,False,False,True,175,True,False,latin_or_other,87524,hmhbooks.com;tolkien.co.uk;tolkienestate.com
4420,90e925a04a8f7642c11583b27f9644dff22dd7c536643899,government/legal/procurement,generic_copyright_or_bibliographic_marker,False,False,False,False,True,11657,True,False,han,11851,
4439,9bb4adb73b7cd12a157e47ae7a5107566018f7b85765ad16,books/literary/publisher,generic_copyright_or_bibliographic_marker,False,False,False,False,True,68674,True,True,latin_or_other,69368,conlicencia.com;newcomlab.com;planetadelibros.com;planetadelibrosinfantilyjuvenil.com
4448,f5536a471811870fce7983b8bf1d0293aca94a75ce3762f1,books/literary/publisher,explicit_restrictive_notice,True,False,False,False,True,195,True,False,latin_or_other,50391,orbitbooks.net;orbitshortfiction.com;twoofswords.net
4455,53ae127ecbd2b5c61349abacf51304c0577ec5b24ef0add2,books/literary/publisher,explicit_restrictive_notice,True,False,False,False,True,111798,True,False,latin_or_other,112510,acumenbooks.co.uk;g2ent.co.uk;lords.org
4470,cca33fae2728ee9213e59c17d0f04152d9c7ceed448bcf3b,books/literary/publisher,generic_copyright_or_bibliographic_marker,False,False,False,False,True,120,True,False,latin_or_other,31268,universalis.fr
4471,af759ed8b26b2a53c0d665c3eb2396196199beb30162d838,government/legal/procurement,generic_copyright_or_bibliographic_marker,False,False,False,False,True,1689,True,False,latin_or_other,158167,l-e-studio.net;unesco.org
4473,02c41d04ca4b5eefc6d35e52138cb6c3f6ef9ea330198a9f,government/legal/procurement,generic_copyright_or_bibliographic_marker,False,False,False,False,True,36133,True,False,han,111194,ccgp.gov.cn;creditchina.gov.cn;gdgpo.czt.gd.gov.cn;gzebid.cn
4482,e443b90a50d93b5e5eba1cf7f10dfa958d9a3e3db0462b48,books/literary/publisher,generic_copyright_or_bibliographic_marker,False,False,False,False,True,154,True,False,latin_or_other,132667,
4484,50c38b6d732ad9f30314e54727c3c4f70f921b426b5fe23a,books/literary/publisher,explicit_restrictive_notice,True,False,False,False,True,60087,True,False,latin_or_other,61520,simonandschuster.com;simonspeakers.com
4486,f5e653e5d2674c1f85d12c630e98ac50f83ed47c14d6a396,books/literary/publisher,explicit_restrictive_notice,True,False,False,False,True,688,True,False,latin_or_other,33166,lccn.loc.gov;pemachodronfoundation.org;shambhala.com;shambhala.org;shambhalashop.com;soundstrue.com
4495,b706b5081fed91f2224fe25c40bcbc28cf826594bc30efaa,government/legal/procurement,generic_copyright_or_bibliographic_marker,False,False,False,False,True,4490,True,True,latin_or_other,52244,bloodaxebooks.com
4496,8ee894703de354bd138fe21d2061e16d4211697b7713c7fb,scholarly/research,generic_copyright_or_bibliographic_marker,False,False,False,False,True,590,True,False,latin_or_other,121443,midwestern.edu
4498,f19f9bc6139e3dc160dcf4f95c1a1ca7754ece4279982cb5,corporate/financial/ESG,generic_copyright_or_bibliographic_marker,False,False,False,False,True,27440,True,False,latin_or_other,56080,
4504,c20481c72863abc217fe6ac9e025d97b874be8a4ce5a967e,government/legal/procurement,generic_copyright_or_bibliographic_marker,False,False,False,False,True,35279,True,True,latin_or_other,102370,canlii.org;energyregulationquarterly.ca
4505,3938ef07866dc84377d0b93ffa0ab534501ae9d6a20513e5,public-domain/library,explicit_public_domain_marker,False,False,True,False,True,2463,True,True,latin_or_other,100379,pgdp.net
4518,26f9f3b992982c85afa0c20234b2db9d25da8effbecb8a89,government/legal/procurement,explicit_open_licence_marker,False,True,False,False,True,2139,True,True,latin_or_other,57649,
4528,a3def0b9018db54d148ce4d1e9aca0254ffe8fd1f8fb2d18,books/literary/publisher,explicit_restrictive_notice,True,False,False,False,True,54,True,False,latin_or_other,101824,facebook.com;fsgbooks.com;fsgoriginals.com;graywolfpress.org;lccn.loc.gov;twitter.com
4544,8b79ea6833df5b4a8542d6e4faa62b24de3ab08d63ccd8e9,books/literary/publisher,explicit_restrictive_notice,True,False,False,False,True,52908,True,False,latin_or_other,54121,andygriffiths.com.au;panmacmillan.com;terrydenton.com
4546,0579ddb2c938334433ba4ac149ecd29b18df15665a45bb82,education/course/textbook,explicit_restrictive_notice,True,False,False,False,True,12324,True,True,han,13636,phy8.com;ycy.com.cn
4551,a1b9f132ede8dbca78922007ec1fe4e2fd329c3a17af7201,books/literary/publisher,explicit_restrictive_notice,True,False,False,False,True,11,True,False,latin_or_other,81539,boaeditions.org;lccn.loc.gov;permissionscompany.com
4553,f367995c8530a3486915fdde2d4498d6d6d2b4e4e136c5a7,government/legal/procurement,generic_copyright_or_bibliographic_marker,False,False,False,False,True,62033,True,False,latin_or_other,252881,unisdr.org;writebytes.co.uk
4555,5839bccaf38eaf219d8b6e560f863aef05b3a145a350242c,unclassified/mixed,generic_copyright_or_bibliographic_marker,False,False,False,False,True,12566,True,False,han,18218,
4580,0185745beb952c8f91d1214c2fa8a15967ca9c7385825f5e,books/literary/publisher,explicit_restrictive_notice,True,False,False,False,True,249,True,False,latin_or_other,58894,
4595,e9acaf877fb1b229b2234ff837cf3163d7316daf3a12779c,education/course/textbook,explicit_restrictive_notice,True,False,False,False,True,9798,True,False,latin_or_other,198011,cityofripon.com;collegeproducts.com;docs.legis.wisconsin.gov;elections.wi.gov;my.ripon.edu;myvote.wi.gov;offender.doc.state.wi.us;rallydollars.ripon.edu;ripon.edu
4597,133b3142c9910cab04d3b010b72813cbef55b53668c759cd,government/legal/procurement,mixed_restrictive_and_open_or_public,True,False,True,False,True,262,True,False,latin_or_other,39236,archive.org
4604,82c2be799c4adbb19c2a2e3072b0b39e239fec89840e8f6e,software/code/technical-QA,generic_copyright_or_bibliographic_marker,False,False,False,False,True,63719,True,False,latin_or_other,79388,
4614,115562fa24f65e5c0a08ea835e6865440cdc4ec8427a4e9b,software/code/technical-QA,explicit_restrictive_notice,True,False,False,False,True,25768,True,False,latin_or_other,27530,cdnjs.cloudflare.com;code.jquery.com;fonts.googleapis.com;kit.fontawesome.com;maxcdn.bootstrapcdn.com
4616,cd8eb7979310727b1948141eabf0f9803b2832c82a8e3413,government/legal/procurement,generic_copyright_or_bibliographic_marker,False,False,False,False,True,11069,True,False,han,13740,
4628,1cc945a619a46937e03432ae3819e44298f217711dcf3e12,books/literary/publisher,explicit_public_domain_marker,False,False,True,False,True,287,True,False,latin_or_other,68413,pgdp.net
4629,626caba0fabc208c936f2b42c866e4b235762ec90a8a3245,books/literary/publisher,explicit_restrictive_notice,True,False,False,False,True,147,True,False,latin_or_other,59389,gibbs-smith.com
4638,5ab00e8066809de8c556c4cf9432e0bdcb4c83fce02e0700,scholarly/research,generic_copyright_or_bibliographic_marker,False,False,False,False,True,8736,True,False,latin_or_other,44201,mc.manuscriptcentral.com
4646,2c1640aab20eeed15ccc2248dcdd8116af3ca1f02e7c9dc9,scholarly/research,explicit_open_licence_marker,False,True,False,False,True,796,True,False,latin_or_other,177114,aaai.org;arxiv.org;creativecommons.org;destatis.de;digitalcommons.usf.edu;doi.org;ec.europa.eu;himss.org;ieeexplore.ieee.org;ijcai.org;jmir.org;media.suub.uni-bremen.de;nber.org;researchgate.net;semanticscholar.org;wayback.archive-it.org
4649,0a6abf8b4e85c3519ad5807180f25675683ad7de04c4b926,government/legal/procurement,generic_copyright_or_bibliographic_marker,False,False,False,False,True,6097,True,False,han,21213,
4650,3fcb2e61672fe51c5152ba926d703c87bc7c3a9601a1b106,news/blog/general web,generic_copyright_or_bibliographic_marker,False,False,False,False,True,2114,True,False,latin_or_other,37634,andyswebtools.net;bxa.doc.gov;treas.gov
4651,d20914ec92a19b84bfa6526df5832f0f39adfa3cdfe4c45b,scholarly/research,explicit_restrictive_notice,True,False,False,False,True,22,True,False,han,79898,apiportal.uis.unesco.org;apps.who.int;blogs.world;blogs.worldbank.org;data.ipu.org;data.undp.org;data.unwomen.org;doi.org;ftp.iza.org;hdr.undp;hdr.undp.org;ilostat.ilo.org;imf.org;lisaspantig.com;oilprice.com;sapienlabs.org;ssrn.com;stats.oecd;un.org;undp.org;unhcr.org;who.int;www3.paho.org
4655,af3d44117c4ce66fed818a197be9de5e80c594ae6398c11a,books/literary/publisher,explicit_restrictive_notice,True,False,False,False,True,14123,True,False,latin_or_other,46824,lonelyplanet.com
4656,20e4eaa43473ceb8db4b31fa6555d993af44969aec166763,software/code/technical-QA,explicit_restrictive_notice,True,False,False,False,True,3359,True,False,latin_or_other,25914,
4657,a0d255ababe76ddc6526cceb3ce5db1c2e3b44c80f24db4b,scholarly/research,explicit_open_licence_marker,False,True,False,False,True,42993,True,False,latin_or_other,43565,
4661,669a070835763dc7d407f5e7aae2f61dc3f80b5f09bd2825,news/blog/general web,generic_copyright_or_bibliographic_marker,False,False,False,False,True,241,True,False,han,17016,
4667,eef56ed5c2a203260e34244d84e26a0cfec16fdc5cb96ba6,software/code/technical-QA,explicit_open_licence_marker,False,True,False,False,True,982,True,False,latin_or_other,30136,nivo.dev7studios.com;opensource.org
4678,53baa5f678b2f3c2936fdc98822da01e7fd83ce2d3b24194,books/literary/publisher,explicit_restrictive_notice,True,False,False,False,True,382,True,False,latin_or_other,147682,bis.org
4688,12c29078a3f46dc477ab8c3d5396b2211298a2380927fc7b,scholarly/research,generic_copyright_or_bibliographic_marker,False,False,False,False,True,1397,True,False,latin_or_other,49609,crnbc.ca
4689,6fdde324573ed01d557a578243070c53dfc1c171220467c2,news/blog/general web,explicit_restrictive_notice,True,False,False,False,True,50600,True,False,latin_or_other,51945,
4692,e0aac1a59a52cf48ee0f7a79a7c205725941e26a37f9f399,government/legal/procurement,generic_copyright_or_bibliographic_marker,False,False,False,False,True,114432,True,False,latin_or_other,143312,
4701,766658627e109c90d2c648df5fd460c871a5e7ab85354032,books/literary/publisher,explicit_restrictive_notice,True,False,False,False,True,1150,True,False,latin_or_other,73456,headofzeus.com
4709,ffd4e931629bdb797f79f454f4459c5099891b97b82bbb5f,scholarly/research,generic_copyright_or_bibliographic_marker,False,False,False,False,True,2477,True,False,latin_or_other,156168,ainowinstitute.org;caressesrobot.org;ec.europa.eu;empattics.eu;encompass-project.eu;enrichme.eu;fabulos.eu;fra.europa.eu;h2020-bridge.eu;healtheuropa.eu;karolinska.se;mathisis-project.eu;mckinsey.com;myhealthavatar.eu;sophiagenetics.com;standards.ieee.org;sustainabledevelopment.un.org;up-drive.eu;who.int
4714,53318c2485802929642949f60b678463e3c43afa0336c6c9,software/code/technical-QA,explicit_restrictive_notice,True,False,False,False,True,2080,True,False,cyrillic,20383,
4717,ce83067fd48bd25bf425f8b26abf570819659c2dd4db6052,government/legal/procurement,generic_copyright_or_bibliographic_marker,False,False,False,False,True,69380,True,False,latin_or_other,269826,arcaopeningdoors.org;bewellnm.com;bewellnm.com.employee;bewellnm.comfor;cdc.gov;centerfornonprofitexcellence.org;generalservices.state.nm.us;hsd.state.nm.us
4723,9fb195c1cdb510af73a0aa20203bdabab540cc2374daa534,books/literary/publisher,generic_copyright_or_bibliographic_marker,False,False,False,False,True,141530,False,True,latin_or_other,199259,msiusa.com
4727,c2d4e9fcfaaf1feb16b51bf6be0c4bf1d12d2fc8109b1c2d,books/literary/publisher,explicit_restrictive_notice,True,False,False,False,True,159,True,False,han,142469,szcod.org;szdpa.org
4730,134c307c6747810d33d051171098e8f1bae33f6bb025625b,corporate/financial/ESG,explicit_restrictive_notice,True,False,False,False,True,14719,True,False,han,14907,
4731,2da6d0e1005324dc3cf4efd464508b7abf897592f90d2ef8,books/literary/publisher,explicit_restrictive_notice,True,False,False,False,True,567,True,False,latin_or_other,193048,floodlight.openflowhub.org;noxrepo.org;opendaylight.org;osrg.github.io;projectfloodlight.org;sdxcentral.com
4750,56f51e461ed04099049b9bca00e2e5eb65f9a0e89e991dcf,government/legal/procurement,generic_copyright_or_bibliographic_marker,False,False,False,False,True,33993,True,False,latin_or_other,117285,
4756,0e33ef49d3cd472feb2c4ded3d9b931c48e408995b7221f6,scholarly/research,generic_copyright_or_bibliographic_marker,False,False,False,False,True,1553,True,False,latin_or_other,91732,ndb.nal.usda.gov;newhealthguide.org;nutritionfacts.org;organicfacts.net;penguin.co.uk
4768,b7e2c21bec1ae99c32b1d7843df76bfc196f476f1123e6a5,government/legal/procurement,generic_copyright_or_bibliographic_marker,False,False,False,False,True,8188,True,False,latin_or_other,262727,aga.org;ansi.org;aopl.org;apga.org;api.org;asme.org;call811.com;commongroundalliance.com;ethanolresponse.com;fema.gov;firemarshals.org.state;ingaa.org;mycommittees.api.org;nace.org;napsr.org;naruc.org.state;nfpa.org;npms.phmsa.dot.gov;ntsb.gov;opsweb.phmsa.dot.gov;phmsa.dot.gov;pipa-info.com;pipelineemergencies.com;primis.phmsa.dot.gov;pstrust.org;trb.org
4771,ea5734ce3d99b411fc8f15a8907ac0a609da09b8867c6d17,news/blog/general web,generic_copyright_or_bibliographic_marker,False,False,False,False,True,24411,True,False,latin_or_other,36383,
4782,fa38fba70d94f1bb953f82361be7cd7fede71612083041f0,government/legal/procurement,explicit_public_domain_marker,False,False,True,False,True,578,True,False,latin_or_other,87579,pgdp.net
4788,53b3aee9b1204e0c9ad34446fc74f35efddb3bf5b129f4dd,books/literary/publisher,explicit_restrictive_notice,True,False,False,False,True,1126,True,False,latin_or_other,46011,doubleday.com;facebook.com;jgrisham.com;links.penguinrandomhouse.com
4797,f56c42ec63dae6d281f1f6ee7929345c14142c161a43d07d,books/literary/publisher,explicit_restrictive_notice,True,False,False,False,True,33081,True,False,latin_or_other,38263,games-workshop.com
4798,ae3cbc4a4d049876cb1f15d24555af439579ec852fce2501,books/literary/publisher,explicit_restrictive_notice,True,False,False,False,True,162,True,False,latin_or_other,48786,
4801,61faa302168af9e987396ce27d2bca0da7a5564c4ef01e60,scholarly/research,explicit_restrictive_notice,True,False,False,False,True,28543,True,False,latin_or_other,156468,activehouse.info;breeam.com;cerway.com;dgnb.de;ecolabel.dk;living-future.org;new.gbca.org.au;sgbc.se;usgbc.com;wellcertified.com
4802,d190273825b6024094333ebf8473b5e1bc71ee9a1f007163,news/blog/general web,generic_copyright_or_bibliographic_marker,False,False,False,False,True,30516,True,False,latin_or_other,49661,
4803,ae1e514af5b96a11db583032c983f43397bfb6613c49d339,books/literary/publisher,explicit_restrictive_notice,True,False,False,False,True,242,True,False,latin_or_other,94053,
4810,6d812af42eacef4d60756f8faa4851cb3f2c7b6b6d598dda,books/literary/publisher,generic_copyright_or_bibliographic_marker,False,False,False,False,True,314,True,False,latin_or_other,61072,nickhernbooks.co.uk
4812,a6b9461cb3f89bb745375b2eca2127118145efc0c7688e7d,scholarly/research,explicit_public_domain_marker,False,False,True,False,True,17525,True,True,latin_or_other,49475,lajazz.com
4816,a08af85c6330f79b41027b6670cecdc8b871af5a45fd6e26,news/blog/general web,generic_copyright_or_bibliographic_marker,False,False,False,False,True,26914,True,False,han,27966,hibernate.sourceforge.net
4818,9fb1c5d64b1336c2b577bc3c9a486cfad20146c77b56e0f8,books/literary/publisher,generic_copyright_or_bibliographic_marker,False,False,False,False,True,4,True,False,latin_or_other,29956,bestlocalnews.com
4837,82e5baad1fca0c9965a1b14c1a91c912780ad6a5d81c78af,books/literary/publisher,generic_copyright_or_bibliographic_marker,False,False,False,False,True,7179,True,False,latin_or_other,185021,bookstore.ksre.ksu.edu;bugguide.net;bugguide.netthe;extension.purdue.edu;gillespie.agrilife.org;kanasstatefair.comlivestock;kansas4-h.org;kansasspacetech.com;kansasspacetech.com.the;kansasstatefair.com;kansasstatefair.com.in;kansasstatefair.comaccessibility;kansasstatefair.fairentry.com;ksre.ksu.edu;nar.org;nchfp.uga.edu;rrc.k-state.edu
4839,395f915d72a33dacd3db24752e5acb646d6a23b0b435bcbe,scholarly/research,generic_copyright_or_bibliographic_marker,False,False,False,False,True,37173,True,False,latin_or_other,152591,eligibilitycenter.org;ncaa.org;playnaia.orgncaa
4848,b8d470e7aee706f4edde1f21c298c8e808f1582d41f94fdc,books/literary/publisher,explicit_restrictive_notice,True,False,False,False,True,110036,True,False,latin_or_other,112253,impact-books.com;wacomknight.com
4873,d0e0cf4554ec7e40d4a14a59f0f9f90f21e725135a1aae7f,books/literary/publisher,explicit_restrictive_notice,True,False,False,False,True,184,True,False,latin_or_other,74125,cottagelife.com
4875,c3c0d3cbc54188bae55b27fa6683e858e38c249510121e6d,books/literary/publisher,generic_copyright_or_bibliographic_marker,False,False,False,False,True,80430,True,True,latin_or_other,80885,cbi.state.co.us;cdt.org;dos.state.ny.us;floridasnursing.gov;state.hi.us;www2.illinois.gov
4879,c1f454d4885294dd98ca09961d0c7588057f84e46538baef,books/literary/publisher,generic_copyright_or_bibliographic_marker,False,False,False,False,True,22300,True,False,latin_or_other,47841,ftrain.com
4881,7bff9397e48db126d1d65f56eabe4a44c7913a3085384f22,books/literary/publisher,explicit_restrictive_notice,True,False,False,False,True,693,True,False,latin_or_other,96612,barbarafisinger.tumblr.com;harpercollins.ca;harpercollins.co.nz;harpercollins.co.uk;harpercollins.com;harpercollins.com.au;harpercollinschildrens.com;suzanneselfors.com
4890,f0542dc98a64da696dc4d9392e6f68e02d4df229b3b2261d,books/literary/publisher,explicit_restrictive_notice,True,False,False,False,True,2537,True,False,latin_or_other,74192,atrandom.com;randomhouse.com
4893,f9109e5459c400c69ff152211b2ec0a5c79628fbb2853fd5,government/legal/procurement,explicit_public_domain_marker,False,False,True,False,True,2606,True,False,latin_or_other,49772,pgdp.net
4904,7791a53488d7fb95e462fab19ad130c3ac5367f3b99cdbcc,news/blog/general web,generic_copyright_or_bibliographic_marker,False,False,False,False,True,1626,True,False,latin_or_other,133139,abc-clio.com;bid.ub.edu;citeseerx.ist.psu.edu;dw.de;etymonline.com;huffingtonpost.com;ioc.sagepub.com;jstor.org;paper.ijcsns.org;philosophyofinformation.net;plato.stanford.edu;scholarship.law.berkeley.edu;tandfonline.com;wired.com;www2.units.it
4924,4a3aa7d6d7f2a552b5c6e2f0c584e0c8da0b6378dc5626a6,books/literary/publisher,explicit_restrictive_notice,True,False,False,False,True,3166,True,True,latin_or_other,54642,
4925,aa429a3fa0e43abac62ed6e9039398ecc86dba6b6862ef2a,books/literary/publisher,explicit_restrictive_notice,True,False,False,False,True,99243,True,False,latin_or_other,100674,simonandschuster.com;simonspeakers.com
4934,78974d6d205f40045e18efa000f65fd85ebf65aab31561b1,books/literary/publisher,explicit_open_licence_marker,False,True,False,False,True,0,True,True,latin_or_other,261259,creativecommons.org;humanrights.gov.au
4936,d615b93997681fb56ccdffc84e065241c24d8dc802fd0f47,scholarly/research,generic_copyright_or_bibliographic_marker,False,False,False,False,True,314,True,False,latin_or_other,141258,apa.org;asppb.net;cdn.ymaws.com;doi.org;dx.doi;dx.doi.org;govinfo.gov;intestcom.org
4937,22ffb715a2d8ed5133d82d224c1b5e53094d6eaf1641ad62,books/literary/publisher,explicit_restrictive_notice,True,False,False,False,True,314,True,False,latin_or_other,161312,coda.ada.org
4945,05cec436f65ba3b6e2cf68b2ac62afd23a0105ba38ae6fdf,scholarly/research,generic_copyright_or_bibliographic_marker,False,False,False,False,True,1553,True,False,latin_or_other,30224,github.com
4951,ec6d95f1921908664a6f621e9bcd56834fa2b3b3d76f0ee9,books/literary/publisher,explicit_restrictive_notice,True,False,False,False,True,949,True,False,latin_or_other,74701,authortracker.com;harpercollinsebooks.ca;harpercollinsebooks.co.nz;harpercollinsebooks.co.uk;harpercollinsebooks.com;harpercollinsebooks.com.au;warriorcats.com
4955,bf85f78762ebb1fdb51c92e7a4833b6cab829ccb3639406e,education/course/textbook,explicit_public_domain_marker,False,False,True,False,True,70506,True,False,latin_or_other,156057,troup.k12.ga.us;troup.org
4960,fb60106ada45770199fbaed7d2376091153da823aae0706f,books/literary/publisher,explicit_restrictive_notice,True,False,False,False,True,158,True,True,latin_or_other,152932,oracle.com
4961,5d2e6a3bdc73d10eef33466861ea596e608b48ff15760728,books/literary/publisher,explicit_restrictive_notice,True,False,False,False,True,2723,True,False,latin_or_other,156993,appam.org;aspe.hhs;bls.gov;businessgrouphealth.org;cdc.gov;futureofchildren.org;guttmacher.org;healthypeople.gov;hhsc.state.tx.us;iom.edu;ir.uiowa.edu;irp.wisc.edu;marchofdimes.com;nber.org;nces.ed.gov;npc.umich.edu;paa2008.princeton;prb.org;thefutureofchildren.org;thenationalcampaign.org;urban.org
4969,21bea1bf06a72963cff2ce76154333890544984449e9468c,books/literary/publisher,generic_copyright_or_bibliographic_marker,False,False,False,False,True,8825,True,True,latin_or_other,49079,haberdashertheatre.com;myspace.com
4970,714cae1435e3ae3b18d1a1bdfc7eec8161e031e9d6a31e45,government/legal/procurement,explicit_public_domain_marker,False,False,True,False,True,20012,True,False,latin_or_other,213585,cyber.gov.au;defence.gov.au;niaa.gov.au;protectivesecurity.gov.au;tenders.gov.au;treasury.gov.au
4972,0aa44259da5b81d8f8fa6f9776ef50d41a3e544981eb9698,government/legal/procurement,explicit_restrictive_notice,True,False,False,False,True,12385,True,False,latin_or_other,38410,
4975,dd7757c4ee3d85e5f94f3335378632813e8f47648822d5ab,scholarly/research,generic_copyright_or_bibliographic_marker,False,False,False,False,True,186,True,False,latin_or_other,102062,facebook.com;instagram.com;twitter.com
4982,d8e8fdd81bd2ce36c13e57126ef25aa136f1f01e03b5352a,books/literary/publisher,generic_copyright_or_bibliographic_marker,False,False,False,False,True,1280,True,False,latin_or_other,33495,
4989,1bf4bc58029768dcf3c0fce92489352b6bc2764a0c17e7f1,news/blog/general web,generic_copyright_or_bibliographic_marker,False,False,False,False,True,15458,True,False,latin_or_other,36925,wol.jw.org
4990,79ee8752ae4fc9c024fc55a85405aead3a2aa59173f2386d,government/legal/procurement,explicit_public_domain_marker,False,False,True,False,True,3455,True,False,latin_or_other,275547,books.nap.edu;cis.upenn.edu;darpa.mil;ec.europa.eu;fda.gov;hl7.org;iec.ch;ieee1073.org;itk.org;java.sun.com;lynuxworks.com;mdpnp.org;nap.edu;nitrd.gov;ois.com
4992,4f91a4e3d76a3fadcedd2c19e0f5ead8dbfd4b3eb9cb0193,government/legal/procurement,generic_copyright_or_bibliographic_marker,False,False,False,False,True,19895,True,False,han,24981,
5001,12c8c8b914b105e7e683a204e5c302aa5682e6558b4d8e77,books/literary/publisher,mixed_restrictive_and_open_or_public,True,False,True,False,True,1675,True,False,latin_or_other,79551,pgdp.net
5007,aad9f95de8a5154a89d2d256be953ea68c19a148d8673be6,books/literary/publisher,explicit_restrictive_notice,True,False,False,False,True,85413,True,False,latin_or_other,86605,chroniclebooks.com
5009,98146d37eb34a2166bfecb2b78e0857d1b6978b361cdea38,scholarly/research,generic_copyright_or_bibliographic_marker,False,False,False,False,True,131191,False,False,latin_or_other,205882,aaaa.org;aaas.org;aaeteachers.org;aapa.org;adcglobal.org;aitp.org;allianceonline.org;ama.org;aphsa.org;appam.org;aspanet.org;awc-hq.org;bankrate.com;bpa.org;builtinchicago.org;caps.ucsc.edu;careers.ucsc.edu;careers.ucsc.edutable;cheekyscientist.com;cied.ucsc.edu;commutesolutions.com;compaspanet.com;corporatealliance.net;councilofnonprofits.org;csha.org;digitalanalyticsassociation.org;digitalhumanitiesnow.org;documentary.org;eonetwork.org;founderscard.com;fromphdtolife.com;iacsit.org;icma.org;iiba.org;imcusa.orgeducation;kcnext.thinkkc.com;linkedin.com;nabr.org;nationalhumanservices.org;nea.org;nsgc.org;phdsatwork.com;scbwi.org;smallgiants.org;spconsultants.orglist;stc.org;tech.co;theprofessorisin.com;thescholarpreneur.com;versatilephd.com;versatilephd.comversatile;vistage.com;yec.co;ypo.org
5023,1fa87c89cd25e34fabb2dcdd5515c3d7710e3fb25b1ed819,government/legal/procurement,generic_copyright_or_bibliographic_marker,False,False,False,False,True,10670,True,False,han,13558,
5024,53641dad9561fc0b5eb254e1d19f2cbcc79e089268e76b62,books/literary/publisher,generic_copyright_or_bibliographic_marker,False,False,False,False,True,678,True,True,han,22464,gnu.org;ogw6sutvr.bkt.clouddn.com;orgmode.org;validator.w3.org;w3.org
5039,3a73c1a1e16889162f6552c200be4905ad7a6854541e7175,books/literary/publisher,explicit_restrictive_notice,True,False,False,False,True,1483,True,True,latin_or_other,211061,2kgames.com;annenberginstitute.org;apexlearning.com;atc21s.org;blackboard.com;bookbuilder.cast.org;brm.psychonomic-journals.org;carnegie.org;carnegiefoundation.org;cast.org;cct.edc.org;cited.org;clipper.lehigh.edu;commonsensemedia.org;concord.org;cosn.org;curriki.org;dma.edc.org;dmlcentral.net;docs.lib.purdue.edu;e-tutor.com;education.com;education.mit.edu;educationarcade.org;edutopia.org;edweek.org;essentialschools.org;ets.org;facetinnovations.com;flvs.net;fordnglc.com;fordpas.org;futureofed.org;gameslearningsociety.org;gapminder.org;gatesfoundation.org;gavirtualschool.org;globalchallengeaward.org;globalscholar.com;google.com;hightechhigh.org;historycanadagame.com;ies.ed.gov;ilabcentral.org;iste.org;itestlrc.edc.org;k12pearson.com;kff.org;knowledgegarage.org;knowledgeworks.org;kpk12.com;macfound.org;medialifemagazine.com;michaelbarbour.com;mitpress.mit.edu;nap.edu;nationaltechcenter.org;naviance.com;nces.ed.gov;ncrel.org;net.educause;net.educause.edu;newsroom.cdw.com;newtechnetwork.org;nextgenlearning.com;nmc.org;nmef.wikispaces.com;nmefdn.org;nsf.gov;nycischool.org;nytimes.com;opp.org;p21.org;participatorychinatown.org;plato.com;projectred.org;q2l.org;redorbit.com;relnei.org;rockman.com;schoolofone.org;schooltool.org;scienceleadership.org;setda.org;sofechalk.org;sri.com;stupski.org;supa.syr.edu;terc.org;thewildlab.org;thinkquest.org;tutor.com;urban.org;waldenu.edu;web.media.mit.edu;wirelessgeneration.com;wtgrantfoundation.org;www2.ed.gov;youthvoices.adobe.com
5049,09288bbecf7412fb7b108e820725c2da3ae88582df234112,books/literary/publisher,explicit_restrictive_notice,True,False,False,False,True,59972,True,False,latin_or_other,60933,andrewsmcmeel.com;iginomarini.com
5051,bae45ecdac24564628a902c810c549e1c07e6beeacea2ee5,books/literary/publisher,explicit_restrictive_notice,True,False,False,False,True,3140,True,False,latin_or_other,272442,copyright.com;pisa.oecd.org
5052,e6bed94db5a4dbda86dda5183fd0bceda1c8a20a525d41a6,books/literary/publisher,generic_copyright_or_bibliographic_marker,False,False,False,False,True,62,True,False,latin_or_other,75949,arcadiapublishing.com;imagesofamerica.com
5061,e9e5a51cb1bff43af94ac36ef147ce0e9faace1f364a9f0e,government/legal/procurement,generic_copyright_or_bibliographic_marker,False,False,False,False,True,26861,True,False,han,55455,ccgp.gov.cn;creditchina.gov;creditchina.gov.cn;ss.gov.cn;ylgczjzx.com
5067,d99df5bb0fc51bc09e4238ca66365f9726544fda432e31c4,books/literary/publisher,explicit_restrictive_notice,True,False,False,False,True,127,True,False,latin_or_other,156928,irs.gov;support.taxslayer.com;support.taxslayerpro.com
5068,7d02d06c4ee69b964e957755bd6d479867d8207dcfe429cd,news/blog/general web,generic_copyright_or_bibliographic_marker,False,False,False,False,True,24433,True,False,latin_or_other,52790,
5074,a1d75007c70cd937ee5e7e40d13cd4b0fea632c23983e0be,books/literary/publisher,explicit_restrictive_notice,True,False,False,False,True,2,True,False,latin_or_other,55216,
5075,960e59eaac638efadcad8f6197c6d06b349b5b1512ccea4c,books/literary/publisher,generic_copyright_or_bibliographic_marker,False,False,False,False,True,602,True,False,latin_or_other,163995,adeanet.org;aspbae.org;bvdm-online.de;dnb.ddb.de;dvv-international.de;eur-lex.europa.eu;faculty.washington.edu;hrw.org;icnl.org;info.brot;kmk.org;oecd.org;post2015hlp.org;skills.oecd.org;sustainabledevelopment.un.org;tellmaps.com;uis.unesco.org;un.org;unesco.org;unesdoc.unesco;unesdoc.unesco.org
5078,0b00ed45a81454f0c812c3900e8578da596126ea6ad3ede8,books/literary/publisher,generic_copyright_or_bibliographic_marker,False,False,False,False,True,1689,True,True,latin_or_other,47502,archives.gov;ballot-access.org;census.gov;electionline.org;fec.gov;iandrinstitute.org;ifes.org;iwatchnews.org;lib.umich.edu;moneyline.cq.com;news.yahoo.com;nytimes.com;opensecrets.org;peoplepress.org;politicalresources.net;politico.com;politics1.com;politicsonline.com;rollcall.com;tcf.org;thehill.com;uselectionatlas.org;vote411.org;votesmart.org;washingtonpost.com;wwwelectionline.org
5091,8e28f205b3486c3b27b618a9df87d5968f0a288acf95f985,books/literary/publisher,mixed_restrictive_and_open_or_public,True,True,False,False,True,42,True,False,latin_or_other,199768,bbs.ca.gov;bbs.ca.gov.if;bbs.ca.govthis;cdc.gov;medbd.ca.govthis;ncbi.nlm.nih.gov;pai-ca.org;psychboard.ca.govthis;socialworkers.org
5092,6240f717f4df23649e46fdbeeea593755d80f6a22d65b293,corporate/financial/ESG,explicit_restrictive_notice,True,False,False,False,True,5244,True,False,han,16376,
5099,cfde8e0e7780b0799636fe1a5e4c0790c7b32a43b66f210e,books/literary/publisher,generic_copyright_or_bibliographic_marker,False,False,False,False,True,2047,True,False,latin_or_other,44958,medwriteinternational.com
5113,8faec02e3280123686d39681c36bc94cb28d46b99795baea,books/literary/publisher,explicit_restrictive_notice,True,False,False,False,True,636,True,False,latin_or_other,81902,
5122,af90debf47cf233f65027ae79c81c6ae7b393cedc4f27438,books/literary/publisher,explicit_restrictive_notice,True,False,False,False,True,217,True,False,latin_or_other,65768,lccn.loc.gov
5127,5f3df00c76fc5c1e42abf2844cf9c624cf8d7139ce35ed52,public-domain/library,explicit_public_domain_marker,False,False,True,False,True,434,True,False,latin_or_other,54642,pgdp.net
5130,937925a734ca2bec81c553f9cbe510e12ef19ffc85fef118,books/literary/publisher,generic_copyright_or_bibliographic_marker,False,False,False,False,True,60875,True,True,latin_or_other,156250,
5131,2476f3bf4a0e7bffc0a5bf12dc35ff6d6c8e2c59fce423e1,books/literary/publisher,explicit_restrictive_notice,True,False,False,False,True,9459,True,True,latin_or_other,40143,
5134,5fca454209af6968fffce2f0f6e9ec36fce66cd902f31013,software/code/technical-QA,explicit_restrictive_notice,True,False,False,False,True,10776,True,False,latin_or_other,26679,jhipster.github.io
5165,d6b4068ab3221636fd981dc8282052672c89ff1ee18ae3fd,government/legal/procurement,explicit_restrictive_notice,True,False,False,False,True,1077,True,False,han,35191,
5168,df60a16083137b1a0edadd0dbbe373499969d12581f13259,corporate/financial/ESG,explicit_restrictive_notice,True,False,False,False,True,2325,True,False,han,20059,
5185,be16efe0887c59b6d53822545508f8adab790cd5af2e9a0b,books/literary/publisher,explicit_restrictive_notice,True,False,False,False,True,37466,True,True,latin_or_other,53518,
5186,9ff0f665ffeb597225cdffdb91e56969da7ce2380aad7b6f,government/legal/procurement,generic_copyright_or_bibliographic_marker,False,False,False,False,True,84374,True,False,latin_or_other,84878,doi.org
5187,87048d4f6e25e4e2a3c00eaa1285df5bbd84906d1ae06b5a,government/legal/procurement,explicit_restrictive_notice,True,False,False,False,True,16786,True,False,latin_or_other,61684,adr.org
5195,28ff18ccf6fcfae08ad8ceba9769bc96685d5fb837ec86bd,books/literary/publisher,explicit_restrictive_notice,True,False,False,False,True,70154,True,False,latin_or_other,71871,macmillandigital.com.au;panmacmillan.com.au
5200,dc89de1151f1def23802d53862cd1668eedb53ae0382d803,government/legal/procurement,generic_copyright_or_bibliographic_marker,False,False,False,False,True,13108,True,False,han,78541,ccgp.gov.cn;creditchina.gov.cn
5219,325961321ceeaf66dd937d43f51f1e82bbff0b7e0f38b0e3,scholarly/research,generic_copyright_or_bibliographic_marker,False,False,False,False,True,430,True,False,latin_or_other,172588,docs.microsoft.com;microsoft.com;msdn.microsoft.com;rfc-editor.org
5225,9ff606131ec26ea110957350da40e01f67af753e93808858,manual/technical documentation,generic_copyright_or_bibliographic_marker,False,False,False,False,True,49,True,False,latin_or_other,205605,7-zip.org;conda.anaconda.org;docs.python.org;gzip.org;pypi.org;support.gurobi.com
5231,dc920d6a8886005c7ed28632f8d01b17fe3bd4b1f7f4ec18,books/literary/publisher,explicit_restrictive_notice,True,False,False,False,True,175,True,False,latin_or_other,83532,fsgbooks.com
5239,dcd564f0d747593af56e01ce2197f6bec4469b2c573e5392,government/legal/procurement,mixed_restrictive_and_open_or_public,True,False,True,False,True,72786,True,True,latin_or_other,182649,appft.uspto.gov;compcert.inria.fr;csrc.nist.gov;datatracker.ietf.org;dd-wrt.com;dwheeler.com;events.energetics.com;go.usa.gov;gpo.gov;grants.gov;grants.nih.gov;hhs.gov;iedison.gov;messagesystems.com;mvpos.sourceforge.net;nist.gov;nvl.nist.gov;oasis-open.org;openwrt.org;pcworld.com;rfc-editor.org;sam.gov;sbir.gov;sel4.systems;sunxacml.sourceforge.net;tools.ietf.org;tsapps.nist.gov;vcc.codeplex.com;wohlersassociates.com
5245,e9a362340afd0a1956a7a0d465ba06c6ca4061d652ff872c,books/literary/publisher,explicit_restrictive_notice,True,False,False,False,True,46,True,False,latin_or_other,90680,127sale.com;adetacher.com;alamedapointantiquesfaire.com;annexantiques.com;antiquecollectiblemarket.com;bddw.com;bellandbird.com;bellocchio.com;brimfieldshow.com;britexfabrics.com;bungalowclassic.com;chroniclebooks.com;clothhouse.com;colorassociation.com;couvertureandthegarbstore.com;creaturesofcomfort.us;dashwoodbooks.com;davidaustinroses.com;design-library.com;deveraobjects.com;doubledutchpress.com;edelkoort.com;floragrubb.com;fredsegal.com;goodnessgrows.com;iheartagora.com;jmdrygoods.com;johnderian.com;kinfolk.com;kioskkiosk.com;liberty.co.uk;library.harvard.edu;lostandfoundshop.com;makieclothier.com;martynthompsonstudio.com;maxfieldla.com;meletmercantile.com;nyartbookfair.com;nypl.org;okthestore.com;openingceremony.us;paularubenstein.com;petershamnurseries.com;pottertonbooksusa.com;roundtoptexasantiques.com;rwoodstudio.com;saipua.com;scottantiquemarket.com;selvedge.org;shopatgood.com;shopbird.com;shopterrain.com;shopworthwhile.blogspot.com;stevenalan.com;tedmuehling.com;totokaelo.com;tradingplaceamerica.com;treehousekidandcraft.com;uncommonobjects.com;wildflower.org;worldofinteriors.co.uk
5257,45d9a20af6777c0b5be2d237bbfa26ea1386fb301369e563,government/legal/procurement,generic_copyright_or_bibliographic_marker,False,False,False,False,True,13649,True,True,han,15530,
5258,d489b254b4bc91fc333835c33b3c924409a43ff9c5384f6f,books/literary/publisher,explicit_restrictive_notice,True,False,False,False,True,7,True,False,latin_or_other,47619,steppingstonesbooks.com
5259,ad2059bc720f14dc0ac3d6686a5471978062fc45b1e07f0e,books/literary/publisher,explicit_restrictive_notice,True,False,False,False,True,480,True,False,latin_or_other,51180,keinundaber.ch;profilebooks.com
5261,cd7cb8b9f5a5b7937a34de754325d77b7219d27eceea4b94,government/legal/procurement,generic_copyright_or_bibliographic_marker,False,False,False,False,True,52295,True,False,latin_or_other,52430,brownbook.net
5276,e02298915bda3a6334642aa3c5d6ba051c726b48af4f302c,books/literary/publisher,explicit_restrictive_notice,True,False,False,False,True,2631,True,False,latin_or_other,42721,kentuckypress.com
5277,2ea7a24fc3049a03234423be700f43a1db1484169fc1df4b,corporate/financial/ESG,generic_copyright_or_bibliographic_marker,False,False,False,False,True,26501,True,False,latin_or_other,89729,
5281,82a75a2811b7d2a20d41f8371247c48f1a81c724d0d78596,news/blog/general web,generic_copyright_or_bibliographic_marker,False,False,False,False,True,1975,True,False,latin_or_other,37704,
5283,db764b46275e52c706519af5866f465c4de6bf72a556f6b8,government/legal/procurement,generic_copyright_or_bibliographic_marker,False,False,False,False,True,1653,True,False,latin_or_other,159844,global.ihs.com
5284,b643d3926d1a1290d37b46897f1d4832f7185fd0225ad5f9,government/legal/procurement,generic_copyright_or_bibliographic_marker,False,False,False,False,True,23584,True,False,latin_or_other,127037,
5285,78dd6f2d71e5a2f612025edee3df541730c6db41d21dbf75,corporate/financial/ESG,generic_copyright_or_bibliographic_marker,False,False,False,False,True,121506,False,False,latin_or_other,148615,ftc.gov;gmnbr.org
5311,aa2dfaef61e9a8023384800d86cca6e4f894e20cc5ddc078,government/legal/procurement,generic_copyright_or_bibliographic_marker,False,False,False,False,True,61969,True,False,latin_or_other,90465,
5317,717c4b86b5c159e6a66bb741a39d7e09f94474df89b1eb36,government/legal/procurement,generic_copyright_or_bibliographic_marker,False,False,False,False,True,1096,True,False,latin_or_other,176861,
5329,c3dffc087bf709e9f76736a9d3b947e1a88ae71eebc99f53,software/code/technical-QA,generic_copyright_or_bibliographic_marker,False,False,False,False,True,385,True,False,latin_or_other,45972,ajax.googleapis.com;github.com
5335,d49c863d01b36b936531b85c17911ca04c3366ef5ec98f36,books/literary/publisher,mixed_restrictive_and_open_or_public,True,False,True,False,True,912,True,False,latin_or_other,75144,pgdp.net
5343,3f609c88331322b3163b8d4d392aa21090d62f1161a1f80c,books/literary/publisher,explicit_restrictive_notice,True,False,False,False,True,88,True,False,latin_or_other,61863,
5346,876a5e8f2bbf6ada5709c7040aa35933ce5b2244b3e3f43e,scholarly/research,generic_copyright_or_bibliographic_marker,False,False,False,False,True,88132,True,False,latin_or_other,191946,alert.msu.edu;app.smartsheet.com;apps.d2l.msu.edu;civilrights.msu.edu;cogs.msu.edu;cpr.heart.org;cstat.msu.edustudent;cstat.research.msu.edu;cstore.msu.edu;ctlr.msu.edu;d2l.msu.edu;deanofstudents.msu.edu;finaid.msu.edu;grad.msu.edu;grants.nih.gov;help.d2l.msu.edu;hr.msu.edu;hrpp.msu.edu;hrpp.msu.edu.student;isp.msu.edu;msu.edu;msu.enrollware.com;netid.msu.edu;nursing.msu.edu;oie.msu.edu;oiss.isp.msu.edu;ombud.msu.edu;ora.msu.edu;police.msu.edu;rcpd.msu.edu;reg.msu.edu;rio.msu.edu;rmi.msu.edu;skyscape.com;splife.studentlife.msu.edu;stuinfo.msu.edu;tech.msu.edu;tech.msu.edu.for;thecircle.sigmanursing.org;train.ora.msu.edu;uphys.msu.edu;uro.egr.msu.edu;writing.msu.edu
5378,50a07a1e5febea3f85b31b12aebe1524a24aa05c0a7d641c,books/literary/publisher,explicit_restrictive_notice,True,False,False,False,True,803,True,False,latin_or_other,47652,mcclelland.com
5379,0210432bf758878d37573ac9532a247425cb7ee08ffb9a38,books/literary/publisher,explicit_restrictive_notice,True,False,False,False,True,337,True,False,latin_or_other,55314,kubepublishing.com
5394,3e19068e95cbb6c85efd0b70601af6882d9d068dfae4e980,books/literary/publisher,explicit_public_domain_marker,False,False,True,False,True,109,True,False,latin_or_other,62694,bookviewcafe.com
5409,574a21e89e1569607dc15566dee5fdf623c9a1c739fc1b4b,books/literary/publisher,explicit_restrictive_notice,True,False,False,False,True,655,True,False,latin_or_other,53318,crossedneedles.co.uk;searchpress.com
5419,a35fae9271c4f76ed8909baed8e0d376721e5f19d8583aaf,scholarly/research,generic_copyright_or_bibliographic_marker,False,False,False,False,True,8218,True,False,latin_or_other,145357,apps.fas.usda.gov;gao.gov;medicalcountermeasures.gov;oie.int
5424,8664c9e66b10e499fd4d8e935317e74ba94bdb94f55526c5,books/literary/publisher,explicit_restrictive_notice,True,False,False,False,True,178,True,False,latin_or_other,64722,harpercollins.ca;harpercollins.co.nz;harpercollins.co.uk;harpercollins.com;harpercollins.com.au
5425,25ae6d38ab5288654c1fb442919243d282f863c2bcd41298,books/literary/publisher,explicit_restrictive_notice,True,False,False,False,True,63003,True,False,latin_or_other,64143,eharlequin.com
5433,884d1e713f7a3505a4e1735447e729a1727088de11c7c558,books/literary/publisher,explicit_restrictive_notice,True,False,False,False,True,127,True,False,latin_or_other,102458,eepurl.com;polyweekly.com
5434,99b120a8b9b25587e188b6270e52da17694534abbdfbce84,government/legal/procurement,explicit_restrictive_notice,True,False,False,False,True,504,True,False,han,98619,pep.com.cn
5445,4599dd4bf61bb8a687d6146aed1011a9ba9e8dd5b84a5372,books/literary/publisher,explicit_restrictive_notice,True,False,False,False,True,457,True,False,latin_or_other,32983,vemag-medien.de
5449,9a7686ab4ce4cd2c6e02b22b325e73b7d042f9775d921516,scholarly/research,generic_copyright_or_bibliographic_marker,False,False,False,False,True,1395,True,False,latin_or_other,142876,developmentpathways.co.uk;doi.org;ilo.org;legislation.gov.uk;missoc.org;social-protection.org;ssa.gov;transfer.cpc.unc.edu;unicef.org;worldbank.org
5459,fe4b7413545b92ed013587b66f11d227493aefe53bef5f16,books/literary/publisher,explicit_restrictive_notice,True,False,False,False,True,299,True,False,latin_or_other,81760,
5465,9973bae21dfdd509df5a79b55a7ce1282ed7de37ef4ca4a8,government/legal/procurement,explicit_restrictive_notice,True,False,False,False,True,61592,True,False,han,64005,cdggzy.com;wenshu.court.gov.cn
5482,7c317ff87d9af8440d8ea673752c95dbced6a17cc8fa8986,books/literary/publisher,explicit_restrictive_notice,True,False,False,False,True,526,True,False,latin_or_other,32310,amherstmedia.com;facebook.com;twitter.com;youtube.com
5484,b687bcdc32e6f6bf4d5047e536991ca34dfdf91f35c504cc,books/literary/publisher,explicit_restrictive_notice,True,False,False,False,True,279,True,False,latin_or_other,78419,facebook.com;picadorusa.com;theloveaffairsofnathanielp.com;twitter.com
5490,f3f9d1b3890b5d7f6c2ee7ad6d02f0036921eb86634b6fc4,books/literary/publisher,explicit_restrictive_notice,True,False,False,False,True,88340,True,False,latin_or_other,91041,amaco.com;artistsnetwork.com;dazian.com;fxwarehouseinc.com;puppeteers.org;puppetkit.com;smooth-on.com
5492,2df03cc625ea4d836e65cf3cbe77a5ae5a8e6a444a88bae4,books/literary/publisher,explicit_restrictive_notice,True,False,False,False,True,23956,True,False,han,24041,
5494,658ef1d77fa399384b464d6f20ccebe9766026054bd6182e,scholarly/research,generic_copyright_or_bibliographic_marker,False,False,False,False,True,115,True,False,latin_or_other,71426,
5496,f4f49013f5717db720da13c6582bf96cbf449fc7d3d063d2,books/literary/publisher,generic_copyright_or_bibliographic_marker,False,False,False,False,True,1137,True,True,latin_or_other,73139,esa.un.org;unpopulation.org;www12.statcan.gc.ca
5511,1edb740724e78417fdd97c4d2cf43d25e56c48c82ce0c30b,books/literary/publisher,explicit_restrictive_notice,True,False,False,False,True,42115,True,True,latin_or_other,42648,chroniclebooks.com
5513,2caf68feb4c8608725eefb7990ae5bf2c6c5ad98cc28b73a,scholarly/research,generic_copyright_or_bibliographic_marker,False,False,False,False,True,16980,True,False,latin_or_other,37885,hobbick.com
5514,aee3e23242671c5d342e7e28a5966fc152637e83b2af1466,books/literary/publisher,explicit_restrictive_notice,True,False,False,False,True,221816,False,True,latin_or_other,252067,amsn.org;calstate.edu;ccneaccreditation.org;cdph.ca.gov;csyou.calstate.edu;ehealthinsurance.com;libguides.sjsu.edu;ncsbn.org;nsna.org;nso.com;one.sjsu.edu;rn.ca.gov;sa.sjsu.edu;sjsu.edu;www2.ed.gov
5516,c0c8bb5af9e24233452dcf2ab56ba70d3b03aa6705099b9f,books/literary/publisher,generic_copyright_or_bibliographic_marker,False,False,False,False,True,417,True,False,latin_or_other,32408,
5518,ef9ce972154e1dcf5bda07c7cea73b6bdd1085684da10f13,scholarly/research,generic_copyright_or_bibliographic_marker,False,False,False,False,True,23537,True,False,latin_or_other,202668,arxiv.org;ftp3.itu.int;hevc.hhi.fraunhofer.de;iso.org;itscj.ipsj.or.jp;itu.int;jvet.hhi.fraunhofer.de;lists.rwth-aachen.de;mpeg.expert;phenix.int-evry.fr;tech.ebu.ch;vcgit.hhi.fraunhofer.de;vcgit.hhi.fraunhofer.dethe;wftp3.itu.int
5521,60870ba75704390da6b7a3691c2ba0569a405933a14584b1,books/literary/publisher,explicit_restrictive_notice,True,False,False,False,True,30,True,False,latin_or_other,176705,
5524,fe92336cdf7883aa12eab650e45bb86aec7b3078f2ddaffc,government/legal/procurement,generic_copyright_or_bibliographic_marker,False,False,False,False,True,81,True,False,han,35889,zh.wikisource.org
5529,ad40f987115a1338956261fb547399f841bcf9609f84fa96,government/legal/procurement,generic_copyright_or_bibliographic_marker,False,False,False,False,True,1256,True,False,latin_or_other,208022,
5530,1c8cc9cdc3366295ed7f0866e3527a34fd5558127a1a31d7,government/legal/procurement,generic_copyright_or_bibliographic_marker,False,False,False,False,True,10113,True,True,han,63765,
5543,820a14a63ac89a3660b65eb678df301ac456870143f88021,books/literary/publisher,explicit_restrictive_notice,True,False,False,False,True,126,True,False,latin_or_other,83800,dummies.com;wiley.com
5548,463ca59da63e55f4b02c39483e64b9f3ce5ec3a7419d3801,books/literary/publisher,explicit_restrictive_notice,True,False,False,False,True,382,True,False,latin_or_other,49402,
5559,a8677951c8b7af4b899e4b2ea7622626a02b16ecaaafd0a4,government/legal/procurement,generic_copyright_or_bibliographic_marker,False,False,False,False,True,5158,True,False,latin_or_other,197653,adminpubs.tradoc.army.mil;alsa.mil;alu.army.mil;archives.gov;arims.army.mil;arims.army.mil.appendix;armypubs.army.mil;assistca.dla.mil;atiam.train.army.mil;dtms.army.mil;esd.whs.mil;hq.tradoc.army.mil;intranet.tradoc.army.mil;jcs.mil;jdeis.js.mil;milsuite.mil;nso.nato.int;passport.apan.org;safe.apps.mil;td2.tradocapps.army.mil;usacac.army.mil;whitehouse.gov
5562,b557e77ce460a0402c4124f535434dfcc768ec5a37a96f26,books/literary/publisher,explicit_restrictive_notice,True,False,False,False,True,744,True,False,latin_or_other,130622,kmedic.com
5588,3218869545611c8f3154b69e4262e10317083b6259b6cb50,government/legal/procurement,explicit_restrictive_notice,True,False,False,False,True,23727,True,False,han,23889,
5602,14f8c0ffa0dfe96eaa9c5b639b330f3a33baac5b7638f4cb,scholarly/research,explicit_open_licence_marker,False,True,False,False,True,17531,True,False,latin_or_other,135218,asian-efl-journal.com;casebuilder.rhet.ualr;iwca-swca.org;jalt-publications.org;ksuweb.kennesaw.edu;mawcaconference.wix.com;midwestwritingcenters.orgmid;praxisuwc.com;sciencedirect.com;sites.google.com;support.google.com;ted.com;wpacouncil.org;writingcenters.eusample;writingcenters.orgthe
5610,e20d4bad330b55131a49104de59ad57569098b8592c03c9a,government/legal/procurement,explicit_restrictive_notice,True,False,False,False,True,585,True,False,latin_or_other,228601,cdc.gov;climate.ok.gov;data.census.gov;doi.org;shareok.org;wwwn.cdc.gov
5611,0345c615a42186bbe469b106d5ee2a1803eabf7ff56b2eae,scholarly/research,generic_copyright_or_bibliographic_marker,False,False,False,False,True,221604,False,False,latin_or_other,246433,
5615,799a9f1786d747e0db9424361b49501cd54b6080aa114821,books/literary/publisher,explicit_restrictive_notice,True,False,False,False,True,873,True,False,latin_or_other,115625,simonspeakers.com
5623,8366996f34210175066e6ed495cf803ccc3e4e9ae1d231e9,scholarly/research,generic_copyright_or_bibliographic_marker,False,False,False,False,True,53428,True,False,latin_or_other,242422,aln.org;astd.org;citeiournal.org.sousa;citeseerx.ist.psu.edu;csrnet.org;docebo.com;doi.org;dx.doi.org;dx.doi.org.ezproxylocal.library.nova.edu;educause.edu;elearningindustry.com;elearnspace.org;firstmonday.dk;globalacademicgroup.com;go.edc.org;hanoverresearch.com;hayresourcesdirect.haygroup.com.kolb;hbdi.com;history.aauw.org;humanbrainproject.eu;huntlibrary.erau.edu;jstor.org;news.erau.edu;noellevitz.com;oecd.org;onlinelearningsurvey.com;projectguru.in;search.proquest.com.ezproxylocal.library.nova.edu;sites.erau.edu;styluspub.comto;tandfonline.com;tojet.net;tsi.lv;uis.unesco.org;unesdoc.unesco.org;unizd.hr;usdla.org;web.stanford.edu;www2.ed.gov;www2.uwstout.edu
5634,acecdc8f7f81770f2292ff242f623d0ca0aa9f062c1874a6,scholarly/research,explicit_restrictive_notice,True,False,False,False,True,230965,False,False,latin_or_other,231648,5050foundation.edu.au;as.nyu.edu;atrium.lib.uoguelph.ca;behaviouraleconomics.pmc.gov.au;canada.ca;citeseerx.ist.psu.edu;diva-portal.org;djpr.vic.gov.au;doi.apa.org;doi.org;dspace.library.uu.nl;dx.doi.org;eaces.liuc.it;econstor.eu;erepo.usiu.ac.ke;ethos.bl.uk;europarl.europa.eu;giwl.anu.edu.au;hbsp.harvard.edu;hdl.handle.net;highpaycentre.orgkotsadam;highpaycentre.orgmaganelli;home.kpmg;humanrights.gov.au;jstor.org;kcl.ac.uk;legislation.vic.gov.au;mpra.ub.uni-muenchen.de;papers.ssrn.com;pewresearch.org;premier.vic.gov.au;proquest.com;researchgate.net;rochester.edu;safeworkaustralia.gov.au;scholarship.claremont.edu;scholarworks.lib.csusb.edu;search.ebscohost.com;stats.oecd.org;unimelb.edu.au;vic.gov.au;vpsc.vic.gov.au;wgea.gov.au
5641,b9741413fbac1f89d56455dd509a960699e2e0ef32514b2c,scholarly/research,generic_copyright_or_bibliographic_marker,False,False,False,False,True,2563,True,True,latin_or_other,113672,1864hampshire.co.uk;anchor.org.uk;ecb.co.uk;platinumcars.net;thedementiatrainingcompany.co.uk;usupport.org.uk
5657,fd7824128806a3ed8a163ed24b79a0ec81c1d0323330e598,books/literary/publisher,explicit_restrictive_notice,True,False,False,False,True,4,True,False,latin_or_other,96269,pushkinpress.com
5662,4251b3a6756e8ccb37f1f654b032d4264d04fe73f5b38733,government/legal/procurement,explicit_open_licence_marker,False,True,False,False,True,1304,True,False,latin_or_other,213564,creativecommons.org;iristech.co
5668,aed0285f908193b763d0de21c6d4e83375d35ced01ef1191,news/blog/general web,generic_copyright_or_bibliographic_marker,False,False,False,False,True,1261,True,False,latin_or_other,63545,
5671,0fcff6bb6ee19e6a0374f96722437b5ad2686eaf34339765,books/literary/publisher,explicit_restrictive_notice,True,False,False,False,True,146,True,False,latin_or_other,31106,
5672,6b69b77a8a27f8ec2d9c03f6b4b7d95f803d9aeadac52866,books/literary/publisher,explicit_public_domain_marker,False,True,True,False,True,94,True,True,latin_or_other,133228,
5677,627f4c0ff73fd5d5bef49757eb76f47a037fcf7a796d7801,books/literary/publisher,explicit_restrictive_notice,True,False,False,False,True,166045,False,False,latin_or_other,166342,aim.cast.org;edu.gov.on.ca;w3.org
5678,7f87e307742d3e4722b3e5d0619e0124cf4bf4bff3af5a2b,scholarly/research,explicit_restrictive_notice,True,False,False,False,True,71925,True,False,latin_or_other,72816,aaknopf.com
5685,ab00c7a1c90cefb084072bc23bc37b6cc45d0d9ea218b18f,government/legal/procurement,generic_copyright_or_bibliographic_marker,False,False,False,False,True,39449,True,False,latin_or_other,120432,
5695,dcb64eb486297ca804bc9ceec24adf3b8e12527691998e02,corporate/financial/ESG,generic_copyright_or_bibliographic_marker,False,False,False,False,True,48515,True,False,latin_or_other,49350,tryllian.com
5705,0b63149c215fc3b0dbd03831d4daed5f5578688b727f43f2,books/literary/publisher,explicit_public_domain_marker,False,False,True,False,True,10570,True,True,latin_or_other,34483,davidatodd.com;deborahgoemans.blogspot.com;ebookwritermagnet.blogspot.com;kianadavenportdialogues.blogspot.com;smashwords.com;youtube.com
5706,80ad816b1c6b2c2cac58cbf3aad654555eee27ae0faa05d6,scholarly/research,explicit_restrictive_notice,True,False,False,False,True,73763,True,False,latin_or_other,75405,accesscopyright.ca;jordantannahill.com;marquisent.ca
5708,82647e4fe9a6709dfef4ff155f64525b2953d53986580f02,scholarly/research,generic_copyright_or_bibliographic_marker,False,False,False,False,True,29474,True,True,latin_or_other,49252,abluesky.com;applemusic.com;avid.com;bias-inc.com;blinkdigital.com;bluemic.com;bss.co.uk;clubmobius.com;cycling74.com;digidesign.com;focusrite.com;furmansound.com;genexaudio.com;gibson.com;icia.org;indiemusicclub.com;johnoram.com;mackie.com;martin-audio.com;merging.com;mil-media.com;musicchoice.com;oram.co.uk;primesounds-cd.com;solid-state-logic.com;soundart-hot.com;soundminer.com;steinbergerworld.com;studionetworksolutions.com;syntrillium.com;transaudiogroup.com;tridentaudio.co.uk;turbosound.comor;yamaha.com
5710,c192a7d2b8ecc90f3840c0711717b931c94a991c6c48c4d2,books/literary/publisher,explicit_restrictive_notice,True,False,False,False,True,133,True,False,latin_or_other,44945,summersdale.com
5713,b2f228060dd443a8b4a193f7dc5077fdd97ad570b39e1257,scholarly/research,explicit_restrictive_notice,True,False,False,False,True,146160,False,False,latin_or_other,194159,accessece.org;afscme.org;aft.org;arteducators.org;ccsso.org;cdacouncil.orgcouncil;cec.sped.org;ceedar.education.ufl.edu;childcareaware.org;dec-sped.org;deccecpersonnelstandards.org;developingchild.harvard.edu;developingchild.harvard.edu.copley;docs.education.gov.au;doi-org.libproxy.nau.edu;doi.org;dx.doi.org;earlyeducatorcentral.acf.hhs.gov;ececonsortium.org;eclkc.ohs.acf.hhs.gov;ecrp.uiuc.edu;erikson.edu;files.eric.ed.gov;highscope.org;iris.peabody.vanderbilt.edu;lincs.ed.gov;medicine.yale.edu;medium.com;mindinthemaking.org;naeyc.org;nafcc.org;nationathope.org;nbpts.org;nces.ed.gov;nea.org;nhsa.org;nieer.org;npdci.fpg.unc.edu;seiu.org;thenicholsonfoundation.org;urbanchildinstitute.org;www2.ed.gov;zerotothree.org
5716,2ee8656ba094ff1a4ed8c6db3a31bcbd3d3398949f3fb6e4,government/legal/procurement,generic_copyright_or_bibliographic_marker,False,False,False,False,True,52146,True,True,latin_or_other,52323,bland.k12.va.us;dx.doi.org;triple-c.at
5725,f807e894cc26aafc94870cf305666ae3d2a98e7d782c5d39,scholarly/research,mixed_restrictive_and_open_or_public,True,False,True,False,True,115,True,False,latin_or_other,79024,coax.net;examiningtuskegee.com;huffingtonpost.com;lancet.com;tuskegee.edu
5727,75b246851f901bf40d2e2f7e0cfb50168fa39e2837455470,books/literary/publisher,explicit_restrictive_notice,True,False,False,False,True,1281,True,False,latin_or_other,58580,archive.org;pgdp.net
5741,4eeb8b2d02912c1d1090d01e0d812b11800dfa72dd810015,government/legal/procurement,generic_copyright_or_bibliographic_marker,False,False,False,False,True,0,True,True,latin_or_other,38681,
5749,863d5c37bfac8848c161f4404a7056085fa62902a28041a2,scholarly/research,explicit_open_licence_marker,False,True,False,False,True,1494,True,False,latin_or_other,58549,
5766,35073365a11c7086ce81fc5adb94fe130d0cd162ce879e11,news/blog/general web,explicit_restrictive_notice,True,False,False,False,True,31620,True,False,latin_or_other,32158,afourthlife.blogspot.com;paulettesprettypapercrafts.wordpress.com;scrap-a-doodle-designs.blogspot.ca
5774,742e67e1f2ebfb7dd75489df0996e802795512324bd7b34e,books/literary/publisher,generic_copyright_or_bibliographic_marker,False,False,False,False,True,656,True,False,latin_or_other,84205,arcadiapublishing.com;imagesofamerica.com
5778,c9f52cec38069b6ca476ffcdf79f5329ee078f514fcc0bed,scholarly/research,generic_copyright_or_bibliographic_marker,False,False,False,False,True,32021,True,False,latin_or_other,35420,
5784,542c83db198e5e20f4c27b953ff8d980b1f91019156b3d1b,scholarly/research,generic_copyright_or_bibliographic_marker,False,False,False,False,True,56137,True,False,latin_or_other,195732,ansi.org;astm.org;cdc.gov;ieee.org;littelfuse.com;nema.org;nfpa.org;nsc.org;osha.gov;ul.com
5799,72e6f5ebbae13b3e442aad62179b48c80552f4936e41bdbd,books/literary/publisher,explicit_restrictive_notice,True,False,False,False,True,113,True,False,latin_or_other,86667,byourowncoach.com;dmtraining.net;jgsalespro.com;soundwisdom.com
5806,41c68bf9c9310279f5c04096bb43c4f99e364b52de1b946b,books/literary/publisher,explicit_restrictive_notice,True,False,False,False,True,120,True,False,latin_or_other,107309,citypointpress.com;data.worldbank.org;databank.worldbank.org;esa.un.org;newsecuritybeat.org;prb.org;premedhq.com;un.org;worldbank.org
5820,644edfc1fae28fa72b700c8160bb804d4036117aeddafd8d,scholarly/research,generic_copyright_or_bibliographic_marker,False,False,False,False,True,552,True,False,latin_or_other,34937,
5822,733f899c9b5c27818756b3ef1e860bce585d959a7ae71fc6,books/literary/publisher,explicit_restrictive_notice,True,False,False,False,True,2,True,False,latin_or_other,89204,lccn.loc.gov;lernerbooks.com
5824,9dacbd758544072c8bedaae631f31fc14f3ffe4e6009ea5b,books/literary/publisher,explicit_restrictive_notice,True,False,False,False,True,37,True,False,latin_or_other,69147,
5830,eb7781a2c047f4a2682107c8423800f1bc242b338abad0c0,scholarly/research,explicit_restrictive_notice,True,False,False,False,True,1685,True,False,latin_or_other,221827,act.org;archives.gov;doi.org;eric.ed.gov;gibill.va.gov;nces.ed.gov;nsf.gov;scholarworks.umass.edu;studentaffairs.com;wwww.design.ncsu.edu
5843,db97aa09137536f00a43b792027dc106f1866b146c1447c5,government/legal/procurement,explicit_open_licence_marker,False,True,False,False,True,3787,True,False,latin_or_other,42125,doi.org
5860,ccd89e59711fdfaef4c29a1e1862e513e8dfaeafea5f86ac,books/literary/publisher,explicit_restrictive_notice,True,False,False,False,True,604,True,False,latin_or_other,47604,adamsmedia.com
5867,06a1b00c9cfdb47d67eddaf225b55a6489ddeb8320d7a941,news/blog/general web,explicit_restrictive_notice,True,False,False,False,True,48882,True,False,latin_or_other,50392,bloomsbury.com;bloomsburyacademicusa.com;methuendrama.com
5873,0e32686ac84088656ceb31fc98aea8f2c2637f12e46d5f38,government/legal/procurement,explicit_restrictive_notice,True,False,False,False,True,41602,True,False,latin_or_other,228500,dca.ga.gov;gsfic.georgia.gov;usg.edu
5875,95053972cfd6963f7efd5347723abb1c3494bc7a4193d5b2,books/literary/publisher,explicit_restrictive_notice,True,False,False,False,True,37,True,True,latin_or_other,64290,
5891,5410227fe1296c265a3f1ad8147786e66405e1c758890b54,government/legal/procurement,explicit_public_domain_marker,False,False,True,False,True,101743,True,False,latin_or_other,169409,abtassociates.com;acf.hhs.gov;archive.constantcontact.com;bls.gov;businessroundtable.org;careerclusters.org;careeronestop.org;careertech.org;ccrc.tc.columbia.edu;ccwd.oregon.gov;clasp.org;cte.ed.gov;dol.gov;doleta.gov;files.eric.ed.gov;fordfoundation.org;innovation.workforce3one.org;jff.org;joycefdn.org;kansasregents.org;knowledgecenter.completionbydesign.org;league.org;learnwork.workforce3one.org;lincs.ed.gov;manpowergroup.us;mathematica-mpr.com;mdrc.org;mypathcareers.org;nga.org;occrl.illinois.edu;oecd.org;publications.sreb.org;research.upjohn.org;s3.amazonaws.com;sbctc.ctc.edu;sbctc.edu;skills.oecd.org;sreb.org;tc.columbia.edu;urban.org;wdr.doleta.gov;whitehouse.gov;www2.deloitte.com;www2.ed.gov
5893,eb088e5ed976ef35685a7a7ec15cc6a76511ce8e103e72b4,scholarly/research,generic_copyright_or_bibliographic_marker,False,False,False,False,True,770,True,False,latin_or_other,174435,acas.org.uk;careerbuilder.co.uk;careerbuilder.com;employment-studies.co.uk;hrmagazine.co.uk;is2.lse.ac.uk;potentialpark.com;shrm.org;success.simplyhired.com;uk.nigelwright.com;web.jobvite.com
5907,e2b3ad867706dfd0d368be1e42e43b4b6e237e475cf424c5,scholarly/research,generic_copyright_or_bibliographic_marker,False,False,False,False,True,348,True,False,latin_or_other,41080,r-project.org
5912,5b213904ec5319641ea71914bc3c2eba314e58016a142913,books/literary/publisher,explicit_restrictive_notice,True,False,False,False,True,431,True,False,latin_or_other,74939,authortracker.com;harpercollinsebooks.ca;harpercollinsebooks.co.nz;harpercollinsebooks.co.uk;harpercollinsebooks.com;harpercollinsebooks.com.au
5916,0097bfb86ac43341c686a23a589ecf13461ea97dc077e490,books/literary/publisher,explicit_restrictive_notice,True,False,False,False,True,485,True,False,latin_or_other,29821,wesleyan.edu
5917,871db1ef97ae4ba026e74992b87ce6728bb531887b4f33cf,books/literary/publisher,explicit_restrictive_notice,True,False,False,False,True,95726,True,False,latin_or_other,100462,
5918,ec9ff46cc5b6e44ebb9581ed9493cbfbc941fee30cca60cb,books/literary/publisher,generic_copyright_or_bibliographic_marker,False,False,False,False,True,930,True,False,latin_or_other,113254,arcadiapublishing.com;bocahistory.org;pbchistoryonline.org
5928,a673f14d0b383b3404c47c1b37ef4146cf9cd0328a5680c8,scholarly/research,generic_copyright_or_bibliographic_marker,False,False,False,False,True,16171,True,False,latin_or_other,41250,
5946,9c2292754a051686c024cb36d376404df4177ad9b1f10eb5,books/literary/publisher,generic_copyright_or_bibliographic_marker,False,False,False,False,True,96,True,False,latin_or_other,51920,
5947,1fd5910a0522db6dca8d4dd55d0e310b5facd747366fe59a,books/literary/publisher,explicit_restrictive_notice,True,False,False,False,True,834,True,False,latin_or_other,76435,links.penguinrandomhouse.com
5954,b90593905ea24be4f3613dd38d11108b4028504160f878d6,books/literary/publisher,mixed_restrictive_and_open_or_public,True,True,False,False,True,6,True,False,latin_or_other,183531,adminrules.idaho.gov;advance.lexis.com;akleg.gov;alisondb.legislature.state.al.us;app.leg.wa.gov;apps.legislature.ky.gov;arc-sos.state.al.us;arkleg.state.ar.us;azleg.gov;billstatus.ls.state.ms.us;capitol.hawaii.gov;capitol.texas.gov;capitol.tn.gov;cga.ct.gov;code.dccouncil.us;code.wvlegislature.gov;codes.ohio.gov;commerce.alaska.gov;delcode.delaware.gov;docs.legis.wisconsin.gov;gencourt.state.nh.us;iga.in.gov;ilga.gov;kslegislature.org;ksrevisor.org;law.justia.com;law.lis.virginia.gov;lawfilesext.leg.wa.gov;laws.flrules.org;le.utah.gov;leg.mt.gov;leg.state.co.us;leg.state.fl.us;leg.state.nv.us;leg1.state.va.us;leginfo.legislature.ca.gov;legis.delaware.gov;legis.ga.gov;legis.iowa.gov;legis.la.gov;legis.nd.gov;legis.state.pa.us;legislation.nysenate.gov;legislature.idaho.gov;legislature.maine.gov;legislature.mi.gov;legislature.vermont.gov;lims.dccouncil.us;lis.njleg.state.nj.us;mainelegislature.org;malegislature.gov;mgaleg.maryland.gov;mylrc.sdlegislature.gov;ncleg.gov;ndlegis.gov;nebraskalegislature.gov;njleg.state.nj.us;nmlegis.gov;nmonesource.com;oklegislature.gov;olis.oregonlegislature.gov;op.nysed.gov;oregon.public.law;pharmacy.la.gov;pharmacyboard.arkansas.gov;revisor.mn.gov;revisor.mo.gov;scstatehouse.gov;sdlegislature.gov;senate.mo.gov;texas.public.law;wdoc.house.leg.state.mn.us;webserver.rilin.state.ri.us;webserver1.lsb.state.ok.us;wvlegislature.gov;wyoleg.gov
5957,a709e841f07edb32a46f86330fdc94961a1f039c24f0d1f1,software/code/technical-QA,generic_copyright_or_bibliographic_marker,False,False,False,False,True,5717,True,False,latin_or_other,16524,developer.mozilla.org;joda.org
5960,d3a33cf4773778d9add0d1970f2833345a63515716160c08,books/literary/publisher,explicit_restrictive_notice,True,False,False,False,True,133,True,False,latin_or_other,56163,
5965,37a1ea2fad4c4244e30132ba9632452f2326498b307a00bf,government/legal/procurement,generic_copyright_or_bibliographic_marker,False,False,False,False,True,59325,True,False,latin_or_other,59393,
5974,3aab8d13217179672a4aa3e5050484aa476e5c523dc78086,books/literary/publisher,explicit_restrictive_notice,True,False,False,False,True,128,True,False,latin_or_other,69748,dillonscott.com;puffin.co.uk;puffinbooks.com
5975,ccb33aa2ef97aa3875bca3dbe1582a9dbbfb8a4673527e1f,government/legal/procurement,explicit_restrictive_notice,True,False,False,False,True,64212,True,False,han,81637,caitec.org.cn;ccci.org.cy;china-ofdi.org;investcyprus.org.cy;law.gov.cy;mcit.gov.cy;mcw.gov.cy;mfa.gov.cy;mjpo.gov.cy;mlsi.gov.cy;moa.gov.cy;mod.gov.cy;moec.gov.cy;mof.gov.cy;moh.gov.cy;moi.gov.cy;numbeo.com;oeb.org.cy;presidency.gov.cy;sinosure.com.cn
5976,9445f3522613dadfdccdfcaf2a4632c2e68b222268220137,books/literary/publisher,generic_copyright_or_bibliographic_marker,False,False,False,False,True,192,True,False,latin_or_other,105929,atlanticwhiteshark.org;hmhco.com;lesleyrochat.com;mass.gov;ocearch.org;stopsharkfinning.net
5980,e4194c6426d24ff7358ae42fa2889f783ce1502496f6ae08,books/literary/publisher,explicit_restrictive_notice,True,False,False,False,True,90,True,False,latin_or_other,34198,hmhco.com
5984,bb7fda0f3d9a1cb36d822920802fec46d7a8e5b85bf50fec,news/blog/general web,generic_copyright_or_bibliographic_marker,False,False,False,False,True,2693,True,False,latin_or_other,72211,
5985,b9c45414608490a03588804e3aa049010f9c2c7eb2648863,books/literary/publisher,explicit_restrictive_notice,True,False,False,False,True,2543,True,False,latin_or_other,55025,links.penguinrandomhouse.com
5998,94622eab98156d1a39eb42416cee0ae9224bcc5ce4f7179b,books/literary/publisher,explicit_open_licence_marker,False,True,False,False,True,241,True,True,latin_or_other,194403,aspergers.ca;astridvanwoerkom.wordpress.com;aucd.org;autism.org.uk;autismspeaks.org;autisticadvocacy.org;autreat.com;ballastexistenz.wordpress.com;dcp.bps.org.uk;dsm5.org;groundreport.com;health.govt.nz;iacc.hhs.gov;moh.govt.nz;nimh.nih.gov;nzcmhn.org.nz;psychiatry.org;psychology.org.nz;smh.com.au
6003,a6d6fdf3a291af195d29c8e7812439108dbecb1ea03b80da,scholarly/research,generic_copyright_or_bibliographic_marker,False,False,False,False,True,45027,True,False,latin_or_other,114587,
6008,622f51f1f80958b824725222890931719a5d6b85ec2ca7c9,books/literary/publisher,explicit_restrictive_notice,True,False,False,False,True,76443,True,False,latin_or_other,78563,currency.com.au
6012,0daa1e0e520e0cce645fee7f1b4d8d8e1acf76fb8cc27ab2,books/literary/publisher,explicit_restrictive_notice,True,False,False,False,True,480,True,False,latin_or_other,106622,designbliss.nl;secretum-mundi.com;tahirshah.com
6028,f6fc97cc9a5194c4e73fa869a7ec4bbc978ffc9b54f80734,scholarly/research,generic_copyright_or_bibliographic_marker,False,False,False,False,True,382,True,False,latin_or_other,130530,aed.ece.org;bphc.hrsa.gov;brookespublishing.com;fpg.unc.edu;headstartinfo.org;m-w.com;worldbank.org;xtria.com
6049,69eb02218f158ac7f442394e1c20636217c0eb0c51e1c878,government/legal/procurement,generic_copyright_or_bibliographic_marker,False,False,False,False,True,11725,True,False,han,13998,
6057,622b29a801864c1fb162429ff3eb30ea9ec4854d3bf1e0ae,corporate/financial/ESG,explicit_restrictive_notice,True,False,False,False,True,12531,True,False,han,12627,fzsz.com.cn
6058,ee524cb14fee4faf6ad423435d837a30ae9ffcbc4a413c7f,software/code/technical-QA,generic_copyright_or_bibliographic_marker,False,False,False,False,True,28522,True,False,latin_or_other,41967,primeforlife.org;ups.com
6060,1a73b4644ceb88f017a684026ee6bcfe84881c5fab574700,scholarly/research,generic_copyright_or_bibliographic_marker,False,False,False,False,True,115,True,False,latin_or_other,63033,
6073,196a4731b5260d1c963670e9fc2565d32b118bf7c2666af1,books/literary/publisher,explicit_public_domain_marker,False,False,True,False,True,641,True,False,latin_or_other,69248,pgdp.net
6084,1d44dca635d0fe1e1c7436b6b51ac7f54f462db7734facae,books/literary/publisher,explicit_restrictive_notice,True,False,False,False,True,76360,True,False,latin_or_other,77052,jenniferweiner.com;simonandschuster.com;simonspeakers.com
6097,44226e2662dfb2f54dcf2ce0df1e75544e6f6fd01f5ee827,books/literary/publisher,explicit_restrictive_notice,True,False,False,False,True,1768,True,False,latin_or_other,74073,periplus.com;tuttlepublishing.com
6100,92087705fb419f66730a209e549371971ccdfe84e8028dba,government/legal/procurement,generic_copyright_or_bibliographic_marker,False,False,False,False,True,205278,False,False,latin_or_other,228306,
6106,b340742ddc715da33a1df9e7f4b59da5920edb96f8379849,news/blog/general web,generic_copyright_or_bibliographic_marker,False,False,False,False,True,2364,True,False,latin_or_other,37488,sabrina-andrea-sachs.com
6117,c9bbe07314e7a9707f9c2071f3a5d9ff893d7f83c2a4bc11,government/legal/procurement,generic_copyright_or_bibliographic_marker,False,False,False,False,True,12846,True,False,latin_or_other,127182,deweyshaftemnhowe.com
6118,41560841f15ca5e684ee45a072c7bd62f699fec2e14c730a,books/literary/publisher,explicit_restrictive_notice,True,False,False,False,True,376,True,False,latin_or_other,100048,pushkinpress.com
6120,9d53a649ed9815f6b3c7c3838574dd2780e62c7359c6c5ee,books/literary/publisher,explicit_restrictive_notice,True,False,False,False,True,90768,True,False,latin_or_other,97720,1913strike.mtu.edu;archive.org;calumettheatre.com;cmgww.com;coppercountryexplorer.com;en.wikipedia.org;ethnicity.lib.mtu.edu;facebook.com;factfinder2.census.gov;geo.mtu.edu;ghosteyes.com;hunts-upguide.com;jacobsvillebooks.com;keweenaw.info;lisashiel.com;mlhs.wayne.edu;mtu.edu;mysteriousheartland.com;nps.gov;pasty.com;uppermichiganssource.com;usahockeymagazine.com
6125,77436fdeda56862a7422b8fc805cf2b6a938fab1387bbd65,government/legal/procurement,generic_copyright_or_bibliographic_marker,False,False,False,False,True,25978,True,False,latin_or_other,137058,ftc.gov;justice.gov
6126,046509149deefa79edcf5242d638cd491a0dec938153c10d,books/literary/publisher,explicit_restrictive_notice,True,False,False,False,True,96,True,False,latin_or_other,67700,skyhorsepublishing.com
6139,6727c0136b7678c8dafed99c7295bd96f16b14c8ffa5c399,books/literary/publisher,generic_copyright_or_bibliographic_marker,False,False,False,False,True,90398,True,False,latin_or_other,141410,canton.edu;highered.nysed.gov;justice.gov;researchguides.canton.edu;s3.amazonaws.com;socialresearchmethods.net;textbooks.opensuny.org
6142,4448836f58c2b69151cede428663175f1192ce162345c444,scholarly/research,explicit_restrictive_notice,True,False,False,False,True,5222,True,False,latin_or_other,90486,penguin.com
6149,51605f16cea311695995f6ced7d716ac38f61a08720ad8c3,books/literary/publisher,explicit_restrictive_notice,True,False,False,False,True,63496,True,False,latin_or_other,64050,
6155,847df671be9c1a3c915a7368426ae01da6fc033872fe80dc,books/literary/publisher,explicit_restrictive_notice,True,False,False,False,True,427,True,False,latin_or_other,92538,thebignest.co.uk
6165,9fe4c0f81739d8d1f1102fdd74a6120ef36b6c5ea48914da,books/literary/publisher,explicit_restrictive_notice,True,False,False,False,True,50437,True,False,latin_or_other,51965,storey.com
6172,528eb04a9d3ba6936e9f41f7029f57febba5a09513b672aa,news/blog/general web,generic_copyright_or_bibliographic_marker,False,False,False,False,True,57273,True,False,latin_or_other,58380,badische-zeitung.de;bbc.co.uk;bettycrocker.com;biblehub.com;buzzfeed.com;cluesforum.info;davidicke.com;en.wikipedia.org;forum.davidicke.com;kingjamesbibleonline.org;news.bbc.co.uk;olympic.org;sporthorse-data.com;telegraph.co.uk;wakingtimes.com;youtube.com
6177,e5b0047b56bdd16e6c80771275351922fa78e6de6c34aef4,books/literary/publisher,explicit_restrictive_notice,True,False,False,False,True,52355,True,False,latin_or_other,53021,penguin.co.uk;penguin.com
6184,8aef42042adb5364bcd2b45c411e576c6883d25a38bfc038,manual/technical documentation,explicit_restrictive_notice,True,False,False,False,True,898,True,False,latin_or_other,162650,comsol.com
6191,d6cdd15028e14326a4a19220f3b5cdd587f915c990730c8f,scholarly/research,explicit_restrictive_notice,True,False,False,False,True,96213,True,False,latin_or_other,96973,bakerross.co.uk;cicobooks.com;craftsetc.com;craftsitedirectory.com;creativekidscrafts.com;diy.com;harrodhorticultural.com;hobbycraft.co.uk;hobbylobby.com;homecrafts.co.uk;jparkers.co.uk;kidscraftsupplies.com;littlegreenfingers.com;michaels.com;onlineshells.co.uk;ssww.com;uk.freecycle.org;wilkinsonplus.com
6203,b55ee3407146207e48d4ae083036bb0888f341e0e67f48dc,books/literary/publisher,explicit_restrictive_notice,True,False,False,False,True,491,True,False,latin_or_other,32485,badgerlearning.co.uk
6207,631b99e68e6ca3edc4c894f59f15ed6f531935e46d3b5cc7,books/literary/publisher,explicit_restrictive_notice,True,False,False,False,True,42999,True,False,latin_or_other,43817,
6208,dbbf3bf5b9c149321cc605635138bd33d49852636364eab0,books/literary/publisher,generic_copyright_or_bibliographic_marker,False,False,False,False,True,9679,True,False,latin_or_other,23165,
6217,9ec86a6840127bd28a49a748471a3cceb616b76d9e75cc30,government/legal/procurement,generic_copyright_or_bibliographic_marker,False,False,False,False,True,54309,True,True,han,83366,
6219,321602380c1bc4983eb117dc2085854ee460da778d5fcc7b,scholarly/research,explicit_open_licence_marker,False,True,False,False,True,4722,True,False,latin_or_other,149082,codota.com;dblp.org;hal.science;insights.stackoverflow.com;kite.com;onlinelibrary.wiley.com;orcid.org;software-assistant.univ;software-assistant.univ-lille.fr;tabnine.com;visualstudio.microsoft.com
6232,2c51a04c7d0611e8c646e880d1d911505bbd0ecf3120df01,public-domain/library,explicit_public_domain_marker,False,False,True,False,True,741,True,False,latin_or_other,41293,pgdp.net
6241,69610988657c80056e9c5b7d3084354b1b6426309399bd12,scholarly/research,generic_copyright_or_bibliographic_marker,False,False,False,False,True,61200,True,True,latin_or_other,65717,agitar.com;amberpoint.com;builder.com.com;docs.oasis-open.org;ebxml.org;ietf.org;javaworld.com;mindreef.com;msdn.microsoft.com;oasis-open.org;omg.org;sys-con.com;w3.org;w3.org.tr
6252,183dedb404f5b968c7b8f25841938fa3c79ac1d19ed9ac48,government/legal/procurement,generic_copyright_or_bibliographic_marker,False,False,False,False,True,63664,True,False,han,64897,
6263,3e3e5cc5116061bc0c41a2bf6b7dbc9c16380c8fe620e9f1,scholarly/research,explicit_open_licence_marker,False,True,False,False,True,1193,True,False,latin_or_other,141146,alfiekohn.org;doi.org;included.org.za;news24.com
6266,f171307537fd7f45c3c96e4a1e3ec95680d15102d0e3d2cf,books/literary/publisher,explicit_restrictive_notice,True,False,False,False,True,315,True,False,latin_or_other,178259,51condom.com;adb.org;aegis.com;avert.org;cdc.gov;chinabusinessreview.com;cia.gov;clinicaltrials.gov;comminit.com;csis.org;cyberdyaryo.com;fhi.org;hhs.gov;infoforhealth.org;irs.gov;iso.hrichina.org;jadecampus.com;maroon.uchicago.edu;mekonginfo.org;moaa.org;monomedi.com;news.bbc.co.uk;niaid.nih.gov;popcouncil.org;sinorama.com.tw;siteresources.worldbank.org;smh.com.au;un.org;unaids.org;unescobkk.org;westsidelife.com;worldbank.org;youandaids.org
6273,0e5ddf0a968c67a5c823b4c0c3505e9573dad0c614577f40,scholarly/research,explicit_restrictive_notice,True,False,False,False,True,147958,False,True,latin_or_other,201156,gov.uk;nfhslearn.com;pbs.org;s3.nikecdn.com;specialolympics.org;ultimatecampresource.com
6277,bb490c8ed2c64e4f46d4d43c3c8d8812f40425cc4e07685e,software/code/technical-QA,generic_copyright_or_bibliographic_marker,False,False,False,False,True,645,True,False,latin_or_other,17858,bootc.net
6280,b315cd0ae9bbac26996530eb012ab094b914a72c0abedd27,books/literary/publisher,explicit_restrictive_notice,True,False,False,False,True,148,True,False,latin_or_other,85126,fsgbooks.com
6285,1a3eb0e172c2574401e237536619b3adf22145ab708e3bdb,books/literary/publisher,explicit_restrictive_notice,True,False,False,False,True,22765,True,False,latin_or_other,110582,vizio.com
6290,0ed706ad5c0745ca0e02b4f6a349e8cb92389abc56633c26,corporate/financial/ESG,explicit_restrictive_notice,True,False,False,False,True,25717,True,False,han,25847,
6300,1d06b54ce8b19b9c6d0a05a86b798e28672d92d5bd894786,government/legal/procurement,generic_copyright_or_bibliographic_marker,False,False,False,False,True,19728,True,True,han,19769,
6301,93db15671484a69f6c5b3d32a1cf8864346d0b99d44e9f2a,books/literary/publisher,generic_copyright_or_bibliographic_marker,False,False,False,False,True,2,True,False,latin_or_other,108045,41pounds.org;agreenerrefill.com;batterysavers.com;bgm.stanford.edu;blog.epa.gov;bookstatistics.com;businessinsider.com;ccetompkins.org;ceeonline.org;collective-evolution.com;darwin.bio.uci.edu;designrecycleinc.com;e-stewards.org;eartheasy.com;edf.org;eia.gov;epa.gov;freedrinkingwater.com;greenwaste.com;health.harvard.edu;huffingtonpost.com;inhabitat.com;leavethepackbehind.org;nongmoproject.org;nrdc.org;pacinst.org;payitgreen.org;rainwaterharvesting.tamu.edu;reduce.org;reuseit.com;scientificamerican.com;sierraclubmass.org;simplystraws.com;standby.lbl.gov;sustainability.ncsu.edu;sustainablecycles.ca;theamericanconsumer.org;theguardian.com;tobaccofreeca.com;treehugger.com;usatoday.com;wakingtimes.com;wannaveg.com;whitehouse.gov;worldcentric.org;wwf.panda.org
6333,100b30a54080de018f4001b8e378590fa34a620d22836881,books/literary/publisher,explicit_restrictive_notice,True,False,False,False,True,2868,True,False,latin_or_other,72529,coppercanyonpress.org
6334,d13a3f9eb0b2fb4fbbce89ef74847e0ff51bccdc5874fea5,books/literary/publisher,explicit_restrictive_notice,True,False,False,False,True,283,True,False,latin_or_other,71816,
6339,ee1bbaf467ad7ec74a373590769ac45c627e262ab105dae4,scholarly/research,mixed_restrictive_and_open_or_public,True,True,False,False,True,2825,True,False,latin_or_other,118013,ddorn.net;hdl.handle.net;nber.org;ssrn.com;zbw.eu
6341,d0714d966c9389ac0eedbdf04cba07ac67916ba06be5e087,books/literary/publisher,explicit_restrictive_notice,True,False,False,False,True,225,True,False,latin_or_other,121205,randomhouse.com
6348,bb36b5c37dc0d0d61912fd5f1924557cadaaaa75c4d8fb83,scholarly/research,explicit_restrictive_notice,True,False,False,False,True,17981,True,True,latin_or_other,147909,greeninstruments.com
6361,c2d859bce29979204cb749ca5b600e2f67cad42ef651b92a,books/literary/publisher,explicit_restrictive_notice,True,False,False,False,True,233,True,False,latin_or_other,139401,aka.ms;angularjs.org;asp.net;azure.microsoft.com;backbonejs.org;code.visualstudio.com;components.xamarin.com;cordova.apache.org;dev.windows.com;developer.apple.com;developer.xamarin.com;github.com;ionicframework.com;javascript.com;marketplace.visualstudio.com;microsoft.com;microsoftvirtualacademy.com;msdn.microsoft.com;mvvmcross.com;mvvmlight.net;onsen.io;powerapps.microsoft.com;support.microsoft.com;swagger.io;twitter.com;typescriptlang.org;visualstudio.com;xamarin.com;zetetic.net
6372,ed1f9439a8da3aa56e4a6fcbaa78c55c54a7af53969a7ed8,government/legal/procurement,generic_copyright_or_bibliographic_marker,False,False,False,False,True,1685,True,False,latin_or_other,152335,accessdata.fda.gov;tga.gov.au
6379,821504bb30b28ecb1b9e04425583eed73a5cb720090ff679,news/blog/general web,generic_copyright_or_bibliographic_marker,False,False,False,False,True,15772,True,False,latin_or_other,64186,bestmobi.us;businessmarketingreview.com;drobelinc.net;fiverr.com;indiegogo.com;ultimatemindmap.com
6381,e05d3d0d837c97f169b4b52e853aca215fbd7c5769416d20,books/literary/publisher,explicit_restrictive_notice,True,False,False,False,True,285,True,False,latin_or_other,104283,birds.cornell.edu;hmhco.com;pamelasturner.com;psych.auckland.ac.nz;tandfonline.com
6398,58a79c74589463b5288b13a2f54e6a66ac170f1305ed2e08,public-domain/library,explicit_public_domain_marker,False,False,True,False,True,463,True,False,latin_or_other,46684,pgdp.net
6399,6c78cc00b31a890c9044a7ed8c5fe8155487fee7dd150df3,news/blog/general web,generic_copyright_or_bibliographic_marker,False,False,False,False,True,35467,True,False,latin_or_other,67777,
6401,7100563cc2e06e0c5e1e4fe24338dc6825e186cf521774e0,scholarly/research,generic_copyright_or_bibliographic_marker,False,False,False,False,True,553,True,False,latin_or_other,50522,biomedcentral.com
6415,2427016bc753d309f6bc2456b93b0b9a4b7e2432a3258678,software/code/technical-QA,mixed_restrictive_and_open_or_public,True,True,False,False,True,859,True,False,latin_or_other,25394,apache.org;s3.amazonaws.com
6435,107c0953c7034a76dad69e0fbc4fbc89e24d25d4f0762b16,books/literary/publisher,explicit_restrictive_notice,True,False,False,False,True,34841,True,False,latin_or_other,37017,
6437,d4b9a7df46149085938caf65e22a608c9f6b1a91f92042b7,government/legal/procurement,explicit_restrictive_notice,True,False,False,False,True,4188,True,True,latin_or_other,163811,
6440,78931b500c338541c6c030391a7f76be821e0af178a1e7f2,software/code/technical-QA,explicit_open_licence_marker,False,True,False,False,True,25985,True,False,latin_or_other,27367,cdn.jsdelivr.net;ciucacristi.tk;code.jquery.com;discord.gg;github.com;i.imgur.com;images.pexels.com;stackpath.bootstrapcdn.com;use.fontawesome.com;w3.org
6442,be798dbb146c0957dacfe72ae12d100e5a1ad28b7b8084a1,corporate/financial/ESG,explicit_restrictive_notice,True,False,False,False,True,61054,True,False,han,61164,ups.com
6444,46615e69af6f8ccbe8b0f5cf76f29032b8a95c0b33d24e45,scholarly/research,explicit_restrictive_notice,True,False,False,False,True,2072,True,False,latin_or_other,107289,dk.com;dkimages.com
6446,beda889501d3edd78e79a5bc000ed6b060ff2e67b48ae2a5,books/literary/publisher,explicit_restrictive_notice,True,False,False,False,True,135,True,False,latin_or_other,51120,skyhorsepublishing.com
6447,f1a1a6e8fc191ebfd161d5b88c26b4bf52b8345bbfde1f7c,books/literary/publisher,explicit_restrictive_notice,True,False,False,False,True,21,True,False,latin_or_other,73030,infamousbooks.com
6454,cbf6a385b421c74b04130d5a8e944da025efb11bc9fa1a7f,public-domain/library,explicit_public_domain_marker,False,False,True,False,True,2,True,True,latin_or_other,140916,nihs.go.jp
6456,1fc8022cccf5e14d673f8576c9b7b00f47ae846e7e92ac81,scholarly/research,generic_copyright_or_bibliographic_marker,False,False,False,False,True,11830,True,False,latin_or_other,59346,
6463,a5b1f95e5d74308c66d68b30fc852962568c3982fb29923d,books/literary/publisher,generic_copyright_or_bibliographic_marker,False,False,False,False,True,90398,True,False,latin_or_other,141401,canton.edu;highered.nysed.gov;justice.gov;researchguides.canton.edu;s3.amazonaws.com;socialresearchmethods.net;textbooks.opensuny.org
6465,8b421a02761d3e90c1acf3438a20cf5ac0ccf3d5e49aa258,books/literary/publisher,explicit_restrictive_notice,True,False,False,False,True,443,True,True,latin_or_other,232996,bol.bna.com;cew.georgetown.edu;nytimes.com;rand.org;shanghairanking.com
6469,9201b343abcebd4a246c8eb42a0925139bff93d5b9329b3a,government/legal/procurement,explicit_open_licence_marker,False,True,False,False,True,1808,True,False,latin_or_other,182718,
6473,ce8f9ca0e0e24805a3383d2533403639166df26fe2a40c77,books/literary/publisher,explicit_restrictive_notice,True,False,False,False,True,98,True,False,latin_or_other,91914,irreference.com;quirkbooks.com
6479,6b0a9a4ba682b10ae82b6fdf4cf886056e52c48e458341cb,government/legal/procurement,generic_copyright_or_bibliographic_marker,False,False,False,False,True,1366,True,True,latin_or_other,168608,scholarworks.wmich.edu
6488,58ad004c94c2ecd9fa0ca0e11e24d8524e8ac0bfd174a521,books/literary/publisher,generic_copyright_or_bibliographic_marker,False,False,False,False,True,413,True,False,latin_or_other,61020,textofilia.com
6499,f320fd2db454b43c3dce1d7a68fb83f0d76de2ac813329a3,government/legal/procurement,generic_copyright_or_bibliographic_marker,False,False,False,False,True,50400,True,False,han,63851,
6512,4938475e66bfd73a615e8672599dabfbeb2874815659d383,books/literary/publisher,explicit_restrictive_notice,True,False,False,False,True,612,True,False,latin_or_other,70031,randomhouse.ca
6513,0bff676ea01d849bfa1c5b10e09da6cdc106cc026069f532,government/legal/procurement,explicit_restrictive_notice,True,False,False,False,True,28588,True,False,han,28775,
6514,1a5968acc2bdf134bbca633ce096f4f66ebed42d8e0415c9,books/literary/publisher,generic_copyright_or_bibliographic_marker,False,False,False,False,True,566,True,True,latin_or_other,80055,eburypublishing.co.uk
6516,8337690df98e406fce5e470b215eebb198451ee9453a2fdc,books/literary/publisher,explicit_restrictive_notice,True,False,False,False,True,615,True,False,latin_or_other,50703,gooseberrypatch.com
6525,cc96514425755420cd586fab3e2d72a3a0894fbb1b9dea43,government/legal/procurement,generic_copyright_or_bibliographic_marker,False,False,False,False,True,25387,True,False,latin_or_other,242568,ga-glynncounty2.civicplus.com;glynncounty.org
6530,f002ec276fda0237cb6da6d176514c2b54f11780a8c4090a,news/blog/general web,generic_copyright_or_bibliographic_marker,False,False,False,False,True,737,True,False,latin_or_other,33553,
6533,d68fcea8840a6e70749d23b7020c430c6ad1546fd13be2c9,news/blog/general web,explicit_open_licence_marker,False,True,False,False,True,1044,True,False,latin_or_other,72194,
6536,032169111bbd0bb84db4c5bdf2478bfb25ab86e634373273,software/code/technical-QA,generic_copyright_or_bibliographic_marker,False,False,False,False,True,17085,True,False,latin_or_other,42179,bapco.com;intel.com
6542,1b69b705a1a1cb10e9f448b4210581a7f9df28f2b89c0aa5,public-domain/library,mixed_restrictive_and_open_or_public,True,False,True,False,True,829,True,True,latin_or_other,68927,pgdp.net
6544,b1cb19d0e4f29199e62d379973f11b93eae9a77de5aaa369,books/literary/publisher,explicit_public_domain_marker,False,False,True,False,True,77,True,True,latin_or_other,102136,naturetemple.net;wildernesspress.com
6546,f74c4bfdf9d3dafc86e45ff096941f5bc299ee6e4a984e2b,scholarly/research,generic_copyright_or_bibliographic_marker,False,False,False,False,True,135827,False,False,latin_or_other,254281,acha.org;cdc.gov
6547,04bf888928755f83d8704b0e9b6de44980fb14f401746230,scholarly/research,generic_copyright_or_bibliographic_marker,False,False,False,False,True,161,True,True,latin_or_other,168209,albertacg.com;cxl.com;diggintravel.com;measuremindsgroup.com;reforge.com;speero.com;support.google.com
6550,5bc385102df29b5ee7097adfebedc192fd9332bd31dbf717,software/code/technical-QA,generic_copyright_or_bibliographic_marker,False,False,False,False,True,24210,True,False,latin_or_other,24822,cdnjs.cloudflare.com;cobrapy.readthedocs.io;github.com;readthedocs.org;schema.org;sphinx-doc.org
6553,0b14398564d6fe27dee12b7414287d604045512bab869cb9,corporate/financial/ESG,generic_copyright_or_bibliographic_marker,False,False,False,False,True,52234,True,False,han,63219,
6561,6f06f41da2d7ed121f15b860ef365591eb20635a9bc6b922,scholarly/research,explicit_public_domain_marker,False,True,True,False,True,20068,True,False,latin_or_other,70363,greenovergrey.com
6569,19a2ac8c1d92296945cef526496be9ba8963ea681713ab6f,books/literary/publisher,explicit_restrictive_notice,True,False,False,False,True,474,True,True,latin_or_other,167026,aceproject.org;akatilaus.akateeminen.com;book.coe.int;coe.int;euroinfo.hu;home-1-worldonline.nl;hunter-pubs.com.au;internews.com.pl;itsofficial.net;jean-de-lannoy.be;ladocfrancaise.gouv.fr;libeurop.be;licosa.com;manhattanpublishing.com;mundiprensa.com;renoufbooks.com;the-stationery-office.co.uk;uno-verlag.de
6570,ec61f26c82f5a408698c1889c0eed67aa0770e8ffea5f33b,software/code/technical-QA,generic_copyright_or_bibliographic_marker,False,False,False,False,True,2752,True,False,latin_or_other,7533,
6571,aee4d7b1a304baccfa7e6d2fb968c051440b02b34b6ea184,software/code/technical-QA,generic_copyright_or_bibliographic_marker,False,False,False,False,True,25078,True,False,latin_or_other,50313,cdn.britannica.com;encrypted-tbn0.gstatic.com;nctennis.com;opticsmag.com
6572,48d7b4487d261e4287cf0ef273cc7383525e442a22dfaaf8,books/literary/publisher,explicit_restrictive_notice,True,False,False,False,True,773,True,False,latin_or_other,67312,facebook.com;i5publishing.com
6576,c608f03af1282f72ea09645cd55813d96f546bdc93b2136d,books/literary/publisher,explicit_restrictive_notice,True,False,False,False,True,118,True,False,latin_or_other,83634,
6580,7a73b616ab07fafa22404b7b012280d625a00bb480114aeb,scholarly/research,generic_copyright_or_bibliographic_marker,False,False,False,False,True,92212,True,False,latin_or_other,107501,genome.gov;learn.genetics.utah.edu
6584,642422c6e6cb0f0fd11f24424395b9a18c5a546b5950dedb,books/literary/publisher,explicit_restrictive_notice,True,False,False,False,True,47733,True,False,latin_or_other,51176,ctpub.com;tinyurl.com
6591,b023870c6c79df7574b8242aec24b8c0bdf5c4ddb4735332,public-domain/library,explicit_public_domain_marker,False,False,True,False,True,1578,True,False,latin_or_other,123104,archive.org;chla.library.cornell.edu;gutenberg.org;pgdp.net
6594,c62cf9552415bfb0ca397cc35cd4e694dc333fa50c8bfce5,books/literary/publisher,explicit_restrictive_notice,True,False,False,False,True,315,True,False,latin_or_other,129253,
6595,5362a9d186b1716417ce631a58286c524bebd4139e59d46c,books/literary/publisher,generic_copyright_or_bibliographic_marker,False,False,False,False,True,54,True,False,latin_or_other,33599,
6607,75b6c7b43c6353bba4a7d0f9866ada6c05b2f5193d561c4b,books/literary/publisher,generic_copyright_or_bibliographic_marker,False,False,False,False,True,182,True,False,latin_or_other,182318,gbrmpa.gov.au;gbrmpa.gov.audocument;westernbasinportdevelopment.com.au
6614,11ffcd2dde63d609b1fe8efc59e594102fd4e69286ee6d16,books/literary/publisher,explicit_public_domain_marker,False,False,True,False,True,55495,True,False,latin_or_other,157105,goodwillnwohio.com
6616,1e62e2a047ac2b6c55f9dc83fd2055d50bd5eaf3acda5d7c,scholarly/research,generic_copyright_or_bibliographic_marker,False,False,False,False,True,3402,True,True,latin_or_other,38582,oii.ox.ac.uk;woozlehunt.com
6623,497f4d0662053a7cfd766267d4fd9e63bc7dbc96edc08e3c,news/blog/general web,explicit_public_domain_marker,False,False,True,False,True,10347,True,False,latin_or_other,61909,baenebooks.com;blogs.telegraph.co.uk;journal.bookfinder.com
6635,3607cf844f158de17b0609a75631ff115908f321df28395c,scholarly/research,explicit_restrictive_notice,True,False,False,False,True,4750,True,False,latin_or_other,38394,sabrina-andrea-sachs.com
6637,e9aa047d4f4194a4d265113c6b51484aa3d14cb438a4bf95,books/literary/publisher,explicit_restrictive_notice,True,False,False,False,True,406,True,True,latin_or_other,223868,ibm.com
6638,2451ef4f66998e06dd2fee4596f1860be28decaa6ebd2c4a,books/literary/publisher,explicit_restrictive_notice,True,False,False,False,True,211,True,False,latin_or_other,39006,aaknopf.com
6642,992e87e231c7e1c5cd39845ca5f29b54d9ff97495fa4e386,books/literary/publisher,explicit_restrictive_notice,True,False,False,False,True,67398,True,False,latin_or_other,68797,rodalebooks.com
6651,3a151a7ad094a50647aa2c13e9d868be3f1c30e4e4bb1ee2,books/literary/publisher,explicit_restrictive_notice,True,False,False,False,True,479,True,False,latin_or_other,36690,
6659,ba31ce153bfd3787beca840cc6b0ec2b7856e7441b45ae1f,books/literary/publisher,explicit_restrictive_notice,True,False,False,False,True,3085,True,False,latin_or_other,86448,coppercanyonpress.org
6660,4e281c9f533f2f915efe43b0b06c38093813651ac5e4b96b,books/literary/publisher,explicit_public_domain_marker,False,False,True,False,True,16615,True,True,latin_or_other,197608,achievethecore.org;babel.hathitrust.org;gutenberg.org;iep.utm.edu;msu.edu;npr.org;personal.kent.edu;pri.org;tncore.org
6663,f90c3b9b6b4441582eb35b3ddcc3fa7c045c368f9ff4fef3,books/literary/publisher,explicit_restrictive_notice,True,False,False,False,True,1259,True,False,latin_or_other,56760,chroniclebooks.com
6666,e6a5a255407f52b6b61039d13a05d4eb63fab0b770b52b15,books/literary/publisher,explicit_restrictive_notice,True,False,False,False,True,86,True,False,latin_or_other,36807,hmhbooks.com
6668,2121119159f3dc5ea5a343fa90a87200481beac448f71a63,scholarly/research,generic_copyright_or_bibliographic_marker,False,False,False,False,True,23371,True,False,latin_or_other,37152,
6673,7d43c39492db54ab1fa26d7a9babfcd2daded31fa2d49c6d,books/literary/publisher,explicit_restrictive_notice,True,False,False,False,True,75758,True,False,latin_or_other,77319,ndpublishing.com
6686,e0c99619d4aa49aecc6247dfdbad0e903043051149c0cad1,government/legal/procurement,generic_copyright_or_bibliographic_marker,False,False,False,False,True,3720,True,False,han,18446,
6687,0f3b83fd03dfb1592834eda4efbf8fc6abf4819fb0f3058e,books/literary/publisher,explicit_restrictive_notice,True,False,False,False,True,97754,True,False,latin_or_other,98812,franceslincoln.com;qbookshop.com
6702,2f24c0429d0271b044d96925a6d25228d0489fc17c392317,corporate/financial/ESG,generic_copyright_or_bibliographic_marker,False,False,False,False,True,1015,True,False,latin_or_other,77113,
6708,732c31e427e2ec26ec64c731a6326b67257d3f63d8a41875,scholarly/research,explicit_restrictive_notice,True,False,False,False,True,0,True,False,latin_or_other,128404,iso.org
6710,d12fc09350d215ed091e961e0ffc4a2e8d20aa02a279a3ba,books/literary/publisher,explicit_restrictive_notice,True,False,False,False,True,128,True,False,latin_or_other,32953,doverpublications.com
6712,38574ea29582c540647cc8ab0bd12ff304470241907c4e33,books/literary/publisher,explicit_restrictive_notice,True,False,False,False,True,163,True,False,latin_or_other,41728,hardiegrantegmont.com.au
6721,71991685ac544977301ad39b9eeb8328b845936e1ff350a0,education/course/textbook,generic_copyright_or_bibliographic_marker,False,False,False,False,True,317,True,False,latin_or_other,33106,
6723,b630036e36e2093d62ce375f4722da50f9ea292f488559d6,books/literary/publisher,generic_copyright_or_bibliographic_marker,False,False,False,False,True,760,True,False,latin_or_other,53330,anniebarrows.com;bastei-entertainment.de;lesejury.de;sophieblackall.com
6727,dd9479dbe23710c353960b4c6cc64ce34a66f6f69f6babb0,books/literary/publisher,explicit_restrictive_notice,True,False,False,False,True,18226,True,False,latin_or_other,18333,
6733,987aa791a9f1aa0652609e3f7e133402dea3b7bc7e76cf4d,corporate/financial/ESG,generic_copyright_or_bibliographic_marker,False,False,False,False,True,3116,True,False,latin_or_other,236469,bis.org;cboe.com;columbia.edu;fca.org.uk;federalreserve.gov;financialstabilityboard.org;ft.com;gov.uk;imf.org;isda.org;kellogg.northwestern.edu;markit.com;mckinsey.com;nasdaq.com;nyse.com;nyxdata.com;papers.ssrn.com;scholarship.law.cornell.edu;sec.gov;stats.bis.org;treasury.gov;usbasel3.com;world-exchanges.org;www2.deloitte.com;www2.isda.org
6763,d77a57feef12240c0804362ac7fef41612bf750561f6f35a,government/legal/procurement,generic_copyright_or_bibliographic_marker,False,False,False,False,True,10131,True,True,han,14798,
6773,0b3c4369bff55ead9a9b207a61e4c1297ca05382b21f3279,government/legal/procurement,generic_copyright_or_bibliographic_marker,False,False,False,False,True,1717,True,False,latin_or_other,293332,
6776,bd1bca67779ef4056400212d58372605b3b85f5d5a0c81df,books/literary/publisher,explicit_restrictive_notice,True,False,False,False,True,62233,True,False,latin_or_other,63099,openroadmedia.com
6798,6f77b8214b8fce287c3be81505b75779d98813676bebb8bc,books/literary/publisher,explicit_public_domain_marker,False,False,True,False,True,141,True,False,latin_or_other,42843,harpercollins.ca;harpercollins.co.nz;harpercollins.co.uk;harpercollins.com;harpercollins.com.au
6809,3718cf02d9a72857f599ab3dc087fe55ed38cd224750424f,books/literary/publisher,generic_copyright_or_bibliographic_marker,False,False,False,False,True,27841,True,True,latin_or_other,33619,facebook.com;frua.reonis.com;frua.rosedragon.org;groups.yahoo.com;pages.prodigy.net;ua.reonis.com;web.archive.org;youtube.com
6811,c60431d3b43abce718a5f1c625f851387caa11d8d1753ced,government/legal/procurement,explicit_open_licence_marker,False,True,False,False,True,210,True,True,latin_or_other,197008,americanenglish.state.gov;boyanslat.com;businessinsider.com;creativecommons.org;fastcompany.com;greenbeltmovement.org;malala.org;marieforleo.com;nobelprize.org;pbs.org;smh.com.au;ted.com;unicef.org;youtube.com
6813,6d71166d72ebda0ed9b328f98a698d096bc8d68333679acc,books/literary/publisher,generic_copyright_or_bibliographic_marker,False,False,False,False,True,89,True,False,latin_or_other,60529,chbooks.com
6823,ff3f8a7ceb1ee440704c9a9639eed46e38493e4fc5f33e22,government/legal/procurement,generic_copyright_or_bibliographic_marker,False,False,False,False,True,4504,True,False,han,76394,sf-express.com;sgs.com
6824,9281d88474d439f56ec59560ba65e52c79331208c10260a5,scholarly/research,generic_copyright_or_bibliographic_marker,False,False,False,False,True,128634,False,False,latin_or_other,129700,assets.crowncommercial.gov.uk;assets.publishing.service.gov.uk;bcg.com;cipd.co.uk;civilservant.org.uk;civilservice.blog.gov.uk;civilserviceworld.com;committees.parliament.uk;crowncommercial.gov.uk;data.parliament.uk;dominiccummings.com;fedscope.opm.gov;forbes.com;gcs.civilservice.gov.uk;gov.uk;hbr.org;hmtreasurycareers.co.uk;instituteforgovernment.org.uk;ipa.blog.gov.uk;journals.sagepub.com;lse.ac.uk;mckinsey.com;nao.org.uk;ons.gov.uk;publications.parliament.uk;read.oecd-ilibrary.org;scie.org.uk;scribd.com;theguardian.com;trainingjournal.com;tussell.com;ukphr.org;vimeo.com;youtube.com
6850,bcf1943e0856a255a955b54a21778fa421a7c41c70445f66,government/legal/procurement,explicit_restrictive_notice,True,False,False,False,True,12591,True,True,han,12671,fzsz.com.cn
6851,46ee55c296e67fc7f9f69c2b1951fbbb46f8a47437e209ec,scholarly/research,explicit_restrictive_notice,True,False,False,False,True,101089,True,False,latin_or_other,101714,bayreuther-festspiele.de;bolshoi.ru;capetownopera.co.za;classicfm.com;dallasopera.org;deutscheoperberlin.de;eandtbooks.com;englishtouringopera.org.uk;eno.org;garsingtonopera.org;glyndebourne.com;grangeparkopera.co.uk;komische-oper-berlin.de;lamonnaie.be;laopera.org;lyricopera.org;mariinsky.ru;metopera.org;opera-lyon.com;opera.org.au;operadeparis.fr;operamrhein.de;operanorth.co.uk;opernhaus.ch;rbkc.gov.uk;roh.org.uk;scottishopera.org.uk;teatroallascala.org;teatrolafenice.it;wiener-staatsoper.at;wno.org.uk
6852,1aaca48a9689ebe2d16bd8cce65e307d39a34bddf5bd91d6,scholarly/research,explicit_restrictive_notice,True,False,False,False,True,980,True,False,latin_or_other,35120,hindawi.com
6860,9ce93a66d4892e4c7803c467ebd5a9c73f9e513ce6debdc1,scholarly/research,explicit_restrictive_notice,True,False,False,False,True,49503,True,False,latin_or_other,50545,
6863,8441cd38b98bd30aa9223b63c7986c45941d8e08e5a68ce7,books/literary/publisher,generic_copyright_or_bibliographic_marker,False,False,False,False,True,36,True,False,latin_or_other,94182,
6865,b3e099643f31218f7fb6842039be95658e5cf2e636b2890b,books/literary/publisher,explicit_restrictive_notice,True,False,False,False,True,175,True,False,latin_or_other,63687,gardnermysteries.com
6866,5c7f1302402fe1f6878de01cc04622f22a05de1d444768c6,government/legal/procurement,generic_copyright_or_bibliographic_marker,False,False,False,False,True,1038,True,True,latin_or_other,119358,allbabiescry.com;bkc.vmhost.psu.edu;blogs.webmd.com;breastfeedla.org;carseat.org;cdc.gov;choosemyplate.gov;cpsc.gov;dhhs.nh.gov;epa.gov;fema.gov;fns.usda.gov;health.hawaii;health.hawaii.gov;healthychildcarenc.org;heart.org;hidot.hawaii.gov;iaspub.epa;kidshealth.org;kipchawaii.org;naccrra.org;ncchildcare.dhhs.state.nc.us;nichd.nih.gov;nsc.org;oahudem.org;pediatrics.aappublications.org;pediatricspec.com;ready.gov;redcross.org;safekids.org;safercar.gov;training.fema.gov
6871,427692ecb9a2999ea685d3460593c0b9109611ccc1e22dc0,books/literary/publisher,explicit_restrictive_notice,True,False,False,False,True,43962,True,False,latin_or_other,46689,paddypower.com;panmacmillan.com;picador.com
6876,522e9c8b958bd22c181b148b9a1eaf7675c5f585ea0240a5,software/code/technical-QA,explicit_restrictive_notice,True,False,False,False,True,131,True,False,latin_or_other,22032,
6879,91df0f996194f7becc72f185aac00788ed18be9e167b6acd,books/literary/publisher,explicit_restrictive_notice,True,False,False,False,True,333,True,False,latin_or_other,73360,johnhuntpublishing.com;zero-books.net
6885,9c761b8930fdb70d6dbca08af38db804f12e97901f66bdac,scholarly/research,generic_copyright_or_bibliographic_marker,False,False,False,False,True,48052,True,False,latin_or_other,49171,
6886,61ce6133bd97719cc3cf1a6474d19a6d8a759a91ea8c67c2,corporate/financial/ESG,generic_copyright_or_bibliographic_marker,False,False,False,False,True,39372,True,False,han,60158,
6892,1d4bd80b223fed3a17968b56a2c14d72736aad0b32e27b81,scholarly/research,generic_copyright_or_bibliographic_marker,False,False,False,False,True,238,True,False,latin_or_other,163176,bsia.co.uk;gov.uk
6894,6587a1873c3851282d9c08964f5619a05dba8726b8b2f46f,books/literary/publisher,explicit_restrictive_notice,True,False,False,False,True,5996,True,False,latin_or_other,29442,doverpublications.com
6895,6076dc4203367d31aa27a2b79a9c79b80a38eb400b66c775,books/literary/publisher,explicit_public_domain_marker,False,False,True,False,True,589,True,False,latin_or_other,84060,digital.library.villanova.edu;pgdp.net
6912,e1fa52d508eb436d17f996a76681d7c2d05c15dd8ba5b133,government/legal/procurement,generic_copyright_or_bibliographic_marker,False,False,False,False,True,0,True,False,han,64855,iresearch.com.cn
6918,57e722a581dd5f13601711f44d6d7abf5f9ba1a6c810b563,scholarly/research,explicit_open_licence_marker,False,True,False,False,True,218,True,False,latin_or_other,135151,adb.org;apps.who.int;cdn.who.int;creativecommons.org;documents.worldbank.org;doi.org;foodandlandusecoalition.org;fsa.usda;ghsindex.org;hdl.handle.net;imf.org;iucn.org;ncbi.nlm;ncbi.nlm.nih.gov;obamawhitehouse.archives.gov;openknowledge.worldbank.org;portals.iucn.org;pubmed.ncbi.nlm;pubmed.ncbi.nlm.nih;sciencedirect.com;thedocs.worldbank.org;theindependentpanel.org;ucl.ac;worldbank.org
6923,b8eb530c6cf40270ffa34acdde27b3550de1f18903b89ed5,corporate/financial/ESG,generic_copyright_or_bibliographic_marker,False,False,False,False,True,20612,True,False,han,21931,100ec.cn
6924,afadf07a8cd1fadb029e93c3111d4ccc3bcd463d8313aabc,software/code/technical-QA,generic_copyright_or_bibliographic_marker,False,False,False,False,True,1486,True,False,latin_or_other,17995,
6925,7b4a9808a7e76cdf4b5d3084a226345c966a54e2ef046e1a,software/code/technical-QA,generic_copyright_or_bibliographic_marker,False,False,False,False,True,1052,True,False,latin_or_other,64367,
6928,be6565c7af62ac4a88153e72b39c2a5dda851779fd068fac,books/literary/publisher,explicit_restrictive_notice,True,False,False,False,True,54,True,False,latin_or_other,84672,lccn.loc.gov
6937,2c5429e27bf22a00147d674c02ca97d62cb684573392b197,scholarly/research,explicit_open_licence_marker,False,True,False,False,True,34964,True,False,latin_or_other,35681,github.com;kdd.org;support.10xgenomics.com
6940,b761dfca354ba42d07181323c126e81b22701eeea2356d72,books/literary/publisher,explicit_restrictive_notice,True,False,False,False,True,64879,True,False,latin_or_other,66469,lccn.loc.gov;simonandschuster.com;simonspeakers.com
6943,29629da5318da9dfe00fbd6c71c4d3cff6aca1166a14bbe9,books/literary/publisher,explicit_restrictive_notice,True,False,False,False,True,88,True,False,latin_or_other,52659,
6944,80ab87a0e3d220e1a87cc797578ebd46dc432286afb55b17,books/literary/publisher,explicit_restrictive_notice,True,False,False,False,True,113474,True,False,latin_or_other,115663,bloomsbury.com;ospreypublishing.com
6946,1c70711f19335e0caeefd9f81f7bc45dccb3f4bfad5f1ac1,books/literary/publisher,explicit_restrictive_notice,True,False,False,False,True,119,True,False,latin_or_other,53831,gear-gear.com;tor-forge.com;us.macmillanusa.com
6948,fd5499a1ab4f0286528ad1565dc9526b795f5ddda4f2b136,books/literary/publisher,explicit_restrictive_notice,True,False,False,False,True,49000,True,True,latin_or_other,50607,adamsmedia.com
6959,21631d1a98877bae8b533df7f5d06e442f1a7955993991d9,government/legal/procurement,explicit_public_domain_marker,False,False,True,False,True,12351,True,True,latin_or_other,49889,barkbeetles.info
6971,31a5125f4bbaec8c84dbee25b270d1d8f32ff974e8a20a12,government/legal/procurement,generic_copyright_or_bibliographic_marker,False,False,False,False,True,29,True,True,han,69148,ilo.org;issa.int
6977,ed84656507970c917318d723859acc3b693e20af395ece90,corporate/financial/ESG,explicit_restrictive_notice,True,False,False,False,True,20214,True,False,han,20240,erotik-kleinanzeigen.com
6979,ef949e9eb7a6ba720d4139cf8af58663037564a94c387c3c,books/literary/publisher,explicit_restrictive_notice,True,False,False,False,True,47,True,False,latin_or_other,91097,facebook.com;jordanlhawk.com;twitter.com
6985,5e9386506616c4a5c9cd6e885530278272ff42c20381e374,books/literary/publisher,explicit_restrictive_notice,True,False,False,False,True,249,True,False,latin_or_other,82660,randomhouse.com;ronroy.com;steppingstonesbooks.com
6990,be737c81def0bc8507a2c5b819d0623b01408d03d41486d3,government/legal/procurement,generic_copyright_or_bibliographic_marker,False,False,False,False,True,22215,True,True,han,70437,capol.cn
6991,7403a55ff3b6559d4020f8b49b8972802f0eff339db99161,books/literary/publisher,explicit_restrictive_notice,True,False,False,False,True,115,True,False,latin_or_other,115559,us.macmillanusa.com
6992,8214eaee4f3ef3abb99de475e32f4c8f06cdc4b4f4229b03,books/literary/publisher,generic_copyright_or_bibliographic_marker,False,False,False,False,True,140,True,False,latin_or_other,96799,arcadiapublishing.com;archives.gov;boeingimages.com;fdrlibrary.marist.edu;imagesofamerica.com;lbbj.com;lbrosie.com;library.northwestern.edu;loc.gov;longbeach.gov;rosietheriveter.org
6994,d730d35c6f78ddaa618722117f24d28023fd807ef90b4569,scholarly/research,explicit_open_licence_marker,False,True,False,False,True,1507,True,False,latin_or_other,47193,
6999,6599fd60cbef9615f309d912fb2b4b588567f8f3ef711c55,public-domain/library,explicit_public_domain_marker,False,False,True,False,True,3077,True,False,latin_or_other,110527,pgdp.net
7001,77b7b1f271cf6a692ae77c74664981dd9c4be627455d1f52,public-domain/library,explicit_public_domain_marker,False,True,True,False,True,1207,True,True,latin_or_other,39186,
7012,7c187ea764b97a589fb8d20738c9f8412b8b211b680d81bb,public-domain/library,explicit_public_domain_marker,False,False,True,False,True,523,True,False,latin_or_other,83656,pgdp.net
7022,8764fb63a7dd7f5ce97ec22bfa0833abec89351742c36dae,corporate/financial/ESG,explicit_public_domain_marker,False,False,True,False,True,107479,True,False,latin_or_other,225601,cmegroup.com
7028,b063c58929bed9b19a2c209d4f223402e7235166312122db,government/legal/procurement,generic_copyright_or_bibliographic_marker,False,False,False,False,True,11693,True,True,latin_or_other,88865,
7041,e0ae91be64afb5ced7fcc0145d13179cae1f577469b69aff,corporate/financial/ESG,explicit_restrictive_notice,True,False,False,False,True,211,True,False,han,85078,acci.asn.au;adb.org;add.org.uk;apcdproject.org;att.com;bac.org.kh;bbc.co.uk;beyond-ability.com;braillewithoutborders.org;cdpf.org.cn;cjtelenix.com;crsaustralia.gov.au;cybersansar.com;daa.org.uk;daisy.org;disabilitytravel.com;dol.gov;dpi.org;dredf.org;dsal.gov.mo;dvr.dhhs.state.nc.us;earnworks.com;eden.org.tw;eeotrust.org.nz;emad.asn.au;empfed.lk;employers-forum.co.uk;employersnetworkondisability.com.au;fao.org;handicap-international.org;hilton.com;hongchi.org.hk;ias.gov.mo;ifrro.org;ilo.org;ilofip.org;ilr.cornell.edu;inclusion-international.org;independentliving.org;jan.wvu.edu;jeed.or.jp;jobaccess.gov.au;jobs.gov.hk;jollibee.com.ph;kyobo.co.kr;marriott.com;mcor.org.hk;navyonepal.com;ncpedp.org;nike.com;nlpra.org.hk;panasonic.cn;psagency-agencefp.gc.ca;realising-potential.org;rehab-international.org;tech-for-all.com;tharapatong.com;timelessexcursions.com;toptrip.cc;tours-nz.com;ubs.com;un.org;unescap.org;unglobalcompact.org;uschamber.com;vtc.edu.hk;w3.org;westpac.com.au;wfdb.org;wfdeaf.org;wid.org;wnusp.net;workability-international.org;worksupport.com;workway.ie;worldbank.org;worldblindunion.org;worldrehabfund.org
7045,58ad437069ce25f5784415fb641c4b9f276ac606e4c15123,books/literary/publisher,explicit_public_domain_marker,False,False,True,False,True,6597,True,False,latin_or_other,56674,amazon.com;baen.com;elbitz.net;en.wikipedia.org;flipkart.com;ondemandbooks.com;oreilly.com;sysadmin.oreilly;webscription.net
7047,b712bfccdbdec5ab5aa61aa260f89b21612648d72a3ed124,books/literary/publisher,generic_copyright_or_bibliographic_marker,False,False,False,False,True,6094,True,False,latin_or_other,39378,lisaslittleblog.com
7050,1436679783d6681f2e9f1968597538c320e3182358eddee0,books/literary/publisher,mixed_restrictive_and_open_or_public,True,False,True,False,True,588,True,False,latin_or_other,89628,pgdp.net
7065,8a4b48f08b88aaac1eb59d3a3746f09b23c028426e8adfbf,scholarly/research,explicit_restrictive_notice,True,False,False,False,True,33455,True,False,latin_or_other,34513,
7067,b45b3289fc8ee2eb39a78ca166f09b49fe8e9def1f08b1b9,corporate/financial/ESG,explicit_open_licence_marker,False,True,False,False,True,38575,True,False,latin_or_other,243310,amstock.com;microsoft.com
7075,edd47eb8cb53317f9968e27133c092d9f8e4dc01a539c044,books/literary/publisher,explicit_restrictive_notice,True,False,False,False,True,757,True,False,latin_or_other,97971,
7082,4b8be9f147a2f6e04feaf970f94a377e6aeb32865ca4db3e,public-domain/library,explicit_public_domain_marker,False,False,True,False,True,582,True,True,latin_or_other,31260,pgdp.net
7084,bf4d32929abac7baf2d88d6ec46844f73052942c215737af,books/literary/publisher,explicit_restrictive_notice,True,False,False,False,True,148,True,False,latin_or_other,92678,
7092,56c598364c007886569f2e21426e0e40bcb65d03beb77dd2,books/literary/publisher,explicit_restrictive_notice,True,False,False,False,True,45,True,False,latin_or_other,43619,us.penguingroup.com
7093,20f474452831ac4987c5ecfdda187ab4ec9784072c3d0de3,books/literary/publisher,generic_copyright_or_bibliographic_marker,False,False,False,False,True,67359,True,False,latin_or_other,67844,gyldendal.dk
7095,0f48278c5944d76f1a43ff0448540c1049c066263ee36ffe,books/literary/publisher,explicit_restrictive_notice,True,False,False,False,True,1,True,False,latin_or_other,37382,
7096,13d25b6bd22768c1af05725a48a884aac87411f6c27047d9,books/literary/publisher,explicit_restrictive_notice,True,False,False,False,True,59163,True,False,latin_or_other,60433,
7099,75ed67d5d59fb6d4f764d7217b11805d7a775d44aefacf94,education/course/textbook,generic_copyright_or_bibliographic_marker,False,False,False,False,True,416,True,False,latin_or_other,46798,ascottechnologies.com
7108,596ee9d36051f9b8a7d0bdd7bfa9937f9c111c5785d028d6,books/literary/publisher,generic_copyright_or_bibliographic_marker,False,False,False,False,True,248,True,False,latin_or_other,85251,arcadiapublishing.com
7109,bedd1f9fcc343029a3b7459a9a16884a6ba08056d003e267,books/literary/publisher,explicit_restrictive_notice,True,False,False,False,True,256,True,False,latin_or_other,44530,
7116,c8277077fc089fcbb2a5278576d600be114755a67b501dea,books/literary/publisher,explicit_restrictive_notice,True,False,False,False,True,27417,True,False,latin_or_other,28110,
7120,79a6f5c890f0fd02c315388f8e25c38fed37b594628b8b10,books/literary/publisher,explicit_public_domain_marker,False,False,True,False,True,474,True,True,latin_or_other,83033,pgdp.net
7121,522c46f7cf4e116a36adaef0249328a50748e5a9dc9e890f,government/legal/procurement,generic_copyright_or_bibliographic_marker,False,False,False,False,True,100408,True,False,latin_or_other,222471,calema.ca.gov;dgs.ca.gov;dof.ca.gov;globalcruise.dgs.ca.gov;sam.dgs.ca.gov;sco.ca.gov;www2.sco.ca.gov
7122,3a4f69f5eef6587da79427b03170618be69122edb75715f9,government/legal/procurement,generic_copyright_or_bibliographic_marker,False,False,False,False,True,194386,False,True,latin_or_other,233141,
7133,3ecf10b78568f4373430fc8b325c4677687ef5dc8cf3e6fc,software/code/technical-QA,explicit_open_licence_marker,False,True,False,False,True,27759,True,False,latin_or_other,36415,apache.org;logback.qos.ch
7146,72a19e1575bab31e9130b23e74be1879f4a14afba7ce0b28,books/literary/publisher,generic_copyright_or_bibliographic_marker,False,False,False,False,True,331,True,False,latin_or_other,69909,arcadiapublishing.com
7151,091ed480392d94a58547b049c129bf3a2814b90ed6b15b19,scholarly/research,generic_copyright_or_bibliographic_marker,False,False,False,False,True,67263,True,False,latin_or_other,67610,aging.senate.gov;aoa.gov;assets.aarp.org;census.gov;chdbdata.org;ilcuk.org.uk;jmir.org;nanasp.org;pewinternet.org
7162,deae7c3d8819a2fbb7eb2f74abe14fd73c103b478aea7566,government/legal/procurement,explicit_open_licence_marker,False,True,False,False,True,20346,True,True,latin_or_other,137628,daltonstate.edu
7170,adb2bc8b0242667c78eac95cbe584185917a604970b342f3,books/literary/publisher,explicit_restrictive_notice,True,False,False,False,True,64768,True,False,latin_or_other,66367,simonandschuster.com;simonspeakers.com
7172,ec6bc2685fece1b5ad2db4db8e7792d91bd0f004767b81bc,books/literary/publisher,generic_copyright_or_bibliographic_marker,False,False,False,False,True,507,True,False,latin_or_other,106711,arcadiapublishing.com;imagesofamerica.com
7179,cf65a0358322002b9e7e327a77bc7fab47da11c84f1c3f4e,news/blog/general web,explicit_open_licence_marker,False,True,False,False,True,2294,True,False,latin_or_other,38059,
7183,2d7078473e793d9c8dcd610c3595a8e9c2e08e1beadca902,scholarly/research,generic_copyright_or_bibliographic_marker,False,False,False,False,True,213,True,False,latin_or_other,171381,github.com;uspto.gov;wipo.int
7193,bb5666566c11d330634bcf85d54ee88caf7fde0a40d9136a,government/legal/procurement,government_copyright_notice,False,False,False,True,True,258206,False,True,latin_or_other,260137,animalhealth.defra.gov.uk;decc.gov.uk;defra.gov.uk;environment-agency.gov.uk;hse.gov.uk;legislation.gov.uk;publications.environment-agency.gov.uk;wrap.org.uk
7197,4060b8b2f4597562a4137e394333e6c847b5ad2e5cc46935,manual/technical documentation,generic_copyright_or_bibliographic_marker,False,False,False,False,True,78182,True,False,han,80039,zktimecube.com
7204,064f4e6c8822547dda6d87a4d8dea59d5a2803ecbef3f1f3,government/legal/procurement,generic_copyright_or_bibliographic_marker,False,False,False,False,True,23755,True,False,han,82046,
7210,3fcf4709878cd149cff3dc37baf2b23608f81862974cba35,books/literary/publisher,explicit_restrictive_notice,True,False,False,False,True,44775,True,False,latin_or_other,45542,candlewick.com
7212,420a86bb31b5bf08dd266ecb3c62e6b370135dbfbf6b04ce,books/literary/publisher,explicit_restrictive_notice,True,False,False,False,True,40,True,False,latin_or_other,67546,
7214,50993db002dbee337fea93ff88bb283aac33ecaddc40e4bd,corporate/financial/ESG,explicit_restrictive_notice,True,False,False,False,True,48602,True,False,han,50231,abb.com.cn
7220,2dd052d5cef86241f48064204d0bfb7fc1b96fe66fd38079,books/literary/publisher,explicit_restrictive_notice,True,False,False,False,True,126,True,False,latin_or_other,46158,quadrille.co.uk
7224,1d663d01d218470e4092520813a4e9342579dde230a33b30,books/literary/publisher,explicit_restrictive_notice,True,False,False,False,True,31204,True,False,latin_or_other,32183,simonandschuster.com;simonspeakers.com
7231,3c0586c65e520d4b6d13a0b600e9ada73e799ac1143a5fd9,books/literary/publisher,explicit_restrictive_notice,True,False,False,False,True,52817,True,False,latin_or_other,53443,penguin.co.uk;penguin.com
7245,4dd841b47792f6a8baa6f8ab8db577d3a44e2c892277193b,scholarly/research,explicit_restrictive_notice,True,False,False,False,True,6305,True,False,latin_or_other,48764,doverpublications.com
7256,9b0a8ca203f1c76cd5da7fc1e3165c91ecc11f4a23390cf8,software/code/technical-QA,explicit_restrictive_notice,True,False,False,False,True,15053,True,False,latin_or_other,34367,ajax.aspnetcdn.com;bootstrapious.com;cdn.datatables.net;cdnjs.cloudflare.com;code.jquery.com;kit.fontawesome.com;stackpath.bootstrapcdn.com
7272,64cf666bbb3f6be0d46ad312c0be20eaddd336235c8c4a37,books/literary/publisher,generic_copyright_or_bibliographic_marker,False,False,False,False,True,107,True,False,latin_or_other,74510,lccn.loc.gov
7278,0161d7caffbd7c7363d38349d037fa9541149197ca818726,government/legal/procurement,explicit_restrictive_notice,True,False,False,False,True,139023,False,False,latin_or_other,142399,dhs.gov;dolir.mo.gov;planroom.drexeltech.com
7285,22d827426b9a969d21ee27af00bcd57bde835b9e94743801,books/literary/publisher,explicit_restrictive_notice,True,False,False,False,True,1642,True,False,latin_or_other,92543,press.auckland.ac.nz
7287,2413463f079e622da3e1efa23904f237a7ba467b9315ea3a,government/legal/procurement,explicit_open_licence_marker,False,True,False,False,True,509,True,False,latin_or_other,208116,coastadapt.com.au;doi.org;gov.uk;minerva-access.unimelb.edu.au;ncbi.nlm.nih.gov;prres.net;repository.tudelft.nl;researchgate.net;sbenrc.com.au;scielo.br;sciencedirect.com;transport.govt.nz
7333,6213afbe05ff4d8453f09cea68926b0898b102d2573c5116,books/literary/publisher,explicit_restrictive_notice,True,False,False,False,True,1876,True,False,latin_or_other,84352,
7334,2f33221e86f5224373f6b928d743c51d39b35a74d15e21cb,books/literary/publisher,mixed_restrictive_and_open_or_public,True,True,False,False,True,937,True,False,latin_or_other,167787,cfchildren.org;hansvandijk.nl;partnershipforchildren.org.uk;rug.nl;swpbs.nl;wij-leren.nl;zippysvrienden.nl
7340,fc5904c4537a7ae6ce06e3a2729acbecdc2baf7e04dfff76,scholarly/research,generic_copyright_or_bibliographic_marker,False,False,False,False,True,74003,True,False,latin_or_other,171717,
7348,5d57863941aad2e27a45c4049365f80012e7f34c2bd7720d,books/literary/publisher,explicit_restrictive_notice,True,False,False,False,True,47892,True,False,latin_or_other,49585,storey.com
7353,62b3839e50f5cbf4363620c368bd057a43cea2e0d82089b6,government/legal/procurement,mixed_restrictive_and_open_or_public,True,False,True,False,True,369,True,True,latin_or_other,194694,28cfr23.org;cia.gov;unodc.org
7357,39439c220a1b00db2f2dfd3a17e331b9524d021ed67f26dd,books/literary/publisher,explicit_restrictive_notice,True,False,False,False,True,7,True,False,latin_or_other,93460,crownpublishing.com;links.penguinrandomhouse.com;tenspeed.com
7362,58c610c46e0013f3400769790288615f2786539f5d46d260,books/literary/publisher,explicit_restrictive_notice,True,False,False,False,True,37,True,False,latin_or_other,43622,ancient.eu;atlasobscura.com;augustwren.com;chroniclebooks.com;classics.mit.edu;discovermagazine.com;dkfindout.com;explorepahistory.com;foodandwine.com;gutenberg.org;history.com;lccn.loc.gov;maryhillmuseum.org;newyorker.com;rmg.co.uk;smartbitchestrashybooks.com;smithsonianmag.com;telegraph.co.uk;thecut.com;womenandthegarden.blogspot.com;womenhistoryblog.com
7365,2a66bce5f641c4989bd3910b5f644c660f69b1a24c7513fc,scholarly/research,generic_copyright_or_bibliographic_marker,False,False,False,False,True,156,True,False,latin_or_other,115132,asrjetsjournal.org;competebioafrica.net;esmap.org;hendewayela.com
7369,c2824453ec3a7f87bdfb045619b25366c5a319ddfe568b75,books/literary/publisher,explicit_restrictive_notice,True,False,False,False,True,77,True,False,latin_or_other,74597,dundurn.com
7375,90fea490b852e93cb0b09bd5f4b553c8edecfb44620570ae,scholarly/research,generic_copyright_or_bibliographic_marker,False,False,False,False,True,1931,True,False,latin_or_other,226167,moe.edu.cn;moe.gov.cn;pellinstitute.org;scholarlycommons.pacific.edu;shmzj.gov.cn
7386,942bfbf4fe943c6063cad1a71fd2b19f362821d2f66aeb63,books/literary/publisher,explicit_restrictive_notice,True,False,False,False,True,204,True,False,latin_or_other,47176,
7394,106c4cee633da1cc39e77b2dae38f1e709e5636318d4e879,education/course/textbook,generic_copyright_or_bibliographic_marker,False,False,False,False,True,4602,True,False,latin_or_other,275309,caahep.org;engage.saic.edu;saic.edu
7395,bbd3bb099ea8d79471cb90ca06951049e1cd6b0b880491b4,government/legal/procurement,generic_copyright_or_bibliographic_marker,False,False,False,False,True,36479,True,False,latin_or_other,261871,essex.gov.uk;naturalengland.etraderstores.com;placeservices.co.uk
7398,bff7d74427201d46ad30884beae0d0808efc98f108ca6922,scholarly/research,explicit_restrictive_notice,True,False,False,False,True,163,True,False,latin_or_other,119624,artistictheologian.comfacebook;facebook.com;plagiarism.org.disability;religiousaffections.org;scottaniol.comblogs;touchstonemag.com
7412,02558e5912294bf681c31847accbd705a62c4861428c0706,public-domain/library,explicit_public_domain_marker,False,False,True,False,True,412,True,True,latin_or_other,45565,pgdp.net
7414,6b3ec8bda630b1cb53b2fb8671ca34d3e59a3b4024b8f997,books/literary/publisher,generic_copyright_or_bibliographic_marker,False,False,False,False,True,948,True,False,latin_or_other,98988,arcadiapublishing.com
7416,2d02e68b0f55900bbaecad50a0850297f106c14c80518671,books/literary/publisher,explicit_restrictive_notice,True,False,False,False,True,10110,True,True,latin_or_other,55765,shirebooks.co.uk
7419,c2e45b8601decc525dc45cfd8867950b6356df8e913b7999,scholarly/research,generic_copyright_or_bibliographic_marker,False,False,False,False,True,107,True,False,latin_or_other,37770,
7432,ad762d0e2be8340a7c20da5fcaa752288421bdb9e4727e29,scholarly/research,generic_copyright_or_bibliographic_marker,False,False,False,False,True,125456,False,False,latin_or_other,130833,collegeboard.com;collegeboard.org;cshe.berkeley.edu;edweek.com;ets.org;items.education.ucsb.edu;latimes.com;nacacnet.org;theatlantic.com
7434,e7f625aca9a00ef16f2b73369153d6b7c4c8e8d8c6e29860,scholarly/research,explicit_restrictive_notice,True,False,False,False,True,92604,True,False,latin_or_other,93421,abstractsbykathryn.com;abwatercolors.com;alexislavineartist.com;artistsnetwork.com;atwoodart.com;bensonfinearts.com;beverlydinsmore.com;bsullivanart.com;cannonwc.com;carolfrye.com;carolstaub.com;catherinehillis.com;davidcuinart.com;diannehickerson.com;dontaylorart.com;evelyndunphy.com;fealingwatercolcor.com;fineartamerica.com;francescabrayton.com;graceswanson.com;gwenbragg.com;halegallery.com;herbreedwatercolors.com;janesegrest.com;janetfish.com;janfilarski.com;jeankgill.com;jeannehyland.com;kaarenoreck.com;kateaubrey.com;kathleenberrybergeron.com;kathystone.net;kaysmith.artspan.com;lynnekroll.com;marilynsearsbourbon.com;mikehillwatercolors.com;mikemazer.com;nachtrieb.com;normaherring.com;patcairnsfineart.com;peggyzehring.com;petersenwatercolor.com;renatemartinwatercolors.com;ruthcanada.com;ruthellenhoag.com;sandraschaffer1.com;sandymeyerart.com;shigekoworld.com;soonwarren.com;susanherron.com;suzypal.com;taylorikin.com;timmsfineart.com;verenaheroux.com;watercolorsmith.com;zhibit.org
7444,3519dfce08a42f27fbb5c70ab6c370f3ec5e9d2b2f41cdeb,books/literary/publisher,generic_copyright_or_bibliographic_marker,False,False,False,False,True,43993,True,False,latin_or_other,49250,demeredith.com
7448,4dbf00e0166b924cbdbe86d33be5544bef8df83cef2ebb5c,books/literary/publisher,explicit_restrictive_notice,True,False,False,False,True,138,True,False,latin_or_other,156700,cbcsd.org.cn;chinacarbon.info;co2re.co;doi.org;ets-china.org;gov.cn;iea.org;mee.gov.cn;ne21.com;nea.gov.cn;nengyuanjie.net;sdb.nea.gov.cn;stats.gov.cn;tanjiaoyi.com;xinhuanet.com
7453,e9dc2b018dd054574a2d839c0fdc9aa59d82c33926776420,government/legal/procurement,generic_copyright_or_bibliographic_marker,False,False,False,False,True,3556,True,False,han,52318,
7456,ac2272591f8588dba42b84cba63fc45ec8e79fac381b1ce4,books/literary/publisher,explicit_restrictive_notice,True,False,False,False,True,203,True,False,latin_or_other,79069,harpercollins.ca;harpercollins.co.nz;harpercollins.co.uk;harpercollins.com;harpercollins.com.au
7459,e194da205f57f6f2ab33812f1e89edf5eccfb6980f4c2d77,scholarly/research,generic_copyright_or_bibliographic_marker,False,False,False,False,True,1568,True,False,latin_or_other,152622,scholarworks.umass.edu
7461,c90ac9c671ddbaf7314d459949d4546074366008c145435c,government/legal/procurement,generic_copyright_or_bibliographic_marker,False,False,False,False,True,57728,True,True,latin_or_other,174247,
7464,20626a666d8f0b710bfceb151cddb7229378348771bcf271,government/legal/procurement,generic_copyright_or_bibliographic_marker,False,False,False,False,True,3279,True,False,latin_or_other,188797,acmedsci.ac.uk;aeres-evaluation.fr;berr.gov.uk;bmbf.de;bmj.com;brunel.ac.uk;cordis.europa.eu;ec.europa.eu;ecrin.org;ecrmforum.org;efpia.eu;emea.europa.eu;esf.org;hm-treasury.gov.uk;hrcsonline.net;icmje.org;kauffman.org;medisin.ntnu.no;mednet3.who.int;nap.edu;nihr.ac.uk;oecdbookshop.org;regeringen.se;research.microsoft.com;timesonline.co.uk;ukcrc.org;who.int;whqlibdoc.who.int
7474,e5a343ca26da76ffe1df7e969fe950705410f8e71e6ec563,books/literary/publisher,explicit_restrictive_notice,True,False,False,False,True,332,True,False,latin_or_other,81573,
7489,ff74203f91f26d72ebc938352e5b40577144bfb68e3852ad,books/literary/publisher,explicit_restrictive_notice,True,False,False,False,True,173,True,False,latin_or_other,56260,
7493,22ffb715a2d8ed5133d82d224c1b5e53094d6eaf1641ad62,books/literary/publisher,explicit_restrictive_notice,True,False,False,False,True,314,True,False,latin_or_other,161299,coda.ada.org
7505,dba68afa968062e473387cb5f83cc8395283d0542b09e0f3,corporate/financial/ESG,explicit_restrictive_notice,True,False,False,False,True,14719,True,False,han,14807,jsjny-nj.com
7506,9a979953078f97c01cd6ef9910e19d35bd63cff32e23795f,books/literary/publisher,generic_copyright_or_bibliographic_marker,False,False,False,False,True,54,True,False,latin_or_other,38530,
7512,62f55da76919db126620a60c7da524340cedd6e637e8b23f,government/legal/procurement,generic_copyright_or_bibliographic_marker,False,False,False,False,True,48835,True,False,han,66370,
7515,f5fb95b5e174a9860d22a87a57b9ba718372cf16f55f6ec3,software/code/technical-QA,explicit_open_licence_marker,False,True,False,False,True,24401,True,False,latin_or_other,29571,cdn.jsdelivr.net;codepen.io;jquery.org;lodash.com;underscorejs.org
7517,60596dc3918bebab143a11d90713441b0f81e6d9a587a668,government/legal/procurement,generic_copyright_or_bibliographic_marker,False,False,False,False,True,5439,True,False,latin_or_other,189943,
7521,820a57c065f579f310f43b9ff01d47799cf3edfa00b1ef22,scholarly/research,explicit_restrictive_notice,True,False,False,False,True,76368,True,False,latin_or_other,78883,marvellouschildrenscharity.org;penguin.com;roalddahl.com;roalddahlmuseum.org
7530,6ddf46b7b4b4fed18fc4d1fa3ed075bd59e8724ae1354971,scholarly/research,explicit_restrictive_notice,True,False,False,False,True,1298,True,False,latin_or_other,216941,acoss.org.au;act.ipaa.org.au;acus.gov;aihw.gov;alliance4usefulevidence.org;anzsog.edu.au;apolitical.co;bfi.org;bls.gov;brookings.edu;bsc.cid.harvard;bsc.cid.harvard.edu;bsg.ox.ac.uk;cemi.com.au;climate.nasa.gov;computerweekly.com;datacollaboratives.org;digileaders.com;digital.canada.ca;digitalsocial.eu;digitalvidya.com;doi.org;dx.doi.org;economist.com;edelman.com;england.nhs.uk;fastcompany.com;fca.org.uk;federalnewsnetwork.com;gao.gov;gov.scot;gov.uk;govlabacademy.org;hdr.undp.org;imperial.ac.uk;industry.gov.au;innovation.nj.gov;innovationaus.com;ir.bellschool.anu.edu.au;journalists.medianet.com.au;kops.uni-konstanz.de;livingcities.org;mainichi.jp;mbrcgi.gov.ae;mckinsey.com;media.nesta.org.uk;medium.com;mikebracken.com;monash.edu;nesta.org.uk;nyujlb.org;obamawhitehouse.archives.gov;oecd-opsi.org;oecd.org;oecdbetterlifeindex.org;orlando.gov;oxfam.org;pcs.org.uk;pewglobal.org;po.pdis.tw;prefeitura.sp.gov.br;productivity.govt.nz;psnews.com;read.oecd-ilibrary.org;researchgate.net;rubygarage.org;science.sciencemag.org;svid.se;teamdigitale.governo.it;theconversation.com;thegovlab.org;theguardian.com;transbasesf.org;ucl.ac.uk;ucsusa.org;www2.deloitte.com;www3.weforum.org;www8.cao.go.jp
7531,d82f4c733df852d83534c301f872bc37023225a1b2201152,scholarly/research,generic_copyright_or_bibliographic_marker,False,False,False,False,True,36130,True,False,latin_or_other,48644,
7534,f32e4aeaed29aa75c68222b9e4ce698467d7cf68cd0b859e,software/code/technical-QA,generic_copyright_or_bibliographic_marker,False,False,False,False,True,2648,True,False,latin_or_other,33945,code.google.com;cyril-levert.info;ha.ckers.org;htmlpurifier.org;php-firewall.info;php-maximus.org;php-minimus.org;php-nanomus.org;stop-spam-referer.info;twitter.php-minimus.org
7535,9739d50775b00de1c6801d3c4fa48fe17431d18afcec5909,corporate/financial/ESG,generic_copyright_or_bibliographic_marker,False,False,False,False,True,16773,True,False,han,26682,
7536,46a5bf14bb825c24bd2105a10ce0183372627810c992abdb,scholarly/research,mixed_restrictive_and_open_or_public,True,False,True,False,True,103091,True,False,latin_or_other,103539,pgdp.net
7551,563e70f9cc69f91bc8d00e511199435e6e0faf0985c18eb3,books/literary/publisher,explicit_restrictive_notice,True,False,False,False,True,147629,False,True,latin_or_other,148051,360.gs.com;gs.com;sipc.org;theocc.com
7555,123b5cfed02224be31d7474e8a11ed2fe1d65803e3b37b0e,books/literary/publisher,explicit_restrictive_notice,True,False,False,False,True,300,True,False,latin_or_other,228116,academy.itu.int;atu-uat.org;bndes.gov.br;cba.org.uk;chiariglione.org;dvb.org;itu.int;itu.intitu;itunews.itu.int;nercdtv.org;opto.ca;planalto.gov.br;portal.unesco.org;statista.com;tech.ebu.ch;tech.ebu.cheei;unesco.org
7561,08af0516c254fb4afa9413ca3dc64aeddeefc5c684c024cc,books/literary/publisher,explicit_restrictive_notice,True,False,False,False,True,5394,True,True,latin_or_other,69008,coolmath4kids.com;enslow.com;mathsisfun.com;testtakingtips.com
7567,63ddec7ce69338016bcb512965af4b8c9f3451c36254b18d,scholarly/research,generic_copyright_or_bibliographic_marker,False,False,False,False,True,56583,True,True,latin_or_other,58020,
7570,abc97021e30b309a4f80c47d5c52f701c98407386c75ae95,books/literary/publisher,explicit_restrictive_notice,True,False,False,False,True,55370,True,False,latin_or_other,56486,jessepetersen.net;orbitbooks.net;orbitshortfiction.com
7571,4e74f12977079d806a07fb36413bd9f2acb29c2c61219a36,books/literary/publisher,generic_copyright_or_bibliographic_marker,False,False,False,False,True,469,True,False,latin_or_other,61031,
7578,b9ba58d27e4ef596db5ebd61c66a11a7b5a742010a143946,books/literary/publisher,explicit_restrictive_notice,True,False,False,False,True,97,True,False,latin_or_other,59561,bit.ly
7580,3a12f5b712a4ebfab3c7b51283eb35931042ad581ebb6ad4,scholarly/research,generic_copyright_or_bibliographic_marker,False,False,False,False,True,84366,True,False,latin_or_other,123609,
7581,11095a17a0818ee0c7e15ebcbb5999b54ae2cf254c80575d,public-domain/library,explicit_public_domain_marker,False,False,True,False,True,733,True,False,latin_or_other,57265,pgdp.net
7584,86cf0e5ef2405403188743fe136f5f17b81e5750348f7b37,government/legal/procurement,mixed_restrictive_and_open_or_public,True,False,True,False,True,80887,True,False,latin_or_other,243604,obnova.gov.rs;paracin.rs;simap.ch
7588,8b980e9c701ddb991c45c15d19ccfcb337b67ebd0ac2e370,scholarly/research,explicit_restrictive_notice,True,False,False,False,True,56692,True,True,latin_or_other,58743,
7589,306d3676e81c63e7f0508cc6b7c328635f07a5dd259ffe48,books/literary/publisher,generic_copyright_or_bibliographic_marker,False,False,False,False,True,20338,True,True,latin_or_other,25892,
7591,061212c3e6227cd860c11e1d838977ca51f493162c6e2a27,books/literary/publisher,explicit_restrictive_notice,True,False,False,False,True,2735,True,False,cyrillic,52084,
7592,76ab1385e7c9a229311a3af3da7320e0f482722a3a8e4cc4,news/blog/general web,generic_copyright_or_bibliographic_marker,False,False,False,False,True,53746,True,False,latin_or_other,54098,
7594,fa185cdeb936c93f353aa966f0bc29517650b4fa0bc576f1,government/legal/procurement,generic_copyright_or_bibliographic_marker,False,False,False,False,True,21966,True,False,han,60008,creditchina.gov.cn
7601,82280f0a6eede17705fe0ffd2e5ac17cb9e7f1aea2f1f3ce,books/literary/publisher,mixed_restrictive_and_open_or_public,True,True,False,False,True,67614,True,False,latin_or_other,67978,github.com;googleapis.com;heroku.com;ifttt.com;nycda.com;rubygems.org
7604,06770950f251b5699b2cee17933f72c4bffe7a81c5e3f738,books/literary/publisher,explicit_restrictive_notice,True,False,False,False,True,85906,True,False,latin_or_other,88487,periplus.com;tuttlepublishing.com
7617,fe97ca4f3f76989fc8cde284abcd9654f34116c2228ae7cf,corporate/financial/ESG,generic_copyright_or_bibliographic_marker,False,False,False,False,True,3954,True,True,han,22774,
7619,1c8cc54cff7178e107ce9b5af30c1d7e0c39c5e74b4f6e95,books/literary/publisher,explicit_restrictive_notice,True,False,False,False,True,54,True,False,latin_or_other,49931,stmartins.com
7623,b0dcd63f26b527226410bffd1fd8e0d5447b60d2f25926b7,government/legal/procurement,generic_copyright_or_bibliographic_marker,False,False,False,False,True,6311,True,True,han,23539,
7624,31f3d3ae66e79826a5d8de19586d9bd3bf8daa2f9496785c,books/literary/publisher,explicit_restrictive_notice,True,False,False,False,True,2,True,False,latin_or_other,47784,
7631,20e90f562dcc4212c38730588494ccdec6de09141a3c00ac,books/literary/publisher,explicit_restrictive_notice,True,False,False,False,True,79,True,False,latin_or_other,59548,books2read.com
7632,13986c0791c5f18c020459a33f9e63ac2bc2b43f6b2120b3,corporate/financial/ESG,explicit_restrictive_notice,True,False,False,False,True,286014,False,False,latin_or_other,291385,edocumentview.com;envisionreports.com;harsco.com;investorvote.com;meetnow.global
7638,ce52733efddc9152972073d0a478d19ee46841c6feff7fba,government/legal/procurement,generic_copyright_or_bibliographic_marker,False,False,False,False,True,63108,True,False,latin_or_other,146177,humanservices.arkansas.gov
7640,74a3755d4cfc20f90fd69f6abbac744f5b2f2969237baee0,scholarly/research,explicit_restrictive_notice,True,False,False,False,True,407,True,False,latin_or_other,223038,worldofbiology.wikispaces.com
7644,4a48443d6c39696dd33248788cf7bdc46d91ea2df6e366ba,news/blog/general web,generic_copyright_or_bibliographic_marker,False,False,False,False,True,1061,True,False,latin_or_other,48357,
7653,a8fbbe47866050cb36aa738c4c79990dfb3d20d5e0dc0eb3,books/literary/publisher,generic_copyright_or_bibliographic_marker,False,False,False,False,True,51681,True,True,latin_or_other,134905,forbookssake.net;iwm.org.uk
7655,5074ddc3fa4810a85c0d5d65c99ddd297a09f1bc63453cc3,news/blog/general web,explicit_restrictive_notice,True,False,False,False,True,1228,True,False,han,20518,
7656,17c3b0bc983892095e32575132eea7165c6f99979017ab5f,books/literary/publisher,explicit_restrictive_notice,True,False,False,False,True,77343,True,False,latin_or_other,78525,adamsmedia.com
7659,f0110293c20bb4892fd5f6db8923f9e6af8a34b373e1417d,books/literary/publisher,explicit_restrictive_notice,True,False,False,False,True,437,True,False,latin_or_other,44160,amherstmedia.com;facebook.com;twitter.com;youtube.com
7668,a1d12ba31f30edfcf3f8c1f6140c6b09d99df9e3f4d89b10,books/literary/publisher,explicit_restrictive_notice,True,False,False,False,True,95089,True,False,latin_or_other,98286,chelseawardart.com;quartoknows.com
7678,72c001686aa80e60673a659829f4a39134a4c3490a6ab55d,books/literary/publisher,explicit_restrictive_notice,True,False,False,False,True,1087,True,False,latin_or_other,56550,
7687,d78ea0318d1b09435c7d2c39754971d115d57e877e9c539b,public-domain/library,mixed_restrictive_and_open_or_public,True,False,True,False,True,550,True,True,latin_or_other,70668,pgdp.net
7690,bb59e4b6cbfd0bb7f3cd58601b60f267c37ce107ac0407cf,government/legal/procurement,mixed_restrictive_and_open_or_public,True,True,False,False,True,1209,True,False,latin_or_other,168988,8thvicfloodconference.org.au;abc.net.au;abs.gov.au;aecom.comabn;climatechange.gov.au;climatecommission.gov.au;cmar.csiro.au;creativecommons.org;csiro.au;deewr.gov.au;docs.nrdc.org;dsd.gov.hk;edo.org.au;ema.gov.au;environment.gov.au;environment.nsw.gov.au;ga.gov.au;google.com.au;insurancecouncil.com.au;lakemac.com.au;maitland.nsw.gov.au;metoffice.gov.uk;nationbuildingprogram.gov.au;newcastle.nsw.gov.au;planning.nsw.gov.au;portstephens.nsw.gov.au;propertyoz.com.au
7695,ee496cb683eec022c915d7c5d45f3819a88f0a293c3f3b9f,scholarly/research,explicit_restrictive_notice,True,False,False,False,True,376,True,False,latin_or_other,168101,acqnotes.com;ndia.org;scaledagileframework.com
7698,f0b51e60eda5a302451e7ddee497ebffa39ee278f5182227,public-domain/library,mixed_restrictive_and_open_or_public,True,True,True,False,True,3542,True,False,latin_or_other,49741,scientificdata2009.creativecommons.org.tw
7703,68ca6c40d86182e8d30a84cac4ee2932608658616f715e79,books/literary/publisher,explicit_restrictive_notice,True,False,False,False,True,74574,True,False,latin_or_other,76887,capstonepub.com
7704,93f575abba5d9e193600e3f77018bde5dd7d9ecdde6dde72,books/literary/publisher,explicit_restrictive_notice,True,False,False,False,True,11,True,False,latin_or_other,75436,rawmazing.com;skyhorsepublishing.com;sunriseflourmill.com
7710,7b884f82f3735b91016fe7d1609318062a3f740dde0f0f44,public-domain/library,explicit_public_domain_marker,False,False,True,False,True,3434,True,False,latin_or_other,50235,pgdp.net
7716,f1760cff6ce2aa707ab9fccf67652fc480ea680bbf36d5e6,books/literary/publisher,explicit_restrictive_notice,True,False,False,False,True,114139,True,False,latin_or_other,114946,themoongoat.com
7722,cab0bef928b15af25cc4ba004c272855732f0b0114106b0d,books/literary/publisher,explicit_open_licence_marker,False,True,False,False,True,3279,True,True,latin_or_other,118025,americanfoodroots.com;americanheritagechocolate.com;cadbury.com.au;d-maps.com;ducksters.com;eduplace.com;facebook.com;fortticonderoga.org;health.harvard.edu;history.org;icco.org;marscocoascience.com;medicinehunter.com;monticello.org;nasa.gov;nationalgeographic.com;nls.uk;nps.gov;oldsalem.org;operationgratitude.com;printablemaps.net;slate.com;smithsonianmag.com;vintageadbrowser.com;youtube.com
7723,df8aa9c1f4088792328bce16a25976776bd59a7734137761,government/legal/procurement,generic_copyright_or_bibliographic_marker,False,False,False,False,True,51778,True,False,han,95811,yidaiyilu.gov.cn
7727,810b6380fd5f57b24a7516c454fae6767d9b7cc7614c9d53,books/literary/publisher,explicit_restrictive_notice,True,False,False,False,True,72985,True,False,latin_or_other,74211,penguin.com
7729,8c6c1bb1e391f13fe265ae0b610ea367ff447c449e7ef307,government/legal/procurement,generic_copyright_or_bibliographic_marker,False,False,False,False,True,8582,True,False,latin_or_other,181154,
7741,e9219ade08c641c3734a19261994378847b3a4151ac7d8ac,books/literary/publisher,explicit_restrictive_notice,True,False,False,False,True,2,True,False,latin_or_other,109346,crownpublishing.com;mri.org;tenspeed.com
7742,1def9d12249c1e20eeab8cca4a6c1ec8eca8f1e6eadf3fdb,public-domain/library,mixed_restrictive_and_open_or_public,True,False,True,False,True,1186,True,True,latin_or_other,85499,pgdp.net
7763,62c36dc3983aac59edbc59b054f9892d60e955c556ea3465,books/literary/publisher,generic_copyright_or_bibliographic_marker,False,False,False,False,True,623,True,False,latin_or_other,115993,astraeapress.com;kimbowmanauthor.blogspot.com
7770,4dbbe1fb8faa2b639e0285a864374a95c32cb19f60516ea9,scholarly/research,explicit_restrictive_notice,True,False,False,False,True,883,True,False,latin_or_other,132318,docs.oracle.com;iso.orgreproduction;oracle.com
7783,c411066dd3ee10cebc5a8f249b4ff1fc63212ba6b90845c6,news/blog/general web,explicit_restrictive_notice,True,False,False,False,True,7405,True,False,latin_or_other,41432,
7784,93ffe197adf3acd08e63be5001fa20b62b8ac9aa61301a0b,scholarly/research,generic_copyright_or_bibliographic_marker,False,False,False,False,True,1617,True,False,latin_or_other,107974,
7787,a8fbbe47866050cb36aa738c4c79990dfb3d20d5e0dc0eb3,books/literary/publisher,generic_copyright_or_bibliographic_marker,False,False,False,False,True,51681,True,True,latin_or_other,134908,forbookssake.net;iwm.org.uk
7792,fca96a3569f0a1d6017b556c424451cb87dc9b1ae523bcc2,books/literary/publisher,generic_copyright_or_bibliographic_marker,False,False,False,False,True,441,True,False,latin_or_other,110464,arcadiapublishing.com;imagesofamerica.com
7799,5bebd36e6ea10cb0189db38566887e6669069d1ea6a8f839,scholarly/research,generic_copyright_or_bibliographic_marker,False,False,False,False,True,8191,True,True,latin_or_other,56659,heliocentricworlds.blogspot.com;twitter.com
7800,880825be33d3c5f054e68d842e9ffcc7c95eb9a48969d311,news/blog/general web,generic_copyright_or_bibliographic_marker,False,False,False,False,True,68873,True,False,latin_or_other,71619,google.com
7806,fa9b17b4cec3308f08043d47ed0fc53df67e00c656d86c25,books/literary/publisher,explicit_restrictive_notice,True,False,False,False,True,1038,True,False,latin_or_other,252750,bibb.de;biblioteka-krk.ibe.edu.pl;catalogo.anq.gov.pt;catalogo.anqep.gov.pt;cedefop.europa.eu;ces.ed.ac.uk;deutscherqualifikationsrahmen.de;dev.uniglobalunion.org;dges.mctes.pt;dx.doi.org;ec.europa.eu;emcet.net;empleo.ugr.es;enseignementsup-recherche.gouv.fr;europa.eu;fiec.eu;finlex.fi;gc21.giz.de;gov.uk;italianita.de;jusline.at;kibb.de;lernpark.de;libserver.cedefop.europa.eu;minedu.fi;oecd.org;opac.iefp.pt;pub.uvm.dk;refernet.de;sqa.org.uk;translate.google.gr;ugr.es
7820,8c913dd9dda8d70cd9029bc4451c42931aac0fcbae1e1e08,news/blog/general web,generic_copyright_or_bibliographic_marker,False,False,False,False,True,301,True,False,latin_or_other,38399,
7825,327db779b3c14d6e807e4bc083b65444b049cf8046b53275,scholarly/research,generic_copyright_or_bibliographic_marker,False,False,False,False,True,313,True,False,latin_or_other,27544,
7828,906804d1cd055f50defb99aea2ec20271a28afc11a9895ba,books/literary/publisher,explicit_restrictive_notice,True,False,False,False,True,20,True,False,latin_or_other,56936,bookthug.ca;jim.com;lpg.ca;poetryfoundation.org;spdbooks.org;swartzentrover.com;thetech.mit.edu;vancouver.ca;whitmanarchive.org
7834,10fb233e4f29397ad3fa3770d2e9b86f39225c960902a5ba,books/literary/publisher,explicit_restrictive_notice,True,False,False,False,True,49,True,False,latin_or_other,50206,anansi.ca
7836,dba83938410e2f8444783de7d4c41863d0f29b0f094ab7cc,news/blog/general web,generic_copyright_or_bibliographic_marker,False,False,False,False,True,13860,True,False,latin_or_other,35541,owlmoose.dreamwidth.org;t.co
7839,d71ce14149c023e38333623a3a116a206f200b2e8b493036,books/literary/publisher,explicit_restrictive_notice,True,False,False,False,True,71351,True,False,latin_or_other,72599,harlequin.com
7840,3241f52df6ef4d6641b07d122dff25dc6c001d47c1a5149e,books/literary/publisher,explicit_restrictive_notice,True,False,False,False,True,95747,True,False,latin_or_other,99282,ctpub.com;tinyurl.com
7842,efb3d75ffe7be506f3a6d35d1f61d618b5d63573bcf1ad7c,books/literary/publisher,explicit_restrictive_notice,True,False,False,False,True,238,True,False,latin_or_other,102786,acas.org.uk;acblack.com;bodylanguageexpert.co.uk;businessballs.com;businessculture.com;changing-minds.org;content.monster.co.uk;culture-at-work.com;emailreplies.com;executiveplanet.com;ivillage.co.uk;learndirect.co.uk;lsc.gov.uk;negotiationskills.com;salarysearch.co.uk
7845,6472316415bff98ae1530a128e39a08b13a49b7bc9d8a70d,software/code/technical-QA,generic_copyright_or_bibliographic_marker,False,False,False,False,True,30656,True,False,latin_or_other,35954,fonts.googleapis.com;industris.com;t.co;via.placeholder.com
7853,8e2ebcbfb68f7ca3b9360f8b4222b63d2ade7ba99e049096,software/code/technical-QA,generic_copyright_or_bibliographic_marker,False,False,False,False,True,12854,True,False,latin_or_other,30946,devdocs.magento.com;github.com;magento.com;opensource.org
7861,152e9f9a13ffe3d8f5d20675b3b58362861c1c0ac9b7de14,books/literary/publisher,explicit_restrictive_notice,True,False,False,False,True,16,True,False,latin_or_other,91605,aemn.com.au;angelahollowaylive.com;benefitsofdrinkingwater.org;bodyandsoul.com.au;cwhn.ca;daisynetwork.org.uk;earlymenopause.org.nz;emedicine.com;everybody.co.nz;fmwc.ca;grownups.co.nz;gynaecologistauckland.co.nz;healthinsite.gov.au;jeanhailes.org.au;mayoclinic.com;menopause.org;menopause.org.au;menopauseandu.ca;menopausecanada.com;menopausecenter.com.au;menopausematters.co.uk;nhs.uk;nos.org.uk;nzmenopause.co.nz;simgmamenopause.com;sweatiessleepwear.com;thebms.org.uk;webmd.com;wikipedia.org;womens-health.org.nz;womenshealth.gov;womenshealthconcern.org
7870,0bb56230b655747ee416419a1d0373314d15ca9100de4c9f,public-domain/library,explicit_public_domain_marker,False,False,True,False,True,32413,True,True,latin_or_other,98767,pgdp.net
7883,1f856695ac056ffa4e158c53e297aecf787e823d06f9ead2,books/literary/publisher,explicit_restrictive_notice,True,False,False,False,True,39836,True,False,latin_or_other,41258,openroadmedia.com
7886,d973b3c33d57f1936a51337f50c7f6f6470b889710bae642,scholarly/research,explicit_restrictive_notice,True,False,False,False,True,348,True,False,latin_or_other,89182,scholastic.co.uk
7888,a29545dc724d8516efaf40e496ae291cec7d12a06e2a6643,books/literary/publisher,explicit_restrictive_notice,True,False,False,False,True,2,True,False,latin_or_other,81864,disneybooks.com
7891,f81348dc758477a7461be98952cba65ba2b68aa3d3203c9a,books/literary/publisher,generic_copyright_or_bibliographic_marker,False,False,False,False,True,413,True,False,latin_or_other,100983,
7892,87ca65f64cb109c0e6682acb3341cd4ac9c06d1e141cb777,books/literary/publisher,explicit_restrictive_notice,True,False,False,False,True,33,True,False,latin_or_other,71768,penguinputnam.com;us.penguingroup.com
7893,807249ca9f3e2243db1b3553852f9b0ec0d0fb7020e4034b,scholarly/research,generic_copyright_or_bibliographic_marker,False,False,False,False,True,2645,True,False,latin_or_other,45923,colorado.gov;coloradoclues.com;digital.denverlibrary.org
7897,bce733e4e1ffc7118a29fcdcd2f6c11fe06b4c0d5a83b7ba,books/literary/publisher,explicit_restrictive_notice,True,False,False,False,True,97,True,False,latin_or_other,103405,stmartins.com;us.macmillanusa.com
7903,d57027b339796c72b726b93b0da5eaa29da439c4cb8558bd,books/literary/publisher,explicit_restrictive_notice,True,False,False,False,True,19042,True,True,latin_or_other,89501,atrandom.com
7906,018f01ee2b7e5c3becbb8bae2be1aba73bde8af6708c2d97,books/literary/publisher,generic_copyright_or_bibliographic_marker,False,False,False,False,True,770,True,False,latin_or_other,83817,arcadiapublishing.com;swierenga.com
7916,b42fc52d799988356ec2ea93c543f6b975dfa6fb1508dcf5,books/literary/publisher,generic_copyright_or_bibliographic_marker,False,False,False,False,True,115,True,False,latin_or_other,52440,
7917,3d7b78d053fba8bbb54e6b2acba7a8868f69ad0fa77c9e4b,books/literary/publisher,explicit_restrictive_notice,True,False,False,False,True,4651,True,True,latin_or_other,44365,cydonix.com
7924,e450796a6394b8514adbb774f9964a394fe1122906b0d127,books/literary/publisher,explicit_restrictive_notice,True,False,False,False,True,19196,True,False,latin_or_other,45124,goo.gl;ow.ly
7928,c9f148ee0d39b43479533533603ab6fc3213569596b3c8b4,corporate/financial/ESG,explicit_restrictive_notice,True,False,False,False,True,55572,True,False,han,56282,
7932,250a80cf15466f4ef2ac4148fbeee79df48286b6db2f80e2,scholarly/research,generic_copyright_or_bibliographic_marker,False,False,False,False,True,56294,True,False,latin_or_other,150877,
7941,2bd75da08a576fcd8c74cce0973648a8562a63723dc6c6c0,scholarly/research,explicit_restrictive_notice,True,False,False,False,True,9664,True,False,latin_or_other,33875,achieve-goal-setting-success.com
7955,d294b125dff8b02af4c16dc97d66862b823649450d3696d7,scholarly/research,generic_copyright_or_bibliographic_marker,False,False,False,False,True,67151,True,False,latin_or_other,69647,epagine.fr;gallimard.fr
7969,e1e963cfd3ae444fe5bcb209c23b6ea254f0eca1270a3fa7,news/blog/general web,explicit_restrictive_notice,True,False,False,False,True,16331,True,False,han,26331,interesting-sky.china-vo.org
7975,ec51a8fd9f40d55f4c2ac9ea548e998721be64ee1ce61bc5,software/code/technical-QA,explicit_open_licence_marker,False,True,False,False,True,17141,True,False,latin_or_other,29819,abeautifulsite.net;ajax.googleapis.com;dev.tudosobreweb.com.br;duckranger.com;gregpike.net;jasny.github.io;jasny.net;jsfiddle.net;markusslima.github.io;maxcdn.bootstrapcdn.com;quirksmode.org
7980,d65db98808ec2a05463a743af20980b3f1867e97fdb9b1b0,software/code/technical-QA,generic_copyright_or_bibliographic_marker,False,False,False,False,True,33349,True,False,latin_or_other,35646,apply.devfolio.co;cdn.jsdelivr.net;cdnjs.cloudflare.com;celo.org;code.jquery.com;codeanywhere.com;codeforcause.org;devfolio.co;digitalocean.com;discord.gg;echoar.xyz;egghead.io;facebook.com;goo.gl;instagram.com;leadsark.com;linkedin.com;nostarch.com;polygon.technology;stackpath.bootstrapcdn.com;tezos.com;twitter.com;unpkg.com;wolfram.com
7981,b683485d569bfb878016f08511b62b96f860e8d2084ac944,corporate/financial/ESG,explicit_restrictive_notice,True,False,False,False,True,6,True,False,han,62240,hrecchina.org;weibo.com
7986,ef94e3baf9c88e987cf5eddf337bd1d144323330ee2951cb,government/legal/procurement,explicit_restrictive_notice,True,False,False,False,True,733,True,False,han,51840,
7994,15aafef587028b476f24b2fe99d5613e378de72f12457406,government/legal/procurement,explicit_restrictive_notice,True,False,False,False,True,1663,True,False,latin_or_other,36912,
8015,1d40bcf0464a49118a747f3abeb7e2363d7e70e1e1f15237,public-domain/library,explicit_public_domain_marker,False,False,True,False,True,774,True,False,latin_or_other,69010,pgdp.net
8020,1a0c34501db0132311d401b6c5f263333ec6738f3932a643,books/literary/publisher,explicit_restrictive_notice,True,False,False,False,True,103392,True,False,latin_or_other,106672,ctpub.com
8026,9ed7e2fe0765c87ee9f731fa931499d5af2c0c6268755999,books/literary/publisher,generic_copyright_or_bibliographic_marker,False,False,False,False,True,505,True,False,latin_or_other,90152,arcadiapublishing.com;imagesofamerica.com
8029,55499085fd97875c6da0e3406586ceff04627666157930ea,books/literary/publisher,explicit_restrictive_notice,True,False,False,False,True,10853,True,False,latin_or_other,45804,
8032,776e2dd0fa6c6d316d829538f6b48577cc77b8ba29d1e150,books/literary/publisher,explicit_restrictive_notice,True,False,False,False,True,72222,True,False,latin_or_other,74669,currency.com.au;integraldms.com
8038,2c42f25248b9cdd84821e74450cf1173f90fd2bb68c0ba8a,corporate/financial/ESG,explicit_open_licence_marker,False,True,False,False,True,2631,True,False,latin_or_other,193025,creativecommons.org;data.qld.gov.au;hpw.qld.gov.au;hpw.qld.gov.audevelopment;hpw.qld.gov.auqueensland;qld.gov.au
8041,8ff920d1ea8b20eb40c98fb4e4074161653946820cb1c8fc,books/literary/publisher,explicit_restrictive_notice,True,False,False,False,True,244,True,False,latin_or_other,80621,hardiegrant.com.au;quadrille.co.uk;quadrille.com
8044,7d9a3baabb7d05ce2da60bba23d7266279e154d7388af1d2,books/literary/publisher,explicit_restrictive_notice,True,False,False,False,True,214,True,False,latin_or_other,84414,parragon.co.uk
8056,53579c49bda165f37cffdacce091b8ed2b18f9132d041769,government/legal/procurement,explicit_restrictive_notice,True,False,False,False,True,46132,True,False,han,83318,chinatax.gov.cn;gdcic.net;ggzy.foshan.gov.cn
8057,a1fa6bc2c3c2b2869475584d56c3046a703cb7a612ced83d,software/code/technical-QA,generic_copyright_or_bibliographic_marker,False,False,False,False,True,10115,True,False,latin_or_other,31563,
8061,072ccdd1f048049dcdd37b7876c3a4b63804042cd8c04b8b,books/literary/publisher,explicit_restrictive_notice,True,False,False,False,True,134,True,False,latin_or_other,238264,tpc.org;tpc.org.general;tpc.org.the;tpc.orginfo
8079,4cff6476df03443fb6bc166a537cc1028ffeeeb754f5816b,software/code/technical-QA,generic_copyright_or_bibliographic_marker,False,False,False,False,True,3966,True,False,latin_or_other,27167,mitov.com;software.intel.com
8080,9790c5e8fc2898a8f72d0f9a5d8de0800642f9f1589391af,corporate/financial/ESG,explicit_restrictive_notice,True,False,False,False,True,387,True,False,han,91993,
8089,43bfd6afd770d09a80d4d8f8dc57d48066a58a4c08d07681,books/literary/publisher,generic_copyright_or_bibliographic_marker,False,False,False,False,True,242,True,False,latin_or_other,87786,fiveleaves.co.uk
8098,57e722a581dd5f13601711f44d6d7abf5f9ba1a6c810b563,scholarly/research,explicit_open_licence_marker,False,True,False,False,True,218,True,False,latin_or_other,135170,adb.org;apps.who.int;cdn.who.int;creativecommons.org;documents.worldbank.org;doi.org;foodandlandusecoalition.org;fsa.usda;ghsindex.org;hdl.handle.net;imf.org;iucn.org;ncbi.nlm;ncbi.nlm.nih.gov;obamawhitehouse.archives.gov;openknowledge.worldbank.org;portals.iucn.org;pubmed.ncbi.nlm;pubmed.ncbi.nlm.nih;sciencedirect.com;thedocs.worldbank.org;theindependentpanel.org;ucl.ac;worldbank.org
8131,a6a21372ded6a7a211b6aa7eb315b1d0285778ea6202e429,scholarly/research,explicit_restrictive_notice,True,False,False,False,True,964,True,False,latin_or_other,142641,
8140,06e51ceeda883a950574a0e83f54222ec0d7ab6055c49e2d,books/literary/publisher,explicit_restrictive_notice,True,False,False,False,True,72740,True,False,latin_or_other,74014,openroadmedia.com
8149,700f53035ee52be6bf9bfb258a6b93ff5bbcf5fcdd79fdd7,books/literary/publisher,explicit_restrictive_notice,True,False,False,False,True,142,True,False,latin_or_other,48743,
8156,e576faba441e653ed5699912630e753f0c84a6df40e459f2,government/legal/procurement,generic_copyright_or_bibliographic_marker,False,False,False,False,True,18321,True,False,latin_or_other,38164,
8165,d83f2891fc6abd8dc2df5481e7b131ee1dd9d0b173a6688d,public-domain/library,explicit_public_domain_marker,False,False,True,False,True,226,True,True,latin_or_other,93419,
8171,f856d733d7dce6a84aca11ee62b0b1c6ee6fe7b11837f895,scholarly/research,explicit_open_licence_marker,False,True,False,False,True,0,True,False,latin_or_other,30457,dx.doi.org
8181,104c2b2f7ef82d9d1462fc9a230a1ed37bb437e7490cb6a6,scholarly/research,generic_copyright_or_bibliographic_marker,False,False,False,False,True,1770,True,False,latin_or_other,30629,
8187,7ce7cd8d68210e08b87cd3823c174ace72cbe0a5fa2e1462,software/code/technical-QA,generic_copyright_or_bibliographic_marker,False,False,False,False,True,15113,True,False,latin_or_other,28220,getbootstrap.com;github.com;icons.getbootstrap.com;maxcdn.bootstrapcdn.com;netdna.bootstrapcdn.com;stackpath.bootstrapcdn.com;v4-alpha.getbootstrap.com
8216,672fc3039519fe400b060a267832a6b3b30f847ae16d6a55,books/literary/publisher,explicit_restrictive_notice,True,False,False,False,True,822,True,False,latin_or_other,32120,adamsmedia.com
8226,4aba26dfce3463130245c0bc56a2b47aab94485b80010fd0,books/literary/publisher,explicit_restrictive_notice,True,False,False,False,True,43474,True,False,latin_or_other,45260,simonandschuster.com
8229,4df4ada8eaa5762a216a340a518b642f74af123c3ee5d0d6,scholarly/research,generic_copyright_or_bibliographic_marker,False,False,False,False,True,728,True,False,latin_or_other,126456,90plan.ovh;ahrq.gov;cctcore.org;findarticles.com;health.org.uk;hse.gov.uk;nrls.npsa;onlinelibrary.wiley;rcn.org;twitter.com;uth.tmc
8236,7c90f9a49b629adaad33b272c3305f804c1fac5495799b79,scholarly/research,explicit_restrictive_notice,True,False,False,False,True,3194,True,False,latin_or_other,126357,finance.sina.com.cn;news.bjx.com.cn;raponline.org;rff.org
8259,c949f995b6a41428047574b7a3ea05bd1e3f8c83a59107b4,books/literary/publisher,explicit_restrictive_notice,True,False,False,False,True,48589,True,False,latin_or_other,52063,abundantlifeseeds.com;allensterlinglothrop.com;burpee.com;comstockferre.com;fedcoseeds.com;gardenersweb.ca;groworganic.com;harrisseeds.com;heirloomseeds.com;johnnyseeds.com;nicholsgardennursery.com;parkseed.com;seedsavers.org;seedsofchange.com;stokeseeds.com;storey.com;superseeds.com;territorial-seed.com;veseys.com
8277,c1ab7ac4eb78bd0130917b13488728a30cb0e79a44217f45,books/literary/publisher,mixed_restrictive_and_open_or_public,True,True,False,False,True,119711,True,True,latin_or_other,240247,catalog.csuchico.edu;cde.ca.gov;csuchico.edu;ctcexams.nesinc.com;fortheteachers.org;goalbookapp.com;steps.csuchico.edu;supportrealteachers.org
8279,87223b1adf1a5bb537c96c6dbfea277c5fbd111ee0fd078d,scholarly/research,generic_copyright_or_bibliographic_marker,False,False,False,False,True,94790,True,False,latin_or_other,97561,
8292,d674078831aaba523157c0b781ce249602c156b1f213a94d,books/literary/publisher,explicit_restrictive_notice,True,False,False,False,True,1562,True,False,latin_or_other,65185,
8299,a8020d01e6a417f7286aa2f6a0a2e3a23e20ec559ab23040,books/literary/publisher,generic_copyright_or_bibliographic_marker,False,False,False,False,True,418,True,False,latin_or_other,43446,tor-forge.com;us.macmillan.com
8302,a9b4389d653868ed73f32a18d8cfd0f9f54cba6a1246cdb7,corporate/financial/ESG,generic_copyright_or_bibliographic_marker,False,False,False,False,True,212327,False,False,latin_or_other,215640,sec.gov;viatris.com
8305,eb22133e564fe89fd0f7c99d132a95e516909a8b115c039e,books/literary/publisher,explicit_restrictive_notice,True,False,False,False,True,2,True,False,latin_or_other,40647,
8306,9bc11311cfeddb83a0bcee017471f598fe3c7bc2c1fc7f45,scholarly/research,generic_copyright_or_bibliographic_marker,False,False,False,False,True,80934,True,False,latin_or_other,175884,edtrust.org;ktjusd.k12.ca.us
8309,961029c6dcfa9b5db43e825036ab5399f8c69480492d433e,books/literary/publisher,explicit_restrictive_notice,True,False,False,False,True,82,True,False,latin_or_other,60780,angelvoisen.blogspot.com;evernightpublishing.com
8332,c30e60657ff356a5c5af87714de915f38332c13e681c14e4,books/literary/publisher,explicit_restrictive_notice,True,False,False,False,True,240,True,False,latin_or_other,33602,acornbooks.co.uk;andrewsuk.com
8335,97caecf023efeeeddf0094384a4aec9599b442101d85dbcd,scholarly/research,explicit_restrictive_notice,True,False,False,False,True,125237,False,False,latin_or_other,125295,betterevaluation.org;servicedesigntools.org
8342,da3680de04428e946691b590a1d814513ace0bb1706ea7ad,government/legal/procurement,generic_copyright_or_bibliographic_marker,False,False,False,False,True,165042,False,False,latin_or_other,180025,ct.gov;eightmileriver.org;epa.gov;farmingtonriver.orgeightmile;fhwa.dot.gov;flickr.com;nationalregisterofhistoricplaces.com;nemo.uconn.edu;rivers.govas;rivers.govpertinent;wbdg.org;websoilsurvey.nrcs.usda.gov
8362,75768d1053b738580fe259f2d37f68ef06d134ebb9993c0b,scholarly/research,generic_copyright_or_bibliographic_marker,False,False,False,False,True,26416,True,False,latin_or_other,127402,epie.com;prenhall.comjroblyer;prenhan.comjroblyen
8369,55f2b30208daeee3b0abae8fbb2448fb0c2409b967eb2864,books/literary/publisher,explicit_restrictive_notice,True,False,False,False,True,261,True,False,latin_or_other,121751,gibbs-smith.com
8371,076dbb71a79d671a3b14c1dd3dcca3d99c37d6dc0b42646f,books/literary/publisher,explicit_restrictive_notice,True,False,False,False,True,34476,True,False,latin_or_other,35310,anniescatalog.com;dmc-usa.com;picturethisplus.com;wichelt.com
8381,b0a0d6e82411737d27d22d0012cef1610af863ffe336eb1f,government/legal/procurement,generic_copyright_or_bibliographic_marker,False,False,False,False,True,21597,True,False,latin_or_other,33977,
8382,5546a5bc08d99d63f0b9ec2ab7021c578bed91cbd2b6ab8b,books/literary/publisher,generic_copyright_or_bibliographic_marker,False,False,False,False,True,491,True,False,latin_or_other,103293,
8385,dd2616148c2a9cfa1e4f8528b500207dafc9088bc98a9c49,software/code/technical-QA,explicit_restrictive_notice,True,False,False,False,True,19925,True,False,latin_or_other,20568,fonts.googleapis.com
8389,7096bf7cd1c70e245f06150a3ad7f789c12800584e17dfa7,books/literary/publisher,explicit_restrictive_notice,True,False,False,False,True,174,True,False,latin_or_other,46704,eepurl.com;facebook.com
8395,d33459408b51648f8a0bd04c5ecf508b6e51fb2c803f74c0,government/legal/procurement,generic_copyright_or_bibliographic_marker,False,False,False,False,True,50457,True,False,han,69731,ccgp.gov.cn;creditchina.gov.cn;nxggzyjy.org
8396,c4e87ab09d59cf847c964588eb6fe7d98dd9c9d6588dba40,corporate/financial/ESG,explicit_restrictive_notice,True,False,False,False,True,13268,True,False,han,14009,
8405,062ec51420198d57639849868295c7c54fc3b395c6e70ea1,news/blog/general web,explicit_restrictive_notice,True,False,False,False,True,31029,True,False,latin_or_other,41871,dtic.mil;infopeace.org;youtube.com
8406,b347a258c02c0c5ee2b15c70557c460482421b382e31af53,public-domain/library,explicit_public_domain_marker,False,True,True,False,True,7735,True,True,latin_or_other,27767,
8409,42e6ca533aa6a9e9989a679eb1085f9b3c122c612090be54,corporate/financial/ESG,generic_copyright_or_bibliographic_marker,False,False,False,False,True,3632,True,False,han,14410,mamaweb.cn
8420,791052622ef09fc4af899483068900241de77e16fed2b10e,books/literary/publisher,explicit_restrictive_notice,True,False,False,False,True,2045,True,True,latin_or_other,167723,moodle.eclac.cl;un.org;uneval.org;unevaluation.org
8423,8322eafb32f9ea39432891bc2ee8c4673c1152145e92908a,books/literary/publisher,explicit_restrictive_notice,True,False,False,False,True,52547,True,True,latin_or_other,52718,
8426,bd602757440c934f388a1f62016dbc306a5f012cd5082763,software/code/technical-QA,generic_copyright_or_bibliographic_marker,False,False,False,False,True,9478,True,False,latin_or_other,25962,jsfiddle.net
8432,5022fbd84d9a456c8d4f4b58118d753e3b5c2440b3af709b,scholarly/research,explicit_open_licence_marker,False,True,False,False,True,24658,True,False,latin_or_other,45521,cio.com;digitalaptech.com;forbes.com;geograph.org.uk;statista.com
8433,a057a76e006a7d8fe5f09f9e26cc3cf15f4594abdbd29f70,books/literary/publisher,explicit_restrictive_notice,True,False,False,False,True,893,True,True,han,60952,
8441,da3c4f3a48e15e440f4604a7e6f96dbb86cc68f78a6c0700,books/literary/publisher,explicit_restrictive_notice,True,False,False,False,True,567,True,False,latin_or_other,193090,floodlight.openflowhub.org;noxrepo.org;opendaylight.org;osrg.github.io;projectfloodlight.org;sdxcentral.com
8446,2a5fc165d636dc6f0d24657b1054a068fe15f39c880c7848,scholarly/research,generic_copyright_or_bibliographic_marker,False,False,False,False,True,1444,True,False,latin_or_other,174814,accuratus.com;biomet.gr;books.google.com;books.google.fr;clubortho.fr;en.wikipedia.org;engineering.dartmouth.edu;eric.univ-lyon2.fr;fr.wikipedia.org;goodfellow.com;plastic-products.com;portplastics.com;sciencedaily.com;sdplastics.com;serf-dedediennesante.com;serf-dediennesante.com;stryker.fr;vaneflon.be;worldscibooks.com
8453,ef989ae0394eff07b556ae71f8361c741b4b6295c7bd538f,government/legal/procurement,explicit_open_licence_marker,False,True,False,False,True,158395,False,False,latin_or_other,158690,appc.ccchina.org.cn;baijiahao.baidu.com;belfercenter.org;bjreview.com;brookings.edu;canon-igs.org;ccacoalition.org;census.gov;centrodeinnovacion.uc.cl;chinadaily.com;chinadaily.com.cn;chinanews.com;creativecommons.org;data.stats;data.stats.gov.cn;data.worldbank;datacatalog.worldbank.org;doi.org;dpxq.gov.cn;drc.gov.cn;economist.com;efchina.org;eia.gov;elibrary.imf.org;en.aplctsummit.com;energy-transitions.org;esa.un.org;eurekalert.org;finance.sina.com.cn;forbes.com;gov.cn;harvardpolitics.com;house.people.com.cn;iea.org;ipcc.ch;iyiou.com;mee.gov;mee.gov.cn;mp.weixin.qq.com;nature.com;ncsc.org.cn;newclimateeconomy.report;news.sciencenet.cn;nytimes.com;oecd.org;opinion.people.com.cn;ourworldindata.org;paper.people.com.cn;population.un.org;qianzhan.com;report.amap.com;sdpc.gov.cn;sike.news;sike.news.cn;stats.gov.cn;thecityfix.com;un.org;unicef.cn;urbantransitions.global;worldfinance.com;xinhuanet.com
8467,f61f3ceed91400b64204bff1903b8af1dc8924878abebb0c,books/literary/publisher,explicit_restrictive_notice,True,False,False,False,True,184,True,False,latin_or_other,34468,felixwhelan.com
8469,f356b33da599dd6e584b407cd6dee28b015aa58c543f79c1,books/literary/publisher,generic_copyright_or_bibliographic_marker,False,False,False,False,True,405,True,False,latin_or_other,110843,arcadiapublishing.com;imagesofamerica.com
8474,1181d213a6be087bf3aae68d94e6a9db477ffcd639322b13,manual/technical documentation,generic_copyright_or_bibliographic_marker,False,False,False,False,True,7614,True,False,han,52968,
8480,3b54b182fd0983e66c345400f86e5bca1df3f9074b4416aa,books/literary/publisher,explicit_restrictive_notice,True,False,False,False,True,3730,True,True,han,57072,
8489,66df01db752eb807177ffffc88bf74f6786b9cfc5e1108d8,scholarly/research,explicit_public_domain_marker,False,False,True,False,True,868,True,False,latin_or_other,100868,pgdp.net
8511,514f3a41c6730724e44af2c7b15e4450dfa2f02b62123f2f,government/legal/procurement,generic_copyright_or_bibliographic_marker,False,False,False,False,True,25298,True,True,han,26679,
8512,9c1e4a9aedc9b46cb875434de8a8ac7918052a2cf90c6c05,education/course/textbook,generic_copyright_or_bibliographic_marker,False,False,False,False,True,59855,True,False,latin_or_other,158680,collegeboard.org;danverspublicschools.org;ncaa.org
8513,216baba09873390d31401e7eaaa3c6eb43ca77b212540d81,books/literary/publisher,explicit_restrictive_notice,True,False,False,False,True,466,True,False,latin_or_other,88958,hmhco.com
8518,fac1ba57f289068fcb200ae5cef9db59962cc5da24e50ae6,books/literary/publisher,explicit_restrictive_notice,True,False,False,False,True,58854,True,False,latin_or_other,59507,penguin.co.uk;penguin.com
8519,aed798778a8788bc217b0e0fbea820dfba55ab7ca3c17482,government/legal/procurement,generic_copyright_or_bibliographic_marker,False,False,False,False,True,3510,True,True,latin_or_other,121703,cacwny.org;crowdsourcing-toolkit.sites.usa.gov;dx.doi.org;elsevier.com;monarchwatch.org;regulations.gov
8530,8fbb3e29a7f43221c4f8b9533e9175f1f5219ee727d4f7be,software/code/technical-QA,generic_copyright_or_bibliographic_marker,False,False,False,False,True,24612,True,False,latin_or_other,48611,github.com
8533,e78cac34bc2edb1592dd1831801837cc78c678b5ac5972ce,books/literary/publisher,explicit_restrictive_notice,True,False,False,False,True,3192,True,False,latin_or_other,105984,charliesmile.com;joyasynthesis.blogspot.in;mythravarun.com;packtlib.packtpub.com;packtpub.com;senseandessence.com;youtube.com
8546,1e738fcd6e77fc50c6d8a7365b52b15beb457a1df6196e45,encyclopedia/reference,generic_copyright_or_bibliographic_marker,False,False,False,False,True,6215,True,False,han,17494,wiwiki.kfd.me
8550,f8a5492a58fdd582363868f736c912ae855e97a963b1b650,books/literary/publisher,explicit_restrictive_notice,True,False,False,False,True,47321,True,True,latin_or_other,50292,periplus.com;tuttle.co.jp;tuttlepublishing.com
8551,0987b9129bcf7f876a8e0bdc374a8c79a12c35dbc06f48fc,books/literary/publisher,explicit_restrictive_notice,True,False,False,False,True,747,True,False,latin_or_other,74654,
8552,623c01eaf617ab7a9869e9047c39581ce1c187600e99242e,government/legal/procurement,generic_copyright_or_bibliographic_marker,False,False,False,False,True,22257,True,False,han,52187,credit.zj.gov.cn;wcqggzy.com;wuch.gov.cn
8553,c6009fccd352a3a917ddfb2737d2ce805ec580f797ecea71,scholarly/research,generic_copyright_or_bibliographic_marker,False,False,False,False,True,14161,True,False,latin_or_other,77932,google.es
8554,527ed382cbbdf6bde2b6cd3786b75e02dd811056aeeba1d2,books/literary/publisher,explicit_restrictive_notice,True,False,False,False,True,143,True,False,latin_or_other,34416,tajbooks.com;tajminibooks.com
8557,09f135e81ff2befee6639087dbb70215df262169347c253e,corporate/financial/ESG,generic_copyright_or_bibliographic_marker,False,False,False,False,True,167,True,False,han,128516,accc.gov.au;anatel.gov.br;consumerlaw.gov.au;epeat.net;hp.com;hp.com.au;register.hp.com;support.hp.com
8558,5f0fb54c02e3cd740810a085229fac3744cca890dec64970,government/legal/procurement,generic_copyright_or_bibliographic_marker,False,False,False,False,True,12638,True,False,han,15163,
8560,a1248172fa1f88c9aaedb23d5fc7ecbf643d7c864306b4e9,government/legal/procurement,explicit_restrictive_notice,True,False,False,False,True,451,True,False,latin_or_other,182821,cas.go.jp;cmfchile.cl;fsb.org;imf.org;investor.gov;iosco.org
8563,03c158368b529f6fad8f4c94ea26f0179c1ee361025ccbbd,unclassified/mixed,generic_copyright_or_bibliographic_marker,False,False,False,False,True,1492,True,False,latin_or_other,68050,
8577,b4bfc3030cc9a2d4a25db6eb2c7ec9c6efdec3aef69ddfcf,government/legal/procurement,generic_copyright_or_bibliographic_marker,False,False,False,False,True,104509,True,False,latin_or_other,165061,dodssp.daps.mil.copies;fast.faa.gov
8580,21031dbd1a7ea6ab82f31884815b0d1f2bc41eb8c9018f81,books/literary/publisher,explicit_restrictive_notice,True,False,False,False,True,89,True,False,latin_or_other,78731,currencypress.com.au;spotthebum.com;spotthedate.com
8584,bdfff96941c95168fcc74733d060c636313ac4246bac1226,books/literary/publisher,explicit_restrictive_notice,True,False,False,False,True,204,True,False,latin_or_other,68968,capcontrollers.com
8585,7e00d7858f149b149803c0eef5258a2c50cc52f3683fdb7d,scholarly/research,explicit_public_domain_marker,False,False,True,False,True,16972,True,False,latin_or_other,67203,pgdp.net
8590,fdb788b8006fd51411bdb492ba575c0d9735a6cde7913225,news/blog/general web,generic_copyright_or_bibliographic_marker,False,False,False,False,True,22559,True,False,han,50075,
8595,dcc25fec37dec933d33e0768009619c4c4f860cf7e12606f,books/literary/publisher,explicit_restrictive_notice,True,False,False,False,True,6029,True,True,latin_or_other,53681,
8598,bedd55088a1f04ae991eda92800f6ccf511cb666647eb142,scholarly/research,explicit_restrictive_notice,True,False,False,False,True,5478,True,False,latin_or_other,81833,macomb.edu;scholarworks.gvsu.edu;uiowa.edu;wileyonlinelibrary.com
8602,2b2b1c2e3257380f8bbb3c808084ad77ae40c1bbeaeda9bc,public-domain/library,explicit_public_domain_marker,False,False,True,False,True,586,True,False,latin_or_other,31686,pgdp.net
8617,f87d2367ff43876afcf6883bc6cc83bfa9cce195553905d2,books/literary/publisher,explicit_restrictive_notice,True,False,False,False,True,1580,True,False,latin_or_other,56993,adamsmedia.com
8618,e0ae91be64afb5ced7fcc0145d13179cae1f577469b69aff,corporate/financial/ESG,explicit_restrictive_notice,True,False,False,False,True,211,True,False,han,85078,acci.asn.au;adb.org;add.org.uk;apcdproject.org;att.com;bac.org.kh;bbc.co.uk;beyond-ability.com;braillewithoutborders.org;cdpf.org.cn;cjtelenix.com;crsaustralia.gov.au;cybersansar.com;daa.org.uk;daisy.org;disabilitytravel.com;dol.gov;dpi.org;dredf.org;dsal.gov.mo;dvr.dhhs.state.nc.us;earnworks.com;eden.org.tw;eeotrust.org.nz;emad.asn.au;empfed.lk;employers-forum.co.uk;employersnetworkondisability.com.au;fao.org;handicap-international.org;hilton.com;hongchi.org.hk;ias.gov.mo;ifrro.org;ilo.org;ilofip.org;ilr.cornell.edu;inclusion-international.org;independentliving.org;jan.wvu.edu;jeed.or.jp;jobaccess.gov.au;jobs.gov.hk;jollibee.com.ph;kyobo.co.kr;marriott.com;mcor.org.hk;navyonepal.com;ncpedp.org;nike.com;nlpra.org.hk;panasonic.cn;psagency-agencefp.gc.ca;realising-potential.org;rehab-international.org;tech-for-all.com;tharapatong.com;timelessexcursions.com;toptrip.cc;tours-nz.com;ubs.com;un.org;unescap.org;unglobalcompact.org;uschamber.com;vtc.edu.hk;w3.org;westpac.com.au;wfdb.org;wfdeaf.org;wid.org;wnusp.net;workability-international.org;worksupport.com;workway.ie;worldbank.org;worldblindunion.org;worldrehabfund.org
8622,a30d5415e981aa0c70b10d0816cf5b491d4af33845fee78b,scholarly/research,generic_copyright_or_bibliographic_marker,False,False,False,False,True,54106,True,True,latin_or_other,114614,
8627,5d5fff3ba07efbff736e563adde93f435c83c34308a084b0,software/code/technical-QA,generic_copyright_or_bibliographic_marker,False,False,False,False,True,19947,True,False,latin_or_other,20868,jsfiddle.net
8645,3260a9d7112a2b221297d6362161ecf87ca71a8aeb1a96d6,books/literary/publisher,explicit_restrictive_notice,True,False,False,False,True,66,True,False,latin_or_other,104995,kcrosswriting.com;prairiewindslife.com
8648,0b1b8733a8e0efc0df11d6af079bb843ec9adc0a6f75de49,government/legal/procurement,generic_copyright_or_bibliographic_marker,False,False,False,False,True,22007,True,False,han,53345,credit.zj.gov.cn;wcqggzy.com;wuch.gov.cn
8652,904d46c9a86b1ce56ff3e33c85f809e5b73ff78b9e1ef82e,books/literary/publisher,explicit_restrictive_notice,True,False,False,False,True,58843,True,False,latin_or_other,60456,craftside.net;deviantart.com;duckbrand.com;joann.com;michaels.com;patcatans.com;quarrybooks.com
8653,e4e2f32c5ec812e9177d5c550161e76e10f5c4eb7621ede0,corporate/financial/ESG,explicit_restrictive_notice,True,False,False,False,True,18458,True,False,han,18498,buyrite1.com
8657,bd261847ca18dda3cdb6be92fddffbd99e2cca9cd453af28,books/literary/publisher,generic_copyright_or_bibliographic_marker,False,False,False,False,True,920,True,False,latin_or_other,40785,awprofessional.com;cisco.com;eeye.com;lids.org;networkassociates.com;pedestal.com;watchguard.com
8663,ac4ed3663b9eaa737fe9bba903b18e91ed9c53d40c20d232,scholarly/research,generic_copyright_or_bibliographic_marker,False,False,False,False,True,192,True,False,han,103964,cgi-iugs.org;chronos.org;data.geoscience.gov.xx;docs.opengeospatial.org;earthresourceml.org;epsg.io;geologicacarpathica.com;geosciml.org;ietf.org;inspire.ec.europa.eu;inspire.jrc.ec.europa.eu;iugs.org;meetingorganizer.copernicus.org;ngmdb.usgs.gov;opengeospatial.org;opengis.net;precambrian.stratigraphy.org;pubs.usgs.gov;resource.geosciml.org;rfc-base.org;schemas.geosciml.org;schemas.opengis.net;standards.iso.org;stratigraphy.org;uml-diagrams.org;unitsofmeasure.org;w3.org;xmlns.geosciml.org
8670,a8d0a35ec2d7c4d55615df13ee0591776acf44a6151cba19,books/literary/publisher,explicit_restrictive_notice,True,False,False,False,True,101200,True,False,latin_or_other,103281,bloomsbury.com
8671,18b6c1d8162e2c773546c0204525b9403da857925caf9096,books/literary/publisher,explicit_restrictive_notice,True,False,False,False,True,72,True,False,latin_or_other,109313,facebook.com;julietmarillier.com;voyagerblog.com.au
8681,989a58d3ef1b37339e8ef47393adac4351c2ec8843b16744,books/literary/publisher,explicit_restrictive_notice,True,False,False,False,True,617,True,True,latin_or_other,40843,chroniclebooks.com
8682,b1c1a627540ae4d8e7c2c889391c0f16dbfe56230d7d7d61,software/code/technical-QA,explicit_restrictive_notice,True,False,False,False,True,16215,True,False,latin_or_other,32341,w3.org
8687,32cc2435b0055868be0785f22eee2094f00ac0597c4484d9,books/literary/publisher,explicit_restrictive_notice,True,False,False,False,True,516,True,False,latin_or_other,48528,
8688,74f0477d3d7cc47234d1f4125f561a8ef875d1ec06abd69c,scholarly/research,explicit_public_domain_marker,False,False,True,False,True,87889,True,True,latin_or_other,118027,ipl.org;meglobal.biz;sefsc.noaa.gov;worldofcoca-cola.com
8690,17820de9349247df3d6410133b738a3ae961328b6f2e4591,software/code/technical-QA,generic_copyright_or_bibliographic_marker,False,False,False,False,True,28543,True,False,latin_or_other,30324,alvinalexander.com;bitly.com;cdn.channel.io;cdnjs.cloudflare.com;developer.mozilla.org;disqus.com;docs.roguewave.com;facebook.com;github.com;goo.gl;googletagmanager.com;https-youduk-github-io.disqus.com;javatpoint.com;jekyllrb.com;linkedin.com;ooz.co.kr;stackoverflow.com;w3.org
8692,30a867ada5a978189b739c615f42291a26e6db49981dc4a3,government/legal/procurement,generic_copyright_or_bibliographic_marker,False,False,False,False,True,33503,True,True,latin_or_other,41666,ec.europa.eu;sgc.nl
8695,62df3a76e77b06475916ae5a5007df272120d4289c775d3c,unclassified/mixed,generic_copyright_or_bibliographic_marker,False,False,False,False,True,10628,True,False,latin_or_other,23465,psb-discography.com
8697,e596c71f4c93e6ce45e1d8706271cb344c6f512d88ec36ab,government/legal/procurement,explicit_restrictive_notice,True,False,False,False,True,75359,True,False,latin_or_other,187687,dot.state.oh.us
8702,948f559032c6bb3d30c811336cf46090519fc0a5cfc6f6c9,manual/technical documentation,explicit_restrictive_notice,True,False,False,False,True,18985,True,False,latin_or_other,120401,alfred.com;anatel.gov.br;kawai-global.com
8703,c046240495af889067b3121505c3d6da2ec8788dbfc60e50,corporate/financial/ESG,generic_copyright_or_bibliographic_marker,False,False,False,False,True,2766,True,False,latin_or_other,102536,
8708,ce461cf0c20a9b5827bad9eb5e16b71d34b1deed47cee88c,government/legal/procurement,generic_copyright_or_bibliographic_marker,False,False,False,False,True,50522,True,False,latin_or_other,182269,
8709,4342094263faa0ed820256d88763199fde9dd3cc8fd0ee83,books/literary/publisher,explicit_restrictive_notice,True,False,False,False,True,159,True,False,latin_or_other,40075,sevenstories.com;zcommunications.org
8721,97aed9069bf326271f94f812ab8a8e59e2309f4bfcb83308,books/literary/publisher,explicit_restrictive_notice,True,False,False,False,True,185,True,False,latin_or_other,55230,paladin-press.com
8722,380250fd84ec9de75e9e3290d5757289a4ae8fda1a6282b1,government/legal/procurement,generic_copyright_or_bibliographic_marker,False,False,False,False,True,648,True,False,latin_or_other,155700,bit.ly
8726,eeab5f3b06f2d06bf26611c614832840578812c3da06a6cb,scholarly/research,generic_copyright_or_bibliographic_marker,False,False,False,False,True,5677,True,False,latin_or_other,40467,
8729,afb09c63b51789cf57a1d68fae4f9b83e8aa942f7f0d89c1,corporate/financial/ESG,generic_copyright_or_bibliographic_marker,False,False,False,False,True,50001,True,False,latin_or_other,54420,icann.org
8741,e593ba26618068a2ae09e74f271366ffd032b2bd0f83cfcd,government/legal/procurement,explicit_restrictive_notice,True,False,False,False,True,2245,True,False,latin_or_other,249975,gyandoot.nic.in;jhalawar.nic.in;jobaccess.gov.au;minabibliotek.se;sitapur.nic.in
8754,b63d0cbe6aafe7875795e785aacffbd586b11c3af81fd3fc,corporate/financial/ESG,generic_copyright_or_bibliographic_marker,False,False,False,False,True,38820,True,False,han,45030,theiphonewiki.com;wc.yooooo.us
8756,d49a88b77540c97a2faf25ee18731bcfef8a6a4f69ffe2b1,books/literary/publisher,explicit_public_domain_marker,False,False,True,False,True,2443,True,False,latin_or_other,91643,pgdp.net
8761,021558bdd3762318a617dae60fcd45e7af8b47807711fd35,books/literary/publisher,explicit_restrictive_notice,True,False,False,False,True,1250,True,False,latin_or_other,56245,anniebarrows.com;chroniclekids.com;sophieblackall.com
8767,f26839c83c272d768085fa8558b629e482eaa96a95d8a350,software/code/technical-QA,explicit_restrictive_notice,True,False,False,False,True,29552,True,False,latin_or_other,31177,bootstrapmade.com;fonts.googleapis.com
8776,22cd378f1b5d0486d0ea5302b29c31daa04e34fc0d213de5,books/literary/publisher,explicit_restrictive_notice,True,False,False,False,True,3118,True,False,latin_or_other,57033,lccn.loc.gov;milkweed.org
8777,7703f4dd98d9c7db3479a4a74ed31a690bd6a1bbac036497,corporate/financial/ESG,generic_copyright_or_bibliographic_marker,False,False,False,False,True,557,True,False,han,87385,p65warnings.ca.gov;tecan.com
8781,6e51d7a67f807ffc4bfeea99d069b8dd77bfe95efda7413b,manual/technical documentation,generic_copyright_or_bibliographic_marker,False,False,False,False,True,59360,True,True,han,59444,
8782,c97736e798331f9dfd4ace965e533afdafc4141cea50d0f0,books/literary/publisher,explicit_restrictive_notice,True,False,False,False,True,150,True,False,latin_or_other,38720,crownpublishing.com;watsonguptill.com
8787,79ccf3c2a20542071b44dd4cf8ccdb7704e11c4a464d6213,books/literary/publisher,explicit_restrictive_notice,True,False,False,False,True,52,True,False,latin_or_other,91653,orcabook.com
8790,4cf5ee410e905604617de30ec47486addc52ededff9a34b6,scholarly/research,explicit_restrictive_notice,True,False,False,False,True,36720,True,False,latin_or_other,38051,andrewsmcmeel.com
8801,31f68fac536b31ea3b7aca66c6fa1e53b9d4d759ffa6305d,corporate/financial/ESG,generic_copyright_or_bibliographic_marker,False,False,False,False,True,8995,True,False,han,18473,
8806,b21d4f3272f0095afd496b13cd848fcd208d584dbdc4ae8c,scholarly/research,explicit_restrictive_notice,True,False,False,False,True,17086,True,False,latin_or_other,104515,bassinsure.com
8812,7277b3064e69128b7f0ca797ef80530739edbb38ae555124,books/literary/publisher,explicit_restrictive_notice,True,False,False,False,True,885,True,False,latin_or_other,100693,steensyrup.com;theexperimentpublishing.com;violetcakes.com
8821,b1257a57649fd6b67dc07981a4ecf5aba35466d3edd016c9,books/literary/publisher,mixed_restrictive_and_open_or_public,True,True,True,False,True,679,True,False,latin_or_other,162540,cis-legal-reform.org;conventions.coe.int;creativecommons.org;crime-research.org;europa.eu;iccwbo.org;interpol.com;iwf.org.uk;oecd.org;opensource.org;opt-init.org;rcc.org.ru;uncitral.org;w3.org;wassenaar.org;wipo.int;wto.int;wto.org
8828,66c60c135e4548e660d22adc8095f314a39999e397f67c96,corporate/financial/ESG,explicit_restrictive_notice,True,False,False,False,True,18170,True,False,han,63603,
8829,afb3bb8416e47c18f756979d06bc0765292f1a2200e58307,public-domain/library,explicit_public_domain_marker,False,False,True,False,True,630,True,True,latin_or_other,120194,pgdp.net
8834,9cbfe008c12e6aeffeb1e7015652175861e2637ae88baf28,government/legal/procurement,generic_copyright_or_bibliographic_marker,False,False,False,False,True,26925,True,True,latin_or_other,38338,
8842,49035aea18c1f2c424653069da9368e65a643c3058984118,scholarly/research,explicit_open_licence_marker,False,True,False,False,True,80,True,False,latin_or_other,214674,aaapjournals.info;actavet.vfu.cz;agnet.org;agric.wa.gov.au;agriculture.gov.au;avdi.allenpress.com;bvpa.org.uk;commonwealthvetassoc.com;doi.org;dpi.nsw.gov.au;dx.doi.org;ema.europa.eu;ezproxy.library.usyd.edu.au;fao.org;hdl.handle.net;ictvonline.org;informaworld.com;jb.asm.org;jstor.org;jvi.asm.org;jwildlifedis.org;krishikosh.egranth.ac.in;legislation.gov.au;medwelljournals.com;msdvetmanual.com;ncbi.nlm.nih.gov;oie.int;poultryhub.org;pubs.er.usgs.gov;sciencedirect.com;search.proquest.com;soyasa.org;talk.ictvonline.org;tandfonline.com;tanuvas.ac.in;tci-thaijo.org;tvma.tripod.com;veterinaryrecord.bvapublications.com;world-science.ru;www3.interscience.wiley.com
8848,bf3d9b58fb3959ff7b4b5f5315a884113e51f63d48182c52,books/literary/publisher,explicit_restrictive_notice,True,False,False,False,True,495,True,True,latin_or_other,23879,w3.org
8856,32df867570a1e24842a54428ac9df5114f9fe3ff46b33cbd,scholarly/research,generic_copyright_or_bibliographic_marker,False,False,False,False,True,72834,True,False,latin_or_other,73338,buildwithstandards.com.au;ezycommerce.onesteel.com;onesteel.com;steelcertification.com
8860,16807e4c780a76f4e21f4cf394dfbd2a6204e863a85e2f5f,software/code/technical-QA,explicit_restrictive_notice,True,False,False,False,True,27023,True,False,latin_or_other,47517,
8867,5de0bbf97ab997b389fed09e3c0aad772cee21b9d15a9b0b,scholarly/research,explicit_open_licence_marker,False,True,False,False,True,34766,True,False,latin_or_other,36232,
8877,dcc89460fe69df5c907b7db6f4c26af7b8daea94d0c9ab31,software/code/technical-QA,generic_copyright_or_bibliographic_marker,False,False,False,False,True,1788,True,False,latin_or_other,19903,
8878,024563503a06aaaa0c1b1290717e01f1f4e81bbfd59b1b0f,books/literary/publisher,explicit_restrictive_notice,True,False,False,False,True,2,True,False,latin_or_other,75038,quirkbooks.com
8879,bc0e2e80ca06013193424d2baad15eab4d4b44253db3e49e,scholarly/research,generic_copyright_or_bibliographic_marker,False,False,False,False,True,30400,True,False,latin_or_other,100210,
8884,5ca92de606ecae29a623575d5e54467afdba9a901d06d742,news/blog/general web,generic_copyright_or_bibliographic_marker,False,False,False,False,True,19003,True,False,latin_or_other,35249,
8886,545bcfef88a863f627c82da34066b1c12b3793d39a39fb3f,books/literary/publisher,explicit_restrictive_notice,True,False,False,False,True,4207,True,False,latin_or_other,55798,doverpublications.com
8888,46dd5109d9a1fd0bb2cc1ec36acbd89377a1d06bb247c6aa,books/literary/publisher,explicit_restrictive_notice,True,False,False,False,True,53,True,False,latin_or_other,115602,hachettespeakersbureau.com
8897,f33252f5eb3afa344460659ab06fae8196488de0045a3903,books/literary/publisher,explicit_restrictive_notice,True,False,False,False,True,5,True,False,latin_or_other,37824,sterlingpublishers.com
8907,12e939a48bb605ab5bffbf9148b32f9e8bd4312ab06933e2,scholarly/research,explicit_open_licence_marker,False,True,False,False,True,1719,True,False,latin_or_other,135588,doi.org
8934,3f4b82cf96551100d2a78babb4e8f5ddeb4345000f434003,scholarly/research,explicit_open_licence_marker,False,True,False,False,True,1911,True,False,latin_or_other,189479,creativecommons.org
8942,7eec5fa29a1b0d7e1cb9c8581bb8c19eea4191b7a4e33939,books/literary/publisher,explicit_restrictive_notice,True,False,False,False,True,44,True,False,latin_or_other,43161,hachette.co.uk;summersdale.com
8949,6fd94c1387c0e1dff2cb7568765c2c0a3f93a45c545764e1,books/literary/publisher,generic_copyright_or_bibliographic_marker,False,False,False,False,True,38455,True,False,latin_or_other,167773,
8960,d89cca322e983745ed1993ca81daa2f50f6c0f7ae6cb6683,books/literary/publisher,explicit_restrictive_notice,True,False,False,False,True,2,True,False,latin_or_other,49952,crownpublishing.com;tenspeed.com
8962,3d8a0c5339ad369f3816d01c79983c030a804a0c86d53b7f,books/literary/publisher,explicit_public_domain_marker,False,True,True,False,True,200769,False,True,latin_or_other,246515,ahrq.gov;clinicaltrials.gov;doi.org;era.nih.gov;govinfo.gov;grants.nih.gov;hhs.gov;ncbi.nlm.nih.gov;public.era.nih.gov;publicaccess.nih.gov;research.va.gov;researchtraining.nih.gov;selectagents.gov
8969,952d0840003c9b2828af4e41c320415516c1aea81d96fd44,scholarly/research,mixed_restrictive_and_open_or_public,True,True,False,False,True,2006,True,False,latin_or_other,105910,creativecommons.org;dx.doi.org;f6publishing.com;wjgnet.com
8970,ea065708819f046e9c18e3926ec55d43a312d3b74eeb7af8,books/literary/publisher,explicit_restrictive_notice,True,False,False,False,True,163,True,False,latin_or_other,104379,developgoodhabits.com;habitbooks.com
8973,f015dc8f275fbe97e87b698130efd5b03576f938ce166f5a,books/literary/publisher,explicit_restrictive_notice,True,False,False,False,True,72,True,False,latin_or_other,30757,
8978,962a9a4b22d3180724a6544ebb7f55edb69ad23740b71a77,books/literary/publisher,explicit_restrictive_notice,True,False,False,False,True,157,True,False,latin_or_other,112033,bkconnection.com;ceilearning.com;ingrampublisherservices.com;kenblanchard.com;lmi-inc.com;lmi-usa.com;paulj.meyer.com;success-motivation.com
8981,1ecc5543f98646eda77d649985e40e4c86603bd1e57cca9f,books/literary/publisher,explicit_restrictive_notice,True,False,False,False,True,2898,True,False,latin_or_other,36809,mthmusical.com
8985,365e6e33e1972897f53fde612252a26fde0d97d5202b7471,books/literary/publisher,explicit_public_domain_marker,False,False,True,False,True,120407,False,True,latin_or_other,218046,
8989,1e4d905fd0348c095eb528daa9e713c759c74a6631f2c7a3,books/literary/publisher,generic_copyright_or_bibliographic_marker,False,False,False,False,True,547,True,False,latin_or_other,95544,arcadiapublishing.com
8992,8c6dc2378289576b1e6657e9f75ee6af55260f0a5da0436b,government/legal/procurement,generic_copyright_or_bibliographic_marker,False,False,False,False,True,34783,True,False,latin_or_other,260712,
8995,f0249d721c4aeeb868461a71eab3eb0051960d4871d0ea37,software/code/technical-QA,generic_copyright_or_bibliographic_marker,False,False,False,False,True,19157,True,False,latin_or_other,26583,cdn.jsdelivr.net;code.jquery.com;encrypted-tbn0.gstatic.com;fonts.googleapis.com;source.unsplash.com;westlakepro.com
9005,65115d2febf5afad42246c1758e0242ddf21687c50723d18,scholarly/research,explicit_restrictive_notice,True,False,False,False,True,102125,True,False,latin_or_other,106177,costco.com;ctpub.com;dreamweaverstencils.com;equilter.com;gelliarts.com;gpcpapers.com;impressmenow.com;meinketoy.com;robertkaufman.com;staples.com;welshproducts.com
9010,961ad0b0c97f1b68f310382659497142ba5be5ccf908ad61,news/blog/general web,generic_copyright_or_bibliographic_marker,False,False,False,False,True,172183,False,False,latin_or_other,255830,ijpc.org;ijpc.uscannenberg.org;theconversation.com
9013,d49ea99d58a4c7110231b9e363ff195be35686593299e172,books/literary/publisher,explicit_restrictive_notice,True,False,False,False,True,498,True,False,latin_or_other,198624,
9014,c1ab7ac4eb78bd0130917b13488728a30cb0e79a44217f45,books/literary/publisher,mixed_restrictive_and_open_or_public,True,True,False,False,True,119711,True,True,latin_or_other,240255,catalog.csuchico.edu;cde.ca.gov;csuchico.edu;ctcexams.nesinc.com;fortheteachers.org;goalbookapp.com;steps.csuchico.edu;supportrealteachers.org
9018,641f5bac4b9a77172b27654b998a2f846ce4b52b8d3bdb91,books/literary/publisher,explicit_restrictive_notice,True,False,False,False,True,7,True,False,latin_or_other,86020,chroniclebooks.com;lccn.loc.gov
9019,7010b490210c23da92c5a7049a0378fdbd0b2b0d8a3ec955,books/literary/publisher,mixed_restrictive_and_open_or_public,True,False,True,False,True,936,True,False,latin_or_other,107497,pgdp.net
9021,4f0e644b05c4cd6d2fb28007e29622e27052e94a3cdf0200,government/legal/procurement,generic_copyright_or_bibliographic_marker,False,False,False,False,True,191160,False,False,latin_or_other,214037,aamft.org;about.citiprogram.org;amftrb.org;catalog.slu.edu;doodle.com;networks.aamft.org;pr.mo.gov;sites.google.com;slu.edu
9028,6ee9fe26754e51630c9572fee01821c8b6928b6d5f567dbf,public-domain/library,explicit_public_domain_marker,False,False,True,False,True,225,True,True,latin_or_other,101663,
9035,e64721648107d98c0462617b28e44bf143f615a60f4f8143,corporate/financial/ESG,explicit_restrictive_notice,True,False,False,False,True,17646,True,False,han,17682,2020webworks.com
9044,7e2cf015e742cf41a54440b99f1feeabc7576c47a7290c53,books/literary/publisher,explicit_restrictive_notice,True,False,False,False,True,84657,True,False,latin_or_other,87194,albertwhitman.com;openroadmedia.com
9047,f24ec37296fdc3c8fab99063155448b0aa3f3351e183c57b,books/literary/publisher,explicit_restrictive_notice,True,False,False,False,True,1276,True,False,latin_or_other,118922,authortracker.com;harpercollins.com;harpercollinsebooks.ca;harpercollinsebooks.co.nz;harpercollinsebooks.co.uk;harpercollinsebooks.com;harpercollinsebooks.com.au
9048,b903b85ad082816bbfa143e48273a666b778adf9e13107ec,public-domain/library,mixed_restrictive_and_open_or_public,True,False,True,False,True,408,True,False,latin_or_other,66895,pgdp.net
9053,42ba3ec942cb9637b90bf6c49c55ae99a6bf2e129519d121,books/literary/publisher,generic_copyright_or_bibliographic_marker,False,False,False,False,True,429,True,False,latin_or_other,71238,arcadiapublishing.com;imagesofamerica.com
9059,8be8fc7dca3de57e2c3804a16a66b74ae723104d22241214,scholarly/research,generic_copyright_or_bibliographic_marker,False,False,False,False,True,2485,True,False,latin_or_other,45682,arestlessart.com;artshealthandwellbeing.org.uk;doi.org;mentalhealth.org.uk;pus.sagepub.com;spitalfieldsmusic.org.uk
9068,829837ef8599ff1318ab90a41ea78d0ed922c4b61f844bcd,government/legal/procurement,explicit_restrictive_notice,True,False,False,False,True,8021,True,False,han,62770,
9069,ae5a01da80791a51862b9e881ea8c9b889b6a0e6b12098dc,scholarly/research,explicit_restrictive_notice,True,False,False,False,True,61405,True,False,latin_or_other,62899,
9077,fc91336b9d43b2a0636002703d3921305b466bb491cbc2ce,books/literary/publisher,explicit_restrictive_notice,True,False,False,False,True,331,True,False,latin_or_other,35742,joostlangeveldorigami.nl;thebookshopltd.com;thunderbaybooks.com
9078,d415e3181882ef68f3b25b6b27a75a817a99df276a901383,books/literary/publisher,mixed_restrictive_and_open_or_public,True,True,False,False,True,356,True,False,latin_or_other,102494,eatingwell.com;hatherleighpress.com;italianfoodforever.com;livestrong.com;made-in-italy.com;simpleitaliancooking.com;whfoods.com
9080,e275eb20fd84dd19d300e5f857d372ce6362db3def20f4f5,software/code/technical-QA,explicit_restrictive_notice,True,False,False,False,True,64189,True,False,latin_or_other,65538,bl.ocks.org;bootstrapmade.com;cdn.jsdelivr.net;cdnjs.cloudflare.com;fonts.googleapis.com;youtube.com
9083,65a40aaefeabf8bff9d08177a5e61abb75416c1654547381,scholarly/research,generic_copyright_or_bibliographic_marker,False,False,False,False,True,204686,False,False,latin_or_other,206805,ema.europa.eu;eurachem.org;fda.gov;ich.org;las.perkinelmer.com;oecd.org;oie.int;progress-pme.nl;who.int;whqlibdoc.who.int
9084,b31c1fc1a1661bf251ea9d154d56d8d018884f90604e4f06,government/legal/procurement,explicit_restrictive_notice,True,False,False,False,True,21574,True,False,han,57097,wlzq.cn
9090,f807e894cc26aafc94870cf305666ae3d2a98e7d782c5d39,scholarly/research,mixed_restrictive_and_open_or_public,True,False,True,False,True,115,True,False,latin_or_other,79024,coax.net;examiningtuskegee.com;huffingtonpost.com;lancet.com;tuskegee.edu
9092,c0e3add2d46a61dd4349ec391dbc66b1dc5f42475d271964,books/literary/publisher,generic_copyright_or_bibliographic_marker,False,False,False,False,True,382,True,False,latin_or_other,93477,ladybird.co.uk;ninataradesign.com;penguin.co.uk;puffin.co.uk
9094,e67a337eb563018b462ff2f8073d23d3dc34b676854a51b6,books/literary/publisher,explicit_restrictive_notice,True,False,False,False,True,98,True,False,latin_or_other,58587,
9097,d227a7ffba8e4452447e3d5b171673dea2beccb8702375ed,books/literary/publisher,explicit_restrictive_notice,True,False,False,False,True,167,True,False,latin_or_other,49862,links.penguinrandomhouse.com;vintagebooks.com
9100,f90a4277820a9263e647f81d17aa14747c857b0949e2d74f,books/literary/publisher,generic_copyright_or_bibliographic_marker,False,False,False,False,True,35446,True,True,latin_or_other,40093,
9103,737b1f68e5f8de1cfbfa2306af5be89591a1009fc78f6510,books/literary/publisher,explicit_restrictive_notice,True,False,False,False,True,129,True,False,latin_or_other,37672,
9110,bd12014181082c4145168a7ebf2b325346c5f748a46aab42,books/literary/publisher,explicit_restrictive_notice,True,False,False,False,True,94556,True,False,latin_or_other,96152,openroadmedia.com
9114,d95ead7a845740a063d55f2d3e375c7288d33dd1c00b2786,books/literary/publisher,explicit_restrictive_notice,True,False,False,False,True,276,True,False,latin_or_other,47441,allencarr.com
9137,adb610af09a78f0fd18118fc18cdd3bf9769f9a75f39396b,government/legal/procurement,generic_copyright_or_bibliographic_marker,False,False,False,False,True,135,True,True,latin_or_other,124454,bis.org;bookstore.piie.com;cbo.gov;docs.lib.purdue.edu;dx.doi.org;epi.org;go.usa.gov;ideas.repec.org;jstor.org;nber.org;piie.com;tinyurl.com;usitc.gov
9140,b92dd05d8147ae6719374c5e1b1e615765e6963d5ffb5cb0,scholarly/research,explicit_open_licence_marker,False,True,False,False,True,565,True,False,latin_or_other,36411,
9141,2f26e0aca20c58c8b76ad11d681bc2540c414fbfacd42a91,books/literary/publisher,explicit_restrictive_notice,True,False,False,False,True,135,True,False,latin_or_other,82463,
9142,9bfefbbfd57282fea1f886de9184fed5bd1684dd6117e159,books/literary/publisher,explicit_restrictive_notice,True,False,False,False,True,2506,True,False,latin_or_other,90528,dk.com;dkimages.com
9145,3590c48910563ff8635e8beb118ec52f85016aec6fcbc958,books/literary/publisher,explicit_restrictive_notice,True,False,False,False,True,44633,True,False,latin_or_other,46305,beacon.org
9160,d2f443cb5f606a18f3d5365724bb5eb2bbbea5e392699e16,scholarly/research,generic_copyright_or_bibliographic_marker,False,False,False,False,True,102889,True,False,latin_or_other,113986,
9162,5ebe54107d249e76dedebf50d5be560ffed8e516e2012b6e,public-domain/library,explicit_public_domain_marker,False,False,True,False,True,31106,True,True,latin_or_other,41063,birdlife.org;cerchi.net
9165,50476a259117ad18b578afeefa683ff6805f1a08167ea824,government/legal/procurement,explicit_restrictive_notice,True,False,False,False,True,68402,True,False,latin_or_other,69942,
9168,e3c39f514ac735a34abb302f2876f1bf515972fa90342986,government/legal/procurement,generic_copyright_or_bibliographic_marker,False,False,False,False,True,1002,True,False,latin_or_other,146192,beijing.gov.cn;bjhjyd.gov.cn;caam.org.cn;d1ev.com;eafo.eu;escn.com.cn;ev-sales.blogspot.com;gov.cn;life.xinhua08.com;miit.gov.cn;most.gov.cn;nap.edu;nea.gov;nev.ofweek.com;news.cntv.cn;news.sina.com.cn;news.sohu.com;news.zuche.com;theicct.org;xinhuanet.com
9169,77400fc9f294618c8601bf979c8b8a030b509b324d2c7026,books/literary/publisher,explicit_restrictive_notice,True,False,False,False,True,71946,True,False,latin_or_other,72770,wwnorton.com
9170,a26ba680c701295b9776ea919abd5735d4d9e767ffc3b112,scholarly/research,generic_copyright_or_bibliographic_marker,False,False,False,False,True,20172,True,False,latin_or_other,35622,
9172,8a64d69911fd99ca64d186c551e46625b96362642626d2c8,scholarly/research,generic_copyright_or_bibliographic_marker,False,False,False,False,True,22845,True,True,latin_or_other,193063,
9176,90805f8df71080b12f96be492cf9f2c1489cc9c7047982a7,scholarly/research,generic_copyright_or_bibliographic_marker,False,False,False,False,True,10543,True,True,latin_or_other,53779,
9185,fbadff9d9eb270b1e0636113459aa5b616a14854959edccc,books/literary/publisher,explicit_restrictive_notice,True,False,False,False,True,83707,True,False,latin_or_other,85695,
9211,9a9ec798ffc11c949139a7cde8eb057a63eb95f7acad9799,scholarly/research,explicit_restrictive_notice,True,False,False,True,True,86,True,False,latin_or_other,256297,
9219,c80d9ab4cdef18340975bc8c762a20b2ea3b09e18af7756e,government/legal/procurement,generic_copyright_or_bibliographic_marker,False,False,False,False,True,39078,True,False,latin_or_other,168487,countrystudies.us;dgs.ca.gov
9220,7be5d21e3dc0a3926c3ae9d6389cc14748e7953401b08b50,scholarly/research,generic_copyright_or_bibliographic_marker,False,False,False,False,True,83547,True,False,latin_or_other,84317,
9221,96e75a929d5a4d970b99becad4568b2c8acb29a9fdaa19c3,books/literary/publisher,generic_copyright_or_bibliographic_marker,False,False,False,False,True,251,True,False,latin_or_other,50816,thefloatingpress.com
9222,37e04cc6511c29105f22efd0769fddbe0a42e1695a5e8eb0,books/literary/publisher,explicit_restrictive_notice,True,False,False,False,True,68133,True,False,latin_or_other,69779,abcstitch.com;dmc-threads.com;dmc-usa.com;eac.ca;egausa.org;embroiderersguild.com;embroiderersguildqld.org.au;herrschners.com;needleart.org;needleknowledge.com;needlenthread.com;nordicneedle.com;pintangle.com;royal-needlework.org.uk;shopdmc.com;stackpolebooks.com;stitchersvillage.com;yarntree.com
9230,398a633999f36b534a862e9f8d2328a873b8ecc5b213d536,software/code/technical-QA,generic_copyright_or_bibliographic_marker,False,False,False,False,True,689,True,False,latin_or_other,27917,example.com;hackoo.alwaysdata.net;soundbible.com;soundjay.com
9253,fea48c09d74fd1d44955d42ad0ad013481ad00c784503a7d,books/literary/publisher,explicit_public_domain_marker,False,False,True,False,True,103,True,False,latin_or_other,75592,harpercollins.ca;harpercollins.co.nz;harpercollins.co.uk;harpercollins.com;harpercollins.com.au
9261,d09c1b69e4ec3ca146ba418d742637706243fcf3bdf36603,books/literary/publisher,explicit_restrictive_notice,True,False,False,False,True,138,True,False,latin_or_other,49215,eepurl.com;facebook.com
9267,d41a5f06c9856515e4a3f0bd7210dee58568cba6b1212216,government/legal/procurement,generic_copyright_or_bibliographic_marker,False,False,False,False,True,83546,True,False,latin_or_other,196203,dfa.ms.gov;its.ms.gov;mississippi.org;paymode.com;transparency.ms.gov
9273,1b4f8935f4f6b5604a86bd506096c4ff38afbda6c174fc10,books/literary/publisher,explicit_restrictive_notice,True,False,False,False,True,672,True,False,latin_or_other,125676,ideas.repec.org;younglives.org.uk
9277,8762e3dd2c814937c660483e87ed30f80d98570e907ceb9e,scholarly/research,generic_copyright_or_bibliographic_marker,False,False,False,False,True,190121,False,False,latin_or_other,199025,digitalmaine.com
9280,92975894f6072e8b2eeee6e1c0136175e48c8163761a3328,books/literary/publisher,explicit_restrictive_notice,True,False,False,False,True,92,True,False,latin_or_other,35551,hmhco.com
9283,56b3ffaa9cbc3999fd982729795c11639de9aa0b939d3933,manual/technical documentation,explicit_restrictive_notice,True,False,False,False,True,142766,False,False,latin_or_other,144945,literature.rockwellautomation.com;odva.org;rockwellautomation.com;rockwellautomation.custhelp.com
9285,5d760ae9435976e8dfe68d3b57106056f1ac2455ae5082ef,government/legal/procurement,generic_copyright_or_bibliographic_marker,False,False,False,False,True,15540,True,False,han,24979,
9289,4741ede850a43a598d46a6dfbd68a3ba85b5c957d01f9a45,books/literary/publisher,explicit_restrictive_notice,True,False,False,False,True,404,True,False,latin_or_other,49861,angelcoll.tumblr.com;anyacaliendo.com;authortracker.com;charlielemindu.com;dinubodiciu.com;edwinaibbotsonmillinery.com;ellenchristine.com;emmayeo.com;gustavoadolfotari.com;harpercollins.ca;harpercollins.co.nz;harpercollins.co.uk;harpercollins.com;harpercollins.com.au;heatherhuey.com;houseofflora.net;irenebussemaker.nl;janetaylormillinery.com;letourdeforce.com;manuelalbarran.com;noelstewart.com;philiptreacy.co.uk;piersatkinson.com;pinkhammillinery.com;stephenjonesmillinery.com;tolentinohautehats.es;williamchambers.co.uk
9292,afeed5acf3cf4142793a33224b0fa665a102c2d3f35d28a9,government/legal/procurement,generic_copyright_or_bibliographic_marker,False,False,False,False,True,35063,True,False,latin_or_other,169157,aeipro.com;docs.lib.purdue.edu;doi.org;dx.doi.org;framcos.org;iccms2016.org;icemanuals.com
9298,d86326edb98fee27f88aacfee5ce9b362040250754ef6352,books/literary/publisher,explicit_restrictive_notice,True,False,False,False,True,273,True,False,latin_or_other,99545,authortracker.com;harpercollinsebooks.ca;harpercollinsebooks.co.nz;harpercollinsebooks.co.uk;harpercollinsebooks.com;harpercollinsebooks.com.au
9301,89a3cdeb60295ee87a543c51b7b1021a255575d130e8dd22,books/literary/publisher,explicit_restrictive_notice,True,False,False,False,True,314,True,False,latin_or_other,161359,coda.ada.org
9310,97fb852e0df8f416c4de5ce41225c5e91c2a0becf1f07fd6,books/literary/publisher,generic_copyright_or_bibliographic_marker,False,False,False,False,True,47,True,False,latin_or_other,32824,untreedreads.com
9312,4db4224d4b48b7cf9b9f7dbf5d9ebc1fc08ca47f98d2dcd6,books/literary/publisher,explicit_restrictive_notice,True,False,False,False,True,422,True,False,latin_or_other,69859,
9322,6d31e0347cad5b6387a6b442f619cd845b1c9ebd9e012c3b,government/legal/procurement,generic_copyright_or_bibliographic_marker,False,False,False,False,True,57728,True,True,latin_or_other,174254,
9327,74efbff0caa2095562e106a9e42b63b42fecdcdec56bb81f,public-domain/library,explicit_public_domain_marker,False,False,True,False,True,842,True,False,latin_or_other,55075,pgdp.net
9335,ddbe32842d5319d8aaf466b62c77a936c2db7872a8502b10,government/legal/procurement,generic_copyright_or_bibliographic_marker,False,False,False,False,True,777,True,False,han,17123,
9336,7bb4900a1ca1e2cb0ea0aab37090b5b670814b791ca468ad,public-domain/library,explicit_public_domain_marker,False,False,True,False,True,2525,True,True,latin_or_other,53763,
9341,e0e4d1cded956591de08c1e0bb43159815683f1e9444284d,books/literary/publisher,explicit_restrictive_notice,True,False,False,False,True,161,True,False,latin_or_other,107784,pen-and-sword.co.uk
9346,8f2c165343720f5a51798b5ee8fb27eea62d48fe0e156d1a,books/literary/publisher,explicit_restrictive_notice,True,False,False,False,True,217,True,True,latin_or_other,258090,afruca.org;bomsa.net;cimade.org;cmfd.org;coe.int;cps.gov;cps.gov.uk;detective.io;dhaka-principles.org;dofeve.org;domesticworkersunited.org;dss.gov.au;ec.europa.eu;ejprob.ro;endabuse.org;esa.un.org;eurofound.europa.eu;exit.fryshuset.se;fmreview.org;fra.europa.eu;futureswithoutviolence.org;globalworkers.org;gov.uk;hatecrime.osce.org;hatecrimes.nl;ilo.org;immigration.govt.nz;integration.ie;integrationindex.eu;iom.int;iris.iom.int;isp.policja.pl;medienservicestelle.at;mipex.eu;moj.go.jp;ncjrs.gov;nspcc.org.uk;odblaw.com;ohchr.org;osce.org;pasimalawi.org;penalreform.org;pewresearch.org;picum.org;publications.iom.int;racismnoway.com.au;refworld.org;regeringen.se;report-it.org.uk;taasa.org;tandis.odihr.pl;theage.com.au;treaties.un.org;un.org;unesdoc.unesco.org;unhcr.org;unodc.org;unwomen.org;uscis.gov;zara.or.at
9365,94250d3e6f1029de783b1a4b00360709addd86da62a86383,corporate/financial/ESG,generic_copyright_or_bibliographic_marker,False,False,False,False,True,29567,True,False,latin_or_other,301325,microsoft.com
9367,f1aaa6ef080ee2f32cf98f44f9fd698b10338db8ece2d79d,corporate/financial/ESG,generic_copyright_or_bibliographic_marker,False,False,False,False,True,23260,True,False,latin_or_other,216470,crosscountryhealthcare.com
9386,aa3566050f4b82bc0852119b8a2f43926537266c38687091,books/literary/publisher,generic_copyright_or_bibliographic_marker,False,False,False,False,True,52437,True,True,latin_or_other,63491,
9388,99d795cb0623e825109a8db7dd389bd592a506ec02681ccd,books/literary/publisher,explicit_public_domain_marker,False,False,True,False,True,70976,True,False,latin_or_other,78118,
9393,5dde6e94b9cb01543db6c89fa21a292e57863cbe110a1989,books/literary/publisher,generic_copyright_or_bibliographic_marker,False,False,False,False,True,265,True,True,latin_or_other,59476,
9412,4c10582deaa39bc5e29d502db54289999d7da0864ceaccdd,scholarly/research,generic_copyright_or_bibliographic_marker,False,False,False,False,True,21406,True,False,latin_or_other,42573,
9420,b81825c7c0fd3cf5cc2d0c65dbb40ced1bd8024dd48576d7,books/literary/publisher,explicit_restrictive_notice,True,False,False,False,True,88200,True,False,latin_or_other,89554,openroadmedia.com
9422,ccc20b313e55656b3979a26daa088145d6fb38ccb5e64c40,books/literary/publisher,generic_copyright_or_bibliographic_marker,False,False,False,False,True,2,True,False,latin_or_other,108894,cpj.org;e-ir.info;evatasfoundation.com;hrw.org;hubertlerch.com;independent.co.uk;internetsociety.org;internetworldstats.com;itu.int;journalinternaldisplacement.webs.com;ophi.org.uk;sgo.sagepub.com;solidaritymovement.org;tandfonline.com;un.org
9424,008b0ec2479ad8522c5fc6152b8af0a841fa9d801f379bf2,books/literary/publisher,generic_copyright_or_bibliographic_marker,False,False,False,False,True,21097,True,True,latin_or_other,26746,
9426,50458ec2369dd2c97a368b5a469c048b2c8b4b3f4d43d637,books/literary/publisher,explicit_restrictive_notice,True,False,False,False,True,351,True,False,latin_or_other,47672,
9428,ab74785d2b9619e4ee9ecb0d020440a2e9b91cf338ef9340,government/legal/procurement,generic_copyright_or_bibliographic_marker,False,False,False,False,True,3460,True,False,latin_or_other,79943,en.wikipedia.org
9430,1c514511b1ad3821ed7e134f7ed00259921227c9f857510b,books/literary/publisher,explicit_restrictive_notice,True,False,False,False,True,103,True,False,latin_or_other,69125,harpercollins.ca;harpercollins.co.nz;harpercollins.co.uk;harpercollins.com;harpercollins.com.au;inspectorbanks.com
9434,e627b5457f7fc308f7be39c0435a20f5942317a8d0496210,books/literary/publisher,explicit_restrictive_notice,True,False,False,False,True,172,True,False,latin_or_other,85315,pen-and-sword.co.uk
9439,25a9d2abb9e69c1580c4ff267e4149c4ff4e57099d322b38,news/blog/general web,generic_copyright_or_bibliographic_marker,False,False,False,False,True,42,True,False,latin_or_other,50473,
9442,cf0a1d7a8b01bb9e0796498e640d308cf58e0a3ccf039366,books/literary/publisher,explicit_restrictive_notice,True,False,False,False,True,204,True,False,latin_or_other,33679,flatstanleybooks.com;harpercollins.ca;harpercollins.co.nz;harpercollins.co.uk;harpercollins.com;harpercollins.com.au;harpercollinschildrens.com
9448,6a30ed5788c63a99fb8a55e7f9ffdeb49e88b248207f8d72,government/legal/procurement,generic_copyright_or_bibliographic_marker,False,False,False,False,True,4318,True,False,latin_or_other,106831,
9452,12ab02daca04808dd56fb39adab839ad12bf84223652aa03,books/literary/publisher,explicit_restrictive_notice,True,False,False,False,True,5915,True,False,latin_or_other,56476,facebook.com;oberonbooks.com;twitter.com
9455,0d1ee22788c8cb8ed87369d03606575902955d79b0fee7b0,books/literary/publisher,generic_copyright_or_bibliographic_marker,False,False,False,False,True,54,True,False,latin_or_other,68795,
9459,02e4dda27a10d0bf0fbf8a48ac9535e9932c7f0c62d2e453,scholarly/research,generic_copyright_or_bibliographic_marker,False,False,False,False,True,72892,True,False,latin_or_other,73250,docs.grails.org;github.com;w3.org
9461,8771aaa902ddfb815d1fe18d5c8ee5f51984ec0b44004d42,books/literary/publisher,explicit_restrictive_notice,True,False,False,False,True,93099,True,False,latin_or_other,94661,talonbooks.com
9467,8d8c2fb381fc5130523c45e119cc48c0cb3976184afb2930,scholarly/research,explicit_restrictive_notice,True,False,False,False,True,35,True,False,latin_or_other,165493,agr.gc.ca;agriculture.gov.ie;aig.com;akkerwijzer.nl;bordbia.ie;cso.ie;dhs.gov;dst.dk;ec.europa.eu;edepot.wur.nl;ers.usda.gov;eur-lex.europa.eu;eurofins.com;europa.eu;europarl.europa.eu;focus-on-food.eu;foedevarestyrelsen.dk;fonterra.com;food.gov.uk;foodbase.org.uk;foodfraud.msu.edu;foodsafetyfirst.ca;foodstandards.gov.scot;fsai.ie;gov.scot;gov.uk;government.nl;gtai.de;hollandtrade.com;home.greens.org.nz;inspection.gc.ca;irishtimes.com;legislation.gov.uk;legislation.govt.nz;localcouncils.govt.nz;med.govt.nz;nao.org.uk;news.scotland.gov.uk;pkf-littlejohn.com;prd-lgnz-nlb.prd.pco.net.nz;scotland.gov.uk;scottish.parliament.uk;secure.fera.defra.gov.uk;tna.europarchive.org;vwa.nl
9479,d26f1ea094a685f37fef73ba2ab546c61fcc99b73a6382a7,government/legal/procurement,explicit_public_domain_marker,False,False,True,False,True,95207,True,False,latin_or_other,152234,aaup.org;coursefeedback.unm.edu;dol.gov;download.hlcommission.org;handbook.unm.edu;ombudsfac.unm.edu;policy.unm.edu;section508.gov;unm-student.custhelp.com;valencia.unm.edu;webnew.ped.state.nm.us;www2.ed.gov
9482,3091310eadfab2b8bc1147e3ab492689375b7f2fbda84f6f,books/literary/publisher,generic_copyright_or_bibliographic_marker,False,False,False,False,True,877,True,False,latin_or_other,76370,arcadiapublishing.com;imagesofamerica.com
9487,b117945bd063c150ebd85271961664ba1db6a9a6d3431971,scholarly/research,explicit_open_licence_marker,False,True,False,False,True,28775,True,False,latin_or_other,29401,
9489,562bf83e9d2919172bd83ded2f1b2768be6108bd6e04c32e,books/literary/publisher,explicit_restrictive_notice,True,False,False,False,True,910,True,False,latin_or_other,60307,pgw.com;tinhouse.com
9501,d86127240fa97ac2eca98326feeef5a58b20310682a959fc,books/literary/publisher,explicit_restrictive_notice,True,False,False,False,True,117,True,False,latin_or_other,39607,
9503,9a200534b54a88fed39e060265a91cca34c6e84601faaf25,government/legal/procurement,generic_copyright_or_bibliographic_marker,False,False,False,False,True,192,True,False,latin_or_other,150920,cargillaghorizons.com;iisd.org
9504,b2a2c3fee88594f7cd2b097155346589bd5d9d2e316c61e3,books/literary/publisher,explicit_restrictive_notice,True,False,False,False,True,46384,True,False,latin_or_other,47289,wwnorton.com
9515,14beac05863d6ea5daccdfe6c08765a7127cfaeee36f3f1f,public-domain/library,mixed_restrictive_and_open_or_public,True,False,True,False,True,629,True,True,latin_or_other,54548,
9516,77c568ffe8c91f313f13a7aa8a046b9be0b734a1ddbb76ae,books/literary/publisher,explicit_public_domain_marker,False,False,True,False,True,1502,True,False,latin_or_other,64192,pgdp.net
9525,0770e5d352905c6fa38a70c0151eda5bf1047cf76aab727e,books/literary/publisher,explicit_restrictive_notice,True,False,False,False,True,163597,False,False,latin_or_other,163798,aim.cast.org;edu.gov.on.ca;w3.org
9526,5f7d2bc9cd1abe7f9b34b3f3691a6febdebf90088b6da687,books/literary/publisher,explicit_restrictive_notice,True,False,False,False,True,1037,True,False,latin_or_other,81639,
9528,ade1a522e86984193117dfe1e7e23f5af47bb9ad43b4ad5b,unclassified/mixed,generic_copyright_or_bibliographic_marker,False,False,False,False,True,21173,True,False,han,22803,
9531,c68f313cb0cf783aef4e648bb4232054d0254b3601477047,books/literary/publisher,explicit_restrictive_notice,True,False,False,False,True,145,True,False,latin_or_other,66255,cottagelife.com
9538,394700c498a6001780e4c680aab14312283c615e3c50497b,news/blog/general web,explicit_public_domain_marker,False,False,True,False,True,230,True,False,latin_or_other,92301,
9540,4eeaef68cbecfd44c80f8a4bf8ea4d1581d20e90c879e0ac,government/legal/procurement,explicit_restrictive_notice,True,False,False,False,True,11439,True,True,han,16588,
9552,5f453cd8a759b430d07b706144a140b2c3080e2e3bfb7777,books/literary/publisher,explicit_restrictive_notice,True,False,False,False,True,65255,True,True,latin_or_other,72550,
9562,34c112a2e7d07594f570b36de06cb1383e79426f016e38a6,books/literary/publisher,explicit_restrictive_notice,True,False,False,False,True,1418,True,True,latin_or_other,64663,lmcusc.org;lrcsonline.org
9567,29cbbeaeff72da8bb5738dcab45eee58647799ffa9835ff8,government/legal/procurement,generic_copyright_or_bibliographic_marker,False,False,False,False,True,41949,True,False,latin_or_other,42003,
9568,311a3558ab006127b6521b570299bf90c4d6996581f4a68d,government/legal/procurement,explicit_restrictive_notice,True,False,False,False,True,61724,True,True,han,61951,huawei.com;landscape.cncf.io
9570,b4f0066a3a91723f4645ad4ddb8cc6335a7852467c892f26,government/legal/procurement,generic_copyright_or_bibliographic_marker,False,False,False,False,True,26539,True,False,latin_or_other,27612,
9574,253338e19cf51c3d1911c6abd895cc4c1f29d2235434f864,books/literary/publisher,explicit_restrictive_notice,True,False,False,False,True,340,True,False,latin_or_other,75597,researchdigest.org.uk
9575,14420b4e057650f363f8f04d66d628168ff5c0e6505210b6,books/literary/publisher,explicit_restrictive_notice,True,False,False,False,True,62,True,False,latin_or_other,67241,penguinrandomhouse.ca
9578,1788dba81d1dd36cfdad304bd9a9f3e147146d078cdcaec5,scholarly/research,generic_copyright_or_bibliographic_marker,False,False,False,False,True,4088,True,False,latin_or_other,103664,bloodaxebooks.com;sms.cam.ac.uk;theparisreview.org;wbo.llgc.org.uk;zamynfoundation.org
9579,033866585c83b5600e05dead897a7b123b41a4c8c0db3090,unclassified/mixed,generic_copyright_or_bibliographic_marker,False,False,False,False,True,44588,True,False,latin_or_other,44689,pics.share-image.com;share-image.com
9583,65b6b7fb2132b6dc06c9ab32cfdd592455e94842235515ba,books/literary/publisher,explicit_restrictive_notice,True,False,False,False,True,873,True,False,latin_or_other,57983,bakerscatalogue.com;greencandypress.com;houseofwah.com;lindesmith.org;marijuanauses.com;mpp.org;norml.org;wamm.org
9599,0ccabb777dc1af0f57a476a47a35d35d34bd62a5b9ea3f7b,scholarly/research,generic_copyright_or_bibliographic_marker,False,False,False,False,True,5648,True,False,latin_or_other,194257,collegeboard.com
9602,e903e082038b6d68eba153d6741fbbe7211cbc632c394bf5,books/literary/publisher,generic_copyright_or_bibliographic_marker,False,False,False,False,True,1767,True,False,latin_or_other,49210,
9612,d276a3557ef66f628f285aab7e1fcb3f4dd6873606b42bb2,books/literary/publisher,explicit_restrictive_notice,True,False,False,False,True,709,True,False,latin_or_other,55632,links.penguinrandomhouse.com
9619,55932ce8514141e07afe9c8aea6fc7560d443c9ac2504134,books/literary/publisher,explicit_restrictive_notice,True,False,False,False,True,137,True,False,latin_or_other,91805,
9620,eb6374f74384cb58960c051f8a3a80dc0ed2b2441b5f4ab9,scholarly/research,explicit_open_licence_marker,False,True,False,False,True,955,True,False,latin_or_other,163577,apps.who.int;consultaveu.cat;doi.org;ihr.mrc.ac.uk;stimmklinik.demany
9641,36002ac36f7cd2f3a6e3c6c49022e171a81e823cc7aaeafc,books/literary/publisher,generic_copyright_or_bibliographic_marker,False,False,False,False,True,900,True,False,latin_or_other,96533,
9644,b554232fe688639761f77a5a722b9fe6ea806adc9fbc1e5b,books/literary/publisher,explicit_restrictive_notice,True,False,False,False,True,33,True,False,latin_or_other,77480,us.penguingroup.com
9647,5cfc16bff8ddb1b0e8387c7e8a9135b5e3339741e1847c16,government/legal/procurement,explicit_restrictive_notice,True,False,False,False,True,41628,True,False,latin_or_other,228695,dca.ga.gov;gsfic.georgia.gov;usg.edu
9655,5640b5746faf03b9a32c6fbde40dad3abd0e23dce3b6e186,scholarly/research,explicit_public_domain_marker,False,False,True,False,True,513,True,False,latin_or_other,38234,andrewsuk.com
9658,7f451932749f58fcdb966ccdf60b9c6ee60df7ba39b3ef9e,books/literary/publisher,explicit_restrictive_notice,True,False,False,False,True,52946,True,False,latin_or_other,55121,editions-allia.com
9659,63cd9c0406919b0e2561fcd4097a60def91b1f99a683d303,books/literary/publisher,explicit_restrictive_notice,True,False,False,False,True,2,True,False,latin_or_other,47867,links.penguinrandomhouse.com
9671,2dc2889079f83c98f492ea37b6494ea629d8ca6f5a0500cf,books/literary/publisher,explicit_restrictive_notice,True,False,False,False,True,2,True,False,latin_or_other,102135,
9679,e3f82ff430876b447fc43d44b37f432ca02478dddc9e54f0,corporate/financial/ESG,explicit_restrictive_notice,True,False,False,False,True,32366,True,False,han,32479,chinazhaokao.com
9696,2b7bcb6574e72deeb7f51d2d3e54d0c3185b0108d8f1c1e1,corporate/financial/ESG,explicit_restrictive_notice,True,False,False,False,True,10944,True,False,han,13079,12306.cn
9698,0601369fd00c3bfef2d8e3d565e87d33cd37017d8ae3cd16,corporate/financial/ESG,mixed_restrictive_and_open_or_public,True,False,True,False,True,2232,True,True,latin_or_other,40324,tradescores.com
9711,ca04afa92125d02ed14051e1758dddb4a1edac4352c128d1,government/legal/procurement,explicit_restrictive_notice,True,False,False,False,True,22929,True,False,han,23064,chinazhaokao.com
9712,b1fc618b93ae21b2150895d5b9dbee696b97c679bed02a16,government/legal/procurement,generic_copyright_or_bibliographic_marker,False,False,False,False,True,2310,True,True,latin_or_other,33875,militaryfactory.com
9735,8623ee9874487c5197c986ee0b3c0124cfbadd4e64a58051,books/literary/publisher,explicit_restrictive_notice,True,False,False,False,True,281,True,False,latin_or_other,53398,pbs.org
9739,17a5d870ce1a42c74aa1ae463b4a3877158dbb6aa8e6ea12,books/literary/publisher,generic_copyright_or_bibliographic_marker,False,False,False,False,True,141,True,False,latin_or_other,86935,
9741,33d00d6c5faf454e742fb9c78990ec807d59cbb3e49807e1,scholarly/research,generic_copyright_or_bibliographic_marker,False,False,False,False,True,9421,True,False,latin_or_other,46345,efaecium.mlst.net;mlst.net
9748,eab3a0ce018eb9f6e0d8f85c3f1ce8bd544fe23dca76febc,books/literary/publisher,generic_copyright_or_bibliographic_marker,False,False,False,False,True,104,True,True,latin_or_other,38311,
9751,02b4fa6a539252c24c91f61716eb493c621f0dbf7d974c6f,government/legal/procurement,generic_copyright_or_bibliographic_marker,False,False,False,False,True,7967,True,False,latin_or_other,169264,usf.edu
9772,e9e5a51cb1bff43af94ac36ef147ce0e9faace1f364a9f0e,government/legal/procurement,generic_copyright_or_bibliographic_marker,False,False,False,False,True,26861,True,False,han,55456,ccgp.gov.cn;creditchina.gov;creditchina.gov.cn;ss.gov.cn;ylgczjzx.com
9775,bc0e2e80ca06013193424d2baad15eab4d4b44253db3e49e,scholarly/research,generic_copyright_or_bibliographic_marker,False,False,False,False,True,30400,True,False,latin_or_other,100214,
9776,624bb5fe94a0229309db1058e46cc3ca6176d9e152487c2d,corporate/financial/ESG,generic_copyright_or_bibliographic_marker,False,False,False,False,True,14354,True,False,latin_or_other,173835,dir.ca.gov
9790,e94da5266ba39ee56032aec08bfd941d8b124ea96641c85a,government/legal/procurement,explicit_restrictive_notice,True,False,False,False,True,44099,True,False,han,44175,21eys.com;3cc168.com;592wja.com;5bgs.com;6dej.com;bj036.com;ddmxd.com;dea2013.com;fanpai8.com;jhgym.com;jhxfx.com;jiawu8.com;kzfxd.com;la830.com;mm2e.com;mob100.com;sbwzc.com;u5108.com;wghzc.com;wz663.com;ygsc88.com;ywytt.com;zbxxd.com;zmwxd.com;zstmx.com;zsyws.com;zzz40.com
9817,0e05a584abe8cee045c1aebb7b42de774f30c502d9dc25c4,books/literary/publisher,explicit_restrictive_notice,True,False,False,False,True,260,True,False,latin_or_other,43428,iuniverse.com
9833,39f3a8509af06ccf1ebad5f9575b55e539a34ef0efa4d517,software/code/technical-QA,generic_copyright_or_bibliographic_marker,False,False,False,False,True,11514,True,False,latin_or_other,61342,kliguy38depression2news.blogspot.com
9838,809c6e318c7b06558935a897e22f3f5be010e22457865b25,software/code/technical-QA,generic_copyright_or_bibliographic_marker,False,False,False,False,True,10437,True,False,latin_or_other,27126,canvasengine.net;mapeditor.org
9859,dcc9884e149441e85824553dd0b7561ce7920e1d0d487b12,books/literary/publisher,explicit_restrictive_notice,True,False,False,False,True,932,True,False,latin_or_other,147344,aasmnet.org;culture.fool.com;deliveringhappiness.com;ft.com;glassdoor.com;globoforce.com;go.globoforce;go.globoforce.com;hbr.org;jjhpi.com;positiveorgs.bus.umich.edu;rework.withgoogle.com;smith.queensu.ca;theenergyproject.com;workhuman.com;www-01.ibm.com
9868,955a136d8f451a8ac6e87e70493812d05c9108188dbf1d22,books/literary/publisher,generic_copyright_or_bibliographic_marker,False,False,False,False,True,205,True,False,latin_or_other,59297,witchesofbenevento.com
9872,3d94741883ab2f832206aab02c21dba8b113e5ad940b3072,books/literary/publisher,explicit_restrictive_notice,True,False,False,False,True,594,True,False,latin_or_other,58745,simonandschuster.com
9874,12ea6c94ada5bf9fbb6db8c5f5fae0a436f89bae8a33cf35,education/course/textbook,generic_copyright_or_bibliographic_marker,False,False,False,False,True,34727,True,False,han,77776,
9877,370db17a2558372be63e247e5d4159e30f2169aec54d709b,government/legal/procurement,explicit_restrictive_notice,True,False,False,False,True,75157,True,False,latin_or_other,126088,dsci.in;n-coe.in;techsagar.in
9883,0b3c4369bff55ead9a9b207a61e4c1297ca05382b21f3279,government/legal/procurement,generic_copyright_or_bibliographic_marker,False,False,False,False,True,1717,True,False,latin_or_other,293354,
9887,895c5ff5ede2aa81d406a54d0e634837c11109837e8959d0,scholarly/research,generic_copyright_or_bibliographic_marker,False,False,False,False,True,45336,True,False,latin_or_other,123723,articles.bplans.com;books.google.fi;entrepreneur.com;is.vsfs.cz;keydifferences.com;ladec.fi;livescience.com;mindtools.com;nielschrist.wordpress.com;scribbr.com;smallbusiness.chron.com;stat.fi;surveymonkey.com;thefreedictionary.com;venture.ch;yrittajat.fi
