document_sha256,occurrences,instruction_generation_rows,instruction_generation_ifeval_rows,languages,document_chars,content_group,marker_stratum,restrictive_notice,open_licence_marker,public_domain_marker,government_copyright_marker,copyright_marker,classification_tied,script_group,domains
2f87f3fb1d12a645cd7418defc2711465473f75dcd7cb421a36c50e1114efdec,3,2,1,English,2335,unclassified/mixed,no_explicit_marker,False,False,False,False,False,False,latin_or_other,
7cebe2ff15bf6f456ba115983204605237289fc56fa2470bde633544b538b979,3,2,1,English,11398,government/legal/procurement,no_explicit_marker,False,False,False,False,False,True,latin_or_other,
0015dc7b5c84fe7c0b992b882671748fc80273888d6527c7fc6468f0b393a58a,2,2,0,English,10543,manual/technical documentation,no_explicit_marker,False,False,False,False,False,False,latin_or_other,
002536d389d16ed1cba4c70d36db77e4e5ea7ef92fe96a469dc794621ed1f5b2,2,2,0,German,3553,unclassified/mixed,generic_copyright_or_bibliographic_marker,False,False,False,False,True,False,latin_or_other,
003f383b9cb35cf695fcd4861662e08adc653cf812229a92e904f403ec842fd2,2,2,0,English,1665,education/course/textbook,no_explicit_marker,False,False,False,False,False,False,latin_or_other,
0093790cbc69d7e24af535cc42238d42920977a7727dc88d933402a383948679,2,2,0,English,16743,unclassified/mixed,no_explicit_marker,False,False,False,False,False,False,latin_or_other,
009e11f83e856da4806a5ad56986bea2de86ddf9b40746bb98f27f78753a06f6,2,2,0,English,6375,unclassified/mixed,no_explicit_marker,False,False,False,False,False,False,latin_or_other,
00d1ae9f6a3561f12efe804fdfb8ff4f11038943ffb7f01be3ae1d8c6c1e6161,2,2,0,Spanish,3797,unclassified/mixed,no_explicit_marker,False,False,False,False,False,False,latin_or_other,
011025066b6e83b5b3cefe112084c3e1051156aa780381d2757abe66491bc213,2,2,0,Italian,5154,unclassified/mixed,no_explicit_marker,False,False,False,False,False,False,latin_or_other,
013b08baf9c4bec23690ca166f161d17daa9b4b174aab516ba8a11daa123c177,2,2,0,English,5913,scholarly/research,no_explicit_marker,False,False,False,False,False,False,latin_or_other,dataromas.com;equalaffection.com;orissatimes.net;viral-status.com
013e965dd8e9823cbb4d5c118a7cc13e47139bbf6d79abc83ec59613cefba59c,2,2,0,Spanish,4966,unclassified/mixed,no_explicit_marker,False,False,False,False,False,False,latin_or_other,
014bade9ec9c8235926ea76d087b5f67ead6e38f8a5e1e7c0b6c59964b626c82,2,2,0,English,15611,government/legal/procurement,no_explicit_marker,False,False,False,False,False,True,latin_or_other,
01675447108ab0d847be61ceb4411bb15a3ec01ef403f2e4dedf7ac36015247d,2,2,0,Spanish,2332,unclassified/mixed,no_explicit_marker,False,False,False,False,False,False,latin_or_other,idp.cimmyt.org
0177a64e91b6df6ba10c2455c714dd778b6bf8aac6a4a4df2066f8dbcbdd7009,2,2,0,English,3922,unclassified/mixed,no_explicit_marker,False,False,False,False,False,False,latin_or_other,
0184562da044c3794e4a946f2ef9788ca0c8ffa905fa0d6377aac886310511ed,2,2,0,Spanish,3288,unclassified/mixed,no_explicit_marker,False,False,False,False,False,False,latin_or_other,
02170e58ca988469286868aa0ccfae00a21730d596afb7eeaf40ab680c172913,2,2,0,Portuguese,5679,unclassified/mixed,no_explicit_marker,False,False,False,False,False,False,latin_or_other,
027898d81533e72e3aab4317d137f9c829980375bb546498189c14524dd3a05a,2,2,0,English,19553,government/legal/procurement,no_explicit_marker,False,False,False,False,False,False,latin_or_other,
02865cd67189e44c608a63f25403c9eecd420dac649b690e6b682c4f391de458,2,2,0,Portuguese,1937,news/blog/general web,no_explicit_marker,False,False,False,False,False,False,latin_or_other,
02cf482804c07b148b2392854bb2b2444e8946dfece3f290a3a5ddc53b24a9aa,2,2,0,Portuguese,9566,scholarly/research,generic_copyright_or_bibliographic_marker,False,False,False,False,True,False,latin_or_other,
02f545573f0b0ba43711f991d837ae63a40c33ac1bc9c0792f22871f7ed875f6,2,2,0,English,13706,books/literary/publisher,no_explicit_marker,False,False,False,False,False,True,latin_or_other,
02f61aee76849d6c205cb7d99f77f72dad1f5a3cac8f18b7ed7e0932cace6c43,2,2,0,French,14443,government/legal/procurement,no_explicit_marker,False,False,False,False,False,True,latin_or_other,
02fd8d67682cd8e90e7d1f49a35e9ce8291a0d43a36343c2fa2b789b5d0b80c1,2,2,0,German,9343,unclassified/mixed,no_explicit_marker,False,False,False,False,False,False,latin_or_other,cbd.int;gendercc.net;iucn.org
030bc473984c898d3d2c6e0042a10d2ea8fe2b3868da487908e5b99a4fea7e10,2,2,0,French,3037,unclassified/mixed,no_explicit_marker,False,False,False,False,False,False,latin_or_other,
0319019758b589e057595dd0c248fd1c9450782d0910a8a14613180253cf0d9e,2,2,0,Spanish,5282,books/literary/publisher,no_explicit_marker,False,False,False,False,False,True,latin_or_other,es.wikipedia.org
034fb588f179cb3f9324e1390a439a31a07c0e5287e102851a99a37d536eb5e7,2,2,0,Italian,3186,unclassified/mixed,no_explicit_marker,False,False,False,False,False,False,latin_or_other,
035e297ff2dbae76fcb570770e3fda082fc76a59d452065be6e54a2887b98807,2,2,0,Italian,5905,unclassified/mixed,no_explicit_marker,False,False,False,False,False,False,latin_or_other,
036a2aae718d4397c7c6fbac516e75c15b0a6fd3e42b474478fa422563f364fe,2,2,0,English,7846,scholarly/research,no_explicit_marker,False,False,False,False,False,False,latin_or_other,
0377b70dfdb6dc206f3e0542953c2b8537b7c6a84a19b4191972a002cdeddbef,2,2,0,French,3945,unclassified/mixed,no_explicit_marker,False,False,False,False,False,False,latin_or_other,
0399ded6787bed9903293dd07895e1a3b3401c3ba40e024745aba822b1feafad,2,2,0,Portuguese,8423,government/legal/procurement,no_explicit_marker,False,False,False,False,False,False,latin_or_other,
03a6990cb92cb7fa87c6b61d1f961daba1eb25ce3293a49389ebe5fa4f1151a3,2,2,0,English,4447,unclassified/mixed,no_explicit_marker,False,False,False,False,False,False,latin_or_other,
03d575ab5d725b7a739d33d8f7912924571ee428bf2b63b8ada71fdaf257831c,2,2,0,Portuguese,1437,scholarly/research,no_explicit_marker,False,False,False,False,False,False,latin_or_other,
03dd2f0faab9031c60e631c6df952eb06441670af1f520e3e92f6f9256bbed9b,2,2,0,English,21412,government/legal/procurement,no_explicit_marker,False,False,False,False,False,False,latin_or_other,
03fc63a6e615e86d6a1c7bf15aca1840d5b93b759a6c389ed04ccad6fd1c9a18,2,2,0,English,4999,news/blog/general web,no_explicit_marker,False,False,False,False,False,False,latin_or_other,data.unicef.org
0401aed437b6f879ebf130891f1d7039c923790db13f6dc5f5ace0c2267ea59c,2,2,0,Portuguese,1773,unclassified/mixed,no_explicit_marker,False,False,False,False,False,False,latin_or_other,
0467dd51b8583b8badd554fe37db2d05240cdbf654c4d05a0e07cda78cecf36c,2,2,0,Portuguese,1576,unclassified/mixed,no_explicit_marker,False,False,False,False,False,False,latin_or_other,
0473d361e48c4fa208b7a372ae62139eca433eb0c82498362db7f92f38836d27,2,2,0,German,4822,unclassified/mixed,no_explicit_marker,False,False,False,False,False,False,latin_or_other,
047e7b6ebcede8fa0d107c671353a12e65012087917fa76c897184a15a626155,2,2,0,English,7078,government/legal/procurement,no_explicit_marker,False,False,False,False,False,False,latin_or_other,
048b58492e89e71c2d2f9b05bfb7486450cb58a7b50a28add62ec97b475d15fe,2,2,0,Spanish,3062,unclassified/mixed,no_explicit_marker,False,False,False,False,False,False,latin_or_other,educacion.laguia2000.com
0490d8bd516dd5a313436b8d78af33ccae1713fca3c048e2dccfbf4e6177c434,2,2,0,Portuguese,6278,scholarly/research,no_explicit_marker,False,False,False,False,False,False,latin_or_other,
04cd93ff4cd879a4827386b14ffe47b273d55ba61496ec4bc3d166cf5e0f8fbe,2,2,0,Spanish,3957,unclassified/mixed,no_explicit_marker,False,False,False,False,False,False,latin_or_other,elifesciences.org;eurekalert.org
04d3420c24e13f0b58741d92c9c256353f672e243f51d72f941902f1ff93084c,2,2,0,French,2426,unclassified/mixed,no_explicit_marker,False,False,False,False,False,False,latin_or_other,
04e017287ee1d67bd96acd3e7f0f6ead8b4dc8a98bc8a1b1c1e8c13dba8aa9cd,2,2,0,Spanish,2648,unclassified/mixed,no_explicit_marker,False,False,False,False,False,False,latin_or_other,
04fe05f41375235286d5cf33051b2587018a73e87e67d75bd1423d712d381a19,2,2,0,Portuguese,5913,government/legal/procurement,no_explicit_marker,False,False,False,False,False,False,latin_or_other,
052ea03d1de00ba8e9e4d264f892292cf2a01b0fc1843b6a8f51f1cc69f43e47,2,2,0,Italian,2678,unclassified/mixed,no_explicit_marker,False,False,False,False,False,False,latin_or_other,
05414ec56a6d694dc56e8d2238e1cff9ad629ef18778c87f60a38a1b338cadb9,2,2,0,Portuguese,5065,unclassified/mixed,no_explicit_marker,False,False,False,False,False,False,latin_or_other,
057a1ed66f85e066e5acc2bd4beb0806ccbb1f55fd7385de0eeedd71e85d647e,2,2,0,English,5972,unclassified/mixed,no_explicit_marker,False,False,False,False,False,False,latin_or_other,
057afadd5913ea2a8cbcdc34b71289694db4ce1982bd14d7170bd5848ad4f9bd,2,2,0,Portuguese,9623,scholarly/research,no_explicit_marker,False,False,False,False,False,False,latin_or_other,
0582da5fd92e1471022e540c5465b59bdf516bbf05e2aace224a7b91192a34e0,2,2,0,Italian,14559,unclassified/mixed,no_explicit_marker,False,False,False,False,False,False,latin_or_other,
058c68fa9fa146cfdf7d3d2fe688456b2779000d6f1bf68fff85efb0e65131ae,2,2,0,French,14051,scholarly/research,no_explicit_marker,False,False,False,False,False,False,latin_or_other,
0597d01bcfe51885528911853f66d4660230b46f22e39f10850788f2d1ee4483,2,2,0,Italian,4025,unclassified/mixed,no_explicit_marker,False,False,False,False,False,False,latin_or_other,
05a5929c78fa21b209c52967e3f2574d5e66f3a9541feaaf751e83ba21607097,2,2,0,Spanish,4006,unclassified/mixed,no_explicit_marker,False,False,False,False,False,False,latin_or_other,
05ddd0002ed94e0ad7b0d84f01ec40f2e396c7bcef33127e705404fbac705783,2,2,0,English,4930,unclassified/mixed,no_explicit_marker,False,False,False,False,False,False,latin_or_other,
05e211ebc024466548f7b4b50a2ed0a8f585f00eee186acaee755cbec3164926,2,2,0,Portuguese,1830,news/blog/general web,no_explicit_marker,False,False,False,False,False,False,latin_or_other,
05e3c81f3ddeb19b26a3234c9abbcabbe72815ad4c57f79aef0d1beca47ea14b,2,2,0,Italian,5507,unclassified/mixed,no_explicit_marker,False,False,False,False,False,False,latin_or_other,servizi-web-marketing.it;worldweb.it
061c1da7fd0d870575695c2e82183deecb85503c1806917a1c416ef041875e53,2,2,0,English,2943,news/blog/general web,no_explicit_marker,False,False,False,False,False,False,latin_or_other,
06221070c9375095adb63dc875b7e7bf5fc0bffeb798ce768e7adcc3a9c8c0b2,2,2,0,French,3245,unclassified/mixed,no_explicit_marker,False,False,False,False,False,False,latin_or_other,
0685990014c01502bb0f5b975ffc524f124e5d9b53fa9c9123533599c1a4e6cc,2,2,0,Spanish,3675,encyclopedia/reference,no_explicit_marker,False,False,False,False,False,False,latin_or_other,es.wikipedia.org
0688f8f07b6041d2f5d080b3f74cf0b08ae584e7ea55d65239a9fa0f23da6527,2,2,0,English,5235,unclassified/mixed,no_explicit_marker,False,False,False,False,False,False,latin_or_other,
069cd69f6d8fe4c2246115241148069a915836a25d16d9f5bedef0fd1281266a,2,2,0,English,2354,government/legal/procurement,no_explicit_marker,False,False,False,False,False,False,latin_or_other,
06a388e31c39c8f6a74d4a6e3b50d34925451dde6a0c13a429f1d98252628ad2,2,2,0,French,2323,scholarly/research,no_explicit_marker,False,False,False,False,False,False,latin_or_other,
06badb5313da6b3e2f74e18b7eb80dbe935d245bfadb157947f39dc8cd690dd5,2,2,0,English,6176,government/legal/procurement,no_explicit_marker,False,False,False,False,False,False,latin_or_other,
06c5f02b5536539ea2b1625034881bec2ecbeda3c686e3ef5159a4da69e5d513,2,2,0,English,5272,unclassified/mixed,no_explicit_marker,False,False,False,False,False,False,latin_or_other,
06cd02d09bc91853c51797c7de89a340f5937c71e30b8ba6729ecc5890649dbc,2,2,0,German,6356,unclassified/mixed,no_explicit_marker,False,False,False,False,False,False,latin_or_other,
06cf3fba1c9d915cf3b8b310d100e26b464edd1660ae511cc6cc37d134177c32,2,2,0,English,6838,unclassified/mixed,no_explicit_marker,False,False,False,False,False,False,latin_or_other,
06dc25a0f052c1b09b5a37728e3a6ffc3efcc17b6ba8c93fb39284f925f12e56,2,2,0,Italian,13718,manual/technical documentation,no_explicit_marker,False,False,False,False,False,False,latin_or_other,
06e755809501bdc66fd59e7d4e8f17a474f81d774ff8db33b21372c9e1067ecd,2,2,0,English,12298,unclassified/mixed,no_explicit_marker,False,False,False,False,False,False,latin_or_other,
06f23bc4667858a218bdbe5de7aa994f3a4853fe7a90bbade6014d66ce1930ed,2,2,0,Italian,8049,encyclopedia/reference,no_explicit_marker,False,False,False,False,False,False,latin_or_other,it.wikipedia.org
06f7258e8664edcef6b3a1c36198ba81f6e61e32bc0608bc333bfa051d223282,2,2,0,Spanish,4621,unclassified/mixed,no_explicit_marker,False,False,False,False,False,False,latin_or_other,
0703f980040b6f60bfe08423b5525f78f782c1875183938e42c2b3a5bf6be632,2,2,0,Italian,3116,unclassified/mixed,no_explicit_marker,False,False,False,False,False,False,latin_or_other,
07125b27990f9989e84d9167953e007a874e9ee54eb023d1406903f40736fedb,2,2,0,Portuguese,2780,government/legal/procurement,no_explicit_marker,False,False,False,False,False,False,latin_or_other,
0739ca315b3504d90f2b2aefa8d244a2e496e7e008b0cd83fd4746fab4dc6286,2,2,0,Italian,5601,scholarly/research,no_explicit_marker,False,False,False,False,False,False,latin_or_other,
073eea7cca7a55c1929ee42ad3ed0aacd5913e36a2272202fdf99aa685a8f568,2,2,0,Spanish,5082,unclassified/mixed,no_explicit_marker,False,False,False,False,False,False,latin_or_other,
0746816589ee4bf2fbc807f791e1591de86fe2efbcbda79de3043958ef0ef002,2,2,0,Spanish,4377,unclassified/mixed,no_explicit_marker,False,False,False,False,False,False,latin_or_other,
076d35201727e0e03264067a8070307325fb002dc2b6207ab40fc5fd3fb708f7,2,2,0,French,5554,scholarly/research,no_explicit_marker,False,False,False,False,False,False,latin_or_other,
0789d2b30bfd3b2b9d1857a9ab9f2bed2a53c54342a6a55579804e8532d44542,2,2,0,Italian,6742,unclassified/mixed,generic_copyright_or_bibliographic_marker,False,False,False,False,True,False,latin_or_other,
0792ec944d5f45ce4fc74c19757bf2a8bac5560c91af29ec11bfba92d8105e72,2,2,0,Spanish,14809,unclassified/mixed,no_explicit_marker,False,False,False,False,False,False,latin_or_other,
079c89ff6c6e08a9485e244870abae2c1c6510f03780e90561e5857c54627cae,2,2,0,Portuguese,8714,scholarly/research,no_explicit_marker,False,False,False,False,False,False,latin_or_other,
0810d31fae0066e1b13cc656a2cc97b2234d93cfaf94cbb35692e72b372a8c63,2,2,0,English,2866,scholarly/research,no_explicit_marker,False,False,False,False,False,False,latin_or_other,
082b4dd155668ddfd72e89541103506cc3f3b54233639f8601d983603141e9e0,2,2,0,Italian,4950,unclassified/mixed,no_explicit_marker,False,False,False,False,False,False,latin_or_other,
082dfdfe57e7bf4d3f8539efd46759cb2e0318522a83f72718b3b7a73b05f8be,2,2,0,Italian,5789,unclassified/mixed,no_explicit_marker,False,False,False,False,False,False,latin_or_other,
083a4564e88fb20f8630655407a455e4a31aeba2500398a742f3ed10da0113ac,2,2,0,French,3941,unclassified/mixed,no_explicit_marker,False,False,False,False,False,False,latin_or_other,
085dfbf7c50c69bc36eb63491c2b6b742c72f8595c8b21c046fcfcd2d45169e1,2,2,0,Italian,10209,unclassified/mixed,no_explicit_marker,False,False,False,False,False,False,latin_or_other,
086809c642145ecfebc02487ba86ce751b9b68ebfb64e2d87ebe838b33d20ddf,2,2,0,English,5304,unclassified/mixed,no_explicit_marker,False,False,False,False,False,False,latin_or_other,americanforeignrelations.com;realhistoryonline.com
0868e69f2c0faeed265c6e25e56ca6724e3cf0f74547898f3883010a0f66dccf,2,2,0,French,7518,scholarly/research,no_explicit_marker,False,False,False,False,False,True,latin_or_other,
087113fc8da70a8bd8372b8491064f6ea6e5fa765c54a8516b3b15245780e61c,2,2,0,English,1644,unclassified/mixed,no_explicit_marker,False,False,False,False,False,False,latin_or_other,
087ee203e2252c96bc5748115eff8e777db5a6140016027bf01a58f142e78f93,2,2,0,Portuguese,4127,scholarly/research,no_explicit_marker,False,False,False,False,False,False,latin_or_other,
088da3bd8bc79df08f42806f7c19397314102aa91f2cd87388ba7ef3ba984ee9,2,2,0,English,4285,scholarly/research,no_explicit_marker,False,False,False,False,False,False,latin_or_other,sxc.hu
088efb3f32667c660e336bd68de4b03887a35e4c32dff2f28b9248bfed591e8f,2,2,0,English,2530,unclassified/mixed,no_explicit_marker,False,False,False,False,False,False,latin_or_other,
08d3566def59910e0e8d44428656beb12284408ad57f45f28028dbc09e9ffb49,2,2,0,French,4618,unclassified/mixed,no_explicit_marker,False,False,False,False,False,False,latin_or_other,
08db80eb5e4472c6afccbbb19c920be6ddacee6be6236db6a568e107c73a3a1f,2,2,0,Portuguese,2289,scholarly/research,no_explicit_marker,False,False,False,False,False,False,latin_or_other,
08f74daac57041264b4ad1dff1cceac02405abcdb0c97725a73f4f21b7786aa7,2,2,0,Portuguese,4600,scholarly/research,no_explicit_marker,False,False,False,False,False,False,latin_or_other,
08fc427227b2cf7516f24b321a98de13792eb67c07d53707683dbb8682d0db3b,2,2,0,English,20704,scholarly/research,explicit_open_licence_marker,False,True,False,False,True,False,latin_or_other,
094189309d4333cc79dc5814bf4ba95dea044f57e9b4997fab8df8c53d23a34a,2,2,0,Italian,3383,scholarly/research,no_explicit_marker,False,False,False,False,False,False,latin_or_other,
09436b60116171708b8217514eae7b16a1bbff2e436ea59348ad5767455255f0,2,2,0,Spanish,2726,unclassified/mixed,no_explicit_marker,False,False,False,False,False,False,latin_or_other,etimologia.com
0958b204199da4ed513cfc8942207c34fefbbe770de71a01ee4908e514bab217,2,2,0,French,7997,government/legal/procurement,no_explicit_marker,False,False,False,False,False,False,latin_or_other,
095fdd8d6c190debe8128258f1368adba38525f749d5492dc6dd44fb53816719,2,2,0,Portuguese,5153,government/legal/procurement,no_explicit_marker,False,False,False,False,False,False,latin_or_other,3t.org.br
0968be1d4cda0bf640d625a4476d44032cc41cb1d1de056e9cfd27c917fdd490,2,2,0,Portuguese,3930,government/legal/procurement,no_explicit_marker,False,False,False,False,False,False,latin_or_other,
0969e3f60bc3ed391ba7432359fc3f8a1f50b02e60a7fb2abbd150bd193c91ee,2,2,0,Portuguese,13947,unclassified/mixed,no_explicit_marker,False,False,False,False,False,False,latin_or_other,
09876d00074adb1194687bfe491bf08ebf3a724e5149a8abdfbb88ac8ea9895d,2,2,0,Portuguese,3549,unclassified/mixed,no_explicit_marker,False,False,False,False,False,False,latin_or_other,
099ebcecebfd6785195e825b4e6db377f656b0f006dc2bfad8623bff5577e0c0,2,2,0,Portuguese,13270,government/legal/procurement,no_explicit_marker,False,False,False,False,False,False,latin_or_other,
09dc1a4e4e21e736d90f7ca2d2f8bd435daa59f71cd8ca91a05d3dcf32e02a7b,2,2,0,English,3615,news/blog/general web,no_explicit_marker,False,False,False,False,False,False,latin_or_other,
09dfc0ec6a4204effcc159b56998d201560f05dbe72b5988affddfb7a4f6efac,2,2,0,Spanish,3682,unclassified/mixed,no_explicit_marker,False,False,False,False,False,False,latin_or_other,
09e4f38593f3c0c47759d4b6a5cc71525771e0ca609891a3c20b0b5f015464da,2,2,0,Portuguese,13354,government/legal/procurement,no_explicit_marker,False,False,False,False,False,True,latin_or_other,jusbrasil.com.br
0a209a3df7bee7a9476c62cbe069aa7b5b87e0409813154c8f87106d11191a08,2,2,0,Italian,6057,encyclopedia/reference,no_explicit_marker,False,False,False,False,False,False,latin_or_other,it.wikipedia.org
0a39a02262a9a6a1598fe03ab5b9bc920684175ff86bcd2fc9082d4bf5b366fe,2,2,0,Portuguese,7824,scholarly/research,no_explicit_marker,False,False,False,False,False,False,latin_or_other,
0a77171532b87dbeecdf5f966ca630318832f40933796ab3e88e8ba4b6adaef1,2,2,0,French,1469,unclassified/mixed,no_explicit_marker,False,False,False,False,False,False,latin_or_other,
0a795671bc83f80e11a460b2ffa38e907506f34e4a43944dc7a05ab29babc0e1,2,2,0,Portuguese,3533,government/legal/procurement,no_explicit_marker,False,False,False,False,False,False,latin_or_other,
0a85e12220bf93f8d3082983479f6ae22f952fa0f2a9487074cac0b917be77b6,2,2,0,French,13446,unclassified/mixed,generic_copyright_or_bibliographic_marker,False,False,False,False,True,False,latin_or_other,
0a99dcf77c01fb95a9ff528b693e0c892371569e36683be59837dd5d719f1084,2,2,0,Portuguese,9910,government/legal/procurement,no_explicit_marker,False,False,False,False,False,True,latin_or_other,
0ab1a6dbed9b70c95252397cd7737a8b460a6fc9652f0ed6d125649da8895925,2,2,0,Italian,3197,news/blog/general web,no_explicit_marker,False,False,False,False,False,False,latin_or_other,
0b0cdd6427093398965cae282583826894ebd05d970ce903e590325a68591fc9,2,2,0,German,5313,unclassified/mixed,no_explicit_marker,False,False,False,False,False,False,latin_or_other,
0b0e6f2cefaed29359d66b9d9c3262342d75cdc4d15a010dcd519dff4ca6a65b,2,2,0,Portuguese,12741,unclassified/mixed,no_explicit_marker,False,False,False,False,False,False,latin_or_other,
0b1d540cf17e67199f2784316fe8d56cf2c4033e90092bce2d1166f3304ec570,2,2,0,Portuguese,10455,scholarly/research,no_explicit_marker,False,False,False,False,False,False,latin_or_other,
0b2f0b7937384b9b11e04784cb502df7a1e732df74ea597f72ae76a82dea08ff,2,2,0,English,4696,unclassified/mixed,no_explicit_marker,False,False,False,False,False,False,latin_or_other,
0b53ca4326b10d096beb19cd4429c197a15de2b82162073344c47b82022e6870,2,2,0,Italian,922,unclassified/mixed,no_explicit_marker,False,False,False,False,False,False,latin_or_other,
0b648defcbfd3aae8061d9608357e59b7146d475a72b19dfc9eb13ce08c1a6d8,2,2,0,German,4280,unclassified/mixed,no_explicit_marker,False,False,False,False,False,False,latin_or_other,
0b7234a68b4f5eea2bdbf4a5576da5fc11fd6fe257e567f21596e357018c7a25,2,2,0,Italian,7706,books/literary/publisher,no_explicit_marker,False,False,False,False,False,True,latin_or_other,it.wikipedia.org
0b8377b69d8eb8d3c4eb322b16662ed0bb8f190b1626dadbb55ae52da7dcf4dc,2,2,0,English,3235,unclassified/mixed,no_explicit_marker,False,False,False,False,False,False,latin_or_other,
0bb36ef5032a6d138dd0f18ed6b12d155072ce23a44c36314535597b4375c0bd,2,2,0,French,2219,encyclopedia/reference,no_explicit_marker,False,False,False,False,False,False,latin_or_other,
0bc389a3f7940b524ada3a1e7e7dd1b9ca8e9503a32c50f85da12758e7811607,2,2,0,English,6250,scholarly/research,no_explicit_marker,False,False,False,False,False,False,latin_or_other,npr.org;outsideonline.com;patagonia.com
0bea74c2e9d23e2bd244268efea10b1aee4941247fed0a792b913deb28232e91,2,2,0,Spanish,3470,unclassified/mixed,no_explicit_marker,False,False,False,False,False,False,latin_or_other,itoc.org.es;univision.com
0becafff70eb2d66f498e59f5db4c27ceded503ea5893c1973c551fe0a79b846,2,2,0,Italian,3582,unclassified/mixed,no_explicit_marker,False,False,False,False,False,False,latin_or_other,
0bfda617de766b7a59db26e6bfc36b9436452bd24e06d3db011de52de4d353dc,2,2,0,English,834,unclassified/mixed,no_explicit_marker,False,False,False,False,False,False,latin_or_other,
0c041e3f2289c8e11a8c735db1dfb09845adf28fb55ff705d35be3c45826e8e5,2,2,0,Italian,10681,unclassified/mixed,no_explicit_marker,False,False,False,False,False,False,latin_or_other,
0c27881a263389ed4804e34c9fd8c9bdb3abc9a0d1d7701aa58b8ef1e64edafa,2,2,0,Italian,13885,unclassified/mixed,no_explicit_marker,False,False,False,False,False,False,latin_or_other,
0c30aaab38a1c4f26bf3396deab640ee1c9adad23dd99f96e6221bee889e5d7e,2,2,0,Portuguese,14196,government/legal/procurement,no_explicit_marker,False,False,False,False,False,True,latin_or_other,
0c42e9d7ab757ac9111c1c83fb7d68c986d12b1b0a46582ecebdc1ef226b3c76,2,2,0,English,9131,education/course/textbook,no_explicit_marker,False,False,False,False,False,False,latin_or_other,
0c47b01704c7def5b69accce0aa9de16aad25c0f13929629e9bedc3bc1ccd297,2,2,0,English,5482,unclassified/mixed,no_explicit_marker,False,False,False,False,False,False,latin_or_other,
0c5c98693c9d3b6fb03a415bc091a226e147298d79059fa59df1a876fe038570,2,2,0,Portuguese,6494,government/legal/procurement,no_explicit_marker,False,False,False,False,False,False,latin_or_other,img.dailymail;youtube.com
0c6c667ddc3f7217985a72b689c60f7541bf8d0a084e3cd6e6c776c477bae028,2,2,0,English,3936,news/blog/general web,no_explicit_marker,False,False,False,False,False,False,latin_or_other,
0c854a29dedccb62412cb96238fb08d09157c01c1f0546cc80dc912ee00f2791,2,2,0,Italian,2352,news/blog/general web,no_explicit_marker,False,False,False,False,False,False,latin_or_other,cdc.gov
0cb5ffd1a59eec9c6216292a0b7293da8b19653a6eed2399a7867f37024ed7f4,2,2,0,French,4615,unclassified/mixed,no_explicit_marker,False,False,False,False,False,False,latin_or_other,
0cb91eab041e328ed9b02c1d8bca64651fab455f7db5b99b86fd8ec1552b5c39,2,2,0,French,2326,unclassified/mixed,no_explicit_marker,False,False,False,False,False,False,latin_or_other,
0cd1e4efa3e6b4b6525beb2f1b6930f07dca4b6ccc8d031952f2c4116222d4ea,2,2,0,French,14193,scholarly/research,no_explicit_marker,False,False,False,False,False,False,latin_or_other,
0cfd7393cb157c8ea53488b94fb0a536f4508f193d7c077101e72f635aec40d7,2,2,0,English,20206,government/legal/procurement,no_explicit_marker,False,False,False,False,False,True,latin_or_other,
0d05cc04af7c63e904a2f920d77aa277dde001c6a283df5f0f2190324a424b64,2,2,0,Spanish,13952,unclassified/mixed,no_explicit_marker,False,False,False,False,False,False,latin_or_other,
0d0d1bc97e331de00bdee1e06fb004cb8266828c519c7837ecd6efc97e467d9b,2,2,0,Portuguese,5376,scholarly/research,no_explicit_marker,False,False,False,False,False,False,latin_or_other,
0d0d7f06a84c088a1c3f89439a75996d441a98f489e85c8deec8f0c9de463f76,2,2,0,Portuguese,2351,unclassified/mixed,no_explicit_marker,False,False,False,False,False,False,latin_or_other,
0d0dae6c98009690608055cc0fa1c36fca7ffc2bb3829741bedf18e4061965a2,2,2,0,Portuguese,4726,unclassified/mixed,no_explicit_marker,False,False,False,False,False,False,latin_or_other,
0d15fa633ffa193d7c26dbc25880b1bc4390c0e66c9ff95be8e41a4ab910c642,2,2,0,English,5900,unclassified/mixed,no_explicit_marker,False,False,False,False,False,False,latin_or_other,
0d44b56d3613c5d9fd6894704c5116d3fe3b974f51b14865b151c2c3cd9f39eb,2,2,0,English,3355,manual/technical documentation,no_explicit_marker,False,False,False,False,False,False,latin_or_other,
0d4fec72ab94e783aa48feb9a33565796b871adf82ba9da45c830dfe6001f128,2,2,0,Spanish,4267,unclassified/mixed,no_explicit_marker,False,False,False,False,False,False,latin_or_other,
0d5762228cbbe3b30e35d86cd18d50032fb7eb035a16d2b73062bb503837e55c,2,2,0,Spanish,5972,news/blog/general web,generic_copyright_or_bibliographic_marker,False,False,False,False,True,False,latin_or_other,
0d6fbdff44c41328d49274ee2ca70ba7d878a2af50894d56e0872ae063b1aea3,2,2,0,French,13897,scholarly/research,no_explicit_marker,False,False,False,False,False,False,latin_or_other,
0db123285b6db6daaecf65c7a164789549e543fe59a0e33933b039dab771674f,2,2,0,German,2336,unclassified/mixed,no_explicit_marker,False,False,False,False,False,False,latin_or_other,efsa.europa.eu
0dff88f922623b7b9de116fb143b32dba21d44602982e4390c0ab8ca3eb9b48a,2,2,0,Italian,2619,unclassified/mixed,no_explicit_marker,False,False,False,False,False,False,latin_or_other,
0e04a8639a1f0dc2b10f0cc3ded9a9fc3033de18bb43dccf19cf87933d2c6a13,2,2,0,Spanish,11550,unclassified/mixed,no_explicit_marker,False,False,False,False,False,False,latin_or_other,
0e264309e9bf44c7f9249ec7048710ee53636008b1e27d29336e05765399177b,2,2,0,English,16825,government/legal/procurement,no_explicit_marker,False,False,False,False,False,False,latin_or_other,
0e3ad434a1196dfb8b6af3d06647340ca46be6cbf6aacdecd3d86a40785f1c9a,2,2,0,English,7202,scholarly/research,no_explicit_marker,False,False,False,False,False,False,latin_or_other,
0e716f20499273bca5635a74954b174057ed743501057cc32e4493a7128c5323,2,2,0,Hindi,2789,unclassified/mixed,no_explicit_marker,False,False,False,False,False,False,latin_or_other,
0e7238511a764157e112a80c1b81b0e20d3cad69142f29c6f891579ceeb1252d,2,2,0,Italian,8149,unclassified/mixed,no_explicit_marker,False,False,False,False,False,False,latin_or_other,
0e8bd4d25c16fcce78e8e60b6d3564483a6752918b5cc91d3355baff6d8b23fa,2,2,0,English,2031,unclassified/mixed,no_explicit_marker,False,False,False,False,False,False,latin_or_other,
0ee08430a4cd1efeb03638a9abe0a4285a8c9c8dff6de2620f7c9a4096d0b5cb,2,2,0,English,2832,government/legal/procurement,no_explicit_marker,False,False,False,False,False,True,latin_or_other,
0ef2cd113a8f79b08dc6869e3c39aa14838b798b6ec0d11819851e8fd8b32bf9,2,2,0,Portuguese,2956,news/blog/general web,no_explicit_marker,False,False,False,False,False,False,latin_or_other,
0f0fc7025501f2ea46c5bcd3270c1ffaf72da9b3436d626ac2f25bbdf7b01414,2,2,0,Italian,9935,unclassified/mixed,no_explicit_marker,False,False,False,False,False,False,latin_or_other,
0f415aaba6bc087804ade594aac7bbfb148e1dbe35352ab8b2267ac66d6669a9,2,2,0,Spanish,3754,unclassified/mixed,no_explicit_marker,False,False,False,False,False,False,latin_or_other,redhistoria.com
0f5c67eeeda576194c245bff2bb0fb4ab31b547feb65602056c551dd7e4b8a1d,2,2,0,English,4003,corporate/financial/ESG,no_explicit_marker,False,False,False,False,False,False,latin_or_other,
0f5fe8f8d07847dc078d480274e5c9feb150476173e5d10819b6da7529ece26c,2,2,0,Portuguese,9520,scholarly/research,no_explicit_marker,False,False,False,False,False,False,latin_or_other,cedenpa.org.br;leliagonzalez.org.br;redefulanas.wordpress.com
0f6e3be46f023fb114494bbb000f0fa7debdac9d21635f174e1b59e4d9b580b7,2,2,0,Spanish,5457,software/code/technical-QA,no_explicit_marker,False,False,False,False,False,False,latin_or_other,eltiempo.com;github.com;ibiblio.org;lanacion.com.ar
0f95405cae82f3509a7512008e13e68f1828b2b1475daaf3e5664a95ed61e8da,2,2,0,Italian,7570,unclassified/mixed,no_explicit_marker,False,False,False,False,False,False,latin_or_other,
0fb018e350017a0f3296705d446d9e3b6319e773a91a721120c2f482fde487ee,2,2,0,English,4803,unclassified/mixed,no_explicit_marker,False,False,False,False,False,False,latin_or_other,
0fc4cb61dc5b7b55f1ccb2905809e406a4e9785c96aabfeb8d6b3dd968da77d7,2,2,0,Portuguese,1859,unclassified/mixed,no_explicit_marker,False,False,False,False,False,False,latin_or_other,
100537c06dd986ad7280d7336c3fa90b132c07e07d81095aee28c2694cfce2f0,2,2,0,Portuguese,2212,unclassified/mixed,no_explicit_marker,False,False,False,False,False,False,latin_or_other,
1011f9f545628249ee25d01831c70f4566cfe807834ae5b5d483e0b9c920a6ee,2,2,0,Portuguese,3156,unclassified/mixed,no_explicit_marker,False,False,False,False,False,False,latin_or_other,
101ac9f990b7337768b7687401297dd426f5fd91f8e0782a0d6b5693e9d22ce3,2,2,0,Italian,9308,unclassified/mixed,no_explicit_marker,False,False,False,False,False,False,latin_or_other,
10210a954a6de24267e22e1d41d559c0eed48b6cce8e5f2f0fc7d80990a28f1d,2,2,0,English,6345,unclassified/mixed,no_explicit_marker,False,False,False,False,False,False,latin_or_other,
1043b9bf9c0bff55e15579d34a922ed46b7aa89910cee6225c8be0b49c8894c2,2,2,0,Portuguese,2466,news/blog/general web,no_explicit_marker,False,False,False,False,False,False,latin_or_other,t.co
10641d33cb64920d82fd4fad41273c52fc22f54bd0925f31b3d12ec55ba6a014,2,2,0,English,6066,news/blog/general web,no_explicit_marker,False,False,False,False,False,False,latin_or_other,
10739b82db3780194fc5b3275a5fe38b050a5f03de3293128fa8615cd4d5cb0a,2,2,0,English,6880,scholarly/research,no_explicit_marker,False,False,False,False,False,False,latin_or_other,
107a645fbcda51e16f5498800e7366b56ae7b372be83405f1f11960c5834b0c9,2,2,0,Italian,4037,unclassified/mixed,generic_copyright_or_bibliographic_marker,False,False,False,False,True,False,latin_or_other,
107e26bb8d3795ec184a7768476c67346b3c9eaf6006198290cc95ac21f4ff83,2,2,0,English,6373,government/legal/procurement,no_explicit_marker,False,False,False,False,False,False,latin_or_other,
10a1b5c478a6571e869cbc3aab7aa8f0b392c8a85b7f488a7a027e6084ef80b8,2,2,0,English,10259,education/course/textbook,no_explicit_marker,False,False,False,False,False,False,latin_or_other,
10a3f333c40139001a5d492175671096feb24b812ac5943ee53aba8cc090abc3,2,2,0,English,7322,scholarly/research,no_explicit_marker,False,False,False,False,False,False,latin_or_other,
10a981a6f123ff0a991822a43d3eccacdd7467562d11999c5e66a2b3b47546cb,2,2,0,English,2292,scholarly/research,no_explicit_marker,False,False,False,False,False,False,latin_or_other,
10d3c5af23f55553d04e9a7789ece3e67ac5811d22ecc565a2cebb17efcdd2d6,2,2,0,English,7446,scholarly/research,no_explicit_marker,False,False,False,False,False,False,latin_or_other,
10d65723a6b0759bf98439c2026f9b35702ece7e804afdce4c7e369c4bca124f,2,2,0,Spanish,5944,unclassified/mixed,no_explicit_marker,False,False,False,False,False,False,latin_or_other,
10e6339f628049fbd318f5d6317081c9755d883081a4042c4f3955de0a79af74,2,2,0,English,2150,unclassified/mixed,no_explicit_marker,False,False,False,False,False,False,latin_or_other,
1116746aec1f895b274c03d67f9bc53dccdfb995ed9add316829f80dace81e28,2,2,0,English,6662,government/legal/procurement,no_explicit_marker,False,False,False,False,False,True,latin_or_other,
1136d024c8150b6fe8e47c1e8b8b9fa312399348fe930266d77363b28207065e,2,2,0,Spanish,1855,unclassified/mixed,no_explicit_marker,False,False,False,False,False,False,latin_or_other,
113df58fabca4ea0143a1dc0a5b038982c4dca5185f249f99da56d13a4d845c8,2,2,0,French,1798,scholarly/research,no_explicit_marker,False,False,False,False,False,False,latin_or_other,
1159e57d86bc15f31dea2fc72278ad4343a915c55b86d1db68d90868314057a5,2,2,0,English,13441,news/blog/general web,no_explicit_marker,False,False,False,False,False,False,latin_or_other,
118ebc26be5fc2a2be9308570871d970b4a95411696127a2cbefbbb0297ef476,2,2,0,English,14908,education/course/textbook,no_explicit_marker,False,False,False,False,False,True,latin_or_other,achieve.org
11a155b44581af90cbd0403624c7e3064ac82fd8463792aa6e58f38c29adc715,2,2,0,English,8767,manual/technical documentation,no_explicit_marker,False,False,False,False,False,False,latin_or_other,
11a5b33a5e4ca34f5c7992e41e6537aab00be084db5ce2f3c1da991d9f0e4d35,2,2,0,French,1461,government/legal/procurement,no_explicit_marker,False,False,False,False,False,False,latin_or_other,
11cea22f4daef73f1664c91ad49771ae8238661f400afbb575d2c7d7bff9bdd5,2,2,0,Spanish,4576,unclassified/mixed,no_explicit_marker,False,False,False,False,False,False,latin_or_other,
11d0f79f2d5887118476b2cf350668ba8efd8fb16e196559c253aa6ab1c5e529,2,2,0,German,4731,scholarly/research,no_explicit_marker,False,False,False,False,False,False,latin_or_other,
11d6eef698f49e91d0ae549505d5636da32711e47f5cddc4b2a00f0b133b5e78,2,2,0,Italian,8074,books/literary/publisher,explicit_restrictive_notice,True,False,False,False,True,False,latin_or_other,
11e0ba0025eee64de7e3c30a06a308ca2b03c3a4c97565e46fb07a085c2000b6,2,2,0,Portuguese,13941,unclassified/mixed,no_explicit_marker,False,False,False,False,False,False,latin_or_other,
11f942a07dc966dabc80cad95fa1e0e1e3c34daa6dd475c4250436dffbbf8a97,2,2,0,English,5531,software/code/technical-QA,no_explicit_marker,False,False,False,False,False,False,latin_or_other,
120d2b235e10769e50d7b6d1d959dfb156379da7ef7b0050669bf0e90348f16a,2,2,0,English,2871,news/blog/general web,no_explicit_marker,False,False,False,False,False,False,latin_or_other,
1211a6b2b74b56c60e4f83d9dc4604b7eb04d53dd054e76256f676ce7c33eadb,2,2,0,French,1563,unclassified/mixed,no_explicit_marker,False,False,False,False,False,False,latin_or_other,
12305a44b4e709561ff04c1a43b743a466a0a1dfc042207a2687b16617cc2404,2,2,0,French,1405,unclassified/mixed,no_explicit_marker,False,False,False,False,False,False,latin_or_other,
124be0e2b93b07754c2d6daef9ab7f1e5156ee101c1c852f49a2e01f17b7036c,2,2,0,Italian,10517,unclassified/mixed,no_explicit_marker,False,False,False,False,False,False,latin_or_other,
1252455993b45561e61d8630a7e57e6d31f5ac3e2554181564662df91c31c9d2,2,2,0,English,6173,scholarly/research,no_explicit_marker,False,False,False,False,False,False,latin_or_other,
1252c08a7077b6e1fa61e54c7c6de0057289c5039910ff472dafde6d235b1a69,2,2,0,English,6037,unclassified/mixed,no_explicit_marker,False,False,False,False,False,False,latin_or_other,
127365700a0916d6e7906d9604997d39db833f6b99d280fdd60d3b3ab7eda9ec,2,2,0,French,3409,unclassified/mixed,no_explicit_marker,False,False,False,False,False,False,latin_or_other,
1283f16b8ccef641aa8765dacd3f9621d779ac222f4ee71e3d896a34cd9123bc,2,2,0,Spanish,8822,government/legal/procurement,no_explicit_marker,False,False,False,False,False,True,latin_or_other,
12b5787ed030bbb38055ff23863202ef3ba83dec24f9f4138d7ba496234a7dea,2,2,0,German,4392,unclassified/mixed,no_explicit_marker,False,False,False,False,False,False,latin_or_other,
12bc009e53589dbcb3fb8d32af9ff678168c21701dadaa4d1f9286ca0634d636,2,2,0,Portuguese,5963,unclassified/mixed,no_explicit_marker,False,False,False,False,False,False,latin_or_other,wikiciencias.casadasciencias.org
12be0abdaa71de03afb768498813729d7538044113f2ed811a8041d42b9d22d1,2,2,0,Spanish,3112,unclassified/mixed,no_explicit_marker,False,False,False,False,False,False,latin_or_other,
12c465d54db1ada0a65b6e41d00262efc961c5491a14c9f6df818e63a61f2320,2,2,0,English,14644,manual/technical documentation,no_explicit_marker,False,False,False,False,False,False,latin_or_other,
13022c25a4d3214f61f3058199513b84bfe7fb2398943b87c019ed8ad7fc730f,2,2,0,English,3634,news/blog/general web,no_explicit_marker,False,False,False,False,False,False,latin_or_other,
1319cf01f91949318a48e5be5a3d98767ae434d0c1928826e1841e9cb4719013,2,2,0,Italian,3091,books/literary/publisher,no_explicit_marker,False,False,False,False,False,False,latin_or_other,
133a81b89f7e74dd271c943cf713d0074dbd2bb88c9fc42a8d36f0de293280a0,2,2,0,Spanish,6809,unclassified/mixed,no_explicit_marker,False,False,False,False,False,False,latin_or_other,
134781c3d2211d149052903b9760e2d8ac9e56b387de0c5f1a1e653125ec9fa6,2,2,0,English,2234,unclassified/mixed,generic_copyright_or_bibliographic_marker,False,False,False,False,True,False,latin_or_other,
1360548876594eea4a67ee3c259bbedef1467fe6112b6f33ea57b36fc5b18ff7,2,2,0,English,6899,scholarly/research,no_explicit_marker,False,False,False,False,False,False,latin_or_other,
136d453042de9f391b2d5aca8cdf34e3663d7a41f8f5266b7bfa952dd4b8a306,2,2,0,Italian,3809,unclassified/mixed,no_explicit_marker,False,False,False,False,False,False,latin_or_other,
13a9ad797c0460997a812f50c2866151bfdbf507108b0ae64aeac1d0f38ff30b,2,2,0,English,9074,books/literary/publisher,no_explicit_marker,False,False,False,False,False,False,latin_or_other,
13b7c40cba4c67ff47e09764a184776189eb1d8d146729e60aef46a6d506fb95,2,2,0,Spanish,8927,scholarly/research,no_explicit_marker,False,False,False,False,False,False,latin_or_other,
13e8e502b481265a4074b532ef8e6fde62b3d39699e59b8ade1508927a8bfa50,2,2,0,English,9256,news/blog/general web,no_explicit_marker,False,False,False,False,False,False,latin_or_other,
14223d337bcb9984090b5253ddfa47711fda34fcf522bd12d9fe9813427ebc60,2,2,0,German,5612,unclassified/mixed,generic_copyright_or_bibliographic_marker,False,False,False,False,True,False,latin_or_other,
142a63725cb3fda15c22c90213d5a98ec470efa014f9a9397f8f59a584f7d267,2,2,0,Italian,3587,unclassified/mixed,no_explicit_marker,False,False,False,False,False,False,latin_or_other,
144f8622de94f42f545c0a77e469f20a831d88a8117ac1de64b2937cb79543e1,2,2,0,Italian,4521,unclassified/mixed,no_explicit_marker,False,False,False,False,False,False,latin_or_other,
1464218e2909789a1c7fab84b354e02c6bebbff20e075192130b3c03c8fd7808,2,2,0,French,4484,news/blog/general web,no_explicit_marker,False,False,False,False,False,False,latin_or_other,
146ffda6412f20452bafafa5aff240da2e5b20b40e0782c410aa6283f330fbbe,2,2,0,English,9550,government/legal/procurement,no_explicit_marker,False,False,False,False,False,False,latin_or_other,
1493c05f367f0ad594eb29b71bdc7bd84f0185292722222bd23ae0eeafad2806,2,2,0,English,8019,manual/technical documentation,no_explicit_marker,False,False,False,False,False,False,latin_or_other,
1497f6d0d26b23274e6e18e1f210762ddbe3efb52f882309d1a7ab3cc513d8a5,2,2,0,Italian,10364,unclassified/mixed,no_explicit_marker,False,False,False,False,False,False,latin_or_other,
14ba02b593a934272423f1d67bcd49e16fcd419813ab9c5c9f54d5ece0004950,2,2,0,French,8979,unclassified/mixed,no_explicit_marker,False,False,False,False,False,False,latin_or_other,
14da5648990df715f2cd57eea03d2d6ca411fef3c50e5c8cd22467efd87775b7,2,2,0,English,3167,unclassified/mixed,no_explicit_marker,False,False,False,False,False,False,latin_or_other,
14e92c8d17606b93336b897ab236c5567717d5762ea7a132b7a3f086f94e20f7,2,2,0,English,3418,unclassified/mixed,no_explicit_marker,False,False,False,False,False,False,latin_or_other,
14f7db2016f7767816724bf311d5d2ed1e30e8c992eb51ebee8c38284565ef71,2,2,0,English,7873,unclassified/mixed,no_explicit_marker,False,False,False,False,False,False,latin_or_other,
15009ccdeb6c9f9d1d8b56ca22041d71df20fa7bb3b49d20d8f0649d34354cad,2,2,0,English,5871,scholarly/research,no_explicit_marker,False,False,False,False,False,False,latin_or_other,
1527830781d964728829958b94e051f361092d6e309b3ebabd0f005620c857cd,2,2,0,French,5700,unclassified/mixed,no_explicit_marker,False,False,False,False,False,False,latin_or_other,
15304f22265f1ccdc6cdc2d45856a30375e6292aaf88ee506d06ac9e69d1270e,2,2,0,English,5255,unclassified/mixed,no_explicit_marker,False,False,False,False,False,False,latin_or_other,
1532e6e5b24ee1e02b116083e8738c43ab4485bdf67aa5a7d57bdc34342c0394,2,2,0,Portuguese,6873,government/legal/procurement,no_explicit_marker,False,False,False,False,False,False,latin_or_other,
154808065b60aeaffe2264b55412d3ae2878f91a2d8ebb53db6311da0c2af872,2,2,0,Portuguese,2043,unclassified/mixed,no_explicit_marker,False,False,False,False,False,False,latin_or_other,
15667e31f9211bd2fde6c8071d79be52dcb8a314b45c05ce5f36d0795066f7ff,2,2,0,English,3709,scholarly/research,no_explicit_marker,False,False,False,False,False,False,latin_or_other,
157250875e75f53e482377328cd6d8f749cfae40acf3a29b706f6ffd1e674828,2,2,0,Italian,14646,unclassified/mixed,no_explicit_marker,False,False,False,False,False,False,latin_or_other,
157e70fc114e24db7d209b61f93ac971ea8f40933f400bd4d9ad64b8ec19d163,2,2,0,Italian,2971,government/legal/procurement,no_explicit_marker,False,False,False,False,False,False,latin_or_other,
1580ced3fd6c0a9062d731330c08d4d9076272742a6dffeb3af50c5b43675cc8,2,2,0,Portuguese,7636,government/legal/procurement,no_explicit_marker,False,False,False,False,False,False,latin_or_other,
1583b8e38f3b79019bceabd761fda5ce817e24c4d73f19fc9220c4e95f3c90ef,2,2,0,Italian,6017,news/blog/general web,no_explicit_marker,False,False,False,False,False,False,latin_or_other,
15e4e12bc4b8c54af7fe6deeedb057cfd600feb290d062de4d60a94b2692e558,2,2,0,Spanish,7120,books/literary/publisher,explicit_restrictive_notice,True,False,False,False,True,True,latin_or_other,
161bf7c3e3ed79a0cffd60b0b3019af8af1e4013c171aacbcdb741dd072b7479,2,2,0,Spanish,16199,unclassified/mixed,no_explicit_marker,False,False,False,False,False,False,latin_or_other,
1624e6b277160c0eb82edf370dbb80051512bb5155f378cb9f9fb6e2538a796e,2,2,0,Portuguese,2267,unclassified/mixed,no_explicit_marker,False,False,False,False,False,False,latin_or_other,
16296510ffbd4d7bd505408d5fb19e5dbd627168f9108dc2c3247e605dc145d2,2,2,0,French,7310,scholarly/research,no_explicit_marker,False,False,False,False,False,False,latin_or_other,
1644dbc8600422b2ead110a85cb8fdd5e500ede4fa382ca97b7c4d60e4da42d5,2,2,0,English,16869,scholarly/research,no_explicit_marker,False,False,False,False,False,False,latin_or_other,
164f87808a4d28aa696a8865ff362d210ce47ec7d1ea650bde344217ae269e51,2,2,0,French,2331,scholarly/research,no_explicit_marker,False,False,False,False,False,False,latin_or_other,
16576e09011c68cafbd221c5ebb8bc4f1f3652bea95098a7f596043942534466,2,2,0,Portuguese,3309,news/blog/general web,no_explicit_marker,False,False,False,False,False,False,latin_or_other,
166fa07eb36249dc4dc6cefadbc425299bfa31c29e55837918d3c18f4e911a6b,2,2,0,Portuguese,4901,government/legal/procurement,no_explicit_marker,False,False,False,False,False,True,latin_or_other,
1675c9a0d05e6f7335e82842c7250fd6178b970a537c4d9869d18c7f8cc54371,2,2,0,English,4330,scholarly/research,no_explicit_marker,False,False,False,False,False,False,latin_or_other,
1677211dc04c5ea4c03cc4a71d7bd4ecb3e99de72404549c824211402e038e0d,2,2,0,English,4580,unclassified/mixed,no_explicit_marker,False,False,False,False,False,False,latin_or_other,
1677f71ada3ebf1732269bef8b77105f6c69d024cb115cb33a18b5d90c87b04d,2,2,0,Italian,14410,scholarly/research,no_explicit_marker,False,False,False,False,False,False,latin_or_other,
167cadbcbd29c8c174cc67624c24e3904057a9cdb269b718895313c1d8752091,2,2,0,French,13134,scholarly/research,no_explicit_marker,False,False,False,False,False,False,latin_or_other,
169c298693f4dc04cd73b496afd36f736d3b6aa7fb7ca6977b7a7b167f39eb8b,2,2,0,English,2352,unclassified/mixed,no_explicit_marker,False,False,False,False,False,False,latin_or_other,
16c9cc809e8de66efc3d114336bb2b0912424fdffae733f92c8d76b5243c3d84,2,2,0,Spanish,9760,government/legal/procurement,explicit_open_licence_marker,False,True,False,False,True,False,latin_or_other,todoavante.es
16e3e86e502186ec6b5effaa9b37e3fad221a2b07d07d234f58fdb6b4d2b98c7,2,2,0,Portuguese,3848,unclassified/mixed,no_explicit_marker,False,False,False,False,False,False,latin_or_other,
16f055cdeff8af3116d435c9c2049c0d3af6e35ccca08f9dd030dcb6996cc91b,2,2,0,Spanish,15115,government/legal/procurement,no_explicit_marker,False,False,False,False,False,False,latin_or_other,
16f7d5b42daa64680e377f5fe2c773ebdcc8cb7f07c9c1c31e43caeab038e66e,2,2,0,French,8493,unclassified/mixed,no_explicit_marker,False,False,False,False,False,False,latin_or_other,
172422d00865753a61b708d551ec01810bf85f28428cbc4dadefb852a585ca43,2,2,0,English,905,news/blog/general web,no_explicit_marker,False,False,False,False,False,False,latin_or_other,
1725ce8a8c01d9c9524511d82929b36c95eb047fc515d1612897e7830e4d944e,2,2,0,English,4398,unclassified/mixed,no_explicit_marker,False,False,False,False,False,False,latin_or_other,
172c16cd724677198e8104576222581450fe524adb45a23f49c1303f340fe298,2,2,0,English,8854,government/legal/procurement,no_explicit_marker,False,False,False,False,False,False,latin_or_other,
174d330c7e4b2fe60f8d23576e0662acb21107f6423344a245f07d63a6d53519,2,2,0,Spanish,10529,unclassified/mixed,no_explicit_marker,False,False,False,False,False,False,latin_or_other,
174e6982e2fc3169d968e35f59aa8f4d3cd815a87d81152b103af9570dfc10db,2,2,0,Spanish,3922,unclassified/mixed,no_explicit_marker,False,False,False,False,False,False,latin_or_other,
174ebc68011ba5d38025aae68d368d02cfea6db8164f3a29a33db5c464e0d0d7,2,2,0,Spanish,3936,unclassified/mixed,no_explicit_marker,False,False,False,False,False,False,latin_or_other,
17539f3a42d09a220391395eb4088637bd8f1c353bb8ff6b59f8f0690f4203bc,2,2,0,French,5151,news/blog/general web,no_explicit_marker,False,False,False,False,False,False,latin_or_other,
175687260508086cc7f87a1ae6359d2dd225d6a3eac569523439921c7c0c6ff6,2,2,0,English,2376,unclassified/mixed,no_explicit_marker,False,False,False,False,False,False,latin_or_other,
175c8d5132f3d20b756b26895ad96b7b6c7de34677e212d67121b40ca16e1e74,2,2,0,English,4530,government/legal/procurement,no_explicit_marker,False,False,False,False,False,True,latin_or_other,
1767920672b1865e71da88514cffb66bee8f8653bdc88cbc57d6478864f39cc6,2,2,0,Italian,3192,government/legal/procurement,no_explicit_marker,False,False,False,False,False,False,latin_or_other,
176a72ac438c70f12354b96519bafc646ba44d2ab21835a7d10e91056a1a2dea,2,2,0,Spanish,4945,unclassified/mixed,no_explicit_marker,False,False,False,False,False,False,latin_or_other,
1770a6485a3efd4ab2f9cffccaa625cc527bef3d2e1ea04cb2d85dfab26593c3,2,2,0,Italian,2003,government/legal/procurement,no_explicit_marker,False,False,False,False,False,False,latin_or_other,
177c949f890be3ed8bdef0a4d0f896704f41f7b5ae4c21df785d21664f098402,2,2,0,French,5465,unclassified/mixed,no_explicit_marker,False,False,False,False,False,False,latin_or_other,
1782d16ae52f1140a2bcabbd4223e48d2d9f270e6d923a1300da219df1b34161,2,2,0,Portuguese,6422,unclassified/mixed,no_explicit_marker,False,False,False,False,False,False,latin_or_other,
179545ebda25e0245480f7456bcfebf57e0e2e4cd2741b390b0437864805a1b0,2,2,0,English,2083,scholarly/research,no_explicit_marker,False,False,False,False,False,False,latin_or_other,
17f1161ca6b4c481c6608812db1f2919f0e44aa80668e0e08a89dcb886e4e90c,2,2,0,English,17339,scholarly/research,no_explicit_marker,False,False,False,False,False,False,latin_or_other,
1811f06e84775ed02ca77deef92caa871f68803b743d8f970b112859361e4c74,2,2,0,English,19104,unclassified/mixed,no_explicit_marker,False,False,False,False,False,False,latin_or_other,
18502e18eb4b6eeb1b276b397e51ba7955272233f7a9d08b186c49faa9367e64,2,2,0,Spanish,2329,government/legal/procurement,no_explicit_marker,False,False,False,False,False,False,latin_or_other,
1858dce4a045b344a5786b429dd9205005d2d0c18b9ceec3d6fd78405c257a52,2,2,0,French,3513,unclassified/mixed,no_explicit_marker,False,False,False,False,False,False,latin_or_other,
18b9c5dc2d2847d21649b5e84bf118d0772bf4c8cd8de5a910ced4cfeadf4633,2,2,0,English,18564,government/legal/procurement,no_explicit_marker,False,False,False,False,False,False,latin_or_other,
18d6c6b1f284ac52e3a65fd73a02d9b65e33e2da9251ae350bdc92474aae6fea,2,2,0,French,2923,unclassified/mixed,no_explicit_marker,False,False,False,False,False,False,latin_or_other,
18eb31c1656d5a078fa417786313d709f02d20998fa0221117af7af7b86eb15a,2,2,0,Hindi,7758,unclassified/mixed,no_explicit_marker,False,False,False,False,False,False,latin_or_other,
19473fba30dd0c2f3123c5c089e9eeb41ab231c172534b95d650791249c12329,2,2,0,Portuguese,3684,scholarly/research,no_explicit_marker,False,False,False,False,False,False,latin_or_other,
195164c077bea31c22f60593ff8b4c9a5ae6ed7676c2059b941ae5fdc531dd2e,2,2,0,French,8609,unclassified/mixed,no_explicit_marker,False,False,False,False,False,False,latin_or_other,fetedelanature.ch;projet-agglo.org;pronatura-ge.ch
196886055e96ca2c601f0c89a3d498bd72633951bb62e94a9dbaf344f697918e,2,2,0,Spanish,2636,unclassified/mixed,no_explicit_marker,False,False,False,False,False,False,latin_or_other,
1975534d2c0fa623ab2b3db1e848f62902a3f4cd95b0417514b835dd3eafa2e1,2,2,0,Spanish,8782,government/legal/procurement,no_explicit_marker,False,False,False,False,False,False,latin_or_other,sciencedirect.com
1990025341c86694216e7eb171356b9b8c859378d8cd02d9aa120f488d5e5012,2,2,0,English,6936,unclassified/mixed,no_explicit_marker,False,False,False,False,False,False,latin_or_other,
199496fbbb54b8c3f7fce99d603dcd46367e253e8cdda71f88a7eb8676d896f8,2,2,0,English,8317,scholarly/research,no_explicit_marker,False,False,False,False,False,False,latin_or_other,
19a49e811a6adee46d4ceb4f0393793412b14b427da4950387f4ab3abfd1d8b1,2,2,0,Spanish,2550,unclassified/mixed,no_explicit_marker,False,False,False,False,False,False,latin_or_other,
19b5a8d025ffd02627e351d88743a80d745a04717588667222dfb5618a246326,2,2,0,Italian,8761,unclassified/mixed,no_explicit_marker,False,False,False,False,False,False,latin_or_other,
19b6e981b8b61f19a605a8433edec8a86d54d4bad49c52f6defc28342f82425b,2,2,0,Italian,3847,books/literary/publisher,explicit_restrictive_notice,True,False,False,False,True,False,latin_or_other,
1a2b0d02e9ca23581647f42c7cc1e0245ed47f7e51da6854c48494c69cf54b1b,2,2,0,English,12790,government/legal/procurement,no_explicit_marker,False,False,False,False,False,True,latin_or_other,
1a3c4d5594a9737f68e189a98d9084165d2f97aa3b696f353738aea509d93e24,2,2,0,English,12302,government/legal/procurement,no_explicit_marker,False,False,False,False,False,False,latin_or_other,
1a4135b999ff966e7dcd24ea92e54189333a95413bdbd8a26246cf706197b327,2,2,0,Portuguese,10088,government/legal/procurement,no_explicit_marker,False,False,False,False,False,False,latin_or_other,
1a509a0c073db12913cd177bdabd8b8327d5216e9ed103cbfd9b391db350c34b,2,2,0,Spanish,2959,unclassified/mixed,no_explicit_marker,False,False,False,False,False,False,latin_or_other,
1a5ca5a4f9abef3da329862bf9ded03d2d3edea7ea4d4a77e2f28337eb644f15,2,2,0,Portuguese,3217,scholarly/research,no_explicit_marker,False,False,False,False,False,False,latin_or_other,
1a63fc277851f3856b98b443dfbcccb2af91b752fd2cddfbb7314c70be4eb56a,2,2,0,Portuguese,3507,scholarly/research,no_explicit_marker,False,False,False,False,False,False,latin_or_other,
1a85bc32574735de588d6f016ee796da1a34472b807f3f75f62e355d5c5e2a75,2,2,0,English,7735,corporate/financial/ESG,no_explicit_marker,False,False,False,False,False,False,latin_or_other,
1aa1eee7f0efcf813ad9385a39ca2e115d5a3a64594c22fbc0dd1405677dc32c,2,2,0,English,4480,unclassified/mixed,no_explicit_marker,False,False,False,False,False,False,latin_or_other,
1aafa97528ae8b940adbbfc54ed175f5558a8e67c9f254ab15d5a8c5c907bcdb,2,2,0,Italian,8824,unclassified/mixed,no_explicit_marker,False,False,False,False,False,False,latin_or_other,
1ab3794bad0fcbc8637e5565f39e1c245376b303f52c6529aee303eddf495229,2,2,0,English,2638,unclassified/mixed,no_explicit_marker,False,False,False,False,False,False,latin_or_other,
1ab4ea59ac25aca1d56467e95bccccb4db95f5b31717502c0d56a902a387e7c2,2,2,0,Portuguese,2956,unclassified/mixed,no_explicit_marker,False,False,False,False,False,False,latin_or_other,
1af0150616042dfe18b9fb49ce3293a9295540970a470bec3a2c00ae970f336e,2,2,0,Spanish,2318,unclassified/mixed,no_explicit_marker,False,False,False,False,False,False,latin_or_other,
1b043790eee12763c7645cbe35fea028b1f0090b8d0151a57f8a0a44ca8c47a0,2,2,0,Italian,4013,unclassified/mixed,no_explicit_marker,False,False,False,False,False,False,latin_or_other,
1b0bf952be4f4082c077607ee47fb791ae2fdfe3a8114f83574ae49a5c077680,2,2,0,Italian,3570,news/blog/general web,no_explicit_marker,False,False,False,False,False,False,latin_or_other,amicisaia.it;antikitera.net;davecullen.com;tripadvisor.es
1b15e9ebddc9f27283be7d1cfd63a072b064faeb63d1ea9df2c413988d2e619b,2,2,0,Italian,3156,unclassified/mixed,no_explicit_marker,False,False,False,False,False,False,latin_or_other,
1b1dacd9b660aa107cccaceba3584fdc28877069c23013618327149afac99718,2,2,0,Italian,6276,unclassified/mixed,no_explicit_marker,False,False,False,False,False,False,latin_or_other,
1b2a6795f15c7439ba4857e5837bfd5d911f61066b3eb3d02f977191552ccdd5,2,2,0,English,5109,unclassified/mixed,no_explicit_marker,False,False,False,False,False,False,latin_or_other,
1b5ff6883fb8c3988a883f17c7b7896155b4aac168c6a227e52d1135e0e3793c,2,2,0,English,2051,unclassified/mixed,no_explicit_marker,False,False,False,False,False,False,latin_or_other,
1b712e82821adfd55030a225b299b13c95ce1366ed469583eb9ee9d6dcecac29,2,2,0,Portuguese,4608,unclassified/mixed,no_explicit_marker,False,False,False,False,False,False,latin_or_other,
1b8e88f60d346632d41383e87e92e8362a4c2261598755186acdae5822867c19,2,2,0,Italian,10959,unclassified/mixed,no_explicit_marker,False,False,False,False,False,False,latin_or_other,
1b90d343f683449f2b963dfc337fcb22767a7f701414085f6ec6c0a1e3d6a357,2,2,0,Spanish,6767,unclassified/mixed,no_explicit_marker,False,False,False,False,False,False,latin_or_other,
1b9cee1302c38512b0f0ba6e7dc9a365a9aaac539f183df26be3bbb8782b338a,2,2,0,English,4107,unclassified/mixed,no_explicit_marker,False,False,False,False,False,False,latin_or_other,
1ba6339239305287bde985d5374fb670fe61e2c639b58115e2c4c4276fce5db3,2,2,0,Hindi,1060,unclassified/mixed,no_explicit_marker,False,False,False,False,False,False,latin_or_other,
1bc13ab40a02fb2929e84684571f9601aecce92603ffe0880814f43d3a13d410,2,2,0,Italian,4201,unclassified/mixed,no_explicit_marker,False,False,False,False,False,False,latin_or_other,
1bd3bd7c397be2381ffb04ea06b28e89ed7dfc866e5a52b37105dbf322f99952,2,2,0,Hindi,6198,unclassified/mixed,no_explicit_marker,False,False,False,False,False,False,latin_or_other,
1bdaf4f54702a5cef73ed94f17decb2a06b7890dda89d8997c438bce84bcce49,2,2,0,Portuguese,5116,scholarly/research,generic_copyright_or_bibliographic_marker,False,False,False,False,True,True,latin_or_other,
1bf8acfef36f50bc3d083083ec043b79acdcf21f70e1f3ec3134badc80282967,2,2,0,Spanish,2800,unclassified/mixed,no_explicit_marker,False,False,False,False,False,False,latin_or_other,
1bfcf327b632c415c53c2d9b94de29574d64a81daf39fb95100f4286ffd759b3,2,2,0,English,9363,unclassified/mixed,no_explicit_marker,False,False,False,False,False,False,latin_or_other,
1c09146b0f2de6cef0ef2262b2bad8dba282b308e40a8d177449d9eabce9a182,2,2,0,Portuguese,14611,scholarly/research,no_explicit_marker,False,False,False,False,False,False,latin_or_other,
1c14ce20e4427e82b76814c95396d00270bf160e89d72fe75bd3197de8e7ff09,2,2,0,English,1777,unclassified/mixed,no_explicit_marker,False,False,False,False,False,False,latin_or_other,
1c177ad2920822fdedfc7ed9c2c69fdb369a8c522e22d0f439f096d920806c3c,2,2,0,English,1914,unclassified/mixed,no_explicit_marker,False,False,False,False,False,False,latin_or_other,
1c27262e6f5dd8dd6a60cfdc4892c6b37bffa74a52e6fb0609585ad0891c0fcc,2,2,0,Portuguese,8391,unclassified/mixed,no_explicit_marker,False,False,False,False,False,False,latin_or_other,thomsonreuters.jusbrasil.com.br
1c5d5356302b56a84fc76ba467447c956cbc806748f2c9da4f1ce57c1ecdd3b4,2,2,0,Portuguese,3639,unclassified/mixed,no_explicit_marker,False,False,False,False,False,False,latin_or_other,
1c66df8ecd7103cc73584f2cc59fb137c37fa114adabc2f2a508da74027ecf61,2,2,0,English,6204,government/legal/procurement,no_explicit_marker,False,False,False,False,False,False,latin_or_other,
1c75b32785f67afad3a6b93f345c6cf08cce37de8b0426cb5e5e68ec7b6ebb08,2,2,0,English,9384,unclassified/mixed,no_explicit_marker,False,False,False,False,False,False,latin_or_other,
1c7d485bf01316f59f48968bd121a57b7b93c41ea28a5bf086622d132be6be61,2,2,0,Portuguese,14463,government/legal/procurement,no_explicit_marker,False,False,False,False,False,False,latin_or_other,
1c8d377ba8e2b52c633b7cee46e63b691050412c3e815bab63bd7786afc9e3a2,2,2,0,Portuguese,10188,unclassified/mixed,no_explicit_marker,False,False,False,False,False,False,latin_or_other,
1d0eed7ab0dcedda7874983731b0beaa4c10f1bf0550db51c924ae8a735a03ae,2,2,0,Spanish,5557,unclassified/mixed,no_explicit_marker,False,False,False,False,False,False,latin_or_other,
1d0f12787f514d4165c2d4f4798d48e6062621009ad18fa24f36fd6cb0116702,2,2,0,English,16349,unclassified/mixed,no_explicit_marker,False,False,False,False,False,False,latin_or_other,doctordirt.org;soils.org;soils4kids.org;soilsassociation.org;usajobs.gov
1d39132669ffd717b0747bb48884651bd41bf06346da5caae08eebc4e8502452,2,2,0,English,9639,government/legal/procurement,no_explicit_marker,False,False,False,False,False,False,latin_or_other,
1d5434a601d16314a64cdee9ff57b08243f9ce447b2d2438fee851f5e7c6a3ee,2,2,0,Portuguese,7581,scholarly/research,no_explicit_marker,False,False,False,False,False,False,latin_or_other,
1d629c5139d05869eedc57c7db537eb1a27415d0b1645948561d1154d3fa792c,2,2,0,French,4995,unclassified/mixed,no_explicit_marker,False,False,False,False,False,False,latin_or_other,
1d71107d80b12666cb5c9b56e68e2727a6d967a483cfe0243249db6ab4b9cbd3,2,2,0,French,14352,scholarly/research,no_explicit_marker,False,False,False,False,False,False,latin_or_other,ledevoir.com
1d75bf816baeff47f4b48bf61ac93483a001d2d7770a9f2dd84653d18868f31c,2,2,0,Spanish,3646,unclassified/mixed,no_explicit_marker,False,False,False,False,False,False,latin_or_other,
1d860647b6d046e058cb564ea9f35b9c5eafacd5c800394efb54a984ab57c0d3,2,2,0,Italian,3311,encyclopedia/reference,no_explicit_marker,False,False,False,False,False,False,latin_or_other,aimuse.it
1d86e12a357a0d225155056ece0ea3177910ad6118cca6a2e0dd8c28c2671329,2,2,0,French,14898,scholarly/research,no_explicit_marker,False,False,False,False,False,False,latin_or_other,
1d981b24501a0b936d1cfed32d386256ec76b7a7b9508bbe8bae5ec3f7b392bc,2,2,0,English,13203,unclassified/mixed,no_explicit_marker,False,False,False,False,False,False,latin_or_other,
1e1fdd16298ead59b7ecd56095a398279f159293c3c25c8acbb1d895adf1e584,2,2,0,Italian,5591,unclassified/mixed,no_explicit_marker,False,False,False,False,False,False,latin_or_other,
1e2ff8c4dc639db1977b95ebdc601c18da56659691dfc9ee06e64f87e3e759de,2,2,0,English,16371,unclassified/mixed,no_explicit_marker,False,False,False,False,False,False,latin_or_other,
1e512e8211baaa7fdd17de31979abf00ea963d16bc2424370c53def0c9ee8a2d,2,2,0,Portuguese,3472,news/blog/general web,no_explicit_marker,False,False,False,False,False,False,latin_or_other,
1e646191bf97be3bef57ecbf14f36e669c4f5f74e53923fdac7f2deca097bbc8,2,2,0,Italian,13822,government/legal/procurement,no_explicit_marker,False,False,False,False,False,False,latin_or_other,
1e660e7472505fee9962b4cdeecb4e04d54d5a48f75db71aa2e507060904801a,2,2,0,Portuguese,1158,government/legal/procurement,no_explicit_marker,False,False,False,False,False,True,latin_or_other,
1e6f526060e24056984a1a510247eda59d40803bddc27ae014559ee50e37ea4e,2,2,0,English,2975,unclassified/mixed,no_explicit_marker,False,False,False,False,False,False,latin_or_other,
1e7063a9320e63f010a74ae99b00bf8e943d29e7a05574d741cd16915c5202e2,2,2,0,Spanish,2667,unclassified/mixed,no_explicit_marker,False,False,False,False,False,False,latin_or_other,
1e8439ab8075bfafbc208e682feb5e17ed227d7e19cba8dde9c3e234aece4072,2,2,0,English,4611,scholarly/research,no_explicit_marker,False,False,False,False,False,False,latin_or_other,
1e8b29ac1916b03d7d2d9b2be55a52b0ae6b417acb7ef055bb4da2acb2c8e704,2,2,0,English,3072,government/legal/procurement,no_explicit_marker,False,False,False,False,False,False,latin_or_other,
1e9123e9bfe2f42980ea3d11a6786760d74e5f246b1890511bd6ed7448e06465,2,2,0,Portuguese,6635,government/legal/procurement,no_explicit_marker,False,False,False,False,False,False,latin_or_other,
1ec34333066ae7f726134ef7538d44e848651bca4dadda0544cf8d079738f1f3,2,2,0,French,11718,scholarly/research,generic_copyright_or_bibliographic_marker,False,False,False,False,True,False,latin_or_other,
1eda08be75bbc4e64afe9b8622c2c4f302bda0acfb9934c013d877772fe12299,2,2,0,English,6636,scholarly/research,no_explicit_marker,False,False,False,False,False,False,latin_or_other,
1efa2b2461c0588a81ea27e5f4a127c7a3b0e7bd2be210bb43cb911a26265b15,2,2,0,Spanish,8702,government/legal/procurement,no_explicit_marker,False,False,False,False,False,False,latin_or_other,
1f081f6f6e6941102cd16b44c18821ee708064e93505277fc72d6b330e96001a,2,2,0,Italian,2440,unclassified/mixed,no_explicit_marker,False,False,False,False,False,False,latin_or_other,
1f0f6e14ae351dc2b28a86562b373faf537ff48e2745fa28f70dce3bf07c2f49,2,2,0,Spanish,15946,scholarly/research,no_explicit_marker,False,False,False,False,False,False,latin_or_other,
1f462e848c96979ebeb0e5fbf185f1f8ed4d4ecd0aa133fbf0fe02564c84ab65,2,2,0,English,2888,government/legal/procurement,no_explicit_marker,False,False,False,False,False,False,latin_or_other,
1f4d528c81535145e92e1671d278e3951f6e8e8bf894be0a855287e8e4eeb397,2,2,0,English,5809,books/literary/publisher,no_explicit_marker,False,False,False,False,False,False,latin_or_other,speedypaper.net
1f4d6501f478c07c270d08aaff8de2b1ea691614a53765729e67a502709ced69,2,2,0,English,2985,unclassified/mixed,no_explicit_marker,False,False,False,False,False,False,latin_or_other,
1f4de5748d546915958c18c7e2722470822bddce1a81aec78e3c0b3a1179c156,2,2,0,Italian,7276,news/blog/general web,no_explicit_marker,False,False,False,False,False,False,latin_or_other,
1fc37b3d017a8c07565c00d87483da402c29653fdf2110361f35afb8f4c133e6,2,2,0,Portuguese,3617,scholarly/research,no_explicit_marker,False,False,False,False,False,False,latin_or_other,
1fcb0946681ebbb7f18a833ada6a8d1409246a24c27034ba40db1a6df2392e0e,2,2,0,Spanish,5540,unclassified/mixed,generic_copyright_or_bibliographic_marker,False,False,False,False,True,False,latin_or_other,
1fee66a0a28201f8f0391d1ceac87938605e759f7e2039b0aa3da7e311cc71b4,2,2,0,English,19231,unclassified/mixed,no_explicit_marker,False,False,False,False,False,False,latin_or_other,
1ff342bd1d8bd72406e525bc3c447f11b9f1b30aaf9f9a80dbb67b4d8d7332f9,2,2,0,French,6185,scholarly/research,no_explicit_marker,False,False,False,False,False,False,latin_or_other,
20203ea5d989237d8506f483fc3b53ad3166f882c06ae6861615ebadc9bc9fac,2,2,0,Spanish,4178,unclassified/mixed,no_explicit_marker,False,False,False,False,False,False,latin_or_other,
2030fabbc10d2fee26ae9ff82a64bbd75b1210f18747de6db29848f645f7edf6,2,2,0,French,8135,unclassified/mixed,no_explicit_marker,False,False,False,False,False,False,latin_or_other,
207788d9d03155b6e9a69ca539221e5d6965c12e3ccdcb243a8cb8e062fab566,2,2,0,Spanish,6496,unclassified/mixed,no_explicit_marker,False,False,False,False,False,False,latin_or_other,
208639631966e8f67d05a83092bcb6b518d89886202b15bd8a7ce5c7cb4e589f,2,2,0,Spanish,10623,unclassified/mixed,no_explicit_marker,False,False,False,False,False,False,latin_or_other,
20ab6435c7c31710a416eefa78bdaedf36072c8a083064b8f04c6d3010320fe7,2,2,0,French,6422,unclassified/mixed,no_explicit_marker,False,False,False,False,False,False,latin_or_other,
20b8dad20a15fa72909f3639cc7b569d22ae4d372682dba641a844933e95e893,2,2,0,English,18151,unclassified/mixed,no_explicit_marker,False,False,False,False,False,False,latin_or_other,
20bb232d316c39a94d96b8c3945f2c44323d80b4f7e04b2ed5ce230a5dafe442,2,2,0,Portuguese,7150,scholarly/research,no_explicit_marker,False,False,False,False,False,False,latin_or_other,
20c79b8b7a315bb01fd2f7450b177b53f63be0049aa33c93504d46bd2007c234,2,2,0,Spanish,5405,news/blog/general web,no_explicit_marker,False,False,False,False,False,False,latin_or_other,
20c902ed642692153dc09bfacef325e84cfae2ea7211c4cd43b696b9748c9d03,2,2,0,English,3671,unclassified/mixed,no_explicit_marker,False,False,False,False,False,False,latin_or_other,
20e912de2760714c55328d2fec265afa650272d81352967d21e84e3928a3beb9,2,2,0,English,6676,news/blog/general web,no_explicit_marker,False,False,False,False,False,False,latin_or_other,
20fb800ce16442bec07f6a0b3dc5ca00bc85d2670d0c657c805b674769720f03,2,2,0,French,10322,scholarly/research,no_explicit_marker,False,False,False,False,False,False,latin_or_other,fr.wikipedia.org
2124cc6038f8c584dee5cdb04f32446130128f47d1e8e2e6a9c16d7db3fee4d1,2,2,0,German,5444,unclassified/mixed,no_explicit_marker,False,False,False,False,False,False,latin_or_other,
21360d27f6524edfbccf0ea013730d11a174d8f62c478c37e5c49ba7e39d6fd0,2,2,0,English,11612,education/course/textbook,no_explicit_marker,False,False,False,False,False,False,latin_or_other,
214c75cbb203ad6ce68d22110cdb421de4535c4905be9e3d5344ddcd60c23343,2,2,0,English,20016,news/blog/general web,no_explicit_marker,False,False,False,False,False,False,latin_or_other,
2158c942e6f1d004c9953b7ea2a3725869a0fb9d5586b0a3ff743dea68db1b76,2,2,0,Portuguese,1567,unclassified/mixed,no_explicit_marker,False,False,False,False,False,False,latin_or_other,
218b09a094fdff0c0e1117e372a9dacdb7fcc591d14814f9dff6da082c22c67d,2,2,0,English,5832,unclassified/mixed,no_explicit_marker,False,False,False,False,False,False,latin_or_other,
219bd4c8d4f33d8ea79756ba72dd97070409894fb183972064320e42961a0b12,2,2,0,English,4311,scholarly/research,no_explicit_marker,False,False,False,False,False,True,latin_or_other,
21c913c2e74a9188af177add04e0fc5121836d7af973464f90b99ba5ca337ff3,2,2,0,French,9734,scholarly/research,generic_copyright_or_bibliographic_marker,False,False,False,False,True,False,latin_or_other,
21d5a788df86ab22e775182118d727e11fcddf3dc48b169d2a8e4af8e9b3e952,2,2,0,English,1943,unclassified/mixed,no_explicit_marker,False,False,False,False,False,False,latin_or_other,
21dda1f556e01aaecb57145c528632ae0c6bbd67850c6eaf6023706393029632,2,2,0,Spanish,7542,unclassified/mixed,no_explicit_marker,False,False,False,False,False,False,latin_or_other,diario-octubre.com
21e2685d9a39b2b72c62696cf6756ed00cb08f9a54b3f37847e0cbffbcbb8414,2,2,0,German,6021,scholarly/research,generic_copyright_or_bibliographic_marker,False,False,False,False,True,False,latin_or_other,
21fad7bba4d8ee8f16fa42d893bffc2f880cc971f285a15f6c946e645979f8e4,2,2,0,Spanish,6218,unclassified/mixed,no_explicit_marker,False,False,False,False,False,False,latin_or_other,
221fb9885ec88d355344e0b600e3a64c00ed55a606fdc3187bcc2cffef648511,2,2,0,English,1365,government/legal/procurement,no_explicit_marker,False,False,False,False,False,False,latin_or_other,
22873eeedea00b596677e08e76b6a93bb45312e3351ca6d5a8873d14f770ffcd,2,2,0,Spanish,5721,unclassified/mixed,no_explicit_marker,False,False,False,False,False,False,latin_or_other,
22a7ecc053f8c6dac698df4d073bb6d8f78af7bbc5b436a96137eb04f5a8b8bf,2,2,0,English,3955,scholarly/research,no_explicit_marker,False,False,False,False,False,False,latin_or_other,
22fc7b5cc2dbae413e9204026654daddbdf40b20000a8dc518b0722ad5341987,2,2,0,Portuguese,6287,encyclopedia/reference,no_explicit_marker,False,False,False,False,False,True,latin_or_other,pt.wikipedia.org
230b14568085b76d34e95b6f1d1bbd3c5c43e28624c15ba4049cbbe8fe5084e3,2,2,0,Portuguese,1932,unclassified/mixed,no_explicit_marker,False,False,False,False,False,False,latin_or_other,
23362cb1901e856c9feab34c2faf9c62d82176f1831f327e5e9ca9ce36d7f943,2,2,0,Italian,2414,government/legal/procurement,no_explicit_marker,False,False,False,False,False,False,latin_or_other,
23404fd1686ca074842fcf69190875ea91185d76fd110526aa47b0809b596e13,2,2,0,English,9336,unclassified/mixed,no_explicit_marker,False,False,False,False,False,False,latin_or_other,
234a7b7b3d47dec100321080b4bcbc37acb195133d3aba077070f7da88a6c2a0,2,2,0,Italian,3094,unclassified/mixed,generic_copyright_or_bibliographic_marker,False,False,False,False,True,False,latin_or_other,
235800b66af9b20eff683b58f4c163f4c7539d807cff98ef479626873ed00abf,2,2,0,French,4205,unclassified/mixed,no_explicit_marker,False,False,False,False,False,False,latin_or_other,
238745df08058ff89804cf734f27b92f977f1087502f0b8c6f2f098236a73a42,2,2,0,Italian,3142,unclassified/mixed,no_explicit_marker,False,False,False,False,False,False,latin_or_other,
23ca30902bb14908eaa2db44d6bec77bc12c34f0a1fff14ac89ed5690474fc9e,2,2,0,Italian,2245,manual/technical documentation,no_explicit_marker,False,False,False,False,False,False,latin_or_other,
2403c62345c43e876ee6e71a4fc0eed7c04bd017ca9794c6433f3cadbdf8a7bf,2,2,0,German,3553,unclassified/mixed,no_explicit_marker,False,False,False,False,False,False,latin_or_other,fal.de
241051ac5c4711267932cf16e90aa8a9a759ee3e70185a09a31648a003263dd4,2,2,0,English,6139,scholarly/research,no_explicit_marker,False,False,False,False,False,False,latin_or_other,
2430411dfb1c7ba8ea897bcaa2c48e5fd10295911e779703121e4960e5c22971,2,2,0,English,4558,unclassified/mixed,no_explicit_marker,False,False,False,False,False,False,latin_or_other,
24664854f85d7cb1505a0b8127357d19d5f50fd5ed2b76df0eff3b0c336d88d3,2,2,0,English,22480,unclassified/mixed,no_explicit_marker,False,False,False,False,False,False,latin_or_other,
2483b59df4770ddbf802bb2a5048f11873209daf106479a57a41a3742744b878,2,2,0,English,3731,government/legal/procurement,no_explicit_marker,False,False,False,False,False,False,latin_or_other,
248dc3b39741b8bc0acd6fe6008c9e251d7b56f66a8a7b5afea93c355f3587bb,2,2,0,Italian,1239,unclassified/mixed,no_explicit_marker,False,False,False,False,False,False,latin_or_other,
24aa37285034215e10736d6256fddeb603f11d1f3d68d41da1422c679cd60513,2,2,0,English,6638,unclassified/mixed,no_explicit_marker,False,False,False,False,False,False,latin_or_other,
24d191329c62cc1a4aab9f142f70b8c835ea0390518832b34f0ac26e2d2c6cbb,2,2,0,English,3119,education/course/textbook,no_explicit_marker,False,False,False,False,False,False,latin_or_other,
24d57a04e6f52fdb10652273191ffe20a36bacf557c460912ff51bd93a9f0786,2,2,0,Portuguese,2719,unclassified/mixed,no_explicit_marker,False,False,False,False,False,False,latin_or_other,
2528d44c1185a7d3cee490715343d2f71b73a894384963f0c7ccc415bdf671d2,2,2,0,English,2632,unclassified/mixed,no_explicit_marker,False,False,False,False,False,False,latin_or_other,
252af0a10246cdc75d16626fc23a89357c86a5c257c17937637f4df583ff5437,2,2,0,English,21318,government/legal/procurement,no_explicit_marker,False,False,False,False,False,True,latin_or_other,reptilestartup.com
2538851d5878ca486d02576b7e0df9020df71ce4c6cbe195fc13dda28be20646,2,2,0,English,2896,unclassified/mixed,no_explicit_marker,False,False,False,False,False,False,latin_or_other,
257050766e2e92cbb6abd390adabcdcc5c1e2951912134c1e723bedf66f299e3,2,2,0,English,5700,news/blog/general web,no_explicit_marker,False,False,False,False,False,False,latin_or_other,
2582934951e64e1f510437c5ae49f28390f646c980705c050e9c2ffaab1046fe,2,2,0,Italian,12808,manual/technical documentation,no_explicit_marker,False,False,False,False,False,False,latin_or_other,
25a0114c365e16e95fe52dcadffe1a2876a7a784f6d4638f26da5356e71ef2f6,2,2,0,English,1575,scholarly/research,no_explicit_marker,False,False,False,False,False,False,latin_or_other,
25c523f5e9e3f2b5c47c4427941f45f3d113ca3463149825e11e00bab429097c,2,2,0,French,2732,books/literary/publisher,no_explicit_marker,False,False,False,False,False,True,latin_or_other,
2622cfb75389f82f91b794495e22198c9c721852906e9681056b68dc0683f005,2,2,0,Portuguese,14934,scholarly/research,no_explicit_marker,False,False,False,False,False,False,latin_or_other,
26383608dda98dacc3270829baedd527a0b265f39b7e8356cf6d03de51a89a5d,2,2,0,English,4801,unclassified/mixed,no_explicit_marker,False,False,False,False,False,False,latin_or_other,
263cf8568aac44d9b9b1fdffcc26fe85bc43ee86dcd969df5052021f2fe7c9c2,2,2,0,Italian,14953,government/legal/procurement,no_explicit_marker,False,False,False,False,False,False,latin_or_other,
2687ebac6e1f66d15dfc86961f50b102070fd8564d8862f294ad556123d80535,2,2,0,English,4243,unclassified/mixed,no_explicit_marker,False,False,False,False,False,False,latin_or_other,
268bc4e0d57b4a5b029ef1a36dd9d50701b11dde141717924259f86e95140b35,2,2,0,French,2534,unclassified/mixed,no_explicit_marker,False,False,False,False,False,False,latin_or_other,
2696fb1fb3d1f3a86fac0f127bc662b0a3fc7139010e75a0a36341259f35b2d8,2,2,0,French,15644,scholarly/research,no_explicit_marker,False,False,False,False,False,False,latin_or_other,
26c0ab78e75008c16fff53093ba472a04941e05bb0e2b18ba7225846d06ed0f5,2,2,0,Portuguese,3097,unclassified/mixed,no_explicit_marker,False,False,False,False,False,False,latin_or_other,
26d606629e9b38410d91102903c2bece017f04f7102c6bb61232a1c30b0b68bc,2,2,0,English,8612,scholarly/research,no_explicit_marker,False,False,False,False,False,False,latin_or_other,
26e9ad4daf2f71f497e4af34618cf1179ff584d96c1618f09dbe07cc57f3b950,2,2,0,Portuguese,14357,scholarly/research,no_explicit_marker,False,False,False,False,False,True,latin_or_other,
2701c15c20d9cfdf6070aec3f68de07b0923b48b6c4aea8de2445a00eca7c9e0,2,2,0,Portuguese,3275,unclassified/mixed,no_explicit_marker,False,False,False,False,False,False,latin_or_other,
2712b3ffae86f93a92270ab56cbdd26be718deaae2c4304c5e00e0f14e16b6f3,2,2,0,Spanish,2852,unclassified/mixed,no_explicit_marker,False,False,False,False,False,False,latin_or_other,
2749de86e4e96bf39b66139a77c71f53371edd914d1e794ed5f728cff89e9544,2,2,0,English,9056,books/literary/publisher,no_explicit_marker,False,False,False,False,False,False,latin_or_other,
2776bdfdf61c040a067642cfe31605a391f1789fd7b601bd8fe9628559ee8539,2,2,0,Italian,3614,corporate/financial/ESG,no_explicit_marker,False,False,False,False,False,False,latin_or_other,
27b388bcfef07e11aa6f259f53d4474d17effbc461f341102e49bd38a7d2e672,2,2,0,Portuguese,8776,unclassified/mixed,no_explicit_marker,False,False,False,False,False,False,latin_or_other,
27d1e34f84939d8c00ea8e97e2ac7ffa4a03e0e5642f783a41b748342d423e30,2,2,0,Portuguese,2972,unclassified/mixed,no_explicit_marker,False,False,False,False,False,False,latin_or_other,
27d2c4b5e57ab5678b5acb69aa5a411eaf81444977c719f5d7cac87f1b0bc181,2,2,0,English,3315,manual/technical documentation,no_explicit_marker,False,False,False,False,False,False,latin_or_other,
27de290e814acfc6499549b845b65c0b1716c614b8d5ff34679a35b687cd521a,2,2,0,Spanish,8960,government/legal/procurement,no_explicit_marker,False,False,False,False,False,False,latin_or_other,elsoplao.es;espeleofoto.com
2803f5b8262f76489af4a2b8e8b91ac41bf6982a0f4388726d6ecb9bd4a3f2cd,2,2,0,English,3615,scholarly/research,no_explicit_marker,False,False,False,False,False,False,latin_or_other,
2847e6e4d433baa5a993b57f429aff96d49a8eddf5c98d5807c2f0909d9f820f,2,2,0,Italian,5801,scholarly/research,generic_copyright_or_bibliographic_marker,False,False,False,False,True,False,latin_or_other,
284988f47cbace355c42e3c7a299177ba4157f2b464c14836e686e8792197bd7,2,2,0,Italian,4398,unclassified/mixed,no_explicit_marker,False,False,False,False,False,False,latin_or_other,
284e8a41949438ff2433dabbd18b6b353eee60bee48ed030518be93517bfeacb,2,2,0,English,6741,scholarly/research,no_explicit_marker,False,False,False,False,False,False,latin_or_other,
2858c4543e2d050ee6d3b8fad1d32d33f230c2f136ad1687e4eda32e57fd7dba,2,2,0,Portuguese,2308,unclassified/mixed,no_explicit_marker,False,False,False,False,False,False,latin_or_other,
286d73c63c838007be4b5841bda7c7da3446b22b59d4e2c82d528cff3c0386a0,2,2,0,English,3791,news/blog/general web,no_explicit_marker,False,False,False,False,False,False,latin_or_other,
28a0c8940a9b8e162bc98d0941609433c7dd7a370c2fb29803969084a55c974e,2,2,0,English,5984,scholarly/research,generic_copyright_or_bibliographic_marker,False,False,False,False,True,False,latin_or_other,
28ea77e4cdc906b33e8bb9e687234680a8d832ff82772b5990da08361008d27f,2,2,0,Portuguese,10758,scholarly/research,no_explicit_marker,False,False,False,False,False,False,latin_or_other,
28f012bfe8512c418410a50386eada46d1b691570a3798d698ca58bcf8c3a111,2,2,0,English,1914,books/literary/publisher,no_explicit_marker,False,False,False,False,False,False,latin_or_other,
2910542965c2b816fca72adf0e05fbc4a8b7ccfe40067c3d3b11b49b61e4638f,2,2,0,French,1697,unclassified/mixed,no_explicit_marker,False,False,False,False,False,False,latin_or_other,
29227f7bdd7f43857dd8507b6befb44236fcb9be99e6472ed635964a528eecdd,2,2,0,Portuguese,3734,government/legal/procurement,no_explicit_marker,False,False,False,False,False,True,latin_or_other,
295286d63d402ee9b80891790fd9fc94bcecc942a1002e29bd25622c04618619,2,2,0,Hindi,3317,unclassified/mixed,no_explicit_marker,False,False,False,False,False,False,latin_or_other,
29a2e76d2718db2cb703fe81bed2c5680f1f431a0317aeee932749b5fde870e7,2,2,0,English,5135,government/legal/procurement,no_explicit_marker,False,False,False,False,False,True,latin_or_other,availabletechnologies.pnl.gov;electricdistribution.ctc.com;gridwise.pnl.gov;seattletimes.nwsource.com
29b4969ea309e41c5dbb836c07a0499d541b110b900cf84ba71f04dc9ec4556d,2,2,0,English,2848,unclassified/mixed,no_explicit_marker,False,False,False,False,False,False,latin_or_other,
29f2df90c7b00b5cbf927041f885f3001701ab28ea3f332e6038c60825cf04d6,2,2,0,Italian,2606,unclassified/mixed,no_explicit_marker,False,False,False,False,False,False,latin_or_other,
2a07e6dee4bb49e7b2b700a6e879b749f7b5056502b795238a5d3b390ff1462b,2,2,0,Spanish,2075,news/blog/general web,no_explicit_marker,False,False,False,False,False,False,latin_or_other,
2a0aab271e9a8af3ae5cae1499609d868adde8f14bc244199413eadf84d94148,2,2,0,Spanish,5831,unclassified/mixed,no_explicit_marker,False,False,False,False,False,False,latin_or_other,
2a803147dbab65375536d325b913a84f75252e77bb205c531a63c00c63a0156c,2,2,0,English,23088,unclassified/mixed,no_explicit_marker,False,False,False,False,False,False,latin_or_other,
2a88de0dcedab80bc11c952d40b6b4d5f0698244746ebca447eadc59abb0d2ae,2,2,0,Portuguese,1143,unclassified/mixed,no_explicit_marker,False,False,False,False,False,False,latin_or_other,
2ac33b467ebc65070a749e0c7be56fb062190560191c13bb417b019a9f9e9e6c,2,2,0,French,4111,unclassified/mixed,no_explicit_marker,False,False,False,False,False,False,latin_or_other,
2ae5133070e9bcc442da644c536f87e5e719dafdc4524230d95a2b9d1c9ae44b,2,2,0,Spanish,6216,unclassified/mixed,no_explicit_marker,False,False,False,False,False,False,latin_or_other,
2ae9333a19141b5bb02bb6eeb0ebaafc4e159414b07b6da0b5866615ecb767f5,2,2,0,English,1610,unclassified/mixed,no_explicit_marker,False,False,False,False,False,False,latin_or_other,
2afa6127d779cb4f740bc51c5899cbc79ab97b909a6d138a167fdc3bdc9ee996,2,2,0,English,6046,unclassified/mixed,no_explicit_marker,False,False,False,False,False,False,latin_or_other,
2b0ce9383e817259fda68402d7d9d58fec09a4cd70d433fd7ab3e856c6a26c1e,2,2,0,Spanish,9250,news/blog/general web,no_explicit_marker,False,False,False,False,False,False,latin_or_other,
2b24b057453facf6346997f379fab11f52617dc350a9a1d0209b6cd32ab28799,2,2,0,Spanish,7091,unclassified/mixed,no_explicit_marker,False,False,False,False,False,False,latin_or_other,
2b3342045b5c8e62566141c725401c0b6d69b2b75f7dace1de4cc5cd47e3f629,2,2,0,French,5576,unclassified/mixed,no_explicit_marker,False,False,False,False,False,False,latin_or_other,
2b49c8dc6832f9a71b7bf3a46c5c427d1d3c6f45c7885740e00d29c7da25894a,2,2,0,English,20861,scholarly/research,no_explicit_marker,False,False,False,False,False,False,latin_or_other,
2b7575365cc08b5677f39bb133983823e52c4e3e81820cbba160c9848a6c87b6,2,2,0,Spanish,4785,unclassified/mixed,no_explicit_marker,False,False,False,False,False,False,latin_or_other,
2b7de542b4a48a13fa6dd139da308d99dcefca64007bcbfc3394df5326b4d1cc,2,2,0,Portuguese,3217,government/legal/procurement,no_explicit_marker,False,False,False,False,False,False,latin_or_other,
2b7f74e80361be9c49eda23cc951f435131e26f094ac99c81e73f305c7450b1a,2,2,0,English,1125,unclassified/mixed,no_explicit_marker,False,False,False,False,False,False,latin_or_other,
2b83d592cecde971c6db993b519a5b94d5304d32fee22dce5d8f5f33ce317b79,2,2,0,Portuguese,14216,scholarly/research,no_explicit_marker,False,False,False,False,False,False,latin_or_other,
2b92a134d1957fbca27944f5493287b2cf26517c7c89dff111603cdda95a5020,2,2,0,English,7372,books/literary/publisher,no_explicit_marker,False,False,False,False,False,False,latin_or_other,
2b95e9124b22c4a2cd48ed48aba615d7115fa1c9c2f9f1dc87945a6ca7ba7034,2,2,0,English,6169,unclassified/mixed,no_explicit_marker,False,False,False,False,False,False,latin_or_other,
2bb836f38c30874f49b685173757ca4a6cc4f58f7c368635c8715c19fc249da1,2,2,0,Italian,8247,education/course/textbook,no_explicit_marker,False,False,False,False,False,False,latin_or_other,
2bd99b0f970009b7d24f21a49caaeea06ede6c7f0ccf4d0a5b97592f4c29999d,2,2,0,Spanish,10584,government/legal/procurement,no_explicit_marker,False,False,False,False,False,True,latin_or_other,
2c02d75def529b4e2c06747936263588026ee7225726c76a0928cfefab8c5713,2,2,0,French,5714,corporate/financial/ESG,no_explicit_marker,False,False,False,False,False,False,latin_or_other,
2c10e049cd3cf49820fb5e9d6b07f009d3831e6a7cbc2b703bef6ed1c322ec1a,2,2,0,English,5335,unclassified/mixed,no_explicit_marker,False,False,False,False,False,False,latin_or_other,
2c2dc145cf641e2520c1155b579048199c2c872a3cff2084ee2bbbf2474b2c8e,2,2,0,Spanish,14639,manual/technical documentation,no_explicit_marker,False,False,False,False,False,False,latin_or_other,
2c4111d9b2d7d008171d77dad13338ef9aca73d0115e76cbeb60e15a3fdd1e6a,2,2,0,Italian,3077,books/literary/publisher,explicit_restrictive_notice,True,False,False,False,True,False,latin_or_other,
2c53235d384ebd8a6a821be3e89e8bd9ddd0ba5b4728c92132669ea48cd042f4,2,2,0,Italian,2197,unclassified/mixed,no_explicit_marker,False,False,False,False,False,False,latin_or_other,
2c718d09209fdc2741355aa4a4e45947cd3e884cd8376dcbccb4b921913bccdd,2,2,0,English,2123,unclassified/mixed,no_explicit_marker,False,False,False,False,False,False,latin_or_other,
2c8cc57f0e0118ee9c19e4ee7af2531ef652015dcd55635784462c514c7d11e0,2,2,0,Portuguese,4444,scholarly/research,no_explicit_marker,False,False,False,False,False,False,latin_or_other,
2c9ee9e65b94aee393a59e0b4e33f0502a5d88608bc7584fc4f4bacacf340835,2,2,0,Spanish,4804,unclassified/mixed,explicit_open_licence_marker,False,True,False,False,False,False,latin_or_other,
2cae1910f3c5f1656756271ef50e00535ac9345d52cee7946d71d406e61f13b2,2,2,0,Portuguese,7610,scholarly/research,generic_copyright_or_bibliographic_marker,False,False,False,False,True,False,latin_or_other,
2cf2807a764470914a6b758a8b19af0847f7775f745b15563185509aaefb68de,2,2,0,Spanish,3081,news/blog/general web,explicit_open_licence_marker,False,True,False,False,True,False,latin_or_other,cdnmundo1.img.sputniknews.com;mundo.sputniknews.com;t.co
2d0a5a7e28fcee2247cdbf0c7a04fc6e4fe9786417086534f2c064fc782f813d,2,2,0,English,5481,scholarly/research,no_explicit_marker,False,False,False,False,False,False,latin_or_other,
2d671feaf11bbb728db07d0eef515f218dbaad0c80f7544330eda1aa55a6f7f3,2,2,0,English,6499,government/legal/procurement,no_explicit_marker,False,False,False,False,False,False,latin_or_other,
2d716e905341b0100ecd3cb318efa04876332981a62b2baf93a70de376224155,2,2,0,Spanish,15863,scholarly/research,no_explicit_marker,False,False,False,False,False,False,latin_or_other,aecc.es;youtu.be
2d7cade53974fb74ff60bcbd1d89d0845efcc0e19d1077dd272b6f0b970875cf,2,2,0,English,22535,unclassified/mixed,no_explicit_marker,False,False,False,False,False,False,latin_or_other,
2d9bd24e0be3336c8653f15efcb7dc4da3cc5839e4a7932ddce8383cc17fbee7,2,2,0,Portuguese,3820,unclassified/mixed,no_explicit_marker,False,False,False,False,False,False,latin_or_other,
2dbc9ab680d9213fa490d21ac4cc38c017a2b33f1652409634362d610398cd2b,2,2,0,Portuguese,4823,government/legal/procurement,no_explicit_marker,False,False,False,False,False,False,latin_or_other,
2e02b6241c2ed6cbdb592c8f0aed23de58266032285deee46b92b2e15ef432a3,2,2,0,Portuguese,14545,scholarly/research,no_explicit_marker,False,False,False,False,False,False,latin_or_other,
2e13d9ed2281f18741caa72c2b7cd74b1354295dda3dce9635e05fd75827b45e,2,2,0,Italian,2991,unclassified/mixed,no_explicit_marker,False,False,False,False,False,False,latin_or_other,
2e32214ff4234a172dab7081a41f2ee153d34fb7888883eeb7a6bd4711aefe5f,2,2,0,English,2357,books/literary/publisher,no_explicit_marker,False,False,False,False,False,False,latin_or_other,
2e35eaf916aa5877b25891d49fb6568426247aacbe3afd3fee2a2231dd45fa74,2,2,0,French,13709,scholarly/research,generic_copyright_or_bibliographic_marker,False,False,False,False,True,False,latin_or_other,
2e3d6afe9b3a4ac22d05785bde2379659771fc2223dd288d9f5c2c474fd4114d,2,2,0,French,8923,encyclopedia/reference,no_explicit_marker,False,False,False,False,False,False,latin_or_other,
2e45ce8fce603d82b698b3a1f54e10f295a36c598475d168ba5a44c9488fd734,2,2,0,Portuguese,9052,news/blog/general web,no_explicit_marker,False,False,False,False,False,False,latin_or_other,
2e48ac36e39f2adf1a9178b7d585ef56cd01d128498e1fd81a615d748a579784,2,2,0,English,21201,scholarly/research,no_explicit_marker,False,False,False,False,False,False,latin_or_other,
2e5b55901895acad7e6a4adea7e70bb4c09cd0c6f4df94d78f1c45912f837fbe,2,2,0,German,2717,unclassified/mixed,no_explicit_marker,False,False,False,False,False,False,latin_or_other,
2e687f448539d35a72a59306f45980399935ff10ae3cce6234021961a5505400,2,2,0,English,2140,unclassified/mixed,no_explicit_marker,False,False,False,False,False,False,latin_or_other,
2e6a8c01902302508e302ad987616934490b132d953754a0a676eb3ed8aed1f7,2,2,0,Spanish,13644,unclassified/mixed,no_explicit_marker,False,False,False,False,False,False,latin_or_other,
2e70affd66ce87a73229ddf4333edeba2f214c88fd97769d4af70b158a7dc0f7,2,2,0,Italian,4971,unclassified/mixed,no_explicit_marker,False,False,False,False,False,False,latin_or_other,
2e743568f51d50733f578debc2b867de9800629354698c16c52efe7456ce474f,2,2,0,Italian,2601,unclassified/mixed,no_explicit_marker,False,False,False,False,False,False,latin_or_other,
2e778924ecf792cc79f79db62e93333ea92295b7dd16154b2387cdaae9996c21,2,2,0,Portuguese,2579,unclassified/mixed,no_explicit_marker,False,False,False,False,False,False,latin_or_other,
2e7d6e82847c8713a736c05a578be9f41851989e1b825254da65ce1ffd98764d,2,2,0,English,3264,unclassified/mixed,no_explicit_marker,False,False,False,False,False,False,latin_or_other,
2e8c8f7fe949a6bc43cbbd00a31d889d1d2e03ffb2823cc9ca0a97e86927a610,2,2,0,English,7582,manual/technical documentation,no_explicit_marker,False,False,False,False,False,False,latin_or_other,
2ea75af8fbf36ccd2c1d8a21d08e0b4dd026823e2601de12bb57de5ecaa50ab0,2,2,0,Spanish,5125,unclassified/mixed,no_explicit_marker,False,False,False,False,False,False,latin_or_other,
2ec32e4e31668b08a9287caea3c657443d7fe50a87057b1cef2021fbd8dbeea6,2,2,0,Spanish,7844,unclassified/mixed,generic_copyright_or_bibliographic_marker,False,False,False,False,True,False,latin_or_other,
2ec70adc61614f13d90d137f61e5b04f2b30e1038ddba6fabf3a12ae5cd3f081,2,2,0,Spanish,4304,unclassified/mixed,no_explicit_marker,False,False,False,False,False,False,latin_or_other,
2ee4f396f5bdd136be801f3836f57ec5555e756c88c0afb4e2058533b3803291,2,2,0,English,9444,unclassified/mixed,no_explicit_marker,False,False,False,False,False,False,latin_or_other,
2efc9ed81372ace23054713eaaf95b829f3bf4f033ea7d5eee6a034c84102602,2,2,0,Spanish,11662,government/legal/procurement,no_explicit_marker,False,False,False,False,False,False,latin_or_other,
2f2503e12a6cc61c85834a7e0c71ea69fee199e7dcd95d5505d6d2a28bb56ce8,2,2,0,German,2277,scholarly/research,generic_copyright_or_bibliographic_marker,False,False,False,False,True,False,latin_or_other,
2f356a9ebf6d629d97e3cb9d8de75845085a96f1909629895ebb4376786e78f4,2,2,0,Spanish,6743,unclassified/mixed,no_explicit_marker,False,False,False,False,False,False,latin_or_other,
2f6c51adfb7f1a277a2690e500c5ccda809e53c40e169b144c9207942e7603a1,2,2,0,Italian,13333,encyclopedia/reference,no_explicit_marker,False,False,False,False,False,False,latin_or_other,it.wikipedia.org
2f8810aff163aadd1f93a43e2aacaf2f5ac0185833619751dedfdad54b14725f,2,2,0,Portuguese,2042,unclassified/mixed,no_explicit_marker,False,False,False,False,False,False,latin_or_other,
2f8ef5cf11fe2a79b6abb0ab41b28e51cd501e547e4d22f8009ba2218f1fb936,2,2,0,French,2216,unclassified/mixed,no_explicit_marker,False,False,False,False,False,False,latin_or_other,
2fad79fda26db218263127875a48187dc2e0a75265830cdfb2c3dbb49552e0b3,2,2,0,English,7251,corporate/financial/ESG,no_explicit_marker,False,False,False,False,False,False,latin_or_other,
2fbf5d30476a59cee57869d34b5746190d3090492c0590a5d724d056a68b9c47,2,2,0,Spanish,8568,government/legal/procurement,no_explicit_marker,False,False,False,False,False,False,latin_or_other,
2fcbaf6ea9d9f75a254991cb5cec26ce7cd8e6c803377222140a92dd6047e9bf,2,2,0,English,4832,books/literary/publisher,no_explicit_marker,False,False,False,False,False,True,latin_or_other,
2fdd76a498ae51291574d4283c019a864e84c905b040c9a9b2f0c5fb5c6f6ba8,2,2,0,Portuguese,2152,unclassified/mixed,no_explicit_marker,False,False,False,False,False,False,latin_or_other,
2ff66d48a478c30b7a1d75aaa70875b852e592c5d43ce71c7c382e98f989b08a,2,2,0,English,1968,scholarly/research,no_explicit_marker,False,False,False,False,False,False,latin_or_other,
2ff7fb9ad12fba9b98e4801f30917008c41b98048618f6c4f957198746b22db9,2,2,0,Portuguese,6945,unclassified/mixed,no_explicit_marker,False,False,False,False,False,False,latin_or_other,
303ef7f0f4ca86d84d011cd17469f27816ce92f2a97f8e4f33e0b9d7c871f016,2,2,0,Portuguese,1681,unclassified/mixed,no_explicit_marker,False,False,False,False,False,False,latin_or_other,
303fbd7408efde70d6b1faed5cd3f579fbb18b51b5f3139aa87cfe32a597b34d,2,2,0,English,4654,unclassified/mixed,no_explicit_marker,False,False,False,False,False,False,latin_or_other,
3040965863791314534eb466fc766ba79f3a768e4db664b3457e697dfc91981f,2,2,0,French,15556,scholarly/research,no_explicit_marker,False,False,False,False,False,False,latin_or_other,
309839dff4e1a3e0055679303a8cc44d0c7c0a406e5c7f48cd94acfd9b0e3a9a,2,2,0,English,3222,education/course/textbook,no_explicit_marker,False,False,False,False,False,False,latin_or_other,
30ab7abe4fea7dbd7030419c8e7b926fc638fd65b11fb4c9267a47a810ab8ff5,2,2,0,English,3827,unclassified/mixed,no_explicit_marker,False,False,False,False,False,False,latin_or_other,
30bb6c61d6d6f6a23fe3e0eb80062523b7dba0b0d8e1180e506c86c35891859f,2,2,0,English,3676,unclassified/mixed,no_explicit_marker,False,False,False,False,False,False,latin_or_other,
30c14b66feeba3fea090e62424518b911e4f3c3326612fdbae4e95c723e31b1c,2,2,0,English,2512,unclassified/mixed,no_explicit_marker,False,False,False,False,False,False,latin_or_other,
30e4b8d83b091a8a6fb451e0825bd319070c4ec921800f5f2c1cd0faf606fa67,2,2,0,Portuguese,2069,unclassified/mixed,no_explicit_marker,False,False,False,False,False,False,latin_or_other,
312f550000c2376086b6ed358c118e6f9e58017fd6ce157309ac7eb889ef5f1e,2,2,0,English,2717,scholarly/research,explicit_open_licence_marker,False,True,False,False,False,False,latin_or_other,
3148656182f4fcbe5057c46c7607bb2e087a173fb7f477ad3f44b9b8f2f3268b,2,2,0,Italian,1268,unclassified/mixed,no_explicit_marker,False,False,False,False,False,False,latin_or_other,
3156d206326980e661443630f2d401f785d3d950d143542a655f5b5560fc6871,2,2,0,Portuguese,3787,encyclopedia/reference,no_explicit_marker,False,False,False,False,False,False,latin_or_other,
3177c52b08c5291f89d3f24ae292d5786fc86468af16baf679becb2c75a9a66e,2,2,0,Italian,6274,unclassified/mixed,no_explicit_marker,False,False,False,False,False,False,latin_or_other,
31a23f470e72487226cd5b894d91ddfdaf467d1b1680e17e3ca3b3e235ea0135,2,2,0,French,4061,scholarly/research,no_explicit_marker,False,False,False,False,False,False,latin_or_other,
31d1ff3cbf9cee565aa3370751fcf68d5207fe6bd551476b7ac2ce2803a06fa2,2,2,0,English,3925,manual/technical documentation,no_explicit_marker,False,False,False,False,False,False,latin_or_other,
31f178571a925bf51850c1f45a2710e2825b6e613827ec593f4459c1725a0b68,2,2,0,French,3142,unclassified/mixed,no_explicit_marker,False,False,False,False,False,False,latin_or_other,
321e5d6bc051998dcf6eb6927cbaabc2752f4b382b9a001c7421cf97f892df16,2,2,0,Portuguese,7997,unclassified/mixed,no_explicit_marker,False,False,False,False,False,False,latin_or_other,
3233d68c5c6222a3e4e1b49e96cd5d269693ded30344d2944a25586957941124,2,2,0,Spanish,14493,manual/technical documentation,no_explicit_marker,False,False,False,False,False,False,latin_or_other,
325ad5d5ea8453a2cd19ffb9f6f1dc32fc6b35f4599fc358d6ace4ae24ba69f2,2,2,0,Portuguese,2175,government/legal/procurement,no_explicit_marker,False,False,False,False,False,False,latin_or_other,
32708d53db589112c58a1e41c9a3905bab1377e08722c1c455f2661c115ec45e,2,2,0,Spanish,2785,unclassified/mixed,no_explicit_marker,False,False,False,False,False,False,latin_or_other,
32744fe187adc9540edbe83429f7c255975c76952398990ed3925e553e77d5a9,2,2,0,Spanish,3082,unclassified/mixed,no_explicit_marker,False,False,False,False,False,False,latin_or_other,
327e2184a1539def83d82eec0b03a6a175254fe7cc0df8accd9e6af0f74635bd,2,2,0,Portuguese,3853,news/blog/general web,no_explicit_marker,False,False,False,False,False,False,latin_or_other,
3286cff296cb0171f9744b61a23336b51e9ced2c9f673b9e4a8ee44cf44e805f,2,2,0,French,6996,scholarly/research,no_explicit_marker,False,False,False,False,False,False,latin_or_other,espaces-naturels.info
329efa0ba14cd6aac0f43b96e8d3568532ded3df36d5e9a91b2b05b304cc7f0b,2,2,0,Italian,3106,manual/technical documentation,no_explicit_marker,False,False,False,False,False,False,latin_or_other,
32cc770f5481cf72afb9e565ce8fdc8168157cf8e429c568263e8fe15e1e1fa1,2,2,0,English,2916,news/blog/general web,no_explicit_marker,False,False,False,False,False,False,latin_or_other,
32e4a8b12359d17060b63e1afab2fd5cdc1453355c45e00e4337024e26159e7c,2,2,0,Spanish,3150,unclassified/mixed,no_explicit_marker,False,False,False,False,False,False,latin_or_other,
330717331950da3d7ba3a8f2140cbc13b46ff44993392bae2cb69e739afcf144,2,2,0,Italian,9211,government/legal/procurement,no_explicit_marker,False,False,False,False,False,False,latin_or_other,doi.org
33095ef10fa58e804ee4fb850cbca6d80715c574793fc7f24c939dd5c3dc0dc4,2,2,0,Spanish,5547,unclassified/mixed,no_explicit_marker,False,False,False,False,False,False,latin_or_other,
330c1a23508bd4fef6f80455d9786169f5aa85080a56dc5431f53fc9676d3718,2,2,0,Portuguese,3360,scholarly/research,no_explicit_marker,False,False,False,False,False,True,latin_or_other,
33385f4848e3cf939884895fce38ba0867e68c8cc9a061a72ce670a71799c89a,2,2,0,English,6481,education/course/textbook,no_explicit_marker,False,False,False,False,False,False,latin_or_other,
338c8a6600ef9ed64109d3813fe57058230e90aa151a5b5ee316cfce85ed87e1,2,2,0,English,2100,news/blog/general web,no_explicit_marker,False,False,False,False,False,False,latin_or_other,
33958369a85534f437c85385fed1c47c330be3eb35487c32e315e7e6db2ae7cf,2,2,0,English,19640,government/legal/procurement,no_explicit_marker,False,False,False,False,False,False,latin_or_other,
33b85a58e555a48443894e7d9c5da6262d3c8e3adb29569a745f80bc9cfda0c6,2,2,0,English,1338,scholarly/research,no_explicit_marker,False,False,False,False,False,True,latin_or_other,
33cbdabf76be92d17c99f6c799c493dd16ca30684f42f68b4b87d6bb01d9a96a,2,2,0,Spanish,14037,unclassified/mixed,no_explicit_marker,False,False,False,False,False,False,latin_or_other,
33ec1192c4b028551e7fcbb57bc03f56df4080f62c4fbba4e2b963e63db5c4bc,2,2,0,Italian,8042,news/blog/general web,no_explicit_marker,False,False,False,False,False,False,latin_or_other,
33f04e33717e69b3ee4b1653af53ab481f15461412a994381a8e2a2e8846459a,2,2,0,English,5024,unclassified/mixed,no_explicit_marker,False,False,False,False,False,False,latin_or_other,
340d73c107cf79689e312d8344f2d8ded1ff76287be7885ae7707c1bc6caa85d,2,2,0,English,5862,unclassified/mixed,no_explicit_marker,False,False,False,False,False,False,latin_or_other,
3456e0070ed223e0a6b96aaeab402e80ddb6c91cbe95dcf0e8e88876198496cb,2,2,0,French,4765,unclassified/mixed,no_explicit_marker,False,False,False,False,False,False,latin_or_other,
345fcc217e96809850152e677d442c2d3ec874042a501d5241de3d53c46ea9e0,2,2,0,Italian,4757,unclassified/mixed,generic_copyright_or_bibliographic_marker,False,False,False,False,True,False,latin_or_other,
3477897a631ffaa9e7afa90cecedc87dc9bd9bd3f0ab3570aa8e0b576923db1f,2,2,0,Italian,12223,unclassified/mixed,no_explicit_marker,False,False,False,False,False,False,latin_or_other,
3478b686ead73794a2b374087bf90dd7d89ef0cb59bc84d006261b94b04b37ab,2,2,0,English,4455,news/blog/general web,no_explicit_marker,False,False,False,False,False,False,latin_or_other,
348220d497d43560a46fece0f9626c5d73004c8b6a63a71cf63f5c354f1be8cd,2,2,0,Spanish,12865,books/literary/publisher,no_explicit_marker,False,False,False,False,False,False,latin_or_other,iugm.uned.es
34a16bc600e2805935333b0cdb438c0515156c16ca34731d0590a792d0d0e108,2,2,0,English,8189,scholarly/research,no_explicit_marker,False,False,False,False,False,False,latin_or_other,bpb.de
34bf7bb5684aaa8f7b21dae6e92d1fc3396a2d44381c62f91939d15644b33ebb,2,2,0,English,13443,government/legal/procurement,no_explicit_marker,False,False,False,False,False,False,latin_or_other,
34c2d8021f0b6d1d11ba09e7a2ae6750f5063f60fc3524fb7bc76cff2115dd02,2,2,0,English,2710,government/legal/procurement,no_explicit_marker,False,False,False,False,False,False,latin_or_other,
351a02fb2e6f0f8832a5c9b7f96013ab0ab35cbc51aaee1b561885421b0aad7c,2,2,0,English,5507,unclassified/mixed,no_explicit_marker,False,False,False,False,False,False,latin_or_other,
351fda61e739cf5e90e25bd145b0fa7ccb3b431023ad8b4270aabfc45e410ed7,2,2,0,English,6582,scholarly/research,no_explicit_marker,False,False,False,False,False,False,latin_or_other,hurricanes.gov
35236b812f53b42ae796110405480c443684c25fed3006fb4f1e95c9fd9764f3,2,2,0,English,2843,unclassified/mixed,no_explicit_marker,False,False,False,False,False,False,latin_or_other,
352661c0be5127dd6ea576c6d660c76b363b3cdfcfec792e614438cd13c4a32e,2,2,0,Italian,11236,unclassified/mixed,no_explicit_marker,False,False,False,False,False,False,latin_or_other,
354071f24726672b9701d9355131a7453e7b1987a8f61c946d9cf91de43336fe,2,2,0,English,4223,unclassified/mixed,no_explicit_marker,False,False,False,False,False,False,latin_or_other,
35417047c18ea6a54a5caf8a680833c0434fb8a4695a3527a9d673bfa4270e07,2,2,0,English,5512,unclassified/mixed,no_explicit_marker,False,False,False,False,False,False,latin_or_other,
3553daafa5d4160a941cd80e1a4948644e0e54594cc4ba88dff5b04e8909bf55,2,2,0,Italian,9422,unclassified/mixed,no_explicit_marker,False,False,False,False,False,False,latin_or_other,
3554d59156a0fe5c7b869cf9770ebc25c6441a91c82a98f34cbfc8921c729dfa,2,2,0,English,5815,scholarly/research,no_explicit_marker,False,False,False,False,False,False,latin_or_other,
355d326c0c5f002a541d295b228b6fc689bc1c207e3fc80342db0e8539be4961,2,2,0,French,3676,unclassified/mixed,generic_copyright_or_bibliographic_marker,False,False,False,False,True,False,latin_or_other,
356ac623d5b6d996bdf9468508f6fa4eebd3135153b512fe8cfadd6efb152136,2,2,0,English,7234,manual/technical documentation,no_explicit_marker,False,False,False,False,False,True,latin_or_other,
356b36b7ec61a5790fb28e71cd7d52df5c961a94a66ff6a4433ed7d82bbbb426,2,2,0,English,2154,unclassified/mixed,no_explicit_marker,False,False,False,False,False,False,latin_or_other,
359426643d22a28d85032f4811ec570ebd86c5a3209e7df17fb5177925d0269c,2,2,0,English,5551,news/blog/general web,no_explicit_marker,False,False,False,False,False,False,latin_or_other,
35b951d7be66e4b4914fe34af7e0508547a86e09588b33b5bc01cbd7285f4fa6,2,2,0,Portuguese,7677,unclassified/mixed,no_explicit_marker,False,False,False,False,False,False,latin_or_other,
35c201d73f17fae1492d233beb3de47046b41c25b9a5833b3b54fd846dbe49a9,2,2,0,English,5334,scholarly/research,no_explicit_marker,False,False,False,False,False,False,latin_or_other,
35d77ecba4722bae00ba0bc268c6f3dd49a8c9f9b3c59439767bc1deb6ab17db,2,2,0,Portuguese,2503,unclassified/mixed,no_explicit_marker,False,False,False,False,False,False,latin_or_other,
360e423db61899b71d7ecc0820abf9e61edb6664758c95289bf8d4e50df291f4,2,2,0,English,5481,government/legal/procurement,no_explicit_marker,False,False,False,False,False,False,latin_or_other,
363c73cb19b1cdc5c017bd3938608008d1a7dab37a1db14ba56dcbd97d785ffb,2,2,0,Portuguese,5306,unclassified/mixed,no_explicit_marker,False,False,False,False,False,False,latin_or_other,
3659f32fc000c60cc82d7e9df7d4ca7c0757b10657fc41e12d61eaeea2b1d640,2,2,0,Portuguese,8687,books/literary/publisher,no_explicit_marker,False,False,False,False,False,True,latin_or_other,
369c004b3924c92bd3a78ac081d12384777f387679b4b9b3f18a900e1b006d71,2,2,0,Portuguese,15005,government/legal/procurement,no_explicit_marker,False,False,False,False,False,False,latin_or_other,
36a69bac9ad26cb1061c348940274d11b0afb017bbeca72506bf41778a430a2b,2,2,0,Italian,4014,books/literary/publisher,no_explicit_marker,False,False,False,False,False,True,latin_or_other,it.wikipedia.org
36a6bcd3613e8dbb4927f22b2bd3176c0ccb2fea2cbca9a65bfe224dd94124d5,2,2,0,Italian,12051,unclassified/mixed,no_explicit_marker,False,False,False,False,False,False,latin_or_other,
36aa3d426b8ed56090ee3beac480707bf55e66a31c352c9d29a418f09509120f,2,2,0,Portuguese,14677,government/legal/procurement,no_explicit_marker,False,False,False,False,False,False,latin_or_other,
36b8c87d0f9ad3ff3512ffdde7340b524b44b1adf4e634a51a5e92036feb15ce,2,2,0,French,5064,unclassified/mixed,no_explicit_marker,False,False,False,False,False,False,latin_or_other,
36be6f277666c89bb9c04ff321e95073f4da130e40312ec6b1595d11b499fedb,2,2,0,French,7010,encyclopedia/reference,no_explicit_marker,False,False,False,False,False,False,latin_or_other,
36fc258b962d3ff8a400f55049e305470a02a5339ed718f868c94b2c41d9c986,2,2,0,German,1496,unclassified/mixed,no_explicit_marker,False,False,False,False,False,False,latin_or_other,
36fe46937d00afe81711f795937b43cf5be63e22e2d5576e20e0d70df97421db,2,2,0,Portuguese,14084,manual/technical documentation,no_explicit_marker,False,False,False,False,False,False,latin_or_other,
370da1b36a5fb6b7840d64f3114dc6ce406f7ecc17f2f8334fb2d51cf9fcec38,2,2,0,Spanish,2031,government/legal/procurement,no_explicit_marker,False,False,False,False,False,False,latin_or_other,
37864e0324fb085a9f624c38124fb99e6385d3018c190e46d3fec5a84b00d280,2,2,0,English,3503,unclassified/mixed,no_explicit_marker,False,False,False,False,False,False,latin_or_other,
37b68c3f018570036cbbbd17bf902c09c6441e75714150c91f1789731ac17614,2,2,0,French,12855,scholarly/research,no_explicit_marker,False,False,False,False,False,True,latin_or_other,
37de25c3d530d4bf1ac4dda291187f8829192043627c77bb99ef49898f1ee2b8,2,2,0,English,4177,scholarly/research,no_explicit_marker,False,False,False,False,False,False,latin_or_other,
37e94070ed5c296c9f0e540290d2a63472ee94ebd1a53b2cf572c3d2b32cf1c7,2,2,0,Italian,5560,unclassified/mixed,no_explicit_marker,False,False,False,False,False,False,latin_or_other,
3860d511006f6e6c3411140d96ee1222ceb3a976012f73dcb10beb6e6af7b81d,2,2,0,French,4602,government/legal/procurement,explicit_open_licence_marker,False,True,False,False,True,False,latin_or_other,
38c7290c5fa8c727dbf5dcb353da3e19d90301a4cc9f1c4f7ecb1069860c787e,2,2,0,Spanish,15731,government/legal/procurement,no_explicit_marker,False,False,False,False,False,False,latin_or_other,
38c9f80b66723ee4fdf11fc051662e45a9d5d024c5abb164d391c5ee30b8e10a,2,2,0,Italian,8570,encyclopedia/reference,no_explicit_marker,False,False,False,False,False,False,latin_or_other,
39208f8dc0a02c5e2de1355fc3798089e021410b15f0dc5e68c1d832b3bfb765,2,2,0,Italian,14192,scholarly/research,no_explicit_marker,False,False,False,False,False,True,latin_or_other,
396b68c93dab975bff4fc1b0c19d5df1d0840cea020904ed14cc4f561c6f65cc,2,2,0,Portuguese,4337,scholarly/research,no_explicit_marker,False,False,False,False,False,False,latin_or_other,cpadnews.com.br
396b7e7b3b66a7c736f257407edee1ddde8a47f9446f9115dca06b0c777ba770,2,2,0,English,2848,unclassified/mixed,no_explicit_marker,False,False,False,False,False,False,latin_or_other,
398fbd88d4e7b04ea9722d7a35236b63b47302fcba2eb36599fbce9f5594c4db,2,2,0,English,5313,government/legal/procurement,no_explicit_marker,False,False,False,False,False,False,latin_or_other,
399531f72c1fedda5ab3183459a9c116d31c2f1860c0e72449669368a125f40e,2,2,0,Spanish,5631,news/blog/general web,explicit_open_licence_marker,False,True,False,False,False,False,latin_or_other,
39ce470c96cf39a41f885d605e75f957f3242f435d3f8db6b35fd415790b8c0d,2,2,0,Italian,12164,encyclopedia/reference,no_explicit_marker,False,False,False,False,False,False,latin_or_other,it.wikipedia.org
39d1b632ad6c01c7227efe00745125dbad45763717cac6d7ea71fad4240beb13,2,2,0,English,6133,news/blog/general web,no_explicit_marker,False,False,False,False,False,False,latin_or_other,bh.org.il
39d3ec96c0f14414d7bdaf1df1291be41ad5fd9b1bc72fa923cd6d54cf0ed0a5,2,2,0,Portuguese,2403,unclassified/mixed,no_explicit_marker,False,False,False,False,False,False,latin_or_other,
39e068eb9524d35269c33ed39f7757256f27c73bad28b858d6d34d93d59abfb0,2,2,0,English,8555,scholarly/research,no_explicit_marker,False,False,False,False,False,False,latin_or_other,
39ff0746b8a31133499ede73065e8321a9a1904dfc7c5bd993b08640d114391f,2,2,0,French,3801,unclassified/mixed,no_explicit_marker,False,False,False,False,False,False,latin_or_other,
3a1142642b694bdf27bb6edadf0f06c6e6d89fd2c1c66bd5b619862c05d937fe,2,2,0,Spanish,2511,unclassified/mixed,no_explicit_marker,False,False,False,False,False,False,latin_or_other,
3a12f4a02109c0f13f559060ddc223d8fecab7a093b1c6126ffd2892cb5f3744,2,2,0,Italian,4726,government/legal/procurement,generic_copyright_or_bibliographic_marker,False,False,False,False,True,False,latin_or_other,
3a14cd290f9fd64f690886cfb1191486cd067325a8a4b9cadc4c181e26a12e0e,2,2,0,Portuguese,5183,government/legal/procurement,no_explicit_marker,False,False,False,False,False,False,latin_or_other,
3a41f584f0200a5b65301ed9d3c42622543830c763d67b51bc07a9b5258b8265,2,2,0,English,10611,books/literary/publisher,no_explicit_marker,False,False,False,False,False,True,latin_or_other,tcct.soe.purdue.edu
3a5cd7a8f4edb4c8307064d8b21b00470d222381b0c900049c306e4bf63fbf25,2,2,0,English,2759,unclassified/mixed,no_explicit_marker,False,False,False,False,False,False,latin_or_other,
3a6f60638f9b7d8dfbcee3d314d2296ba3d7fb629ebfbeba025c88fba83aa3b4,2,2,0,French,7350,unclassified/mixed,no_explicit_marker,False,False,False,False,False,False,latin_or_other,
3a7b8b8b197f53547ad9786c08c9cdc3dab97223ff970534bee230518ae62928,2,2,0,Italian,5840,news/blog/general web,no_explicit_marker,False,False,False,False,False,False,latin_or_other,
3a827d82d409f342e3ae74856633dc1675cf6a6ee637d45ecef357c5cc39751c,2,2,0,Spanish,3067,books/literary/publisher,no_explicit_marker,False,False,False,False,False,True,latin_or_other,es.wikipedia.org
3a986ca76eeb5720471a3b0f4a9ef124dd24389e55c6a1a55896ad5d40b388a5,2,2,0,English,1584,unclassified/mixed,no_explicit_marker,False,False,False,False,False,False,latin_or_other,
3b0bf5b2da97813d54713839fbe383194665dea5862d357191bd94d04f82237b,2,2,0,French,11644,scholarly/research,no_explicit_marker,False,False,False,False,False,False,latin_or_other,
3b1c0a6711978554c901eb1af016b18d3b0a4911b50447c63ac0f4b63c70fd73,2,2,0,Portuguese,3204,unclassified/mixed,no_explicit_marker,False,False,False,False,False,False,latin_or_other,
3b250db21fc0945db3f08d10ca4e8bb8dc32bccc597180eb54a163f8cebe76fd,2,2,0,Italian,3117,unclassified/mixed,no_explicit_marker,False,False,False,False,False,False,latin_or_other,
3b255abd1701042031b2c256d3b24477dedc8403b1e6e9eb4ef2f38ba6947031,2,2,0,English,3099,news/blog/general web,no_explicit_marker,False,False,False,False,False,False,latin_or_other,
3b31c339d929732da594946cf927f292a3a850c99eef98bc47327e0a241bedc5,2,2,0,Portuguese,7914,government/legal/procurement,no_explicit_marker,False,False,False,False,False,False,latin_or_other,
3b37a7fca105583d17408c2b5f6ffccbd39b87d5f2bee5a39a2c3ab93e3c677d,2,2,0,English,2564,scholarly/research,no_explicit_marker,False,False,False,False,False,False,latin_or_other,
3b4dba9b0713ee3188d17f8abb8c6b2fc02f4b56da0f9c72d1c48573cb000f5d,2,2,0,Portuguese,3786,scholarly/research,no_explicit_marker,False,False,False,False,False,False,latin_or_other,
3b5d8841bda2002c80d98988a915d51d60013e59b3f02c466f01765126519c38,2,2,0,English,8973,unclassified/mixed,no_explicit_marker,False,False,False,False,False,False,latin_or_other,
3b7907496e89922350ca28e79432951e59851b238842ef6347f5bfe2d7788a15,2,2,0,Portuguese,2557,scholarly/research,no_explicit_marker,False,False,False,False,False,False,latin_or_other,
3b86b3c076da6f860d0e65120e478585e1c6fd3874e01407d5dc7b6a4d1ea445,2,2,0,Spanish,2049,unclassified/mixed,no_explicit_marker,False,False,False,False,False,False,latin_or_other,
3b8aea043f35325770ba2b31e70d341be84952deb0d7ac6b3f482b8730053351,2,2,0,Italian,14143,encyclopedia/reference,no_explicit_marker,False,False,False,False,False,False,latin_or_other,
3b9f78d629945aea65c09df9f43ae0bf635859c0a15857ff1c167056d34b9d9e,2,2,0,English,9071,scholarly/research,no_explicit_marker,False,False,False,False,False,False,latin_or_other,
3bd48ce0dd2ca09b50d5b46a8df04c6f8cb7efbaeaf7d487c3b6c87ab40b4e1d,2,2,0,Portuguese,8588,unclassified/mixed,no_explicit_marker,False,False,False,False,False,False,latin_or_other,
3bd668ee9b6387f380cb843a2e6679233bd65f2bbf9987b4b420fa69b7a682e2,2,2,0,Spanish,3237,unclassified/mixed,no_explicit_marker,False,False,False,False,False,False,latin_or_other,
3be44a8a7675ece7de20a471e65fea4c8d5848624470ed7ad9a10dc9bbc829b6,2,2,0,French,3060,scholarly/research,no_explicit_marker,False,False,False,False,False,False,latin_or_other,
3be711060fe28c5aa134b6cc5da08935a50076526c5eabf669bf24d422ded60f,2,2,0,Spanish,2967,government/legal/procurement,no_explicit_marker,False,False,False,False,False,False,latin_or_other,
3bf0ff04db6aaf2a2e1c439b733fb1f51a38bc60842e7f25280cff0ceb3c07c6,2,2,0,Portuguese,3626,unclassified/mixed,no_explicit_marker,False,False,False,False,False,False,latin_or_other,
3bf5597018e3057aeff898e92b88a0a01a2066dc80f7ae2b189b4771325a7c07,2,2,0,English,7394,scholarly/research,no_explicit_marker,False,False,False,False,False,False,latin_or_other,
3c0216a549993d8e4f7da8517b94ee753a9631e6bb17618614c071a2a425b891,2,2,0,Italian,13630,unclassified/mixed,no_explicit_marker,False,False,False,False,False,False,latin_or_other,
3c09368593cc5356636cc596d6b8d303a9e602ed88894289059dd06e54794f70,2,2,0,German,9462,unclassified/mixed,generic_copyright_or_bibliographic_marker,False,False,False,False,True,False,latin_or_other,mpg.de
3c3001eefd82ea74234ae83545f26e3c5473b26e1c94babc384e06ab6081fedf,2,2,0,English,4321,news/blog/general web,no_explicit_marker,False,False,False,False,False,False,latin_or_other,thichuongtra.com
3c5ddd079139b833b983efbf406008fe3c05dcff551a9ae5ac0d8c6bac6843fd,2,2,0,Portuguese,13676,government/legal/procurement,no_explicit_marker,False,False,False,False,False,True,latin_or_other,
3c61d6aad661aa30b0f7aa8af9ea2fd73cc9e85c2393a6b2d1439d35a7be2e89,2,2,0,French,6293,scholarly/research,generic_copyright_or_bibliographic_marker,False,False,False,False,True,True,latin_or_other,
3c7ac946b3e1676436037d4f8a18db4c0bc6fd6b31a8a4df2ed0f0569bd819ed,2,2,0,English,4174,unclassified/mixed,no_explicit_marker,False,False,False,False,False,False,latin_or_other,
3cd7e90d213bfe77b718b478231023732a905cb77cb72ab0924a840e0ae690d4,2,2,0,Spanish,6830,government/legal/procurement,no_explicit_marker,False,False,False,False,False,False,latin_or_other,
3ceb5bff1f173bc17b72d62a7521c020ff385fb8a1e75b29441139fb1aac27f7,2,2,0,Italian,7136,government/legal/procurement,no_explicit_marker,False,False,False,False,False,False,latin_or_other,
3d130e083bdc0dceeff635411d43fb45716c80def3efc14bc94291a2ff686fbe,2,2,0,Portuguese,14372,scholarly/research,no_explicit_marker,False,False,False,False,False,False,latin_or_other,
3d256fc68af11db580e59201c0f20b88029b20bcb6a1ccad048334d4ec200ce8,2,2,0,English,1585,unclassified/mixed,no_explicit_marker,False,False,False,False,False,False,latin_or_other,
3d27dbf3dd78bd2a21d6cd47365872280c76ef32fcc8379545fb76ccaeea67d6,2,2,0,English,3655,unclassified/mixed,no_explicit_marker,False,False,False,False,False,False,latin_or_other,
3d700e26db7cf575341ae5c99a52d7c01ded6a79353115210954aee3fb213b1d,2,2,0,French,14003,unclassified/mixed,no_explicit_marker,False,False,False,False,False,False,latin_or_other,
3d7925a084cb553f26deac6361ce588212e9257cee87a63ed3968dc93f7e4f13,2,2,0,English,7662,unclassified/mixed,no_explicit_marker,False,False,False,False,False,False,latin_or_other,
3d8d51631783606416de5bb77caea9e7858b120ea678e1b154851d1ff5d956a2,2,2,0,German,2783,unclassified/mixed,no_explicit_marker,False,False,False,False,False,False,latin_or_other,
3de802284b6a2a4570fcd8110dc1a6af162d758a787a96b9b306024c23a49da5,2,2,0,English,1135,unclassified/mixed,no_explicit_marker,False,False,False,False,False,False,latin_or_other,
3df0f9d834bbcf0a9b453ed3d0ca33599f1cf9ca4dd8f10bdd0e8207e7fc7d89,2,2,0,Spanish,8126,manual/technical documentation,no_explicit_marker,False,False,False,False,False,False,latin_or_other,
3dfc05603507118a1820448ba8450f29bcd81a86f4f5a606ffdc865a9376766e,2,2,0,Portuguese,7586,government/legal/procurement,no_explicit_marker,False,False,False,False,False,False,latin_or_other,
3e09eb110a29236863add565b6623ec94df2ec69a8468cf353e30bc677056866,2,2,0,English,21090,scholarly/research,no_explicit_marker,False,False,False,False,False,False,latin_or_other,
3e0b970f6fecffa42b73e0fbefe54082312cd38170c58c1231a2ade31b6187a2,2,2,0,English,4018,unclassified/mixed,no_explicit_marker,False,False,False,False,False,False,latin_or_other,
3e181c36e2601d248ad59e85ed831156cc95ec31accca7c8286178c0986451dd,2,2,0,English,2045,unclassified/mixed,no_explicit_marker,False,False,False,False,False,False,latin_or_other,
3e2f06a4ab417e33d32cb91502e65c11524819ce42011878b3b884bbfdee9be1,2,2,0,Italian,2524,unclassified/mixed,no_explicit_marker,False,False,False,False,False,False,latin_or_other,
3e329130afbf87dcbb9d147a029e98bf1083a6651fbb6de6d0db06c340e58d5c,2,2,0,English,8602,unclassified/mixed,no_explicit_marker,False,False,False,False,False,False,latin_or_other,
3e3d98aea3ed7b67b15221c5d0489b0565b06f41751c9efe9534c4a9c7cebfd0,2,2,0,French,7913,scholarly/research,no_explicit_marker,False,False,False,False,False,False,latin_or_other,
3e5bb30d93b1c0012f75d9489f1b6b10672726c72d627b6e56d13ed7385714c5,2,2,0,Portuguese,7115,unclassified/mixed,no_explicit_marker,False,False,False,False,False,False,latin_or_other,
3e76d3839514b03173a3ff962bfa2b98d1dfb0c1045f382fff37b5809cb7bb11,2,2,0,English,20171,scholarly/research,no_explicit_marker,False,False,False,False,False,False,latin_or_other,
3e99dbc673142aec7fe2f9e16dc01af962088e251ea11baa5fe27d7b07b3cade,2,2,0,Portuguese,4544,unclassified/mixed,no_explicit_marker,False,False,False,False,False,False,latin_or_other,
3ed01a96efbd4fa1f115d1968e2d360d8143c722e869cccfd40055964711a964,2,2,0,Portuguese,4272,unclassified/mixed,no_explicit_marker,False,False,False,False,False,False,latin_or_other,
3ed86a84fb8c94333d02e81e34dbd10b0758f87bbb67360cf9316ad500f8e91c,2,2,0,Italian,10219,encyclopedia/reference,no_explicit_marker,False,False,False,False,False,False,latin_or_other,it.wikipedia.org
3ee5ca74756a1a23ab2ed1322f1f64dd924926b934da999359346220c2c5b8f8,2,2,0,English,3893,government/legal/procurement,no_explicit_marker,False,False,False,False,False,False,latin_or_other,
3ef0d7b2e9ade10a84dc77fbfd7eddca98eea486756c6c1c9366e0fd9f85bda2,2,2,0,Portuguese,1642,unclassified/mixed,no_explicit_marker,False,False,False,False,False,False,latin_or_other,
3f0bd95cc919d5271465d9a6ef679916e10ec314ffba117741c4281d24018f82,2,2,0,Italian,14207,unclassified/mixed,no_explicit_marker,False,False,False,False,False,False,latin_or_other,
3f4fdf56c412bbfa927d1c5aed7ccec4be3e1dc5f495ed82780a2d318a95114b,2,2,0,Italian,13967,unclassified/mixed,no_explicit_marker,False,False,False,False,False,False,latin_or_other,
3f52a978418e7f864d555942959fbc6c543d218861fb60ca7d4d1cf67fff17e0,2,2,0,Italian,13905,manual/technical documentation,no_explicit_marker,False,False,False,False,False,False,latin_or_other,
3f579cb4ae55105eb77330267c3024a99a24baf1e977db461641932bdd07ea38,2,2,0,English,5642,books/literary/publisher,no_explicit_marker,False,False,False,False,False,False,latin_or_other,
3f608915c1d7fd090d244de40d2ac8c568dba92a71f1c0414cc081fcebb3accb,2,2,0,English,3964,government/legal/procurement,no_explicit_marker,False,False,False,False,False,True,latin_or_other,
3f61210c1508aaaabb4d328eba8ebe15209308151d6c43e23875fd86eaac13e8,2,2,0,English,19056,scholarly/research,no_explicit_marker,False,False,False,False,False,False,latin_or_other,
3f6e5d49e33d3d17768b23a3007e9add3f0a43a50b161ff19e518156701fc264,2,2,0,English,21179,scholarly/research,no_explicit_marker,False,False,False,False,False,False,latin_or_other,
3f7c531a05bad51184ce5b0d3f26af4e4027a66ed2dba27c3fe41e2b58c0779e,2,2,0,Italian,2922,unclassified/mixed,no_explicit_marker,False,False,False,False,False,False,latin_or_other,
3f8d63aaeae408bca24124ad39db4bcbefbd75eb78d21f07974a17d55f6203db,2,2,0,English,6434,unclassified/mixed,no_explicit_marker,False,False,False,False,False,False,latin_or_other,
3fa71636a0f9b6ea3dd053c1ef43ea45f4479d131ce45d1ad5acd255cc9da0fe,2,2,0,Italian,1768,encyclopedia/reference,no_explicit_marker,False,False,False,False,False,False,latin_or_other,it.wikiversity.org
3fd15ddad69e8017c909d0dd72932294485da7ebc9daec7f57f393a7a730a981,2,2,0,English,8048,government/legal/procurement,no_explicit_marker,False,False,False,False,False,False,latin_or_other,
4039a196e1b6c2633dc96f3a7c33003f9c279c8d6b26cfaafa4ca695de916540,2,2,0,Italian,4224,books/literary/publisher,no_explicit_marker,False,False,False,False,False,True,latin_or_other,
40596daf7f105b1dfc0e4fecbb9dc7c8a5aff06a2cedc055eb208de7d0ec8f20,2,2,0,English,8990,scholarly/research,no_explicit_marker,False,False,False,False,False,False,latin_or_other,
405a97f2bb4ecaba4d4f151f9c2e4aa68ca5e3b9bfa6a3d0f3df01256605b0f6,2,2,0,Italian,1416,unclassified/mixed,no_explicit_marker,False,False,False,False,False,False,latin_or_other,
406ab090df6dcdc089e921bf91b6360fcd3ffd823504c50a72408bfd8b234068,2,2,0,Italian,3678,unclassified/mixed,no_explicit_marker,False,False,False,False,False,False,latin_or_other,
409798624a5f1f51dd84ef7c4c5d0a016e77d4e31f976f5ac3be45f2e3876507,2,2,0,Spanish,5599,unclassified/mixed,no_explicit_marker,False,False,False,False,False,False,latin_or_other,
40b6cb380b67fc24f75cb88a5566cba0ab8f97f2a9f956e6a5356f60a143bebc,2,2,0,Portuguese,4296,scholarly/research,no_explicit_marker,False,False,False,False,False,False,latin_or_other,
40bb9a6ffb099355b67a79c3738fee9bdbe5b30198f293716472f8f2d0b358bf,2,2,0,Italian,10697,unclassified/mixed,no_explicit_marker,False,False,False,False,False,False,latin_or_other,
40cc6188170689da7358baa9e4d604d52ca65fd02999e72257fdec9642b1e134,2,2,0,Italian,11336,government/legal/procurement,no_explicit_marker,False,False,False,False,False,False,latin_or_other,
40d1b98144089efdc41c791557bb63a2b738e805f351a92f8123e337de8f6c25,2,2,0,Portuguese,3386,unclassified/mixed,no_explicit_marker,False,False,False,False,False,False,latin_or_other,
40d6517e63f158a1cda3e8a75d071d528b6c7b56bcfba0c3880d04ba28c3df62,2,2,0,English,6297,unclassified/mixed,no_explicit_marker,False,False,False,False,False,False,latin_or_other,
40dbe562f9ef7343187bb8e469f4b5f9609196dff263a111e2cc6a06da8d7263,2,2,0,English,10535,scholarly/research,no_explicit_marker,False,False,False,False,False,False,latin_or_other,jstor.org
40e34aa854e42c85dc299171f180ed7ebfed50f9247ce0861468dcb53a910923,2,2,0,English,1550,scholarly/research,no_explicit_marker,False,False,False,False,False,False,latin_or_other,
40e488b55c7262cb0858334008aacdab005595a7315fc5ef7ea69cedbf13b914,2,2,0,Italian,2380,unclassified/mixed,no_explicit_marker,False,False,False,False,False,False,latin_or_other,
40fc36308fce2b32cc8b16fc2a949336a0bb5cf30906f92902acf29606dab030,2,2,0,English,6787,unclassified/mixed,no_explicit_marker,False,False,False,False,False,False,latin_or_other,
412f109bce7281264315738b01312958e8018f12db5d5baebad4210e6600bfc0,2,2,0,Italian,3632,unclassified/mixed,no_explicit_marker,False,False,False,False,False,False,latin_or_other,
41390f736ff2a9607ec9d73ef1c9c4a99c97a30b4d412ab21bd5c0a15f179585,2,2,0,Italian,14726,scholarly/research,no_explicit_marker,False,False,False,False,False,True,latin_or_other,dx.doi.org;osa.org
416074886b3c1b6fa2d1aa1f1bae359f872fb1de632979de13301438624706b1,2,2,0,Portuguese,5887,government/legal/procurement,no_explicit_marker,False,False,False,False,False,False,latin_or_other,
419170bece01e26858fb479db0df46d229ad7ad5aa766bedb3d92fab2a8bfddc,2,2,0,English,3409,news/blog/general web,no_explicit_marker,False,False,False,False,False,False,latin_or_other,
41c082874d6f109723be5958ba7cc334528f296c2f452188c33f790323fd0cfa,2,2,0,Italian,14008,unclassified/mixed,no_explicit_marker,False,False,False,False,False,False,latin_or_other,
41c64d436d04c82b482a08da410f65a54c5141c4341945767f1ae1721fcf089f,2,2,0,German,3590,unclassified/mixed,no_explicit_marker,False,False,False,False,False,False,latin_or_other,
41c951f28f95cf767fcebfe6ca04b1b5d485b84a69291c8a54aa4f7866bf52ef,2,2,0,Portuguese,4533,scholarly/research,no_explicit_marker,False,False,False,False,False,True,latin_or_other,
41f1577a14983df49f2ee1d08b90655f678d0d49cb2c8d0af9176a341dc6748c,2,2,0,English,2743,unclassified/mixed,no_explicit_marker,False,False,False,False,False,False,latin_or_other,
42100b1c921d3aa5c296c4235aa20cc8617801d9f82216bce1cd6a4d3e90c4c7,2,2,0,English,8992,scholarly/research,no_explicit_marker,False,False,False,False,False,False,latin_or_other,
42160dd69dd7bda5a66dd7d67fb51475894ca9b0795f2e58b11d4e8a3d572ed6,2,2,0,Italian,3586,unclassified/mixed,no_explicit_marker,False,False,False,False,False,False,latin_or_other,
423287285ee3159520efda7eb10779bd9511d0f0063464c8282e29b1d056cefe,2,2,0,French,7436,scholarly/research,no_explicit_marker,False,False,False,False,False,False,latin_or_other,
4237fc4afc24763584bfa61c54b1ae02edf036e68a785d2ca79fe5f332cd79fe,2,2,0,English,3808,government/legal/procurement,no_explicit_marker,False,False,False,False,False,True,latin_or_other,
423da0d18a3de33b5415ec8616e45a7ab953324ad657a0b5300c777b42a02511,2,2,0,English,4010,unclassified/mixed,no_explicit_marker,False,False,False,False,False,False,latin_or_other,
424978c4184c278886449040ce1f1831651503f6d4006d2ff78238067478542a,2,2,0,Italian,2914,unclassified/mixed,no_explicit_marker,False,False,False,False,False,False,latin_or_other,
4266dadb44acaadb8e0275fb4c85dd648a0bc5a6eab6e1d40bedb78eb3e38cd9,2,2,0,Italian,8299,news/blog/general web,no_explicit_marker,False,False,False,False,False,False,latin_or_other,medicitalia.it
427acd8d55459e1002495fb080609af466fb1ba8d6a13f140409827896a93d2f,2,2,0,English,12617,unclassified/mixed,no_explicit_marker,False,False,False,False,False,False,latin_or_other,
42816b92a622ceeac58007038e4994cbb7b8d132960d4a7a2c7d234d9ac3f495,2,2,0,English,3700,unclassified/mixed,no_explicit_marker,False,False,False,False,False,False,latin_or_other,
42a1b0aeaf796a25899daf2c6ffcd8b5ae49c00f2b16b1e41da9102347444359,2,2,0,English,3298,news/blog/general web,no_explicit_marker,False,False,False,False,False,False,latin_or_other,
42db12e81b4d1a246aba7fc271cea30a3bd9f4714013fb9d0c2d2449e9c910b9,2,2,0,Portuguese,2598,scholarly/research,no_explicit_marker,False,False,False,False,False,True,latin_or_other,
42f130902cff297067cf698fa7620212c8b4a2da249b08c3565d16ebd70d291e,2,2,0,Italian,3200,unclassified/mixed,no_explicit_marker,False,False,False,False,False,False,latin_or_other,
42f220373e71290055400184e86127fb296c25c16096c876a5f698ebaf177c0d,2,2,0,Spanish,15436,news/blog/general web,no_explicit_marker,False,False,False,False,False,False,latin_or_other,
42f6664f8171cccc2f08ead0c640a93b7c6a0aa13cdc357485794d54b0639495,2,2,0,Portuguese,14428,government/legal/procurement,no_explicit_marker,False,False,False,False,False,True,latin_or_other,
42fdbb5d362d19b5b29691b4e124fd849e2d38f0de218a0ac32338cf2873eeae,2,2,0,Portuguese,3334,unclassified/mixed,no_explicit_marker,False,False,False,False,False,False,latin_or_other,
433126210ab6cfd6e969891f179da54919b375113c67c4dff4eda3b7d5d9b0e7,2,2,0,Portuguese,1491,unclassified/mixed,no_explicit_marker,False,False,False,False,False,False,latin_or_other,
43592a3e4213e44aba5ea37040dc2995dccefa5a0343870a616ca61319e6141e,2,2,0,English,9920,scholarly/research,no_explicit_marker,False,False,False,False,False,False,latin_or_other,
435bdeba7451b19dcd14543272b96e5c2b179b3b7fe6574f2f8ef3d92500e0db,2,2,0,English,4005,scholarly/research,no_explicit_marker,False,False,False,False,False,False,latin_or_other,
4365e59933761f0b571ebeb5f6a718b70c0b9b693fb435c9f3c22605d71d9146,2,2,0,Italian,10426,unclassified/mixed,no_explicit_marker,False,False,False,False,False,False,latin_or_other,
436aea05a176281ce897fc1d820f913cdb8565b7547ef9aef123c9223da3a52c,2,2,0,English,11949,government/legal/procurement,no_explicit_marker,False,False,False,False,False,False,latin_or_other,
437384f043574cdb27d37052e2b9249b068836c2818110fd7ff39bfae36e3190,2,2,0,English,1997,unclassified/mixed,no_explicit_marker,False,False,False,False,False,False,latin_or_other,
43880cd2a45b396d6b7fbaa9d119cc6ab556bc8a39a068acbed69c35402ec2ba,2,2,0,English,6148,unclassified/mixed,no_explicit_marker,False,False,False,False,False,False,latin_or_other,
438eb733c982cfc64ff5e1df39638f2a879eded8128f4b3e57f75a08edb1eaa7,2,2,0,Portuguese,3540,scholarly/research,no_explicit_marker,False,False,False,False,False,False,latin_or_other,pt.wikipedia.org
43d45db3dd765c77a2e163a771daa322f5d87457a8fe86e420f9c8e3abe1bcd4,2,2,0,English,20629,government/legal/procurement,no_explicit_marker,False,False,False,False,False,True,latin_or_other,
441be19f53b426176afaee48c0e6a09133bdc94a2e026bbe82058d4ecaa25f81,2,2,0,Portuguese,7804,unclassified/mixed,no_explicit_marker,False,False,False,False,False,False,latin_or_other,
443b89bb89b2f794a7b9734e5ae958ae01a5d0cec6dd28d5a04189380a1c489e,2,2,0,English,7297,scholarly/research,no_explicit_marker,False,False,False,False,False,True,latin_or_other,ancient.eu.com;ancienthistory.about.com;jstor.org.ezproxy.uky.edu;maya.nmai.si.edu;sacred-texts.com
444abad2acdb996008fa4a3b1693cc6e8af13d3acb4517ec449a5f5cccd3d897,2,2,0,Italian,3594,unclassified/mixed,no_explicit_marker,False,False,False,False,False,False,latin_or_other,
4450532d12d842e415c45331fb89de3dc3888a9c3af77809959e12c6bf276d89,2,2,0,English,1603,unclassified/mixed,no_explicit_marker,False,False,False,False,False,False,latin_or_other,
4462273993dc7735c8aa41005ee3b9bbdfbf3ca94a3026f8957087e1c17ae792,2,2,0,English,17069,unclassified/mixed,no_explicit_marker,False,False,False,False,False,False,latin_or_other,
44a0fe4ed89bfde506beedc44fe95dd76f9812e5e4ee69c87b8910f345df8408,2,2,0,Portuguese,14996,government/legal/procurement,no_explicit_marker,False,False,False,False,False,False,latin_or_other,
44d7518ef290f16ff7f8f82b14e2dd8b391ad118a3ec2525b02c1f69329dab0b,2,2,0,Portuguese,7784,scholarly/research,no_explicit_marker,False,False,False,False,False,False,latin_or_other,
44e163720f8c94385e3a106c4e0067cfb1ecd2e5c49625e3a114021492fd120b,2,2,0,Portuguese,4355,books/literary/publisher,no_explicit_marker,False,False,False,False,False,False,latin_or_other,
450fe05eccdd9fac67bad0f1a62290a05563b14a42989afdeaa74c1c432df198,2,2,0,Spanish,7207,unclassified/mixed,no_explicit_marker,False,False,False,False,False,False,latin_or_other,
451c0f5912ce26feb60c9949372769a5b7e4f6d83629d6ab31e19ef1433e5d7b,2,2,0,English,11533,unclassified/mixed,no_explicit_marker,False,False,False,False,False,False,latin_or_other,
4552fa59280376766a92e03c41a01e04b81c6c7560ff02e735cfbd310284cdd9,2,2,0,German,5896,unclassified/mixed,no_explicit_marker,False,False,False,False,False,False,latin_or_other,
455d4e5cafef775009e55ac104d2d0bc2818f62c2ef2e43616f0a2f1769bef8f,2,2,0,French,2277,unclassified/mixed,no_explicit_marker,False,False,False,False,False,False,latin_or_other,
4572cfc8990b2ddf0453d09d22a25545abb56834cf52f048ed71ea31f69f4673,2,2,0,English,5855,unclassified/mixed,no_explicit_marker,False,False,False,False,False,False,latin_or_other,
45934b44e861f73934d9cee52fd36b3eb7f15ae968ce9a4d64046027551e9977,2,2,0,Italian,13059,unclassified/mixed,no_explicit_marker,False,False,False,False,False,False,latin_or_other,
45a776dddf5e2eb223c03ffa5b2977f36a484e9f48eb7aff2bacf1106e19223e,2,2,0,Spanish,14557,government/legal/procurement,no_explicit_marker,False,False,False,False,False,False,latin_or_other,
45ac1757f2b72d771b16a931a03184ead40bcc376e92b3c14632f0d17fa627f8,2,2,0,Italian,3060,unclassified/mixed,no_explicit_marker,False,False,False,False,False,False,latin_or_other,nationalgeographic.it
45ae921b7db1f1005b71ea229ab5ec25ab1b15b0350e044e8e2e828426bab10e,2,2,0,Spanish,4463,unclassified/mixed,no_explicit_marker,False,False,False,False,False,False,latin_or_other,
45af3bb99e18cf7cf0e4a4181d8810b5e57cc8e88afeaefb0f3058377db091ca,2,2,0,English,5167,government/legal/procurement,no_explicit_marker,False,False,False,False,False,False,latin_or_other,
45bdab633ccc5eb9cf678b456546d0a4bb2b1a80c4a69a8bbd482e6c43945f5a,2,2,0,French,14706,encyclopedia/reference,no_explicit_marker,False,False,False,False,False,False,latin_or_other,
461d41a2b03c21e168e5060e46339e91de0460be9d99c88d12ebf9749b61cc5b,2,2,0,English,4909,scholarly/research,no_explicit_marker,False,False,False,False,False,False,latin_or_other,
4678144e2675c830163f23b6bcebd7b298fd4673e84e6d72166b7fba035753f4,2,2,0,French,14756,scholarly/research,no_explicit_marker,False,False,False,False,False,True,latin_or_other,crea.polytechnique.fr
467a8680605074bfec7ce2921e1be48b872cc4dcd075c8b60926a5571d3062c2,2,2,0,Italian,13896,unclassified/mixed,no_explicit_marker,False,False,False,False,False,False,latin_or_other,
46a5110518371291cc936bb0b1c3cd9bcc449d0edc0c9d5adccc208ea4933727,2,2,0,English,22776,government/legal/procurement,no_explicit_marker,False,False,False,False,False,True,latin_or_other,
46a65b3c40e6b24f29e86196a4ecde319f272ab369e5772fe9ad36d476ac282c,2,2,0,English,4158,encyclopedia/reference,no_explicit_marker,False,False,False,False,False,False,latin_or_other,
46ae7ba036471c983b0714d05069f8a192d9cc938b8a76c7fc0c995a2dd77b3b,2,2,0,Portuguese,5185,unclassified/mixed,no_explicit_marker,False,False,False,False,False,False,latin_or_other,
46af5f9dc4175654e6df0589faee0cf35632d8fc2e26d16d0eeca374ec6a9c10,2,2,0,German,2678,unclassified/mixed,no_explicit_marker,False,False,False,False,False,False,latin_or_other,
46fd135bef3faf41b6923ad69469cfa72fa55ee4665064271e094b8b12b9b105,2,2,0,French,3021,scholarly/research,no_explicit_marker,False,False,False,False,False,False,latin_or_other,
471a83f1340d4298de5a98191182b3f0de94f44fe5bf3f05d7b934240c648fdf,2,2,0,Portuguese,14695,government/legal/procurement,no_explicit_marker,False,False,False,False,False,True,latin_or_other,forumespirita.net
47428e2de5876203784ec664433ef0a6619f14eca7dfb463ad5302c36433dad7,2,2,0,German,4722,government/legal/procurement,no_explicit_marker,False,False,False,False,False,False,latin_or_other,
4751b8157de4fc6b4e453ac6e5f0e280ade1b03517d7e573cb4c06e3b2c3f779,2,2,0,Portuguese,14511,scholarly/research,no_explicit_marker,False,False,False,False,False,False,latin_or_other,
475bcf4616730dfdacd72abf6600251f6d8f987baf2619547aa273378864e248,2,2,0,English,4611,books/literary/publisher,no_explicit_marker,False,False,False,False,False,True,latin_or_other,
47674878cf424acba6af61f98ad67e214e71d35a201522b0631242d5fc498839,2,2,0,English,13402,news/blog/general web,no_explicit_marker,False,False,False,False,False,False,latin_or_other,unchr.org
4787f35a482cfb08ff91791f0d4d24e0ace96360f127861a1a478ac94e3b5f06,2,2,0,German,2082,unclassified/mixed,no_explicit_marker,False,False,False,False,False,False,latin_or_other,
47d347c8482f8b779fa87175b823d736f96a8f53f1a8ee967a4c9930162b5f09,2,2,0,French,3625,unclassified/mixed,no_explicit_marker,False,False,False,False,False,False,latin_or_other,
47f8ebf83584d2c72c4063eb0c41b1a39243441800efc945e8acd15ba07b0b59,2,2,0,Spanish,4769,unclassified/mixed,no_explicit_marker,False,False,False,False,False,False,latin_or_other,
48129bae88044c9228886b966277580becf1180f538158a36dc37edc755b0304,2,2,0,English,5009,government/legal/procurement,no_explicit_marker,False,False,False,False,False,False,latin_or_other,
4837616a7c37d83c7f2d49ffa9ca6ec4175a1d0620b1be3b8e87fa1597e55a3e,2,2,0,English,15860,scholarly/research,no_explicit_marker,False,False,False,False,False,False,latin_or_other,
4857efe41fd246c8a7a70a54c701c4d5a3a7209526fdbc3e41f91c464e2c44a2,2,2,0,French,3320,scholarly/research,no_explicit_marker,False,False,False,False,False,False,latin_or_other,
4859716d93c0ac97ee55ef28d9defb78c67a15a1c381301804ed82a00747d532,2,2,0,Hindi,4263,unclassified/mixed,no_explicit_marker,False,False,False,False,False,False,latin_or_other,
485b3625a47e358150746eb77fbce2b93961484e38fbe1bf2dfb4064c6c1b26f,2,2,0,Portuguese,5575,unclassified/mixed,no_explicit_marker,False,False,False,False,False,False,latin_or_other,
486c1ca69b8e542fffd3e61a6644063357bd77fe2758f1a02c2f5170bc31e2dd,2,2,0,English,3685,scholarly/research,no_explicit_marker,False,False,False,False,False,False,latin_or_other,
487010538c66e031a9ecf6b6a8ceeb4f12f1143ef54fc0c8723154a0dfdab39f,2,2,0,English,6351,scholarly/research,no_explicit_marker,False,False,False,False,False,True,latin_or_other,
487b509cf0efccdf9df5fb62288078af4058b16dfa6665b65b752c336b191be6,2,2,0,Portuguese,3802,news/blog/general web,no_explicit_marker,False,False,False,False,False,False,latin_or_other,
488a04b2331dd6fbb25180cd9263c1896ca780506765b5609e7fc8375cad5acb,2,2,0,Spanish,14092,unclassified/mixed,no_explicit_marker,False,False,False,False,False,False,latin_or_other,
48b2e66f13a028a3ab1e1c4ed209c59b8cae86af4cbb644d13a3d460043912b8,2,2,0,Spanish,7313,unclassified/mixed,no_explicit_marker,False,False,False,False,False,False,latin_or_other,
48bc40fcd0fc84ae2761b7696cc8c1f810b60086ea933c8b5c7969e7e310b3e5,2,2,0,English,2538,unclassified/mixed,no_explicit_marker,False,False,False,False,False,False,latin_or_other,
48bfd48cb3af76cf456b740037839c5b61489a89324f2af566f619eabf03a8fa,2,2,0,Portuguese,6088,unclassified/mixed,no_explicit_marker,False,False,False,False,False,False,latin_or_other,
48ece0575eb3ff355fed43a0bf8426a3bb53f3b4651e5715f99b9cda231bd6dc,2,2,0,Portuguese,7783,scholarly/research,no_explicit_marker,False,False,False,False,False,False,latin_or_other,
491bf8750dc45276399336493a07f87d0579687c4fbca7c6d3be55d7a642e1b1,2,2,0,English,3029,unclassified/mixed,no_explicit_marker,False,False,False,False,False,False,latin_or_other,
493d2dad1f8feec490ae624e4e5f067c8411bcdb778deec72b5cc25a02c4a5af,2,2,0,English,8196,scholarly/research,no_explicit_marker,False,False,False,False,False,False,latin_or_other,ncbi.nlm.nih.gov
494761b54334c91daab3b6d05ae86795c282dbb49961aa398aa5f41c515bb6e4,2,2,0,English,6588,scholarly/research,no_explicit_marker,False,False,False,False,False,True,latin_or_other,
4972b208fd8275478bf1db51807473e0ad5c63297c3819c077d0f5c326a9a8f1,2,2,0,Spanish,3247,unclassified/mixed,no_explicit_marker,False,False,False,False,False,False,latin_or_other,
4975a9855e42b059bf0faf415045c3e95221cf812b0473fce8c4e37c606c328c,2,2,0,Italian,3617,unclassified/mixed,no_explicit_marker,False,False,False,False,False,False,latin_or_other,pnas.org;teara.govt.nz
4991bbf2e62c0c1148c1faf7c8062c3d66ea0fbc5191da9e13d41a4257ef147d,2,2,0,Spanish,2736,unclassified/mixed,no_explicit_marker,False,False,False,False,False,False,latin_or_other,
49aa0303bce140b2fbac7717e30044e0ae5f7899565d79ffd6be540af65aaee5,2,2,0,English,2913,unclassified/mixed,no_explicit_marker,False,False,False,False,False,False,latin_or_other,
49ab5fb1a3cabe2d51d9012d0ee64bdaf3e5200cabcbafb751bd2e1f24badd0c,2,2,0,English,9828,government/legal/procurement,no_explicit_marker,False,False,False,False,False,False,latin_or_other,
49c7293bdc7e819d9182a23b51fa916cd95207998a322071a5aecbbe9fb50bae,2,2,0,German,5120,unclassified/mixed,no_explicit_marker,False,False,False,False,False,False,latin_or_other,wernerwabnitz.de
49c85af192a65a8ae3060137698995b10baff527e159f8ca4711e8fae08898fc,2,2,0,Italian,13128,unclassified/mixed,no_explicit_marker,False,False,False,False,False,False,latin_or_other,
49cfebbf6792ff15b1903aa48f4f08291503e35a2e69540b3a9128f3bd7bb69c,2,2,0,Portuguese,12221,encyclopedia/reference,no_explicit_marker,False,False,False,False,False,False,latin_or_other,pt.wikipedia.org
49dd461ac1b97500bda2747ab723d332589c9174e6e214d7b31e7a30767b9756,2,2,0,German,9569,government/legal/procurement,generic_copyright_or_bibliographic_marker,False,False,False,False,True,False,latin_or_other,bpb.de
49fcf7923c04072e8661ca2ac6246f7fdafab87b013945673dbf6510bca69c8c,2,2,0,English,1702,unclassified/mixed,no_explicit_marker,False,False,False,False,False,False,latin_or_other,
4a28245d3b0543b075f474789a30a84e360c7beedad19bb47de685aba19c2744,2,2,0,French,14761,government/legal/procurement,no_explicit_marker,False,False,False,False,False,True,latin_or_other,
4a45e751c026a598ac0d6d629679841a0b8a074865173a6316d7a1a69f76caaa,2,2,0,Italian,7142,unclassified/mixed,no_explicit_marker,False,False,False,False,False,False,latin_or_other,
4a4a3f7dd5a4ae8155b5c0291d4318c64abb70241b20b8cfe5b91f48bdb47922,2,2,0,English,3362,scholarly/research,no_explicit_marker,False,False,False,False,False,False,latin_or_other,
4a4aa2f6f8f3603b01cfdbf908858c2f16fc558bdab3e6a55333dfc7249d20f6,2,2,0,English,7879,news/blog/general web,no_explicit_marker,False,False,False,False,False,False,latin_or_other,
4a8cc9ff16a9edacc86886b277eeae52c6c33a7bfe1e93bdd2a4290d6dccf983,2,2,0,French,3021,scholarly/research,no_explicit_marker,False,False,False,False,False,False,latin_or_other,
4a8d68c132713ca7eaf15b903ee22bd73d32e1f5524c813dd285565547d81bcb,2,2,0,English,6274,manual/technical documentation,generic_copyright_or_bibliographic_marker,False,False,False,False,True,False,latin_or_other,
4a96bade047c9f54815336253e5f9a8d0544a0caeb673ab57030788cc4ed0cb5,2,2,0,English,2111,unclassified/mixed,generic_copyright_or_bibliographic_marker,False,False,False,False,True,False,latin_or_other,
4a9f93ff5fb92a965e1a9aed330ec138ed3a20699cffaf2c8f6b556d2568cce5,2,2,0,Spanish,5581,unclassified/mixed,no_explicit_marker,False,False,False,False,False,False,latin_or_other,
4aae7e1c55514daf5dac4ee39a91a7f3fb496aba6309c928d495b40efb526c52,2,2,0,English,2026,unclassified/mixed,no_explicit_marker,False,False,False,False,False,False,latin_or_other,
4b04406e69d4074539825329726bd3a50035c5d0838d7ba7cfbab30f7e33525b,2,2,0,Spanish,11316,books/literary/publisher,no_explicit_marker,False,False,False,False,False,True,latin_or_other,es.wikipedia.org
4b1682fed003697d32fd690037705a488cd29c0be93a23ae21d2b79ee796e8e7,2,2,0,English,5584,scholarly/research,no_explicit_marker,False,False,False,False,False,False,latin_or_other,
4b2fdf5eb7eb57ba62be8411f831e239eb62382af546af5d98afff5d7bf71ca8,2,2,0,Italian,13982,unclassified/mixed,no_explicit_marker,False,False,False,False,False,False,latin_or_other,
4b4305667b2a1bf6ddae5c79b6bbe0c2860b383273bfac2abf7c7752e64d4695,2,2,0,Portuguese,2541,unclassified/mixed,no_explicit_marker,False,False,False,False,False,False,latin_or_other,
4b7255eb265d163d90ed0e40fe52f2a74a9dd4acf00b567f2e2dd464ec4cb1af,2,2,0,German,919,unclassified/mixed,no_explicit_marker,False,False,False,False,False,False,latin_or_other,
4b9cc8c2b651f0af8fd5c64163879121ef753d4522d4220166e8066b8f42e25e,2,2,0,French,2655,unclassified/mixed,no_explicit_marker,False,False,False,False,False,False,latin_or_other,
4ba4523571b903a50539d6dd75c354f6f6571993b677620a9550e2e3e9853fc6,2,2,0,Italian,4450,unclassified/mixed,no_explicit_marker,False,False,False,False,False,False,latin_or_other,
4bb7e002a7393b5514e86fd96160742f5ad84edfe469ebe3b88c9bd697f37f8e,2,2,0,French,14939,unclassified/mixed,no_explicit_marker,False,False,False,False,False,False,latin_or_other,
4be0605dbcbc2f46b4ed0d91d7fa917dee57d6fd5c69ee641996af8a4b3e3542,2,2,0,Portuguese,8727,unclassified/mixed,no_explicit_marker,False,False,False,False,False,False,latin_or_other,
4c1ae8fa2d89df87a8fca8bb8826ab9d028d7f5e87e0da1cb848f8e520d84299,2,2,0,Italian,4523,unclassified/mixed,no_explicit_marker,False,False,False,False,False,False,latin_or_other,
4c311fe11d8a2bbed89fc12b1d53f4a5b2a4ee909d8d6e178244527febfd1f17,2,2,0,English,8305,scholarly/research,no_explicit_marker,False,False,False,False,False,False,latin_or_other,
4c41900574e474e67575240052c2aae282583de8ab144f137fa1985835f1d2bc,2,2,0,English,2408,unclassified/mixed,no_explicit_marker,False,False,False,False,False,False,latin_or_other,
4c82f07e1db9165fa67e00c1f7e326a6fde350a3f508429eabd034339e968d9b,2,2,0,French,6553,scholarly/research,no_explicit_marker,False,False,False,False,False,False,latin_or_other,
4cb1aa097f9811e8a9534149babde641d6e14e8d693b636ae712bfa560cdfa26,2,2,0,Portuguese,2673,government/legal/procurement,no_explicit_marker,False,False,False,False,False,False,latin_or_other,
4cc5f4b25bf925b3a835af26067008e85131931491e52c861d17ba149570b26e,2,2,0,Portuguese,1624,news/blog/general web,no_explicit_marker,False,False,False,False,False,False,latin_or_other,lojaideiacriativa.blogspot.com.br
4cdfdbab625f927e8ad97591fc52530d6a885c0a5bf920a49948aeca448ed69a,2,2,0,French,12832,scholarly/research,generic_copyright_or_bibliographic_marker,False,False,False,False,True,False,latin_or_other,
4ce3b0673e8b41bebf889e359ab31e51ae9c5801ad4bcc40ddd835b1b235bd9b,2,2,0,Spanish,1735,unclassified/mixed,no_explicit_marker,False,False,False,False,False,False,latin_or_other,
4cf183453a8c978823a7eb718b16a90a0b435eb56e056bb0a660672d79b9c923,2,2,0,Italian,2988,news/blog/general web,no_explicit_marker,False,False,False,False,False,False,latin_or_other,lblog.it
4cf90f09c18cb548e986c0d0e450f019a2c6d8edbe40e1028914effc94198e41,2,2,0,English,6397,software/code/technical-QA,no_explicit_marker,False,False,False,False,False,False,latin_or_other,
4d0a59ba67cd66fb88d051414029058822fbd45423cfed6715d70b9f203f52e0,2,2,0,English,17528,scholarly/research,no_explicit_marker,False,False,False,False,False,False,latin_or_other,
4d7c101b765933651d22a6d27febd5aade392b2b8468c6356751d18db2e7093a,2,2,0,English,10835,government/legal/procurement,no_explicit_marker,False,False,False,False,False,False,latin_or_other,
4db43595b7ddd06973a0448c703fbd832951b1a8e8d4b38fc652bb9f1886105b,2,2,0,Spanish,9522,unclassified/mixed,no_explicit_marker,False,False,False,False,False,False,latin_or_other,
4dcac3f17bf00a5e1874b84d131356de571825abbb2146137595448f5aae312b,2,2,0,English,831,unclassified/mixed,no_explicit_marker,False,False,False,False,False,False,latin_or_other,
4e289e91b0c69572f5d0413969a884ca0614f10efb811b518693625c9e28c346,2,2,0,English,20624,government/legal/procurement,no_explicit_marker,False,False,False,False,False,False,latin_or_other,
4e6faa5a454146685771a1521126cc619f91ea825fbcb87c99ef70ff75c8fb51,2,2,0,English,7178,unclassified/mixed,no_explicit_marker,False,False,False,False,False,False,latin_or_other,
4e7ee60ee487474528f32a46a1b03021990d2857a3730edcb69f03dee82a54eb,2,2,0,English,4832,unclassified/mixed,no_explicit_marker,False,False,False,False,False,False,latin_or_other,
4ea0d647cb344c5e40fa8fe41f221b1af41ab6724c41db1b5fcd8179d6f77b47,2,2,0,Italian,13699,unclassified/mixed,no_explicit_marker,False,False,False,False,False,False,latin_or_other,
4ea31384c85bb608b56f152acdc12275bceca01d6464ec86b9095df18eb0f605,2,2,0,German,3104,unclassified/mixed,no_explicit_marker,False,False,False,False,False,False,latin_or_other,
4eb6de57ebf881d396d1e89258235cb16174444e8526cb05291722e9b504f14f,2,2,0,Portuguese,1278,unclassified/mixed,no_explicit_marker,False,False,False,False,False,False,latin_or_other,
4ec5efb3ade91a34c0072564006e409531676624080f7afa20b5d59b686dde7c,2,2,0,Spanish,2650,unclassified/mixed,no_explicit_marker,False,False,False,False,False,False,latin_or_other,
4ee99037e7a879622a592b4fa03a7b74d887e43db5572ea20af65746ec002554,2,2,0,Italian,7161,encyclopedia/reference,generic_copyright_or_bibliographic_marker,False,False,False,False,True,False,latin_or_other,it.wikipedia.org
4f219ce109d684bd931e74344f72f1eeff592de83fd9dbaafb7daf1a43a56335,2,2,0,Portuguese,5409,government/legal/procurement,no_explicit_marker,False,False,False,False,False,True,latin_or_other,
4f263b408fefc68c1e2c553fe60a5b3a0307226b065083e24f1f030975bd992e,2,2,0,Italian,3928,unclassified/mixed,no_explicit_marker,False,False,False,False,False,False,latin_or_other,
4f3d53b2448c9b52ef2d5830cbd9981495976e6cd4fb028dfb49e768d8dc6537,2,2,0,English,3962,encyclopedia/reference,no_explicit_marker,False,False,False,False,False,False,latin_or_other,
4f4e0b5e8e98f06d3e58823c6e1b29c4e149f126a60dfdaa3c19f43912c18725,2,2,0,German,5006,news/blog/general web,no_explicit_marker,False,False,False,False,False,False,latin_or_other,
4f62f34b3e031fcb9332588cd9d6df2b66ebd8309987d77f71533eee5cc5963a,2,2,0,Portuguese,13691,scholarly/research,no_explicit_marker,False,False,False,False,False,False,latin_or_other,
4f65159116c2da18c44ddba82649de9034f37ef5e2c1737e940f742fee2fcb66,2,2,0,English,4044,government/legal/procurement,no_explicit_marker,False,False,False,False,False,False,latin_or_other,
4f8194430f4c9663e45dde06761fceaec30e3c0a5fb2baadf447861959a98571,2,2,0,Italian,13315,unclassified/mixed,no_explicit_marker,False,False,False,False,False,False,latin_or_other,
4f88137ea63b4a13c84db31b01fffe6f5b2d664e3351d898a7e8192db31cc1f9,2,2,0,French,7826,scholarly/research,no_explicit_marker,False,False,False,False,False,False,latin_or_other,
4f954ee65087d7d3e6c38be0210bbe65c03cd37ee5b7a3ec7df495eae2e02ddf,2,2,0,Portuguese,6909,unclassified/mixed,no_explicit_marker,False,False,False,False,False,False,latin_or_other,
4f9eb8d78cfc697072d42ad91294d7a8663945678e7f5560622955ac90cc0ffb,2,2,0,English,2352,public-domain/library,explicit_public_domain_marker,False,False,True,False,False,False,latin_or_other,
4fad315b808b1b479eb0932bef98a36e5362b4545f2fff20314580fd8368b551,2,2,0,Spanish,5472,unclassified/mixed,no_explicit_marker,False,False,False,False,False,False,latin_or_other,
4ff32eeaa750f6d1ec9797181dd7ac98b051a4f8e69e08b5567a638ccefc6285,2,2,0,Portuguese,2684,unclassified/mixed,no_explicit_marker,False,False,False,False,False,False,latin_or_other,
503d5cabfe8171be02646904adc6388762e9b3a0b94d2d6dc4f039f985fb1eb3,2,2,0,English,3061,government/legal/procurement,no_explicit_marker,False,False,False,False,False,False,latin_or_other,
505084e423849b1efcdfab9a30080f84d2d44edd2fb9906a396d9ca1234d5e3e,2,2,0,Italian,1651,unclassified/mixed,no_explicit_marker,False,False,False,False,False,False,latin_or_other,
50912a57b2621119df9a59170c457bbc0270607642da1bfe5c1823ed606681cd,2,2,0,English,11988,unclassified/mixed,no_explicit_marker,False,False,False,False,False,False,latin_or_other,
50952c06c0de0f5dc855ffc1736066ad83f2a0e0e73bc553669e8a7b887f4dd0,2,2,0,Italian,14160,unclassified/mixed,no_explicit_marker,False,False,False,False,False,False,latin_or_other,
50a0d73493dab01e998d0b19e80ae7aaede95482f528add28335bf50a25128ab,2,2,0,Portuguese,15025,government/legal/procurement,no_explicit_marker,False,False,False,False,False,False,latin_or_other,
50aae439eda02889bc339180c924a0ef548fefa7a43eaef2914bccc3bdbbde17,2,2,0,Italian,1753,unclassified/mixed,no_explicit_marker,False,False,False,False,False,False,latin_or_other,
50c7cd89746c630e4ea6378ed7ff31a38bd3a23e74a91f912f36764725da7c8c,2,2,0,French,5024,unclassified/mixed,no_explicit_marker,False,False,False,False,False,False,latin_or_other,
50f89bb6f7790fcad7b79fb4ed7ee87d54d9830558446ead4ed92e90fc64cb7f,2,2,0,Italian,4101,government/legal/procurement,no_explicit_marker,False,False,False,False,False,False,latin_or_other,
511116339b714466b9aa7e4b730720726900bef5d2fe6fe7bc9466e81026c81a,2,2,0,English,7408,scholarly/research,no_explicit_marker,False,False,False,False,False,False,latin_or_other,
5128fbd834637908aa54d64d56d598b26c21fa8967da097e89b1cd2e0e375004,2,2,0,English,21072,scholarly/research,no_explicit_marker,False,False,False,False,False,False,latin_or_other,
5135c5d4f12c4ff883c3d8bbd92ba36dcc954edac65561870df87d1d8a1dbdb7,2,2,0,German,1466,unclassified/mixed,no_explicit_marker,False,False,False,False,False,False,latin_or_other,
513eb506034fe00f3be735bc42f77b054bc6f1651f811f10755f503da53511bc,2,2,0,German,2165,unclassified/mixed,no_explicit_marker,False,False,False,False,False,False,latin_or_other,
5167c77784bdecde0e75cced787ef4423a9fd9d014daee140a74b5ad4c293fa5,2,2,0,Hindi,1724,unclassified/mixed,no_explicit_marker,False,False,False,False,False,False,latin_or_other,
517297129375a8e17d8552c465830591c3d0949fe6e232843c0cfe805a991754,2,2,0,English,2724,unclassified/mixed,no_explicit_marker,False,False,False,False,False,False,latin_or_other,
517eea5ee715e15c1af28addb774e6f179ac1739517e80a84e333d8fea8a1a22,2,2,0,French,14824,scholarly/research,no_explicit_marker,False,False,False,False,False,False,latin_or_other,
518d0f95758012fc0b6ecf27ada81a01d411da90a0b73d9096b0dbb3ea6a91e0,2,2,0,French,2643,unclassified/mixed,generic_copyright_or_bibliographic_marker,False,False,False,False,True,False,latin_or_other,
51bd887fec447e57889eb57d3eba146200be3e8ad6341a28ffa1b4f8d2534d8b,2,2,0,English,1303,scholarly/research,no_explicit_marker,False,False,False,False,False,False,latin_or_other,
51cdd03a5281a063e70355de0de96fc03c8b9284afb6725efc4764f91a1dbe02,2,2,0,Portuguese,6937,scholarly/research,no_explicit_marker,False,False,False,False,False,False,latin_or_other,
51d332b39f9ccf8627f61f876d88b08d0737b177d62b380c0a9696c03b7c55eb,2,2,0,English,7535,scholarly/research,no_explicit_marker,False,False,False,False,False,False,latin_or_other,
51dfb34cd411a2e5cfe9587c6e93f7f0fa8fcf5972a79ef712c785eea45fcf8a,2,2,0,Italian,2163,unclassified/mixed,no_explicit_marker,False,False,False,False,False,False,latin_or_other,
5214fe0aedb95992c42753985a5e4ab8078ae6079319037e572be76ffc4df69f,2,2,0,Portuguese,5678,unclassified/mixed,no_explicit_marker,False,False,False,False,False,False,latin_or_other,
52309b65ea4eb458ee331230db9ae2c52e01a35d297f03312d6c497e909b6337,2,2,0,English,4312,books/literary/publisher,no_explicit_marker,False,False,False,False,False,False,latin_or_other,
527681d516d55122bc07a331d8387b25f49056f369b468623762a9ba64d5f886,2,2,0,Italian,12086,unclassified/mixed,no_explicit_marker,False,False,False,False,False,False,latin_or_other,
52979c1cc7e5ef824e8a82d33ab52f547c6ec337a596daf5900903734b83d1eb,2,2,0,French,10321,scholarly/research,no_explicit_marker,False,False,False,False,False,False,latin_or_other,
52b17aebe8d015b0e698e8563f64f482cf90b8a9112020130922cf445f1e8f91,2,2,0,French,1396,unclassified/mixed,no_explicit_marker,False,False,False,False,False,False,latin_or_other,
52c0e8bd95fd1dadaed4bc2f3636be155a48c4fb5d05e686259d0d97fec71292,2,2,0,English,5841,unclassified/mixed,no_explicit_marker,False,False,False,False,False,False,latin_or_other,truekatana.com
52cd921cf371c8712f819e0c9dfb7e01a75d88052f88cd35dc89879866991fe0,2,2,0,Italian,5164,manual/technical documentation,no_explicit_marker,False,False,False,False,False,False,latin_or_other,
52cf708432daeb71fe5a2671086a54785aaba0335d525242e24b9c83c3f9cb70,2,2,0,Portuguese,4325,unclassified/mixed,no_explicit_marker,False,False,False,False,False,False,latin_or_other,
52db22f0208fee174cfc94dd481eea4f720fc311a4e364e8a5ed20ddd7fb8220,2,2,0,Italian,7172,unclassified/mixed,no_explicit_marker,False,False,False,False,False,False,latin_or_other,
52ec6dc59e37fc8a60842eae7a1fbeb27c99126bb9c76ca7cd20ca3c33860c1a,2,2,0,Spanish,6612,unclassified/mixed,no_explicit_marker,False,False,False,False,False,False,latin_or_other,
52f38f887432c83cf78a563c15ab2c2730fd0b7533b4fde7c229764d5182cc60,2,2,0,English,8266,government/legal/procurement,no_explicit_marker,False,False,False,False,False,True,latin_or_other,arthritis.org;everydayhealth.com;healthline.com;mayoclinic.org;my.clevelandclinic.org
531f24792244b7a780ae36a7ef717e388ddd110b5fa681f7d2edc8172556a1e2,2,2,0,English,2817,unclassified/mixed,no_explicit_marker,False,False,False,False,False,False,latin_or_other,
533602ac44c98e1e10dc1a6b07da688cb815c6cd38adba31b645bb254122454f,2,2,0,Portuguese,6399,scholarly/research,no_explicit_marker,False,False,False,False,False,False,latin_or_other,
5341283394b27e90cdc0312ec57f7aae29a842757bba94d8fe5379b616228321,2,2,0,Portuguese,4122,scholarly/research,no_explicit_marker,False,False,False,False,False,False,latin_or_other,
536fed579959c7e5eac02455aa020c0242f64ebc0581619d720d2dcb944e6f5f,2,2,0,English,3003,unclassified/mixed,no_explicit_marker,False,False,False,False,False,False,latin_or_other,
539c70a920a1b66ecf2fb5edfab3d7584d5667caf7381c84c514a9a3f8b0011c,2,2,0,Italian,8648,unclassified/mixed,no_explicit_marker,False,False,False,False,False,False,latin_or_other,
53a458453e4c7d5e32137276884d486e63d3c810ea0e3bb7ff2525bde727e95a,2,2,0,Spanish,3593,unclassified/mixed,explicit_open_licence_marker,False,True,False,False,True,False,latin_or_other,
53bce60bba2bbb8e008ba3cf6c918a23bbdbff05b36e88bd57ffe7c8bbcf4eba,2,2,0,English,4749,government/legal/procurement,no_explicit_marker,False,False,False,False,False,False,latin_or_other,
542fd5276ba1fccae3dcfe6cfec7451fdcc0704f533730edc49bbea6490c8cc7,2,2,0,Italian,2652,manual/technical documentation,no_explicit_marker,False,False,False,False,False,False,latin_or_other,
5436b4e51c8c771115f5399e270ed4aa836fac14f0c7f36c9eed82ad76042c82,2,2,0,Portuguese,3343,unclassified/mixed,no_explicit_marker,False,False,False,False,False,False,latin_or_other,
546349f8552b8fc0389c5a2783d6145dc9264934532830925bc6362c056d9ffb,2,2,0,English,4743,news/blog/general web,no_explicit_marker,False,False,False,False,False,False,latin_or_other,
547710ca2475bacb15c7e65b7489daef28f246ac9ed023044c48ffc4dc27a200,2,2,0,Italian,7127,unclassified/mixed,no_explicit_marker,False,False,False,False,False,False,latin_or_other,
54986916cc326e9fb1fe03f007761a7276532b3772635cebc321295eb87b0cce,2,2,0,Spanish,3185,unclassified/mixed,no_explicit_marker,False,False,False,False,False,False,latin_or_other,
54b3bd6f4415881bb9e41122f49c932a364af29e958414e54d486ad844f264e8,2,2,0,Spanish,3538,unclassified/mixed,no_explicit_marker,False,False,False,False,False,False,latin_or_other,
54c7f658c27b85eb25d74870526396dcc3a32a37f89c3bf3dd806d5c0bd341ca,2,2,0,English,3596,unclassified/mixed,no_explicit_marker,False,False,False,False,False,False,latin_or_other,
54dc018f2ddf8940a3ff85fdc0d0ce068806f028c683b0abc10885f66dfa5f74,2,2,0,German,5927,scholarly/research,no_explicit_marker,False,False,False,False,False,False,latin_or_other,
54e7bb74bcabea5242b455279b929dd007b26e07aaabc9052847b92e49bb9ebe,2,2,0,English,5048,unclassified/mixed,no_explicit_marker,False,False,False,False,False,False,latin_or_other,
550db79fc2e38d04c9c7513ec1528f9c0c68a9e574a8f1dd14809c9565ad197f,2,2,0,Italian,3375,unclassified/mixed,no_explicit_marker,False,False,False,False,False,False,latin_or_other,
551cd62ef8a97183f8aae01258a85438710de9b495f67ec832c5b13e92504dfd,2,2,0,Portuguese,3825,scholarly/research,no_explicit_marker,False,False,False,False,False,False,latin_or_other,
5520d8c6c4fb7977ba8016cf0177e8adda5ed3e8ceb64a9679d15a38f0948c30,2,2,0,French,5954,scholarly/research,no_explicit_marker,False,False,False,False,False,False,latin_or_other,
5527662e25423adbb15942bea4411f232cdd3dd508f80a022bd0fa21cdeb8316,2,2,0,English,3780,education/course/textbook,no_explicit_marker,False,False,False,False,False,False,latin_or_other,
5528c65d89ff571da0d8634ceb477695eb551ad53b9b8aedae615e089d7ff99c,2,2,0,Spanish,5256,unclassified/mixed,no_explicit_marker,False,False,False,False,False,False,latin_or_other,
5533555fb6c5caf1be908d1766b4f46b474951507fd26c963b5c2c35a5aa07e8,2,2,0,English,1724,unclassified/mixed,no_explicit_marker,False,False,False,False,False,False,latin_or_other,
554aa6c8584524b27429b4f5994715ed9dfcfd3f9bfb81c935eaa795baf32b3f,2,2,0,English,4105,unclassified/mixed,no_explicit_marker,False,False,False,False,False,False,latin_or_other,
55a2ccdd873ac3b6a3ee2c909cff40e682eab855e3d49a08aadda6de6f51642c,2,2,0,French,3089,unclassified/mixed,no_explicit_marker,False,False,False,False,False,False,latin_or_other,
55af8484bb87bd5486359ac547cd8ede25caa2cca0493d8504913ede18dc00e5,2,2,0,English,3553,news/blog/general web,no_explicit_marker,False,False,False,False,False,False,latin_or_other,
55cbb3e175027372e2a3bd34ada65134e10126e28becb71ca31055b99d3b95d9,2,2,0,English,931,unclassified/mixed,no_explicit_marker,False,False,False,False,False,False,latin_or_other,
55d79657be2c09e7fd8f3febcb88604c16db9784425d76dce13ecfd282af00cc,2,2,0,French,8493,unclassified/mixed,no_explicit_marker,False,False,False,False,False,False,latin_or_other,
562ea96fac792331185a84c1807caf05dafb5a5cebb13b80f1a72f27f6acc898,2,2,0,Portuguese,10780,news/blog/general web,no_explicit_marker,False,False,False,False,False,False,latin_or_other,
56464475b8e3a8c4932f410c1c2ea04a5cacca2e087305a89fcbd1dc288ae53d,2,2,0,Spanish,2638,unclassified/mixed,no_explicit_marker,False,False,False,False,False,False,latin_or_other,
564b997fb354e52876d4f47ccd951c56544bcc3b89208bd7604db3da24783195,2,2,0,Portuguese,1785,government/legal/procurement,no_explicit_marker,False,False,False,False,False,False,latin_or_other,
564ff8e22b69baeb74a8a55df4ddf55e61c9d61582e5c78110b987bda31eedbe,2,2,0,English,3895,unclassified/mixed,no_explicit_marker,False,False,False,False,False,False,latin_or_other,
5667141ab182fadcc61023c1b2e6a763b2ae9cc2e6545033e8030a51b4f88e0b,2,2,0,French,7539,unclassified/mixed,no_explicit_marker,False,False,False,False,False,False,latin_or_other,
56c583bc0ad78f47f049353f2b8581243e107c0b714020c9b44f2cdcbdb7f144,2,2,0,Spanish,6373,books/literary/publisher,no_explicit_marker,False,False,False,False,False,True,latin_or_other,es.wikipedia.org
56cd5b185c50e43c956fc0afa375ce162849a03579f67d200480bfa41a2892cf,2,2,0,Spanish,3537,unclassified/mixed,no_explicit_marker,False,False,False,False,False,False,latin_or_other,
56f29299c9d66fcd3cebb2d93615f25f70cd13192b915040842aaf29f2a4a6a8,2,2,0,Spanish,9638,news/blog/general web,no_explicit_marker,False,False,False,False,False,False,latin_or_other,es.wikipedia.org
5713481394d7a67767a15e29d7d7fd08b72127711a25014792515d91e82a2c2e,2,2,0,French,4249,unclassified/mixed,no_explicit_marker,False,False,False,False,False,False,latin_or_other,
5714240623c5860b2736d23b737f43686e08055cd4da77946c1870536e0d5320,2,2,0,English,15126,unclassified/mixed,no_explicit_marker,False,False,False,False,False,False,latin_or_other,
572e8f18115b48aff5e0c693e94683c27028d832654c53eb8245d483b378324d,2,2,0,English,4162,news/blog/general web,no_explicit_marker,False,False,False,False,False,False,latin_or_other,
5731a85d512000ee5d42e0fab4e341313daff05f69c4172bee7c5f4df97e7b97,2,2,0,English,1313,unclassified/mixed,no_explicit_marker,False,False,False,False,False,False,latin_or_other,
5741d96534a82e459de4a614261184411d2700dec1b4b11abd8a71826b2b02cb,2,2,0,English,4047,unclassified/mixed,no_explicit_marker,False,False,False,False,False,False,latin_or_other,
5761339719654c8b928133db6995a7f7522666e517e0a0ff93f26456a7811961,2,2,0,Spanish,9029,unclassified/mixed,no_explicit_marker,False,False,False,False,False,False,latin_or_other,
576f9e998c791ce68d109b4bc38638c1e858d4999b8d1eb81fce73add86e555c,2,2,0,Portuguese,1963,scholarly/research,no_explicit_marker,False,False,False,False,False,False,latin_or_other,
57787aaad75b320e055a1372805ac0f5cc6b18025fa874887015d5bba486ffd8,2,2,0,English,3004,unclassified/mixed,no_explicit_marker,False,False,False,False,False,False,latin_or_other,
577bd56bbcd73cfe5dd6d851ac43b086acc5240b3c87287ac67b949719771262,2,2,0,French,7607,unclassified/mixed,no_explicit_marker,False,False,False,False,False,False,latin_or_other,
57844fbe1fcbc5c4b7ef16d3dc3c84eacff87316389e6a2de86736d7742ea37f,2,2,0,Portuguese,2511,unclassified/mixed,no_explicit_marker,False,False,False,False,False,False,latin_or_other,casadaciencia.ufrj.br;uftm.edu.br
5796843ae54d62d953f330d822e4ed6d5e56deeb099de239d2f4adee7a85025c,2,2,0,English,661,unclassified/mixed,no_explicit_marker,False,False,False,False,False,False,latin_or_other,
57b405c51a7e2668130f57701cbe89ad101ee8201aef43338fad16cb578faf68,2,2,0,English,4587,books/literary/publisher,no_explicit_marker,False,False,False,False,False,False,latin_or_other,farm4.staticflickr.com
57d4997946444ae72e0e6c696a389c57e22792b24f17c0547bb6f322d8dbfab3,2,2,0,Spanish,4165,unclassified/mixed,no_explicit_marker,False,False,False,False,False,False,latin_or_other,
57d548be64e1c4a8f290b234d6f37ec9f08dcceb6a52d2e83fb56dc39e25c03a,2,2,0,Spanish,4708,scholarly/research,no_explicit_marker,False,False,False,False,False,False,latin_or_other,
5843240b0c6546366e59ab4409b0ec1e98fc6ff6774c92f3182f84119b5ca924,2,2,0,French,15387,news/blog/general web,no_explicit_marker,False,False,False,False,False,False,latin_or_other,kizz.tv
5847d48621490d0af77d869efd5d4b73b737115086c7897e34abc6b6bbbc0c29,2,2,0,Spanish,4529,unclassified/mixed,explicit_open_licence_marker,False,True,False,False,False,False,latin_or_other,
5859541d26b8898adeb51047030078baf86ee110a4aa31e1f2b3ca77cbfa51bb,2,2,0,English,4341,unclassified/mixed,no_explicit_marker,False,False,False,False,False,False,latin_or_other,
587321ccd485c4f1e179518822b85818a6bb781cb6307d74083b00f6b67941c2,2,2,0,English,4228,education/course/textbook,no_explicit_marker,False,False,False,False,False,False,latin_or_other,
5877d7bf17a709836bde6d3570edf00524db4b9f4935b99cabf8a29fa0e6a084,2,2,0,Italian,3819,unclassified/mixed,no_explicit_marker,False,False,False,False,False,False,latin_or_other,
5887ac9d9063b949c5f567ac92a75124f7791109aa12f7a07c218c0b58c1edee,2,2,0,Spanish,5258,government/legal/procurement,no_explicit_marker,False,False,False,False,False,True,latin_or_other,
589fc57dd826ed3ef7391fe043e515203750b9648b51d2247fae6e619b79482b,2,2,0,Italian,12047,unclassified/mixed,no_explicit_marker,False,False,False,False,False,False,latin_or_other,
58e49c4d911348adab430e5247440f2676d27738857ba19926410487cbe2fe61,2,2,0,French,7028,scholarly/research,no_explicit_marker,False,False,False,False,False,False,latin_or_other,
5913d4880510076e85b4a0413919c617d268aea5c7decd3a2e6f334e011314da,2,2,0,English,6299,news/blog/general web,no_explicit_marker,False,False,False,False,False,False,latin_or_other,
593ec80ad6e1d33fa5e3c651dd209e5c4e1d0d2cf6d650c590007051b673dd6e,2,2,0,Italian,14257,scholarly/research,no_explicit_marker,False,False,False,False,False,False,latin_or_other,
5990aa28bdfe4dc539867c48f0a49c13f08f2c7507e978ec4ea98e43d6b59206,2,2,0,English,3675,unclassified/mixed,no_explicit_marker,False,False,False,False,False,False,latin_or_other,
599196b18b3dd0dd2fbdab47d10ba3935d4cc9f5f37050b9034bfb0c73ad9c08,2,2,0,French,1039,unclassified/mixed,no_explicit_marker,False,False,False,False,False,False,latin_or_other,
59ad23b76e3e3b8fdcc53965e25ef669033913e0af4c01aff7d0eb06de726b8c,2,2,0,Spanish,3140,encyclopedia/reference,explicit_open_licence_marker,False,True,False,False,False,False,latin_or_other,
59e715880f1507b93f01125a232208f7147c16489937b6bc86cba80c2cab1819,2,2,0,English,6504,books/literary/publisher,no_explicit_marker,False,False,False,False,False,True,latin_or_other,
5a14861bb574be03918f760ce200fdcdeb4b409fcd663c5578e6f4dcf6151574,2,2,0,French,10183,unclassified/mixed,no_explicit_marker,False,False,False,False,False,False,latin_or_other,
5a1b87c1ceac455df8cb8adc9eaad616a6654cf11d1e919c8c24ba3952ba66d0,2,2,0,German,3686,unclassified/mixed,no_explicit_marker,False,False,False,False,False,False,latin_or_other,
5a26de0ef24bae24dfb2245db818a9750f7e5c2641d2e300d766b39797691cf4,2,2,0,English,4542,unclassified/mixed,no_explicit_marker,False,False,False,False,False,False,latin_or_other,
5a522d2c8fcd2537fab87bd790f4ce55b54733bb2ceee96b4abc0809a5a4a84a,2,2,0,English,5671,books/literary/publisher,no_explicit_marker,False,False,False,False,False,True,latin_or_other,
5a52e27f29bfd97cf3b78efb199d28392dcbd5d15a6bd58b01b3535203e2a648,2,2,0,Spanish,10432,unclassified/mixed,no_explicit_marker,False,False,False,False,False,False,latin_or_other,
5a72a626346949c7ce0a68740e5ffbef1c78400781bbe209934a56175998bcff,2,2,0,English,3906,unclassified/mixed,no_explicit_marker,False,False,False,False,False,False,latin_or_other,
5a73416219334a0cf2ccdb0459d9074ae267a36b3f7c0f2a60ff1162ed5328d4,2,2,0,French,6496,unclassified/mixed,no_explicit_marker,False,False,False,False,False,False,latin_or_other,
5a811d545884087c85490ec2ca8b2ea07ba19e69025d9b7581e37cd6cf0446bc,2,2,0,English,17427,scholarly/research,no_explicit_marker,False,False,False,False,False,False,latin_or_other,
5a83ff9edfc4072f7b50ac5a2375b9a71a052e1ae91750ef4a354420b2764e4e,2,2,0,French,3126,unclassified/mixed,no_explicit_marker,False,False,False,False,False,False,latin_or_other,
5a96bc6a05d479e38931c8037d909c5afcce19c794c6bd4cb49f6581a97c5166,2,2,0,Portuguese,7305,unclassified/mixed,no_explicit_marker,False,False,False,False,False,False,latin_or_other,
5a9b6de3515df477887eaeee9b8029e52084b898881e8240e02c244541b88d41,2,2,0,English,21066,scholarly/research,no_explicit_marker,False,False,False,False,False,False,latin_or_other,
5a9f574ffefa4bd13f5bcd4ad2f5e3e6d3ed78c3eb968980755dcb744b34ecf5,2,2,0,Italian,1372,encyclopedia/reference,no_explicit_marker,False,False,False,False,False,False,latin_or_other,
5aca306bf6d7badd9a4c8ce1b5ac5987989209f93bbdc5aa2a9939991af3b4f2,2,2,0,German,3100,unclassified/mixed,no_explicit_marker,False,False,False,False,False,False,latin_or_other,
5ae4bd43983ad8308397fd7cbb705cb91216dfe7a3df883b05b6172c8cb1b9b2,2,2,0,Spanish,12345,encyclopedia/reference,generic_copyright_or_bibliographic_marker,False,False,False,False,True,False,latin_or_other,
5af7cdc35972c167e46bf13c5198b02eea8994504dcde03ec92c24d308690c53,2,2,0,Portuguese,4186,unclassified/mixed,no_explicit_marker,False,False,False,False,False,False,latin_or_other,
5b02beabbb8b7f3829fd82e98c5e748cbf55d8916d61d3f32a16a911c8821de5,2,2,0,French,7927,scholarly/research,no_explicit_marker,False,False,False,False,False,False,latin_or_other,
5b5d3eef0a041dbec96077823a2d012ffd7dfd7c80065c15e239e5ab6f27b821,2,2,0,English,3885,manual/technical documentation,no_explicit_marker,False,False,False,False,False,False,latin_or_other,
5b74a08d16f36aae7f2067d9afe6311837d1d1b5f6fed62ed89dd6c03f3b6172,2,2,0,English,4475,unclassified/mixed,no_explicit_marker,False,False,False,False,False,False,latin_or_other,
5b9063c9f3b81d102cf77872d8aefea56a1931f70c706423efe3cd96e3e2b68b,2,2,0,English,3670,unclassified/mixed,no_explicit_marker,False,False,False,False,False,False,latin_or_other,
5b9bd15c44099a968cd2936f2d160cea6297f12593801fff0d3532db63a9f556,2,2,0,Spanish,7385,government/legal/procurement,no_explicit_marker,False,False,False,False,False,False,latin_or_other,
5bb0294f869e443573fd7bfc8cab2a1869cf11154b680a0a58a0e6392aaec1ee,2,2,0,Italian,2760,unclassified/mixed,no_explicit_marker,False,False,False,False,False,False,latin_or_other,
5bb3ceb0e7298aafe988e0e48cad5b63ea2ba3772e8162ad9ff8723e19238b29,2,2,0,Portuguese,15342,unclassified/mixed,no_explicit_marker,False,False,False,False,False,False,latin_or_other,
5bc2692699fbf94d9f77fdac3d7ea3b2ad3e994669874f3fea3c46afa57da1aa,2,2,0,English,2034,unclassified/mixed,no_explicit_marker,False,False,False,False,False,False,latin_or_other,
5c303b4e7f93f8b0a58bb2b40abd717c9f80845389fdc45ee7b580e268bbcf89,2,2,0,English,5114,unclassified/mixed,no_explicit_marker,False,False,False,False,False,False,latin_or_other,
5c4c936fa2defb02431a2c6c9370dc28e03f8e3102bff27e9a1e1de1ed092cac,2,2,0,Portuguese,3557,unclassified/mixed,no_explicit_marker,False,False,False,False,False,False,latin_or_other,
5c6f32d42d1990036a407585ff23cf21e596dadc58513172d32591d9ca6dd084,2,2,0,Portuguese,5300,scholarly/research,no_explicit_marker,False,False,False,False,False,False,latin_or_other,
5c701dd77a61e3e0994e18aceafa79296275f4c56a483c2e5e56f8970c4b2efb,2,2,0,English,605,news/blog/general web,no_explicit_marker,False,False,False,False,False,False,latin_or_other,
5c73460a76ead3dedefc5ec1c4ef9d2795748a627f6941b6eef274ee47420832,2,2,0,French,3867,scholarly/research,no_explicit_marker,False,False,False,False,False,False,latin_or_other,
5c75903c8a38add7c2fb17b3b6deec91899651b83bd8d780859c4a62bd4e3a2a,2,2,0,English,6260,government/legal/procurement,explicit_restrictive_notice,True,False,False,False,False,True,latin_or_other,
5c8a9d35bc0dc4382eb4d2ec0135bdfefc571396e71bc23083866f0b2bac50ff,2,2,0,German,3310,unclassified/mixed,no_explicit_marker,False,False,False,False,False,False,latin_or_other,
5cbbae8937f709a1cbcc7535dc519845bb5ae7c6b12181c11a8937d2b87cfada,2,2,0,Spanish,5684,unclassified/mixed,no_explicit_marker,False,False,False,False,False,False,latin_or_other,
5ccf93ef4f88b86a24f0a798aa3716d095e6a6e1fa72d30b94fe53fc55498862,2,2,0,English,2710,unclassified/mixed,no_explicit_marker,False,False,False,False,False,False,latin_or_other,
5d38707c5c369bd1d326a5e27913f3ad36a01f618730f8bc873292d3ba1ce07e,2,2,0,English,457,unclassified/mixed,no_explicit_marker,False,False,False,False,False,False,latin_or_other,
5d4dd33c93539895b4980cd530c94a48d9fcdd31df8eb21da945aace71e24c9d,2,2,0,French,2691,unclassified/mixed,no_explicit_marker,False,False,False,False,False,False,latin_or_other,
5d5c14759319b224941e938f18b8c278756988ad36d8afad7851fd4fc1336b0e,2,2,0,Portuguese,2768,unclassified/mixed,no_explicit_marker,False,False,False,False,False,False,latin_or_other,
5d5dd4348176745bec28b5c8691f338eb2491b4f9a95a58805b4e6d59bdf1ce4,2,2,0,Italian,5764,unclassified/mixed,no_explicit_marker,False,False,False,False,False,False,latin_or_other,
5d70a08e484506b79c49abedb87c9d5b4567c97fad8367fa545db5678a1bc086,2,2,0,English,3560,scholarly/research,no_explicit_marker,False,False,False,False,False,True,latin_or_other,
5d9f142cfa156d36f0f1556219c74371ae4e255e72c44cc061fb9f89fc6b65ec,2,2,0,Spanish,5926,unclassified/mixed,no_explicit_marker,False,False,False,False,False,False,latin_or_other,ecoosfera.com;seo.org
5de79070760315d9e9e9d3cb605db12e0a2ca017526c6f6fa926b9424034f406,2,2,0,English,3516,unclassified/mixed,generic_copyright_or_bibliographic_marker,False,False,False,False,True,False,latin_or_other,
5deddf9797b76da1e57fc7ffb19df8c23ba7ee561b9cb1e4c4463606b867588e,2,2,0,German,3040,unclassified/mixed,no_explicit_marker,False,False,False,False,False,False,latin_or_other,
5df1db18050552e46b78c5b8e79f83512384b23277f6e07f43e4cbefc0c97ddb,2,2,0,English,3012,unclassified/mixed,no_explicit_marker,False,False,False,False,False,False,latin_or_other,
5e0be7d9a9450707e117a0f8dc0c43c126818a4dc76bc7dcc42c08e85d5eaef0,2,2,0,English,2153,scholarly/research,no_explicit_marker,False,False,False,False,False,False,latin_or_other,
5e289117ef9a6e8dc7493175c493f0cbdab521ee59defc160d6a85d6097c4358,2,2,0,English,1987,encyclopedia/reference,no_explicit_marker,False,False,False,False,False,False,latin_or_other,design-encyclopedia.com
5e3ad97c711fe7102a823e8aeb3619d2e44bbc8d70a5aeef9feebfc9a05f0696,2,2,0,Italian,3870,encyclopedia/reference,no_explicit_marker,False,False,False,False,False,False,latin_or_other,it.wikipedia.org
5e48090910c8f496abb437038c689c393595a14b64dbdefd8fafb10e03f54450,2,2,0,Spanish,15588,unclassified/mixed,no_explicit_marker,False,False,False,False,False,False,latin_or_other,
5e558a9d2dd87f8149525b2dee236899a0084a90866319135801697f006bfa66,2,2,0,Italian,4123,scholarly/research,no_explicit_marker,False,False,False,False,False,True,latin_or_other,
5e97822759d4ffbf09aecea980e24ffa60e29c688a96b40f1bbfc840d27abd33,2,2,0,Spanish,4474,encyclopedia/reference,no_explicit_marker,False,False,False,False,False,False,latin_or_other,twitter.com
5ea7c75d0e6c80a61f66a1135ec099dfc77537c0ce1ecebeed7997c1acc9eb06,2,2,0,Italian,3768,unclassified/mixed,no_explicit_marker,False,False,False,False,False,False,latin_or_other,
5eb1aba8174c9262926f4acbfb7fac887d778a6f865865175997498985268080,2,2,0,Italian,14856,unclassified/mixed,no_explicit_marker,False,False,False,False,False,False,latin_or_other,
5ec4eef09f3093e33947eba9ab627cf99dd13e27e66150485c798b96faf3a019,2,2,0,English,6887,unclassified/mixed,no_explicit_marker,False,False,False,False,False,False,latin_or_other,
5ec728e2aa28964d07b581ba8ebfec9d33f652e433d9aea5b7b428b6723a892a,2,2,0,English,1819,unclassified/mixed,no_explicit_marker,False,False,False,False,False,False,latin_or_other,
5edeae2d511dd8469ac75ff3739a24f70988d5dc9534956e8d72b1ea55d70eff,2,2,0,Portuguese,3852,unclassified/mixed,no_explicit_marker,False,False,False,False,False,False,latin_or_other,
5ef7a9be838ac143d3b99201734e997fefe733730b00545c8f468049d25f248a,2,2,0,English,2451,government/legal/procurement,no_explicit_marker,False,False,False,False,False,False,latin_or_other,
5efc0ef62a39511490026eb1962eebb6e00bd0190ecef6d92ea8a5126d95077f,2,2,0,Italian,3535,unclassified/mixed,generic_copyright_or_bibliographic_marker,False,False,False,False,True,False,latin_or_other,
5f1e375c3b40fc13c7ed282548c7807359ef4fe1b1415f615b54296248d851af,2,2,0,French,3145,unclassified/mixed,no_explicit_marker,False,False,False,False,False,False,latin_or_other,
5f380e9f2ca54e6e481de233febaea0c0bd210b303e1d840b0557112163248ec,2,2,0,French,10176,scholarly/research,no_explicit_marker,False,False,False,False,False,False,latin_or_other,
5f6ef9c9240efd4fb0fea891877f511e7899b0b926be979c265358d9c96eaaf3,2,2,0,English,6134,scholarly/research,no_explicit_marker,False,False,False,False,False,False,latin_or_other,
5f7ea8b314d86c025808ccd11b6bfc7be2161f1d7ee55d585582ce53047fb661,2,2,0,Italian,2464,unclassified/mixed,generic_copyright_or_bibliographic_marker,False,False,False,False,True,False,latin_or_other,
5fb626f8b3e1d40d822e4124f499b8d76fe885f414ca2ac9a16eb63ba43e7c71,2,2,0,Spanish,11895,books/literary/publisher,no_explicit_marker,False,False,False,False,False,True,latin_or_other,ecured.cu
5fc964fb6594c2e4a45efb159988235293e20a0e77be8e117ca18e5bb8f8027f,2,2,0,French,9610,scholarly/research,no_explicit_marker,False,False,False,False,False,False,latin_or_other,conservation.orguicn;iucn.orgcommission;marineclimatechange.com;smugmug.com
602009d3aba807d81bc866c9760733da18bb6f689c0a6d117d5a8c2f79929a55,2,2,0,Spanish,6554,unclassified/mixed,no_explicit_marker,False,False,False,False,False,False,latin_or_other,mercadiabet.com;tiempo.hn
603c0afb314137fd52119bf5c6b6b68dc21a3ebec32423d9769279212ced7b38,2,2,0,English,3402,government/legal/procurement,no_explicit_marker,False,False,False,False,False,False,latin_or_other,
60dd65bb478b397d7f318be95edb4aebda16600def0b43af33e79e4283cd9e3a,2,2,0,Portuguese,13754,scholarly/research,no_explicit_marker,False,False,False,False,False,False,latin_or_other,
612127352463307b174ef8487a8d1f26c6147205c6e23c1d376b37862e9ffd6c,2,2,0,Hindi,4888,unclassified/mixed,no_explicit_marker,False,False,False,False,False,False,latin_or_other,
61278c7dd773acffde2ad5b4b3d3044fee022cc0049b38343e55dbf1e701ae31,2,2,0,English,7984,education/course/textbook,no_explicit_marker,False,False,False,False,False,False,latin_or_other,
61f90a340c9463d66f0aca40a07b536d82d153050eef102594f75302efc48d1e,2,2,0,Spanish,5541,unclassified/mixed,explicit_open_licence_marker,False,True,False,False,False,False,latin_or_other,
6215b1fc866960a9047cfb98323fc85235664c5c9073c4b50d0982eac7844300,2,2,0,Spanish,13329,books/literary/publisher,no_explicit_marker,False,False,False,False,False,True,latin_or_other,ecured.cu
622f65ff0e4f96aa673c36e02853ee597edf2cb71c7ea8ef22f3da611a91c72b,2,2,0,Italian,5960,unclassified/mixed,no_explicit_marker,False,False,False,False,False,False,latin_or_other,technologyreview.com
626317f897d3be82b07d8dbb21d2f37efb91c16b530d2caef6b9fc2312a8e8ef,2,2,0,Portuguese,5176,government/legal/procurement,no_explicit_marker,False,False,False,False,False,False,latin_or_other,
62687ae90ef357d442fa1865335e0986cf543546415e523bb6bc4a2c23a5ff10,2,2,0,Spanish,14545,government/legal/procurement,no_explicit_marker,False,False,False,False,False,True,latin_or_other,
626dc782116e6e1434d402e78cae682951ab272dcf3e7569aef3211f5b748f75,2,2,0,Portuguese,1841,unclassified/mixed,no_explicit_marker,False,False,False,False,False,False,latin_or_other,
627fe0e57bddf345d3ae1a99548237c9bff01ab587f530a85ff809cb66f4d6ce,2,2,0,French,13965,encyclopedia/reference,explicit_open_licence_marker,False,True,False,False,False,False,latin_or_other,
62ab0e29273c637df9e0ee2d020f7873f5f36c5401403084d91f19416b8e6d86,2,2,0,English,8455,scholarly/research,no_explicit_marker,False,False,False,False,False,False,latin_or_other,
62b04f62dd18f1d786ff95255b96a87e02a5e8c02a18824c5b3a9874f4ccf13d,2,2,0,English,21165,books/literary/publisher,no_explicit_marker,False,False,False,False,False,False,latin_or_other,
62b7c55ec04686799351da53b263c34dda30b3d8cc5276b4fa51979fd7805d1d,2,2,0,Portuguese,14055,government/legal/procurement,no_explicit_marker,False,False,False,False,False,True,latin_or_other,
6309b57868d9967e57a4ad3ed2cef46e349dfca223b1b5ba6960208d0c49878a,2,2,0,Portuguese,2823,government/legal/procurement,no_explicit_marker,False,False,False,False,False,False,latin_or_other,
63372d488e8e1db500f9ecab47ed707badde126e217e4c2c2384542fb60a3f22,2,2,0,Portuguese,2697,government/legal/procurement,no_explicit_marker,False,False,False,False,False,False,latin_or_other,
638ee714658f22fd90cd7f1b21b98c787105870e73b3ca5958ae64a8ce5644f4,2,2,0,English,2862,unclassified/mixed,no_explicit_marker,False,False,False,False,False,False,latin_or_other,
63a2baf77d8d946cdf7a4ab129b3a2c70151a9e6f5c7db938ecd516caa38ee18,2,2,0,German,2680,unclassified/mixed,no_explicit_marker,False,False,False,False,False,False,latin_or_other,
63a960f22a661ab63f628a04c7559f293c27715662f466db52cbe18de20b1c7b,2,2,0,Spanish,15057,government/legal/procurement,no_explicit_marker,False,False,False,False,False,False,latin_or_other,
63c3eaed8342f9ac0158f3c76e5e4da4deefd13c52e544c3f029657061555f17,2,2,0,German,14370,unclassified/mixed,no_explicit_marker,False,False,False,False,False,False,latin_or_other,
63cd43753d7db624a3439124e236dbc35e12c86952ddfcd654e85fba81fd799a,2,2,0,English,4453,scholarly/research,no_explicit_marker,False,False,False,False,False,False,latin_or_other,
63df5037d7cfaeef3b8a5615a482ff9f76fe2f0b7a7217a304af9a96d9077bdd,2,2,0,English,3826,unclassified/mixed,no_explicit_marker,False,False,False,False,False,False,latin_or_other,
63ebb3211292dc10bc8ad609ded3c3e3a9ee123764768b0335b9a63255361e4d,2,2,0,English,5403,government/legal/procurement,no_explicit_marker,False,False,False,False,False,False,latin_or_other,
64071bad466be688b5cd5a58cbc2ec88ff3e299bdc14892aacbdcd67f5c64501,2,2,0,English,5894,books/literary/publisher,no_explicit_marker,False,False,False,False,False,True,latin_or_other,
6414eaa0a2ee92feb97fadde212032367290566ba1d4ee76a3e89363e83c6f52,2,2,0,Portuguese,3301,unclassified/mixed,no_explicit_marker,False,False,False,False,False,False,latin_or_other,
641fec5672b898fdcdc809b30f4608f243e2fb5d53463465beb6300611d1ad72,2,2,0,Italian,6762,unclassified/mixed,no_explicit_marker,False,False,False,False,False,False,latin_or_other,
642f32301989aadc5bc7000dc583d4fafef18bc06121c62f14ba906d806cd1d3,2,2,0,Portuguese,6888,unclassified/mixed,no_explicit_marker,False,False,False,False,False,False,latin_or_other,
64592c5cee357d7d4421dc14b985d2cf2e768e0176b9a3242cf984f90c84dba2,2,2,0,Portuguese,4804,manual/technical documentation,no_explicit_marker,False,False,False,False,False,False,latin_or_other,
647cedb04b54563d2274233431d00e01eb81930daf0009a560ba0be6c2f30fd9,2,2,0,English,3574,unclassified/mixed,no_explicit_marker,False,False,False,False,False,False,latin_or_other,
647cfd74edd88bb08ee044e015fcb798315ecec3e9e632435c16234f003192c9,2,2,0,French,14501,scholarly/research,no_explicit_marker,False,False,False,False,False,False,latin_or_other,
6496e4625d583d46cdfda529da7730dfef8cb8d9b2e322addd6c57d2b52feb88,2,2,0,German,6661,news/blog/general web,no_explicit_marker,False,False,False,False,False,False,latin_or_other,mikrowelle-tests.info
64ab86318862355d66907f333eb9723881f800fe8ad8bf5cb9b4ba8945e83fd5,2,2,0,Spanish,3266,unclassified/mixed,no_explicit_marker,False,False,False,False,False,False,latin_or_other,planlea.listindiario.com
64cc61adc65ac24fa1a898cdb1ee5f5ec6985004f88fb540b16e9f064bcaf048,2,2,0,English,3756,unclassified/mixed,no_explicit_marker,False,False,False,False,False,False,latin_or_other,clinicaltrials.gov;isrctn.com;who.int
64d483ec4dad47f16e58cf31486bee3599aa2d14f1a4c354ac02d4e49e3b3401,2,2,0,Spanish,6172,unclassified/mixed,no_explicit_marker,False,False,False,False,False,False,latin_or_other,
6528058fca3fbbaf56a70d8fb86e81019abb52d66b92d7741074c9d2a18831cb,2,2,0,Spanish,2711,manual/technical documentation,no_explicit_marker,False,False,False,False,False,False,latin_or_other,
652eadf30ac305a4ddc2e6ec3cd4b0681af342eecec54fbc789f2befb522f87e,2,2,0,French,4017,unclassified/mixed,no_explicit_marker,False,False,False,False,False,False,latin_or_other,
6536fdcd03d837e19d8083e2b4ae843644224769e3bf9220657e749641aa3e8c,2,2,0,Italian,4148,unclassified/mixed,no_explicit_marker,False,False,False,False,False,False,latin_or_other,
654db32a8aabb2a55d74201c77330dc0e9a95fa80826aded27ad4b0aca3b0c5f,2,2,0,English,2269,unclassified/mixed,no_explicit_marker,False,False,False,False,False,False,latin_or_other,
657c69913b88070dea2f0d05af17c4ab547bea00a46205ed4ff5ca2741ec34ed,2,2,0,Spanish,6790,unclassified/mixed,no_explicit_marker,False,False,False,False,False,False,latin_or_other,
658c5a86988b893332d137e84fe3d37fae689a972cfa52567f09532807ac4476,2,2,0,Portuguese,3835,unclassified/mixed,no_explicit_marker,False,False,False,False,False,False,latin_or_other,
65a285bb605bc25848dd519d15dcbfcec162473583d5aa534ca8aad817ef14fc,2,2,0,English,6335,unclassified/mixed,no_explicit_marker,False,False,False,False,False,False,latin_or_other,
65c7c3c8de1b3db603a63f02d06e31464feea681a2b718973d2c3051ff27a598,2,2,0,English,6929,scholarly/research,no_explicit_marker,False,False,False,False,False,False,latin_or_other,
65d6aed8850346ac0beb19b9f72520a56bfc6cd6a894a877eb89b4c793c65b37,2,2,0,Italian,6657,government/legal/procurement,no_explicit_marker,False,False,False,False,False,False,latin_or_other,
65dc9bcd6ce05794a0f337f180a13ef2c29f831b3e86d6a33123d9dca6984115,2,2,0,English,14548,books/literary/publisher,no_explicit_marker,False,False,False,False,False,False,latin_or_other,
660ff0df34c6d50889fe5a5bde902e5b2553727ac19259af7657d759c0a08e96,2,2,0,English,3055,books/literary/publisher,no_explicit_marker,False,False,False,False,False,False,latin_or_other,
6653deb9e6138d5dc990ee162745bcccde9cef9c35cda508b02ed1fa0eef609c,2,2,0,Italian,6110,unclassified/mixed,no_explicit_marker,False,False,False,False,False,False,latin_or_other,
66794ec9e51b4108e35f8fd3fadd68f2f7c278c07f272dbfc370cb36b284bc55,2,2,0,Italian,1881,unclassified/mixed,no_explicit_marker,False,False,False,False,False,False,latin_or_other,
6682d768f9e57142d4ce6b5fb222dd7d0c36e27223b5c6b8b769ceb5bff466bc,2,2,0,Portuguese,4241,government/legal/procurement,no_explicit_marker,False,False,False,False,False,False,latin_or_other,
6684bf1b78ba8d5a12ec5adbef81728674fe1fbafcc6cc930fc4e9950ae86cc6,2,2,0,Italian,12873,news/blog/general web,generic_copyright_or_bibliographic_marker,False,False,False,False,True,False,latin_or_other,
66c994fe936c2dbde61576662f7d1b1c5fc9ae0311c2a13275ed08ad748ba35b,2,2,0,English,14156,scholarly/research,no_explicit_marker,False,False,False,False,False,False,latin_or_other,aceer.org;eseeja.org;nytimes.com;rainforestexpeditions.com;sicangucdc.org
66e226cadb8f9e982bf135bad3b228ba0c3abcbc30b645d1f2696201ad35254f,2,2,0,Spanish,10081,government/legal/procurement,no_explicit_marker,False,False,False,False,False,False,latin_or_other,
66f13715869f4b4ea9fbb92df328cc22032e40f0cba5770c38aed22d82edeb55,2,2,0,English,3499,unclassified/mixed,no_explicit_marker,False,False,False,False,False,False,latin_or_other,
66f4f9dc8e65b77bca535106556a727dde781c71b8f5f96a390e03d645d28886,2,2,0,English,19185,books/literary/publisher,no_explicit_marker,False,False,False,False,False,True,latin_or_other,
670ca1ca8bbebfbe88c70f60d8950b4a837e164a9ca0c528b18b3a1bc62c74c9,2,2,0,Spanish,4574,unclassified/mixed,no_explicit_marker,False,False,False,False,False,False,latin_or_other,raices.com.mx
671f109e39a24ed421c02de083b6f927f4f94f5f626e58e8e3ac605c9e27e48c,2,2,0,Portuguese,4387,scholarly/research,no_explicit_marker,False,False,False,False,False,False,latin_or_other,
6720a2b7efaa66264a40e7f1fe10d95c759a672df8cb4156e17c30fa59c79b28,2,2,0,Italian,8170,unclassified/mixed,no_explicit_marker,False,False,False,False,False,False,latin_or_other,
6741ecb08527cb1695647711cd16adce6b9df6089bbe014cea471dccca0f1b51,2,2,0,English,2367,scholarly/research,no_explicit_marker,False,False,False,False,False,False,latin_or_other,
6760b1c3394df1977eec1aa3083e366b65dc907317b4e0833568027941b874ab,2,2,0,Italian,12407,unclassified/mixed,no_explicit_marker,False,False,False,False,False,False,latin_or_other,
677635f8e00118a1935ef8ca38e8ad5eee9363928efbadc9fd54672dc762d859,2,2,0,Portuguese,2276,government/legal/procurement,no_explicit_marker,False,False,False,False,False,False,latin_or_other,
67b5cc7ed3007f916c7c59c10d8d56d4e1362c68c2b1c844d968ec84a657449e,2,2,0,Italian,4534,unclassified/mixed,no_explicit_marker,False,False,False,False,False,False,latin_or_other,
67e2f229bf123101ab8beb20e087fae8e64645eabee83c847e45f5d5f6e7e5ce,2,2,0,French,3147,scholarly/research,no_explicit_marker,False,False,False,False,False,False,latin_or_other,
67ed72005741bcfe980f177b4de639b5c6ca302665f2d8c36a4cff22d0edd4c8,2,2,0,English,12295,unclassified/mixed,no_explicit_marker,False,False,False,False,False,False,latin_or_other,
68001e01b097cb95efbb3b474746d0193fae7b9d5c964beefdbb4adee9515998,2,2,0,Italian,7023,encyclopedia/reference,no_explicit_marker,False,False,False,False,False,False,latin_or_other,
6847504905099bc5956e99d231bd964ff682773d00a6a4ee26a530e4ee0eca59,2,2,0,English,3198,scholarly/research,no_explicit_marker,False,False,False,False,False,False,latin_or_other,
686f9abc7a7214607b32ee5b2ca70513d5fa024739c61b40784e1039d15926b3,2,2,0,Italian,8832,unclassified/mixed,no_explicit_marker,False,False,False,False,False,False,latin_or_other,
6873b05bab243170dc456bcd4256f25cd610fe698731a691deb84aa4c910605b,2,2,0,French,4872,scholarly/research,no_explicit_marker,False,False,False,False,False,False,latin_or_other,
6874345bb3e642b28e4487c787919cff4688e13bc5b75d86e4265df766870015,2,2,0,English,19385,books/literary/publisher,no_explicit_marker,False,False,False,False,False,True,latin_or_other,china.org.cn
68747baa58e243d999e0a348f01a66d664a3615f92edb1a006a0237d38c3fc0b,2,2,0,Italian,8032,unclassified/mixed,no_explicit_marker,False,False,False,False,False,False,latin_or_other,
688e58dda54dd5d96af55096e5f5914f3f50424425fa8477a14cd9e1cf7ddcc0,2,2,0,Portuguese,2340,scholarly/research,no_explicit_marker,False,False,False,False,False,False,latin_or_other,infoescola.com
68aa487662444ffd1ceff7d7f639d8c80cfd60c02e38ad72c0f33e442358f4cc,2,2,0,English,3463,unclassified/mixed,no_explicit_marker,False,False,False,False,False,False,latin_or_other,
69124c021c79135110a232a06cc71d8c09f419ce44e8156f744856b5aa5f5ce6,2,2,0,English,6047,unclassified/mixed,no_explicit_marker,False,False,False,False,False,False,latin_or_other,acam.org
691ed020c2e943bb09c7dcb7759ff3b778c743187db44657a5900eff2c8be5e2,2,2,0,German,14494,unclassified/mixed,no_explicit_marker,False,False,False,False,False,False,latin_or_other,
692f9ad159c9e8826b6c368631c2327b744aa0e27d841cc59e972d18934a4c35,2,2,0,Portuguese,2155,unclassified/mixed,no_explicit_marker,False,False,False,False,False,False,latin_or_other,
693499f35723610f4e3ea14c064336350dbc8fcee7162a952e5c3ad61363ee39,2,2,0,Spanish,7200,encyclopedia/reference,explicit_open_licence_marker,False,True,False,False,False,False,latin_or_other,quimica.es
6936f308a84b547c93e143457fe653a856dce837fe397cc7032a5e0f73f9671b,2,2,0,Portuguese,2927,unclassified/mixed,no_explicit_marker,False,False,False,False,False,False,latin_or_other,
694647ea3f353c74cfb3c70df7adafa488f78a23b7f53d11b85c628cde3408d2,2,2,0,Portuguese,3382,scholarly/research,no_explicit_marker,False,False,False,False,False,False,latin_or_other,
694d4da61fb130bf83bc35e2cb419f0792b5c0b0c62e89b847fcfa899353eb14,2,2,0,German,10213,unclassified/mixed,no_explicit_marker,False,False,False,False,False,False,latin_or_other,
696f6c9c6ef93fa5976fc4c404b3c9af5841268d0a0cbcd3566f74b75dd41b32,2,2,0,Spanish,8290,unclassified/mixed,no_explicit_marker,False,False,False,False,False,False,latin_or_other,
69a5d46bdd39fc902e3c8df0f78f29c5e1fe7e8ef6d895c52fedb1b5442c95de,2,2,0,Portuguese,14651,scholarly/research,no_explicit_marker,False,False,False,False,False,False,latin_or_other,
69ac8a763be1dad5060cfa1f7b936c7d692f958b10c31febe671f3c52f793078,2,2,0,English,7008,books/literary/publisher,no_explicit_marker,False,False,False,False,False,False,latin_or_other,
69b4e4895689b9792ec783379f92bbb8b2b8157f0d8ca4e61adca4b1575d3dd6,2,2,0,Portuguese,13779,scholarly/research,no_explicit_marker,False,False,False,False,False,False,latin_or_other,
69c29e4974f7ba2e08cbdf22a4082c8831da926619cdc7f1283dd275f8bf65aa,2,2,0,Portuguese,6675,government/legal/procurement,no_explicit_marker,False,False,False,False,False,False,latin_or_other,
69f28858d8b7c5dd974c6fdb0e297122a6cea6eccc55eb1db1aaf1096220b645,2,2,0,French,3195,scholarly/research,no_explicit_marker,False,False,False,False,False,False,latin_or_other,
6a0467d76a70f620a36643204bee680fc0274c99d84a6793332ca175450f33b0,2,2,0,Italian,9773,scholarly/research,no_explicit_marker,False,False,False,False,False,False,latin_or_other,
6a2be14562dcbb92d5fd5f2d4c8cbc7842e741ee719665d097eb99a4054d6aa4,2,2,0,Italian,4012,unclassified/mixed,no_explicit_marker,False,False,False,False,False,False,latin_or_other,
6a4d2b2ae34b76c7b0394ef533cc7c57ded13e9b5bc32ef626d4955ff967acff,2,2,0,English,21175,books/literary/publisher,no_explicit_marker,False,False,False,False,False,True,latin_or_other,training.cochrane.org
6a7773f20ab1b7d6cfa3853b3e768254252b4ccb6481b8163e135d90a1080aeb,2,2,0,Spanish,7115,government/legal/procurement,no_explicit_marker,False,False,False,False,False,False,latin_or_other,
6a876137f31a1f661536b31e6c0c9018de0a97fd24b0dd06d1b3d1a3ad164a5c,2,2,0,English,3167,unclassified/mixed,no_explicit_marker,False,False,False,False,False,False,latin_or_other,cnn.com
6a9c6f63a1300f230eab2cda601e126225bdc50ce12cebb0352d6d61d7000caa,2,2,0,English,2584,news/blog/general web,no_explicit_marker,False,False,False,False,False,False,latin_or_other,
6adf6249eed22a70c785ec54ac19b42f8411e4b79b6ea0874b98c98e32466cea,2,2,0,English,3764,news/blog/general web,no_explicit_marker,False,False,False,False,False,False,latin_or_other,
6aeab2e72443f755b7fe9637ff6ad4e3b4f3c3bde9ecc03415c3e1877bd248ce,2,2,0,English,8356,scholarly/research,no_explicit_marker,False,False,False,False,False,False,latin_or_other,
6af61320b60e317118998f1779414d51b945f551dfb568e3236ef76c10931d71,2,2,0,English,2501,scholarly/research,no_explicit_marker,False,False,False,False,False,False,latin_or_other,
6b087507e9f4919fe6370750ff716fe0cd99f7e8e7d447c5bae1117ee94dcd2c,2,2,0,French,2653,unclassified/mixed,no_explicit_marker,False,False,False,False,False,False,latin_or_other,
6b093101037a9581ce3e0fbb6a1a824a7f410fce417f4d42474ffe1282ff26d5,2,2,0,Portuguese,14830,government/legal/procurement,no_explicit_marker,False,False,False,False,False,False,latin_or_other,
6b1fc8288481471221107f233b912092908cfc02dece7cffce27e4fdb94a189f,2,2,0,English,6850,scholarly/research,no_explicit_marker,False,False,False,False,False,False,latin_or_other,
6b2ca6be56908f81d1b27c9bcc1d16656efab2d45c872767d5492b70dee56255,2,2,0,Portuguese,3472,government/legal/procurement,no_explicit_marker,False,False,False,False,False,True,latin_or_other,
6b3392b8804f800c9c383a2307dfd39a0488ab46d2f7e71c14b0a71bb4a6b10d,2,2,0,English,8991,government/legal/procurement,no_explicit_marker,False,False,False,False,False,False,latin_or_other,
6b40fe3344a5f356744c57f5df13ab61333ec8b43e9b313e873b48eab9cfeade,2,2,0,English,4345,scholarly/research,no_explicit_marker,False,False,False,False,False,False,latin_or_other,
6b57af70155d1c752d1b0bdca5e1769df64f620e0b36fd5820f2e27e02165d0c,2,2,0,Spanish,10135,unclassified/mixed,no_explicit_marker,False,False,False,False,False,False,latin_or_other,
6b5c90c1b7326bb4b843f21b3a1f4035c73f312d8ee2dfa78e71163d7956aa5f,2,2,0,Portuguese,2604,government/legal/procurement,no_explicit_marker,False,False,False,False,False,False,latin_or_other,
6b60eb9da165410ba772d462d156a68d43efe6d4a98d110850f14bf542b924d1,2,2,0,English,1506,unclassified/mixed,no_explicit_marker,False,False,False,False,False,False,latin_or_other,
6b63795ddd92078749650fc33702a9dac0620463309316e78933bb1068e885cc,2,2,0,Spanish,3104,unclassified/mixed,no_explicit_marker,False,False,False,False,False,False,latin_or_other,
6b69160d58bd434eecd607c116b55746175dfbb22bb96349e97825c8dac433e7,2,2,0,English,21264,scholarly/research,no_explicit_marker,False,False,False,False,False,False,latin_or_other,
6b77d7945394358ac33fb5baf2ac694b4c47cc7e7789bf8595960131d38b8ccc,2,2,0,English,3962,unclassified/mixed,no_explicit_marker,False,False,False,False,False,False,latin_or_other,
6b9f0c00ca399c22245b5677e6fd4107319991eb90965fc7a48befe02babea92,2,2,0,Italian,2376,unclassified/mixed,no_explicit_marker,False,False,False,False,False,False,latin_or_other,
6bb0251f405ee1862aab0df629447137b9276e96c16f1a9a4149cb9419a3b88d,2,2,0,French,7407,scholarly/research,no_explicit_marker,False,False,False,False,False,False,latin_or_other,
6c13463e5ae836ab31cc495d5e9f0f76b57fc617b69071aed0541447c877ee0e,2,2,0,English,2870,scholarly/research,no_explicit_marker,False,False,False,False,False,False,latin_or_other,
6c3aec5284facdcf66ae720c19f46e1bd3dd38dec099c80276f40ba169d31ac2,2,2,0,English,9574,scholarly/research,no_explicit_marker,False,False,False,False,False,False,latin_or_other,
6c6111c5638f75ed2355e6b0c373a1cefe7b5b66c27b1d762f1fdc3a1dd2cc90,2,2,0,English,9791,government/legal/procurement,no_explicit_marker,False,False,False,False,False,True,latin_or_other,
6c6236edb717b882c4a420df33088d1d2df66c98b78726695621b6cb34ec11c2,2,2,0,Portuguese,12523,scholarly/research,no_explicit_marker,False,False,False,False,False,False,latin_or_other,
6c9693614748016ec18dfa746f751491c8971aa1a7683664f57d054028088e67,2,2,0,Portuguese,2422,unclassified/mixed,no_explicit_marker,False,False,False,False,False,False,latin_or_other,
6cc6fc91fcdedbb7e86716bf7e927673249bded3210511e10cfb84680f10fb5e,2,2,0,English,2991,unclassified/mixed,no_explicit_marker,False,False,False,False,False,False,latin_or_other,
6cdd31f1aacf9aadafa59a7516fdf07ab23a651a1d832a49fc774a7528315bab,2,2,0,French,556,unclassified/mixed,no_explicit_marker,False,False,False,False,False,False,latin_or_other,
6d0a3fea1265dad8776fcd698d25ee9758843aec7bd4647c1e0c0997ffc73167,2,2,0,English,12518,unclassified/mixed,no_explicit_marker,False,False,False,False,False,False,latin_or_other,
6d220b6dc3b7d500e77ede1957d076239ef316b64b2104be9e13dc983212d4b6,2,2,0,Portuguese,1701,unclassified/mixed,no_explicit_marker,False,False,False,False,False,False,latin_or_other,
6d3a0eed68fa12faed7e433417800c6c930ffe668b2097561577a9ecb7d0b494,2,2,0,French,13501,unclassified/mixed,generic_copyright_or_bibliographic_marker,False,False,False,False,True,False,latin_or_other,
6da68fddc015d15170852af4051ed3da3d7c5906004516bafc3eb093b1434fc5,2,2,0,English,23988,education/course/textbook,no_explicit_marker,False,False,False,False,False,False,latin_or_other,
6db48f35ef343c9b303ced14bad8561aea19366c5ac467b1bb08b7b6a229d956,2,2,0,English,4731,unclassified/mixed,no_explicit_marker,False,False,False,False,False,False,latin_or_other,
6dbc40aab34a0e9301178a982deaa29d1449d7862e3394c2ceb5f388af155291,2,2,0,Portuguese,5337,government/legal/procurement,no_explicit_marker,False,False,False,False,False,False,latin_or_other,
6dbfb63d3dbbf2db95a37d27503e5880e3d7de4c6f70a90aadd6b91404aac26d,2,2,0,French,4328,scholarly/research,no_explicit_marker,False,False,False,False,False,False,latin_or_other,
6dc42e30bbec035c3ee3c5af4a668cd94689fca6f202d6be962911daccdf2064,2,2,0,English,7111,scholarly/research,no_explicit_marker,False,False,False,False,False,True,latin_or_other,
6dc70e9dd5dc8406bcbfcc4c2fdb92dc63daaed7f55e77f11c231f4225a1c124,2,2,0,French,15395,scholarly/research,no_explicit_marker,False,False,False,False,False,False,latin_or_other,
6df32f7e7779092de33b08b2bc708e72408792b441b54242268f5d8bc55a0a73,2,2,0,Portuguese,2737,unclassified/mixed,no_explicit_marker,False,False,False,False,False,False,latin_or_other,
6e0e95fcad92c9f012a97214ae23b53e4ce3564fda5c78fe050fb6790f5321de,2,2,0,French,5388,scholarly/research,no_explicit_marker,False,False,False,False,False,False,latin_or_other,
6e0ee0bf6f0c0a6a24b07b4ec4f3013db3c58a7b6739f25c1c59836bc1e5929e,2,2,0,Italian,1507,encyclopedia/reference,no_explicit_marker,False,False,False,False,False,False,latin_or_other,it.wikipedia.org
6e1c9a8a0646b396ef8c66180f16f93f6cbf28f2535c3ef945a9c387451b0f92,2,2,0,French,2679,unclassified/mixed,no_explicit_marker,False,False,False,False,False,False,latin_or_other,
6e1dd486c438b89c46d4aae0c61b9422adfa565385652da07d34989a62d17eb6,2,2,0,Portuguese,15547,government/legal/procurement,no_explicit_marker,False,False,False,False,False,False,latin_or_other,
6e3989d65ffd36fac492dceafa3e8115c8bbdb703eb0e6ad76990ecd02a20cc1,2,2,0,Portuguese,8585,government/legal/procurement,no_explicit_marker,False,False,False,False,False,True,latin_or_other,
6e44a2f0389365d1970ae918628e43d1635a8414b3a6bbdd48a708e815d541c1,2,2,0,English,7546,education/course/textbook,no_explicit_marker,False,False,False,False,False,False,latin_or_other,
6e4b9abcd85e8820dc9846cd85fffc221745f4adb016eff1c4ae20bdc6f15e7b,2,2,0,Portuguese,3853,scholarly/research,no_explicit_marker,False,False,False,False,False,False,latin_or_other,
6e551fa98601e11f98201b7f832f58109e2389f0e92c2d2e989447bb85207abc,2,2,0,French,4308,unclassified/mixed,no_explicit_marker,False,False,False,False,False,False,latin_or_other,
6e568c2dcd451c83f3370b4c0f351cb6808a83deaa56fd6f3ddc5a3bab2e3c8c,2,2,0,Portuguese,4653,news/blog/general web,no_explicit_marker,False,False,False,False,False,False,latin_or_other,
6e59202a11e5f10bbb0728b146c2b7ad46f26e14a15989b99568e7b5656f6c2b,2,2,0,Italian,12215,encyclopedia/reference,no_explicit_marker,False,False,False,False,False,False,latin_or_other,it.wikipedia.org
6e60f9b6b4c442f6a1bd1293a0f9d9b9fd73e81a78e8d69ba8c8d2c017ebc163,2,2,0,English,4976,news/blog/general web,no_explicit_marker,False,False,False,False,False,False,latin_or_other,parentstoolshop.com
6ebaa4930c7d344e8fe45b33663f5fd8aaef97570b874bd7b4f950e343b6d966,2,2,0,English,20359,scholarly/research,no_explicit_marker,False,False,False,False,False,False,latin_or_other,
6ebe661f35b63f1f601cae397fafef54c3a785c37ff98e8969303476963e0a5c,2,2,0,English,7956,unclassified/mixed,no_explicit_marker,False,False,False,False,False,False,latin_or_other,
6ef209bc3e939a18c2173f6e3e32268c4fef218f3acca76c9f8a4b1735ee836d,2,2,0,French,8591,scholarly/research,generic_copyright_or_bibliographic_marker,False,False,False,False,True,False,latin_or_other,
6f50a0b5616d2b22e095b1c71cf8b2b4efb3f334a3077a648104bfce0b7bdf3b,2,2,0,Italian,6347,government/legal/procurement,generic_copyright_or_bibliographic_marker,False,False,False,False,True,False,latin_or_other,
6f6b0cb6d539e9b7b0e3a2efb0eb8f050f3d7e816d280f651c98848f9fa20b77,2,2,0,Italian,3955,encyclopedia/reference,no_explicit_marker,False,False,False,False,False,False,latin_or_other,
6f7727960ad8ff48b31b73aca6bb89d5e164dad1be30c3f6bcc51a1c8d408776,2,2,0,English,3078,government/legal/procurement,no_explicit_marker,False,False,False,False,False,True,latin_or_other,
6f9e8762fb2e02727c21e264f40e6dcd1f3428be5f2580f7b3bf6c772e13ce48,2,2,0,Italian,14100,encyclopedia/reference,no_explicit_marker,False,False,False,False,False,False,latin_or_other,it.wikipedia.org
6fae3ab56a01619e236c470e2e8f4d48a009105a6d3d731b375832c10a05fcba,2,2,0,English,4591,software/code/technical-QA,no_explicit_marker,False,False,False,False,False,True,latin_or_other,doi.org
6fc6fa50235daaf817599e46b3d98ac96f67345a2230fbfe89e4b0a7e1ea0dfe,2,2,0,English,5404,news/blog/general web,no_explicit_marker,False,False,False,False,False,False,latin_or_other,
6fd010ffe77e03e0e8955fe085fb97a4700d7b46f3a99e9ab8f015586f76e3c4,2,2,0,Spanish,5938,government/legal/procurement,no_explicit_marker,False,False,False,False,False,False,latin_or_other,
6fda5727761013b4bb1213d88854afd08672d2a3f48d658ecd0e89c4efa9e5f8,2,2,0,Portuguese,15226,news/blog/general web,no_explicit_marker,False,False,False,False,False,False,latin_or_other,
6fe7b15943c26570bca63ea82a360579a698387ece9cd5da7ed3561f73c80f53,2,2,0,English,3713,unclassified/mixed,no_explicit_marker,False,False,False,False,False,False,latin_or_other,
6ff6b6312ae35fa4ed399a49783760223a44303bab26a2a78bf2020e5cf25486,2,2,0,Italian,14106,unclassified/mixed,no_explicit_marker,False,False,False,False,False,False,latin_or_other,
6ffc66f053d6d7fd55df9a2a51eed97fa53345552ee082f4711dee6396f3eab2,2,2,0,French,2783,unclassified/mixed,no_explicit_marker,False,False,False,False,False,False,latin_or_other,
7003cd4878aa93e60793d1ba85bd5b6a2c9ef30f77547053f4aa03a5af0a156e,2,2,0,English,3490,education/course/textbook,no_explicit_marker,False,False,False,False,False,False,latin_or_other,
702643e274b860374e5eef43cbc8426412506bb0553e5bcbb8feafc4fe889034,2,2,0,English,4873,unclassified/mixed,no_explicit_marker,False,False,False,False,False,False,latin_or_other,
707fc0c3ec9bfb623e4952d5d8f473fea8709890c1de6644ea2610e2e6701086,2,2,0,German,7149,unclassified/mixed,no_explicit_marker,False,False,False,False,False,False,latin_or_other,
708a0d4fb99a05318f6f636cb19719200b880723e6707f47a24d07709f936f59,2,2,0,Spanish,5296,unclassified/mixed,no_explicit_marker,False,False,False,False,False,False,latin_or_other,
70954ded405f59babdf32f22ab1db2737f23d6668798afa4fe18012baffe7f71,2,2,0,Spanish,14948,unclassified/mixed,no_explicit_marker,False,False,False,False,False,False,latin_or_other,
7096920787c9b69102d82105986f395adf039e6a9ee90e19f5e67cb6d5c1a352,2,2,0,Spanish,5395,unclassified/mixed,no_explicit_marker,False,False,False,False,False,False,latin_or_other,
70cb5db8e7bfcf6a75e079c79aae2a6a762309283d455f5852899fe07a9897c0,2,2,0,Portuguese,8464,scholarly/research,no_explicit_marker,False,False,False,False,False,False,latin_or_other,
70d30f4c57202f97d66633b6fa2d71215f7616c51d8bcee9cea89d44238628c9,2,2,0,English,2399,unclassified/mixed,no_explicit_marker,False,False,False,False,False,False,latin_or_other,
70eba572679978a41bdf9eda27a0f60aa55b4e987e38e334edd71f83d33f50da,2,2,0,English,17780,scholarly/research,no_explicit_marker,False,False,False,False,False,True,latin_or_other,
70f8aff28ea248af801cef8b68bd2c456465f57b113db50201ca1b300fe6279a,2,2,0,English,22507,corporate/financial/ESG,no_explicit_marker,False,False,False,False,False,False,latin_or_other,
71039d0fc7b066e3c07dc4b29e7b560d138cc82e1281e7714c2649fd4aff52d7,2,2,0,English,4059,unclassified/mixed,no_explicit_marker,False,False,False,False,False,False,latin_or_other,
710f1941c2e26f90cc7e369d32637784be0d7840a648fc833e0e8524a77fb2bc,2,2,0,German,5123,unclassified/mixed,no_explicit_marker,False,False,False,False,False,False,latin_or_other,
711bbb833d01e05c85c1a6ed5abc23146afe27da86a6020a577beaeca725c7c2,2,2,0,Italian,2931,unclassified/mixed,no_explicit_marker,False,False,False,False,False,False,latin_or_other,
714f28106a4b37678aef8a6c3251cceda696e3cf6a5ccf31c38f60a6474ecf8a,2,2,0,Spanish,17064,government/legal/procurement,no_explicit_marker,False,False,False,False,False,True,latin_or_other,
71514be9b8d556d6ff992fef294c1fe3ef99a63189764061a82245da3a9cf4ae,2,2,0,English,8660,government/legal/procurement,no_explicit_marker,False,False,False,False,False,False,latin_or_other,
7154529278d702dacd75a09ff9953b6d6ed2e98874fc85e36d64bf2ff5ab38ec,2,2,0,French,2141,unclassified/mixed,no_explicit_marker,False,False,False,False,False,False,latin_or_other,
717c90396565b56ea44bc67c6439fe080387e00a62d2c25614ebe69c896b4959,2,2,0,Spanish,3110,unclassified/mixed,generic_copyright_or_bibliographic_marker,False,False,False,False,True,False,latin_or_other,
71899fa1c43b85bd37607d2123b1b2a98f5dac71417a8d223236b1ea80fe261c,2,2,0,English,3261,unclassified/mixed,no_explicit_marker,False,False,False,False,False,False,latin_or_other,provendernurseries.co.uk
71b2e9fac8ced9967fbcfd6aafa39768dc531e550918a4202581bef41c1c0dd4,2,2,0,English,11421,unclassified/mixed,no_explicit_marker,False,False,False,False,False,False,latin_or_other,
71c54be86433c79c1a7af14919aec6a1756417d361b89c2656817aa8d6552cd0,2,2,0,Spanish,9361,unclassified/mixed,no_explicit_marker,False,False,False,False,False,False,latin_or_other,
71d084dcceff98a1e56e513b580f991f976607576cbdd390511523e21f71bfd8,2,2,0,Spanish,15188,encyclopedia/reference,no_explicit_marker,False,False,False,False,False,False,latin_or_other,
71d9b4470144ff185cf7b17bbdc1f8e59754955459f978e651ece2ab32cc6b86,2,2,0,Spanish,14932,unclassified/mixed,no_explicit_marker,False,False,False,False,False,False,latin_or_other,
72015628314f49e8bc39d0f0e57c825b61b13b27bd92fbb327e21e17afb12b56,2,2,0,English,4313,unclassified/mixed,no_explicit_marker,False,False,False,False,False,False,latin_or_other,
7207267ddd08fa7a6ec5337e5555e57367957d35a903219fa8dbad5b0e9993ce,2,2,0,English,18178,software/code/technical-QA,no_explicit_marker,False,False,False,False,False,False,latin_or_other,
724bc3fe85a5f57c864e08f16df1bf190531b22acb846e29c7f5e68a9c437877,2,2,0,Italian,2706,unclassified/mixed,no_explicit_marker,False,False,False,False,False,False,latin_or_other,
725f36f0543e7773ddb98f98f9e8e33b7900308fe8be33c670c852d3e8fb0a47,2,2,0,Portuguese,3666,government/legal/procurement,no_explicit_marker,False,False,False,False,False,False,latin_or_other,
7283099cb8e5ce1c13ae25af07b2fd241cb8b4596f7e68dd2ff324ca1cd9a85e,2,2,0,Portuguese,13645,government/legal/procurement,no_explicit_marker,False,False,False,False,False,True,latin_or_other,
72a93066867a11901232251c8e4d5bb4bc25dfd9a1e29550ee1ba9c946df459e,2,2,0,Italian,1695,news/blog/general web,no_explicit_marker,False,False,False,False,False,False,latin_or_other,
72bf1e4dc654b7cac486556adb4358336cf93f982bd8b361b681a834584fe62e,2,2,0,Portuguese,14771,unclassified/mixed,no_explicit_marker,False,False,False,False,False,False,latin_or_other,
72cfb3621db020448757b504b30f657d2999f4df39d7456ac90c2e2604cfdc49,2,2,0,Italian,4627,unclassified/mixed,explicit_open_licence_marker,False,True,False,False,False,False,latin_or_other,
72d08948d5cacf713504e9f17522d02432149ce7e34266a823042a501189c4dd,2,2,0,English,4774,scholarly/research,no_explicit_marker,False,False,False,False,False,False,latin_or_other,
72e5580d9027d362ae54a139c77a5e671e7d64700cb824a4098e67ff8168b122,2,2,0,English,11221,scholarly/research,no_explicit_marker,False,False,False,False,False,False,latin_or_other,animalinfo.org;arab.net;enchantedlearning.com;nature.ca;oaklandzoo.org;touregypt.net;ultimateungulate.com
72f0794594cfc9d51361e3d220f6b3b2be828a9ffaf9e76b03fec912b022b479,2,2,0,Spanish,9653,government/legal/procurement,no_explicit_marker,False,False,False,False,False,True,latin_or_other,
7304be34bc4afdd96d166d522db91e61068f9b3b9ff46a8f2e0615218e3ecd7b,2,2,0,English,1756,unclassified/mixed,no_explicit_marker,False,False,False,False,False,False,latin_or_other,
7312b9d2858a8a2e2d0ba771e5a89776df0842a3fa86b6f19571d7c8b959fa8d,2,2,0,French,14989,scholarly/research,no_explicit_marker,False,False,False,False,False,True,latin_or_other,
732af3e4ae84999d0df440407e2576978cd43dde0daac935ad30d09e10f7d21f,2,2,0,Portuguese,13850,scholarly/research,no_explicit_marker,False,False,False,False,False,True,latin_or_other,
73308c2a61a9222c2e4efa3b1ef89418a76e50539ae5467bca2390eaa66286a4,2,2,0,English,7957,unclassified/mixed,no_explicit_marker,False,False,False,False,False,False,latin_or_other,
7334b470144c88d7f9179b3a74e4f964e94bdcc842af2b574cc7687dc566b73d,2,2,0,Portuguese,922,unclassified/mixed,no_explicit_marker,False,False,False,False,False,False,latin_or_other,
73a5ee238fcbd43ecda89f1f7272441375136b01e1a625cefc95c8573d4b3d2e,2,2,0,French,5746,scholarly/research,no_explicit_marker,False,False,False,False,False,False,latin_or_other,
73ac165402432384f74af78c79c20089c55bee8e193e2994e0557f479dae7201,2,2,0,German,3341,news/blog/general web,no_explicit_marker,False,False,False,False,False,False,latin_or_other,kerrygold.de
73cf08ecf8ecae86b37ad5d951445fe116b8965c9dcfc916cf9ef5c2da845b8a,2,2,0,German,14776,government/legal/procurement,no_explicit_marker,False,False,False,False,False,False,latin_or_other,
73dc2516dcab55f97383c5ac512c0024eac205786f5519affb88d72dbe9115e0,2,2,0,German,2609,unclassified/mixed,no_explicit_marker,False,False,False,False,False,False,latin_or_other,
73e9ac354fae2ece76c18ad626a51a8586049abcc7bba37d6f55b2df5d9f178a,2,2,0,Portuguese,6993,scholarly/research,no_explicit_marker,False,False,False,False,False,False,latin_or_other,
73f5873edeb5f51b6956add59231e4addf03d4c4454deecccd47f2c97f993f9c,2,2,0,Portuguese,1940,unclassified/mixed,no_explicit_marker,False,False,False,False,False,False,latin_or_other,
73f96b501becc040544a7a2340c47f8d16a180469f82c68de8ba1efebfeb1f9c,2,2,0,Spanish,9990,unclassified/mixed,no_explicit_marker,False,False,False,False,False,False,latin_or_other,
740ef2958b31bd8013531883cfa8482df66f033e5b1859512adc178d48dd01fe,2,2,0,English,2468,education/course/textbook,no_explicit_marker,False,False,False,False,False,False,latin_or_other,
740ef478fa794354ea55575553188fe72f1e9d5db6acdb1931266b91d9f6de13,2,2,0,English,7793,scholarly/research,no_explicit_marker,False,False,False,False,False,False,latin_or_other,
74410a57c08ef10706479a94aabfa228289c750aa870e4c2cf46b461ea47e82d,2,2,0,English,2004,books/literary/publisher,no_explicit_marker,False,False,False,False,False,False,latin_or_other,
745c4352e5d4c38853ea35a2eb75357a2c86a96afd8e3f7aec506e275e2091e8,2,2,0,French,4601,unclassified/mixed,no_explicit_marker,False,False,False,False,False,False,latin_or_other,
7485def5fd95641e47cd23aff613e57f9cb184b08b16b54d0dd89eb5304b0dba,2,2,0,Portuguese,13170,unclassified/mixed,no_explicit_marker,False,False,False,False,False,False,latin_or_other,
7491f0084cbd4fa4e627e8b61821d6b26f440db456e992c46889d5df662420f1,2,2,0,English,7400,unclassified/mixed,no_explicit_marker,False,False,False,False,False,False,latin_or_other,
7498c89563f439e8fae169a5afc8b801bacf6339e2b5f846373c5c1f02ecbf70,2,2,0,Spanish,6171,government/legal/procurement,no_explicit_marker,False,False,False,False,False,False,latin_or_other,
74a4f01910ea8cd76340e9a10b064dbfb8f72ad6dd883c407624f6478ef49e90,2,2,0,English,15971,government/legal/procurement,no_explicit_marker,False,False,False,False,False,True,latin_or_other,
74b643f1d198a63790623fbe92fc750aacb45d4df510e69d8d425caece2acea5,2,2,0,Portuguese,6663,scholarly/research,no_explicit_marker,False,False,False,False,False,False,latin_or_other,
74bdffbef5f9b1c2925e9a4dbd55ae3a8f9bd232f9dd5a1437394ad160b011eb,2,2,0,Spanish,14883,unclassified/mixed,no_explicit_marker,False,False,False,False,False,False,latin_or_other,
74cf2de8b34e3eb999ef3c67bc60d118e178bdb8846e1a297a232ea2781d97c5,2,2,0,Portuguese,5794,unclassified/mixed,no_explicit_marker,False,False,False,False,False,False,latin_or_other,
74e3f2fcf7e5ce8f11732b6d2c0fa1377e7afc9811b2d2a4a61a69b6d42b9952,2,2,0,English,2256,education/course/textbook,no_explicit_marker,False,False,False,False,False,False,latin_or_other,
75186e9388c2ebc3fee1034e27718257d3ad125ad7ee3ec7dc9d8b53663c1e48,2,2,0,French,6861,scholarly/research,no_explicit_marker,False,False,False,False,False,False,latin_or_other,
751a31da8b3dc159958ba0374c187b8b5490d750d4aea910dc5db0d6c6010aa7,2,2,0,Spanish,5130,unclassified/mixed,no_explicit_marker,False,False,False,False,False,False,latin_or_other,
7537cef4f5cdc9c6bc9cafed5c9c7587f19bd2fd5fac9fb32c7821dac389ceea,2,2,0,English,8611,unclassified/mixed,no_explicit_marker,False,False,False,False,False,False,latin_or_other,
753db266e901abfa64586de606cd45d20f1a8376b6f9c6d0527af522b4f1bc31,2,2,0,English,17866,government/legal/procurement,no_explicit_marker,False,False,False,False,False,False,latin_or_other,
7564245fd3931d0f9a57f867f3370f8559b5ae96543fcd11f8caf042f7762c10,2,2,0,Spanish,2881,unclassified/mixed,no_explicit_marker,False,False,False,False,False,False,latin_or_other,
7564291b99897dab7660b5a1e497bc1e7398868e2531891b730fad81fa3de75d,2,2,0,Portuguese,1614,unclassified/mixed,no_explicit_marker,False,False,False,False,False,False,latin_or_other,
756e64d1061387d54bceda19ed0428a8ecdf79766d983d06f1afe9b8908b2038,2,2,0,Portuguese,5999,scholarly/research,no_explicit_marker,False,False,False,False,False,True,latin_or_other,
75a0941a80c273207ee0b9bd772ee2df7f71c8911fe117f81c53b2539c289e3a,2,2,0,Spanish,4898,unclassified/mixed,no_explicit_marker,False,False,False,False,False,False,latin_or_other,planetadelibros.com.mx
75c6fa94d671e63240a791f54bcd2388c98ce3983c42c95658d5a8ab493bc784,2,2,0,Portuguese,2587,news/blog/general web,no_explicit_marker,False,False,False,False,False,False,latin_or_other,
75f91165a9cf0790804bc82364512c1089fcd686f01abfd1ca8acee99be509c2,2,2,0,Spanish,9248,public-domain/library,explicit_public_domain_marker,False,False,True,False,False,True,latin_or_other,allempires.com;aztec-history.com;dailystormer.com;history.com;livescience.com;newworldencyclopedia.org
75fc4984c2368b315c0c7f8ac6081fe4d739a0e96c681f32fc19d96ed9e8ca20,2,2,0,French,4771,unclassified/mixed,no_explicit_marker,False,False,False,False,False,False,latin_or_other,
760569c85432af7edc949892be2aaad653f559704865d593d939d76cd31ca0b1,2,2,0,Italian,5378,books/literary/publisher,explicit_restrictive_notice,True,False,False,False,True,False,latin_or_other,
765f2fbe3dd14ab9d1d10b2af4483641c93046f844aa16f19506a6fd6c475cc1,2,2,0,Portuguese,3479,unclassified/mixed,no_explicit_marker,False,False,False,False,False,False,latin_or_other,
7666b9bd9e28653e7303636198b4dded8d6c1900e2db8d8421e436db0bc92d5a,2,2,0,Portuguese,6391,news/blog/general web,no_explicit_marker,False,False,False,False,False,False,latin_or_other,coletivocatarse.blogspot.com.br;plantarum.com.br
766b11ab76ce76feb047ad5676579827f2154fc768baaf9ee98400e2c7ff226f,2,2,0,German,1725,government/legal/procurement,no_explicit_marker,False,False,False,False,False,False,latin_or_other,
768c5935d74c6b2eaabf552cea803641d6a3291ce7fe755a60e74b67fc90a0d5,2,2,0,French,14254,scholarly/research,no_explicit_marker,False,False,False,False,False,False,latin_or_other,
76a8c0a237cb8dedd1ab12c91fbe9719bfa014b630df6c9ec381476eb7c936dc,2,2,0,Italian,11400,government/legal/procurement,no_explicit_marker,False,False,False,False,False,False,latin_or_other,gladisaliciapereyra.it
76c453faf35422748167d0ff23f20672f09c771a54a27028cbc9992c6b4a0f48,2,2,0,English,7546,unclassified/mixed,no_explicit_marker,False,False,False,False,False,False,latin_or_other,
76c4f6e5791b2552f279cf6585c4c23eb7b2c1fd6b6c247c3da4f469c6d53cde,2,2,0,Italian,7747,unclassified/mixed,no_explicit_marker,False,False,False,False,False,False,latin_or_other,
76d2c652e00f9f77c44b4c980c30c6af492a21af8950ec61e2b8c24a288e9c89,2,2,0,Portuguese,6468,government/legal/procurement,no_explicit_marker,False,False,False,False,False,False,latin_or_other,
76dd30d42fd0fb5c7b7e0db6d86389f949ebb930f9305f3017ac41309c2a5126,2,2,0,Italian,4906,unclassified/mixed,no_explicit_marker,False,False,False,False,False,False,latin_or_other,
76e071164ee83136e15cc511c3d9546e0daa78066e13e33810dcf826d933d5fd,2,2,0,Spanish,8724,government/legal/procurement,no_explicit_marker,False,False,False,False,False,False,latin_or_other,
76f9a30a82febf6cdf6d122832b260adaa859ffdc68afaf547e7e0c454656393,2,2,0,Italian,14142,government/legal/procurement,no_explicit_marker,False,False,False,False,False,False,latin_or_other,
76faf145d6ea32b596497e36718c92eb0cbd55eae3f48b4f13e337a4e826083d,2,2,0,Portuguese,3382,scholarly/research,no_explicit_marker,False,False,False,False,False,True,latin_or_other,
7703bab72385ccf78afbfc34d9a7b0edf4a74477daa0f8e5e12c06a68b420f73,2,2,0,Portuguese,2941,unclassified/mixed,no_explicit_marker,False,False,False,False,False,False,latin_or_other,
7711ccf483eca6515a3b2740fbdfa11247da4f2291b4831d259e1147b883d5ac,2,2,0,English,3619,unclassified/mixed,no_explicit_marker,False,False,False,False,False,False,latin_or_other,
771438e9fec04adcfae6faeba4108dc67084ade3261cd588a2a7fba1f8add769,2,2,0,Spanish,7648,unclassified/mixed,no_explicit_marker,False,False,False,False,False,False,latin_or_other,
77176e0e94aa2a23380e7af7630d47eb56468c974b463b019f8e8fb30ea5eb74,2,2,0,English,1724,scholarly/research,no_explicit_marker,False,False,False,False,False,False,latin_or_other,
77741c3e619e191ce907fab7e0feb1f165ab94128df412c0aa44f801235e1821,2,2,0,Portuguese,2501,unclassified/mixed,no_explicit_marker,False,False,False,False,False,False,latin_or_other,
7778732a5b304ad4036075189f56f29d2568c8dd10a7c1fc185393bad30e2de8,2,2,0,English,23318,unclassified/mixed,no_explicit_marker,False,False,False,False,False,False,latin_or_other,
77795db2531f240dbfda3ae57c2b24e8396282a3011f8c42112de1c8852afbda,2,2,0,Italian,6775,government/legal/procurement,no_explicit_marker,False,False,False,False,False,False,latin_or_other,
779c465c090b409cce1ba73a4437d5ddc353a6af3b5cc8dee73c3a51511274ba,2,2,0,Spanish,10366,unclassified/mixed,generic_copyright_or_bibliographic_marker,False,False,False,False,True,False,latin_or_other,
77c0cc8fe5a9e5438e11e25fc73fe5fd3c8542d998800375f3142fe3d0ea488a,2,2,0,Spanish,4965,public-domain/library,no_explicit_marker,False,False,False,False,False,True,latin_or_other,es.wikipedia.org
77cf223559787b7febc615a96e2099b4dd0dc218e8c61742d26e8de652a02606,2,2,0,Italian,3865,unclassified/mixed,no_explicit_marker,False,False,False,False,False,False,latin_or_other,
77d2e4f652fe41bf5e86d01ef1521328643128f883c20417a83c517acfa3a2dc,2,2,0,Portuguese,9171,unclassified/mixed,no_explicit_marker,False,False,False,False,False,False,latin_or_other,
7800a8f75461299ce79472ce0e717ecf6e0731bab60197c49fd34067a0b49f21,2,2,0,Italian,14353,unclassified/mixed,no_explicit_marker,False,False,False,False,False,False,latin_or_other,
7800f8da9cf9488e3f00cbef98af1fbca20c9be04dd3b9056155c90b4cbd94cb,2,2,0,Portuguese,14906,government/legal/procurement,no_explicit_marker,False,False,False,False,False,True,latin_or_other,
78084a60daa31d14505627aa63068e10cb89319c662bd8a0b3b5890f809313a2,2,2,0,English,4607,unclassified/mixed,no_explicit_marker,False,False,False,False,False,False,latin_or_other,
781bde17dc0d3a0585f519d93a92f7baf764c0a79c4d2995f002b0c75d62468c,2,2,0,French,6075,scholarly/research,no_explicit_marker,False,False,False,False,False,False,latin_or_other,
78203040094efaef80f32e5fc871eddef403729a85ba11045fe2987ae03b9092,2,2,0,French,3033,unclassified/mixed,no_explicit_marker,False,False,False,False,False,False,latin_or_other,
78496e112dc75cebfd5c006d983045482f4f6020d6cae28cc0706a105f34b49d,2,2,0,Italian,4526,unclassified/mixed,no_explicit_marker,False,False,False,False,False,False,latin_or_other,
7868d2c4fabcef758ce0422d36bb8e28e55b74ab9b9aa8b195c17cd3de83a215,2,2,0,Portuguese,14746,scholarly/research,no_explicit_marker,False,False,False,False,False,False,latin_or_other,
78695d26f873ca1c17ab6344b17fd7883e4bab9ebd1d97a5ce2eac6092e92551,2,2,0,Spanish,6715,scholarly/research,no_explicit_marker,False,False,False,False,False,False,latin_or_other,radiomacondo.fm
786ed0ea51ea496b54fcfa18f5ec0fac265e2941a3dc9d2768349c234974074e,2,2,0,Portuguese,7009,unclassified/mixed,no_explicit_marker,False,False,False,False,False,False,latin_or_other,
788db3101ac6b1934b0c1661fa9443e1126b6f8b66958d10438a0d5c9edab11e,2,2,0,English,3017,unclassified/mixed,no_explicit_marker,False,False,False,False,False,False,latin_or_other,
78b6c48c636577dcd69fc38a96eb8537e030d96919d2ac9b10dc20d7315fc0e3,2,2,0,English,3380,unclassified/mixed,no_explicit_marker,False,False,False,False,False,False,latin_or_other,
78c1ee22c392d903f26fbe885ab74852f62065e8995badd160c94ce9b46defce,2,2,0,English,6144,government/legal/procurement,no_explicit_marker,False,False,False,False,False,False,latin_or_other,
78db1940fdff1d5b81cfb03eb76d51f6191f4ae082fcf9fd34e0db44fe7db272,2,2,0,English,2874,unclassified/mixed,no_explicit_marker,False,False,False,False,False,False,latin_or_other,
7900a0bc41e3efdcd69aee94546071542bd9b42e9c2ba39f1dc55facfd3004a6,2,2,0,Spanish,15743,government/legal/procurement,no_explicit_marker,False,False,False,False,False,False,latin_or_other,
791e6b976e7cb8cecac680e15deb60741fd9a0c26c30c3400c62b1fa223e5072,2,2,0,English,3128,unclassified/mixed,generic_copyright_or_bibliographic_marker,False,False,False,False,True,False,latin_or_other,
7925cbef7ef5b4e2f08a7255b2e049cd09b658a72a355b5bd95abc216e86ab93,2,2,0,English,4547,government/legal/procurement,no_explicit_marker,False,False,False,False,False,True,latin_or_other,
793542291ea54b6139adff957919bc215047c659825d42e559e2a5cda325fff6,2,2,0,English,2044,unclassified/mixed,no_explicit_marker,False,False,False,False,False,False,latin_or_other,
7945c849c81d507e885bd7c5eead8bb80a1e1942d54e4cea9cb7991df2665b35,2,2,0,English,4600,books/literary/publisher,no_explicit_marker,False,False,False,False,False,True,latin_or_other,
796ce05420a2fe81f5025ef23349e668e5e19769834e6e25daa03dae87fa845c,2,2,0,Italian,7069,unclassified/mixed,no_explicit_marker,False,False,False,False,False,False,latin_or_other,
797a216d3ef1b7ce7881d94f87eb2fcf30a19347558be0a328997a70304f2163,2,2,0,Spanish,2482,scholarly/research,no_explicit_marker,False,False,False,False,False,False,latin_or_other,
79e84f4aaea866fe0df2da05282e9b062b8319db7b643fcd34fd238fbb23e34a,2,2,0,English,19579,news/blog/general web,no_explicit_marker,False,False,False,False,False,False,latin_or_other,
79f6270d2aa68b00ba7504df0b565aa43d2831ee9b5048157a521a161a7e1067,2,2,0,French,2963,news/blog/general web,no_explicit_marker,False,False,False,False,False,False,latin_or_other,
7a3376a5a0938c62d3c52689d5341c54350fe6fa3133f60bbbaa6a86923a4354,2,2,0,Italian,14091,unclassified/mixed,no_explicit_marker,False,False,False,False,False,False,latin_or_other,
7a46fb4090ae4807b945314070769fa3485b70c107f6dd67520fcdbdd86c6e89,2,2,0,German,3849,unclassified/mixed,no_explicit_marker,False,False,False,False,False,False,latin_or_other,
7a512556a6bd455e1eb104de62ec30f6031ec3c895e962bb8fc12ae2d23293bc,2,2,0,English,3840,unclassified/mixed,no_explicit_marker,False,False,False,False,False,False,latin_or_other,
7a60dd87d175bf13737b2fa6d6305edebd8a26e118f8dde3b2d7fa5653dda37d,2,2,0,Spanish,9381,government/legal/procurement,no_explicit_marker,False,False,False,False,False,True,latin_or_other,atilioboron.com.ar;blogs.reuters.com;bls.gov;cnbc.com;covid19.who.int;efe.com;forbes.com;hipertextual.com;news.gallup.com;nytimes.com;pagina12.com.ar;publico.es;realclearpolitics.com;telam.com.ar;theguardian.com;theintercept.com
7a623edce37da15e5b7d37aa4c4ea983c1d9d6e9dd9ed346480bf4732991af5a,2,2,0,English,3656,unclassified/mixed,no_explicit_marker,False,False,False,False,False,False,latin_or_other,
7a805b23a81332e4305f1c04f86fca5e9cc1a7099f7c8e5428a55f4152a6374c,2,2,0,Italian,1749,unclassified/mixed,no_explicit_marker,False,False,False,False,False,False,latin_or_other,
7a88e4250c0616ef51830ed7fbe58de2d7bf7d08fde2ffb6bf4d0f20cc3a6fc0,2,2,0,Italian,4935,government/legal/procurement,no_explicit_marker,False,False,False,False,False,False,latin_or_other,
7ab3025a64ea3cee1059050f83dab0fd70da26f6b60589c56b097eef7861d5c0,2,2,0,Italian,3977,news/blog/general web,no_explicit_marker,False,False,False,False,False,False,latin_or_other,
7aff7a912f380b023f132b254de05ee2891e2b6466a8d67b2b829fd8b2478f64,2,2,0,French,403,unclassified/mixed,no_explicit_marker,False,False,False,False,False,False,latin_or_other,
7b6c69d319c4bdd93204a9d610433dff63b9335afceeb83310a3508b5d6dc8bf,2,2,0,Spanish,15744,government/legal/procurement,no_explicit_marker,False,False,False,False,False,False,latin_or_other,
7bca43a19ca6897ab5cc35458b32598fe595822dc4e7fee6e4dda01b43cc5e3e,2,2,0,Portuguese,1928,news/blog/general web,no_explicit_marker,False,False,False,False,False,False,latin_or_other,
7bfe050d969af9fc8e0796b6882f9dfc28efc61be6905265714879ae03ba81ac,2,2,0,German,5544,unclassified/mixed,no_explicit_marker,False,False,False,False,False,False,latin_or_other,
7bffd5811b121e7aeee3cb4edd5de9f4accb23d9ff71251deb5766ec3acae868,2,2,0,English,11253,unclassified/mixed,no_explicit_marker,False,False,False,False,False,False,latin_or_other,
7c09290babca22cd25a3a87d6d5acfea18a39d7f47d52af43fb4270fcf3fbe29,2,2,0,German,13683,scholarly/research,no_explicit_marker,False,False,False,False,False,False,latin_or_other,abc.net.au;cevaplar.org;hhmi.org;peterussell.com;science.howstuffworks.com;spaceandmotion.com;successconsciousness.com
7c25497c4c70183e3ad51d3d2c4fc4418d2726a5877fcc45fd85e53edc6d0537,2,2,0,English,2827,corporate/financial/ESG,no_explicit_marker,False,False,False,False,False,False,latin_or_other,
7c8d69e3802b1487d7b052ca38342d8d865699cac3b687f5442aac28c7d16245,2,2,0,Portuguese,3982,scholarly/research,no_explicit_marker,False,False,False,False,False,False,latin_or_other,
7ca5d5b06d62b5dd4d119175babe940e8a9c5f04bb04b9e572ad3e2a06bb978e,2,2,0,Spanish,13740,unclassified/mixed,no_explicit_marker,False,False,False,False,False,False,latin_or_other,
7cdc515f6444007fd9c1ed42caa46a86144a3ce828245c19d04ca231afe4d423,2,2,0,Spanish,7925,government/legal/procurement,no_explicit_marker,False,False,False,False,False,False,latin_or_other,
7ce81bd94b16e634ff0f4e154b7bd8df23b145debc3a9a0d20330b61ba8bc3c2,2,2,0,English,2569,unclassified/mixed,no_explicit_marker,False,False,False,False,False,False,latin_or_other,
7d04f09b8a06a72b07d17b2d82fce67e2bec3f098435206fec79c29aa83f9543,2,2,0,Portuguese,1362,unclassified/mixed,no_explicit_marker,False,False,False,False,False,False,latin_or_other,
7d1c363d4bab94cd9b9920b409458fa5a15a972b56898d8ced702783e59b823e,2,2,0,Spanish,7733,unclassified/mixed,no_explicit_marker,False,False,False,False,False,False,latin_or_other,
7d3b49af0c7de62b79eef0ec4b28dd08f17f648ee3c4aa997d1c6b279ccbc54c,2,2,0,German,13891,unclassified/mixed,generic_copyright_or_bibliographic_marker,False,False,False,False,True,False,latin_or_other,ambedkar.org;berzinarchives.com;buddhanet.net;buddhistchannel.tv;cs.colostate.edu;dalit.de
7d4b9b23a3eb5088d4757c11d8102509eb462a350f62503a05254e534c83b4df,2,2,0,Spanish,7117,unclassified/mixed,no_explicit_marker,False,False,False,False,False,False,latin_or_other,cdc.gov;espanol.cdc.gov
7d67c84c3814c6f669048633f7dfb597b3d77b6523c5a7e6d7cfdf49ae3e770a,2,2,0,English,1567,scholarly/research,no_explicit_marker,False,False,False,False,False,False,latin_or_other,
7d964a86394850d8dade5096fabd5834f587bdbd7cbf407c2ac6644b8a2860fe,2,2,0,Portuguese,1634,unclassified/mixed,no_explicit_marker,False,False,False,False,False,False,latin_or_other,
7da1254c5c7aec1256e9fda30d4dc774f78b82b86a6a3e460810a503a8a4564a,2,2,0,English,3115,government/legal/procurement,no_explicit_marker,False,False,False,False,False,False,latin_or_other,
7dde9f8870302d0aa8abb1f264fcf459070f1916741fcbdca567cb4cad590a88,2,2,0,English,3060,unclassified/mixed,no_explicit_marker,False,False,False,False,False,False,latin_or_other,
7df5b808748bbd0c7ceee443864db85cb1b3c246f1320087eb2dcbf8ae5bf1d9,2,2,0,Spanish,14964,government/legal/procurement,no_explicit_marker,False,False,False,False,False,False,latin_or_other,
7dfd1cdc21a46d3c00b33174789216e63096f221e84632054f3b0be22abbe9b7,2,2,0,English,4461,government/legal/procurement,no_explicit_marker,False,False,False,False,False,True,latin_or_other,
7e29eb66e8eedb9ec18d6028de32c5349ffa2e0d95d0e1a7812c33444918dbf2,2,2,0,English,3058,unclassified/mixed,no_explicit_marker,False,False,False,False,False,False,latin_or_other,
7e52c69ec100a994240ddbc9cbf62dfee37aa7180cddd8379a156f9a923687e1,2,2,0,Portuguese,6796,unclassified/mixed,generic_copyright_or_bibliographic_marker,False,False,False,False,True,False,latin_or_other,
7e5f0b44053481a853eb32e85ae5ea8ac7fc236a770ad7804dfcc4b2fe521e5c,2,2,0,Italian,3726,scholarly/research,no_explicit_marker,False,False,False,False,False,False,latin_or_other,
7e7a21dd737f1f7a881a077f954911699ed56b0d7d3059f70d4f38301e9f8369,2,2,0,Portuguese,2211,unclassified/mixed,no_explicit_marker,False,False,False,False,False,False,latin_or_other,
7ecd5ae78a6448c5c453861044c6a02bd17d2cc0d188c56f64e0f2c6af425fd5,2,2,0,Italian,3846,unclassified/mixed,no_explicit_marker,False,False,False,False,False,False,latin_or_other,
7ecf251e954897e709432d3a6129fa34e50b463a19a0f7968011213cb5b3b413,2,2,0,Portuguese,13867,scholarly/research,no_explicit_marker,False,False,False,False,False,False,latin_or_other,
7eda9945a954a6914f5dbe9d45b2ebd30911eee6fd88fbafbadfb5fa6d09bc56,2,2,0,English,4370,government/legal/procurement,no_explicit_marker,False,False,False,False,False,False,latin_or_other,
7ef62f17243d0d00c1442375b03c99045dfe0db406f25d44787d8c9e96b50de9,2,2,0,German,876,unclassified/mixed,no_explicit_marker,False,False,False,False,False,False,latin_or_other,
7efcacea476b41a5c90c56594072cc1c56bb1a383822e5ec24b239e393c482e5,2,2,0,English,1444,unclassified/mixed,no_explicit_marker,False,False,False,False,False,False,latin_or_other,
7f00c8d918ed659d0241a974f607d37ba71ebe170c0c19ec256b028ad5191eb2,2,2,0,Portuguese,1635,scholarly/research,no_explicit_marker,False,False,False,False,False,False,latin_or_other,
7f1dbf5ac1bbbbf69dc0685ff2a05806637e96cbacf8072104b24a2525f325e7,2,2,0,Spanish,2993,unclassified/mixed,no_explicit_marker,False,False,False,False,False,False,latin_or_other,
7f26210e3bb486020613d9d816a70faf7e08091942aa705146d53148c279b292,2,2,0,English,5406,scholarly/research,no_explicit_marker,False,False,False,False,False,False,latin_or_other,
7f2ba785d868aaacf1ae27ba0a1993ef4fc2ac519f4f539622ea5f18196d1c86,2,2,0,English,7860,government/legal/procurement,no_explicit_marker,False,False,False,False,False,False,latin_or_other,
7f2c5e7e6f15db7299f44ab9fe00c864796c36e599ebd21e193a7dcb5fea8e6e,2,2,0,Italian,10370,unclassified/mixed,no_explicit_marker,False,False,False,False,False,False,latin_or_other,
7f332c5440321f3dd6fc3575ed16ff8f9affdd2655a4e9e34d51fea99825ed36,2,2,0,English,6758,government/legal/procurement,no_explicit_marker,False,False,False,False,False,False,latin_or_other,
7f84a5cc9bb18df17b0093164c6c2b3b8bb97a4463b236efc6e50f499b1439c8,2,2,0,Italian,13848,unclassified/mixed,no_explicit_marker,False,False,False,False,False,False,latin_or_other,it.gariwo.net
7f864377365caa5a42fdbc8f4a87336f3f9b48ea74c3947bd3cadc123923fbe0,2,2,0,Portuguese,4253,unclassified/mixed,no_explicit_marker,False,False,False,False,False,False,latin_or_other,communitiesofinquiry.com;edicoesgil.com.br;repositorium.sdum.uminho.pt
7f8a1a13608235b3cf5317437a3bfc190801075bfcd0387db5eeb6cc4ee8e6c2,2,2,0,Spanish,5569,unclassified/mixed,no_explicit_marker,False,False,False,False,False,False,latin_or_other,
7f8ec696e3179cd041d477d0d395892c0bf8f5a05389ae4f8b59d2c36376882b,2,2,0,French,11031,news/blog/general web,no_explicit_marker,False,False,False,False,False,False,latin_or_other,
7f9a8a8ecfefa6c9db2db0fbc02f9185440e176473017b3ff6a07b8ce33c2e09,2,2,0,Italian,3468,unclassified/mixed,no_explicit_marker,False,False,False,False,False,False,latin_or_other,
7fa89611a074842ee07daa8d27eab7a52b2c760addfdd1e8d584c9b2d243ea8e,2,2,0,English,3347,government/legal/procurement,no_explicit_marker,False,False,False,False,False,False,latin_or_other,
7fb15701555589dd997489e6ea9ede8233114cd80e2bbf68b6f2fee3c91f3a47,2,2,0,Spanish,1738,unclassified/mixed,no_explicit_marker,False,False,False,False,False,False,latin_or_other,
7fd88552e129b5f501ad06661e44df491c21ff99d6fc2c78844c9827a39df040,2,2,0,English,5582,scholarly/research,no_explicit_marker,False,False,False,False,False,False,latin_or_other,
800ab127573e697e982060bdbec9f560e4f649c9a626422b79355c7574bfe6a9,2,2,0,Portuguese,3668,unclassified/mixed,no_explicit_marker,False,False,False,False,False,False,latin_or_other,
80236c22aa0187646c5b13b66defa70b3090ebcb80213b10aadd523b8abe7d5e,2,2,0,English,4816,unclassified/mixed,no_explicit_marker,False,False,False,False,False,False,latin_or_other,
802859bfb11a907fe2b62094090faefc2a4d68b829f9d2ea9150329f76f577e9,2,2,0,English,2563,scholarly/research,no_explicit_marker,False,False,False,False,False,False,latin_or_other,
80556f98a5b2769d0c50760c946465a0235d7920974ae4fa118d3c009c69357e,2,2,0,Spanish,2917,unclassified/mixed,no_explicit_marker,False,False,False,False,False,False,latin_or_other,
8059ca032d76132d4c2d8c6e5914f28d1c609fa536a9bcbb03729bcbd0e386e5,2,2,0,Portuguese,2500,unclassified/mixed,no_explicit_marker,False,False,False,False,False,False,latin_or_other,
8082595571292972c1c5b2963d517e7fcf91fc3998109c897a5c88fa3f172595,2,2,0,Spanish,7534,unclassified/mixed,generic_copyright_or_bibliographic_marker,False,False,False,False,True,False,latin_or_other,
80de22227eb0e39384f2eeaa45fb87632f24840511e56679d4d916bfb766848f,2,2,0,Spanish,5862,unclassified/mixed,no_explicit_marker,False,False,False,False,False,False,latin_or_other,
80e37313bb676cc5932b4be18877110addb228a9462c65f7eb7f7b56eab9f116,2,2,0,Spanish,7781,news/blog/general web,no_explicit_marker,False,False,False,False,False,False,latin_or_other,museodelprado.com
80ef083e99ec9cf33eb4aff2571fc9952610e8f437a82de1026e9db5b306b4eb,2,2,0,English,5941,manual/technical documentation,no_explicit_marker,False,False,False,False,False,False,latin_or_other,
80f137d02e15db1969b61019187b6fcec948d1433ae2b33913293c0ea996d300,2,2,0,Italian,13394,unclassified/mixed,no_explicit_marker,False,False,False,False,False,False,latin_or_other,
80f3563d8b35bf7e12c9c998d0c9b03ae317e9ae6e1745a1153d2f83351de6f5,2,2,0,English,862,unclassified/mixed,no_explicit_marker,False,False,False,False,False,False,latin_or_other,
81105bdc55274e3a44bb7f20c71649a99a2cc20cb838d71fa8d1d8e37e56c0cd,2,2,0,Portuguese,5479,unclassified/mixed,no_explicit_marker,False,False,False,False,False,False,latin_or_other,abamais.com
812103748fa47abc44aa24d62a7a2b28b7343e1df3d481d3e823660b41edce56,2,2,0,English,2424,unclassified/mixed,no_explicit_marker,False,False,False,False,False,False,latin_or_other,
812363fa11848004f1b8df229eb10b5ee8a0983207b0c59b8685f597e8597fd2,2,2,0,English,3184,scholarly/research,no_explicit_marker,False,False,False,False,False,False,latin_or_other,
813a91c237eb0afd1ab592b04646bd009b122805666cdb0e1d060f8a8537dee4,2,2,0,German,8430,unclassified/mixed,generic_copyright_or_bibliographic_marker,False,False,False,False,True,False,latin_or_other,
8176b9745a31a6117cee07a447d823236c090d8bc2a2c541d07858daf7f771b7,2,2,0,Spanish,8633,news/blog/general web,no_explicit_marker,False,False,False,False,False,False,latin_or_other,news.un.org
81a10ebc7e41eec8483e298499888af4e0a33e801efc4af0e8325538d84a8299,2,2,0,Portuguese,6892,unclassified/mixed,no_explicit_marker,False,False,False,False,False,False,latin_or_other,todoestudo.com.br
81ba4004123fe5c8ede10f2ff99eb70430d228baf5e2d5e515f456a5ae8637c5,2,2,0,Portuguese,2179,unclassified/mixed,no_explicit_marker,False,False,False,False,False,False,latin_or_other,
81d43227f210532bcf0f2de7bf59d76d9ba561b4bb1d8262dff114dcc977a655,2,2,0,English,6012,unclassified/mixed,no_explicit_marker,False,False,False,False,False,False,latin_or_other,
81dbca3fea243759f92c608aa22948dd54907fa94e53303f37f6827ce15da464,2,2,0,English,2162,scholarly/research,no_explicit_marker,False,False,False,False,False,False,latin_or_other,doi.org
81f1a8a1f608f13e93535f9757bb5ef2f9f8587a669592279778d5d93b8609c7,2,2,0,Portuguese,5213,scholarly/research,no_explicit_marker,False,False,False,False,False,True,latin_or_other,
82759d9525ebc307464c12d15af7c5d57d94a681ceba94fec19b9340602dd5aa,2,2,0,Italian,5905,books/literary/publisher,generic_copyright_or_bibliographic_marker,False,False,False,False,True,True,latin_or_other,
827b6ecc43ab6ba667b48bd8a15f1bffca08d874bee2a4b175b796719e9852db,2,2,0,Spanish,14659,unclassified/mixed,no_explicit_marker,False,False,False,False,False,False,latin_or_other,
82e08165c444c944693d8204814300f1ebd6ac1ed87f827b6dc059bc93c71f6b,2,2,0,Italian,5702,unclassified/mixed,no_explicit_marker,False,False,False,False,False,False,latin_or_other,
82e5b835771710ed13397b57e272af2f9fef686eb69a5c8a303afd98edc6fe1f,2,2,0,Spanish,2608,unclassified/mixed,no_explicit_marker,False,False,False,False,False,False,latin_or_other,
82f313a9d8ce5dc31c095115dee1be4e84866da2abda631dea53299254ad1cd5,2,2,0,Spanish,14840,unclassified/mixed,no_explicit_marker,False,False,False,False,False,False,latin_or_other,
82f4e08f2573a8d98bf861ced612a066267888b6f1ef632dccb1969da6ccebc8,2,2,0,Spanish,2332,unclassified/mixed,generic_copyright_or_bibliographic_marker,False,False,False,False,True,False,latin_or_other,
831d81a436cab12ff2a89ec790fac22378836e8b3e39d8e08318b0359bf76c11,2,2,0,Portuguese,6127,scholarly/research,no_explicit_marker,False,False,False,False,False,False,latin_or_other,
832f44988460290d6bf7b5661cd56e7905b3ef33fa880d29681c2cd626c52270,2,2,0,Spanish,12093,unclassified/mixed,no_explicit_marker,False,False,False,False,False,False,latin_or_other,confederaciongaucha.com.ar
834a0fdae69c33a2975faa6b81219e5656c2b206f2dd809c0185531043628cde,2,2,0,Italian,4656,unclassified/mixed,no_explicit_marker,False,False,False,False,False,False,latin_or_other,closeupengineering.it
83663a79dbcaa32e2c25d8bf0f2d2ea931a6be7338a054b437d1f9193718414b,2,2,0,Italian,13264,manual/technical documentation,no_explicit_marker,False,False,False,False,False,False,latin_or_other,coopculture.it
83706cd8da2797f455b4166b39b0692f8930d2abff359142265913bcfd633c2c,2,2,0,French,4037,unclassified/mixed,no_explicit_marker,False,False,False,False,False,False,latin_or_other,
8370ad788b0d6731a81ce2d0f5cf556ef97a1515f9a0a97385a89d7bbf196c67,2,2,0,English,15317,news/blog/general web,no_explicit_marker,False,False,False,False,False,False,latin_or_other,
83ba5739f51691620b71c9ea0b3328eaf78b27e957e802ff2271b8255f03e452,2,2,0,English,1326,unclassified/mixed,no_explicit_marker,False,False,False,False,False,False,latin_or_other,
83c6051927b6751834958c7e3f358d06bde00717430dcc1ee554e0320f773601,2,2,0,English,1853,unclassified/mixed,no_explicit_marker,False,False,False,False,False,False,latin_or_other,
83e4b52946c44169cfbac02a080f93e2d29ef1ca54d4bbacb8c9fb720d15b17b,2,2,0,Italian,4622,unclassified/mixed,no_explicit_marker,False,False,False,False,False,False,latin_or_other,
83e7d032bf76c6dc36e39cfe3b59507ebfdf31d484f900e2cf581dea44ec206d,2,2,0,Portuguese,4269,scholarly/research,no_explicit_marker,False,False,False,False,False,True,latin_or_other,
83eb76e822447535a149b151cc164da7515033d614a9404c6f90d9df04ef01b4,2,2,0,Italian,8055,unclassified/mixed,no_explicit_marker,False,False,False,False,False,False,latin_or_other,
83f0862623f8b9821e2d8efbafb0c9fd843476f1a686799888905cb7b0ee05da,2,2,0,Portuguese,14739,scholarly/research,no_explicit_marker,False,False,False,False,False,False,latin_or_other,
83f672c4aa597ab187fff045201b34cc5d913e556659578827fd6312925c6a22,2,2,0,English,5515,software/code/technical-QA,no_explicit_marker,False,False,False,False,False,False,latin_or_other,
8402030c2a9d589440a9b8555d69235d92c085001d62c2341709a6ad72c73d1a,2,2,0,French,1189,unclassified/mixed,no_explicit_marker,False,False,False,False,False,False,latin_or_other,
840bd002321cae2083cc79797bd3d4b6316095ed006cf9ac2ed24bf545d1980a,2,2,0,Portuguese,11314,scholarly/research,no_explicit_marker,False,False,False,False,False,False,latin_or_other,
844b140c63ef3aa770ab51b6bd36eec6679a31c3f709e13f628655eaf650f747,2,2,0,Portuguese,3370,unclassified/mixed,no_explicit_marker,False,False,False,False,False,False,latin_or_other,
846fa635fc5952676263352014b63a7f78e53207320b0578adec0bf660da3687,2,2,0,Hindi,3367,unclassified/mixed,no_explicit_marker,False,False,False,False,False,False,latin_or_other,
84761851a5fde5b8b167a0aaa3dbcb2d7729394c9323be1c3c7147024154afbf,2,2,0,Portuguese,2237,scholarly/research,no_explicit_marker,False,False,False,False,False,False,latin_or_other,
8476f940a020cc62c4a23ee96f6504495191aa63a7ee8b4098e6df50206fa6fe,2,2,0,English,8187,unclassified/mixed,no_explicit_marker,False,False,False,False,False,False,latin_or_other,
848cb8894e8f1511d22d168bb902a9e52c1f5d6c5b30ec7d98bd1863f22b9276,2,2,0,Italian,14757,unclassified/mixed,no_explicit_marker,False,False,False,False,False,False,latin_or_other,
84ce5a7f5cd639e88a76da096c911983eebe2fd32c7dd5a83576502de8577fa0,2,2,0,English,6949,scholarly/research,no_explicit_marker,False,False,False,False,False,False,latin_or_other,opensource.com
84f9b72aabae8d1b7df3d6e148e25c205abed6bf0e45bdf3d6036c2844b0157c,2,2,0,Portuguese,4453,scholarly/research,no_explicit_marker,False,False,False,False,False,False,latin_or_other,
851dab9006c18e5a6102c2971eb6f01138e0f9e139f641787a2f9a122b1d67b7,2,2,0,German,14402,unclassified/mixed,no_explicit_marker,False,False,False,False,False,False,latin_or_other,
852914009e89f55582a28d2d12d90f7943ee937a612516098120fad5d8b3903b,2,2,0,Italian,3452,unclassified/mixed,no_explicit_marker,False,False,False,False,False,False,latin_or_other,
85319f3cf341eaa1bdf60777d70de3874ab87b8e6d9217704d06d22eb488d33e,2,2,0,Spanish,4777,government/legal/procurement,no_explicit_marker,False,False,False,False,False,False,latin_or_other,
85899ea3d015d74e2e6650d76cc7b9a4dcf72179731c15ac6c04e4c92e90bd6d,2,2,0,English,2355,unclassified/mixed,no_explicit_marker,False,False,False,False,False,False,latin_or_other,
85bee58197ed6fe5ac7807430f73a77b938b522c8ac17bfc75df5986c2e891fd,2,2,0,Italian,6601,unclassified/mixed,no_explicit_marker,False,False,False,False,False,False,latin_or_other,ingvambiente.com
85d1fdc9c3eb01e9b51456278aa3c430b855183fee01a93a611d6ff136d40edf,2,2,0,Portuguese,6150,unclassified/mixed,no_explicit_marker,False,False,False,False,False,False,latin_or_other,
85efc1c3722823e644793a97f976116306c72b7a80fec38e0e9fcb1a7d717a39,2,2,0,Italian,13819,unclassified/mixed,no_explicit_marker,False,False,False,False,False,False,latin_or_other,treccani.it
85fa2c932b2bf5d07c963729fb653fceb6d248c1c63c33f45d6a60814fee8c44,2,2,0,Portuguese,14012,encyclopedia/reference,no_explicit_marker,False,False,False,False,False,False,latin_or_other,
85fab0f183628e6f1f0127f7e48f850ac6775f6e7c269176cca4ed382598ea9c,2,2,0,English,3672,unclassified/mixed,no_explicit_marker,False,False,False,False,False,False,latin_or_other,
860eac3ce2e0e7e361a1687620189f6fc526ca4bdcb01d167739d6d5d13771e8,2,2,0,French,5884,scholarly/research,generic_copyright_or_bibliographic_marker,False,False,False,False,True,False,latin_or_other,
861a6cc1069a51121173ccca89abf6b7e358204353391029645f7a105748ebb2,2,2,0,English,1140,manual/technical documentation,no_explicit_marker,False,False,False,False,False,False,latin_or_other,naasbeginners.co.uk
86283c52025bfc79e462d87d8d4d3de0c09fbdd6111600bf8b013c8839b527d0,2,2,0,French,5184,unclassified/mixed,no_explicit_marker,False,False,False,False,False,False,latin_or_other,
865810a207c3aebbd3dbc59e4e3d130cfad372f481c020063dac9a4acfdf883d,2,2,0,Italian,2583,unclassified/mixed,no_explicit_marker,False,False,False,False,False,False,latin_or_other,
8665c05d57f4281cb18def687072a43f5a2fcbda84009bc905760856273914d7,2,2,0,English,2005,unclassified/mixed,no_explicit_marker,False,False,False,False,False,False,latin_or_other,
867970d81ff29cb6d3d19f0ca5f47698bacb5314923213c41916cd4757fcc0dd,2,2,0,Italian,5431,encyclopedia/reference,no_explicit_marker,False,False,False,False,False,False,latin_or_other,it.wikipedia.org
867c4b20c5e7191d760fd9649056cc8b42c85398ad72c9d0a53b1cf0f0010bc2,2,2,0,English,5086,unclassified/mixed,no_explicit_marker,False,False,False,False,False,False,latin_or_other,
868645d9e70c99ebaf85e784d3649024da86b29f9d9570793e94a216a3cf441b,2,2,0,French,11436,scholarly/research,generic_copyright_or_bibliographic_marker,False,False,False,False,True,False,latin_or_other,iucn.org;iucnredlist.org;ramsar.org
86c0a711e2f6e8eda2fe72865cd500875bc3550e63f2192b9e29d0d5f84e6dcb,2,2,0,English,10043,books/literary/publisher,explicit_restrictive_notice,True,False,False,False,True,True,latin_or_other,
86c3da195787fe99e5dbef36f837bc3370293f2be963d0055121a6bc8755eace,2,2,0,Portuguese,6772,scholarly/research,no_explicit_marker,False,False,False,False,False,False,latin_or_other,
86c7daac705b8cc7727694778d44ab39449e54aa5187f781f09bc241af6636da,2,2,0,Italian,13675,unclassified/mixed,no_explicit_marker,False,False,False,False,False,False,latin_or_other,
86ea99d4ba81662f2c0391ca68f3829e4ca3afb7962ebffeb1673fcf39be3032,2,2,0,English,4617,unclassified/mixed,no_explicit_marker,False,False,False,False,False,False,latin_or_other,
87295291e64cafa2ddfa67cf3f46271959030c31df1ecca9d1f323626e434233,2,2,0,Spanish,14751,encyclopedia/reference,no_explicit_marker,False,False,False,False,False,False,latin_or_other,
87472789260e0483ba550853dcc5fbac2c6159c08807f1a30dc7aae8c7af9ac8,2,2,0,English,13631,government/legal/procurement,no_explicit_marker,False,False,False,False,False,False,latin_or_other,
87482d0ce93c2c88c30fe037b08c5f9535cc4d8681ed7e2aa13720004367cccc,2,2,0,English,17914,unclassified/mixed,no_explicit_marker,False,False,False,False,False,False,latin_or_other,
87636ac1cba552e1392fb83e2223a32952fa5083a8de0e5d0c14c291331fd175,2,2,0,Spanish,8071,unclassified/mixed,no_explicit_marker,False,False,False,False,False,False,latin_or_other,
8765fd17178829eb6862a296978b2a453dd213858c40bd2b6312dc1bc5c5d243,2,2,0,English,1371,unclassified/mixed,no_explicit_marker,False,False,False,False,False,False,latin_or_other,
877290614cc168f6bcd1a855061aa04bcd3e303eef95e856e46c58458df193cc,2,2,0,English,2301,unclassified/mixed,no_explicit_marker,False,False,False,False,False,False,latin_or_other,
8788985b2620fba9427306b111708e13fcb47fe6436bb6439585a3ed7767c64e,2,2,0,Italian,2323,encyclopedia/reference,no_explicit_marker,False,False,False,False,False,False,latin_or_other,it.wikipedia.org
87b01ee62f2af6b132802a955f75b16bf6f752e2127cd9332924aaefa19d7030,2,2,0,Italian,13459,unclassified/mixed,no_explicit_marker,False,False,False,False,False,False,latin_or_other,
87c0efd115d57faebc40c7616d84aec92b45c7ab16a33adb94f3d2765aadf3b9,2,2,0,Portuguese,14523,scholarly/research,no_explicit_marker,False,False,False,False,False,False,latin_or_other,
87c1653f74b9bb9e44c06218238a09c22f2cd9f3f620b8afd49e9e7c2e1d845b,2,2,0,Spanish,15856,government/legal/procurement,no_explicit_marker,False,False,False,False,False,True,latin_or_other,
87daf5402077136e8639759d2de30b46f48a268e526a8dbb5b1670ab056bce6d,2,2,0,Portuguese,2769,unclassified/mixed,no_explicit_marker,False,False,False,False,False,False,latin_or_other,
8823500aa97bce3bd0d2ec8c0e18cda10509482a38fdefa1ab1bd34698ff4a89,2,2,0,English,1087,unclassified/mixed,no_explicit_marker,False,False,False,False,False,False,latin_or_other,
886e4ce3b8de902bcb179233d00fc33e2ef50e4a0999d99f1b198b5cd8cf5627,2,2,0,French,706,unclassified/mixed,no_explicit_marker,False,False,False,False,False,False,latin_or_other,
888b1f2a2e7b5b8fc8fd9a1af2246cf3dbc0835b01ad2237384a07483628e0eb,2,2,0,French,4656,unclassified/mixed,no_explicit_marker,False,False,False,False,False,False,latin_or_other,
88955b6fa996fe7fc5520c8fcd2285e648c0ba805d45d064b60ba57bd6b9825e,2,2,0,French,2925,unclassified/mixed,no_explicit_marker,False,False,False,False,False,False,latin_or_other,
889608c606b5072d2bca3080671ad5849c6ac2142bbe6417c4bc1650cd579423,2,2,0,English,5272,books/literary/publisher,no_explicit_marker,False,False,False,False,False,False,latin_or_other,
88caae2d3ee215d11d5046fd0dc33e8c887ba010d8e73b22fac4a8c3a6a0e830,2,2,0,English,4891,unclassified/mixed,no_explicit_marker,False,False,False,False,False,False,latin_or_other,
88d854c8e3a0eff40542d922e8ba033dcc75f5e359c9bcf9ea616268551ec849,2,2,0,Portuguese,2252,encyclopedia/reference,no_explicit_marker,False,False,False,False,False,False,latin_or_other,
88dd32a028f47f51fca9afe54dd9a2e561613472167b085df6123587050710c9,2,2,0,Italian,3164,encyclopedia/reference,no_explicit_marker,False,False,False,False,False,False,latin_or_other,
88de091588b90dae32fe06bc05af200dc57ccec347dfa1dc7ab87d5994f80c61,2,2,0,Portuguese,15215,scholarly/research,no_explicit_marker,False,False,False,False,False,False,latin_or_other,
88e844df676c311895debe69e73c9fdbd3f84e5b57510d9ac8436a5d9a0d1ea3,2,2,0,German,3281,unclassified/mixed,no_explicit_marker,False,False,False,False,False,False,latin_or_other,
88fad9863be2f6d83dfc71652b1655f85ae5a443ccfeea6e8c83ad99896c72a3,2,2,0,Portuguese,4517,unclassified/mixed,no_explicit_marker,False,False,False,False,False,False,latin_or_other,
88fee71c9a2f802ff27de6e5e91eb2025a1c317b9b254cea3ee1af339c82d3a7,2,2,0,Italian,13793,unclassified/mixed,no_explicit_marker,False,False,False,False,False,False,latin_or_other,
89538106ab5fb93e4c8e6c15584c87bdb5b037fa734354db6bd97c42b29483ac,2,2,0,French,2752,news/blog/general web,no_explicit_marker,False,False,False,False,False,False,latin_or_other,ombelineplus.blogspot.com
897585c3417bbbc79f1df2461c2d73fcf04ad498a8cbfb2832e1bc57bb4159c3,2,2,0,German,5232,unclassified/mixed,no_explicit_marker,False,False,False,False,False,False,latin_or_other,
8975f848a621853f450562859d40deea117430310373a2c6a990c1cd173edf3b,2,2,0,English,4133,scholarly/research,no_explicit_marker,False,False,False,False,False,False,latin_or_other,
8982ee3bfea7a71ae0ee5f7e2a5e4931751e609db6098a803940811fac4c17d6,2,2,0,Spanish,4812,government/legal/procurement,no_explicit_marker,False,False,False,False,False,True,latin_or_other,
899f73bc3955f41d7ae785414a323263be49ac4e9869307474c6a20163cbe25a,2,2,0,Portuguese,14272,government/legal/procurement,no_explicit_marker,False,False,False,False,False,True,latin_or_other,
89acb2849f92bdefa1dad7d4cca83d05bb8c74d70c68e29fe380f328bc88c43f,2,2,0,English,23243,government/legal/procurement,no_explicit_marker,False,False,False,False,False,False,latin_or_other,
89ba54aadfb19c1619f0a9b43aa2d8e6fb80576f4323469b400aaecdd3c71266,2,2,0,English,3201,unclassified/mixed,no_explicit_marker,False,False,False,False,False,False,latin_or_other,
89c7856fe818eee48489c96f3057478ac48d18b95c96d58460a1e0e0d17ce531,2,2,0,Italian,13804,scholarly/research,no_explicit_marker,False,False,False,False,False,False,latin_or_other,
89cc10a3d8139ca3046fa1b74e5835b636f4868881d29a12fc8581677a942a4a,2,2,0,English,5293,unclassified/mixed,no_explicit_marker,False,False,False,False,False,False,latin_or_other,
89ec9c5d1b3aabbd77852df3756441650cc29193ba43c89418c8572f628fcf3d,2,2,0,Spanish,10468,encyclopedia/reference,no_explicit_marker,False,False,False,False,False,False,latin_or_other,
8a234a819e805ad0581d0b8bc6e9405050b6687bc5470da7a2f10c088b5af56d,2,2,0,Spanish,15668,unclassified/mixed,no_explicit_marker,False,False,False,False,False,False,latin_or_other,
8a32cbc1f76652cd421650d100b1d35e72811ecea0085fe93dcb3847e095f054,2,2,0,English,4943,unclassified/mixed,no_explicit_marker,False,False,False,False,False,False,latin_or_other,
8a41a79b47fd293cb37d93cbaffa3f020c89d21d42d0745ce6e28cff2b0d0eb8,2,2,0,Portuguese,13813,news/blog/general web,no_explicit_marker,False,False,False,False,False,False,latin_or_other,cmu.unicamp.br;locus.ufjf.emnuvens.com.br;palmares.gov.br;revistadehistoria.com.br
8a8a7339031c180d21a80b3dfa178c07adf1daf54b7eab2414baef80f9adf73c,2,2,0,English,1583,unclassified/mixed,no_explicit_marker,False,False,False,False,False,False,latin_or_other,
8a95656942fabf451eab29848d10c94cd951cec18ff1061f2ab8925e44c26e1a,2,2,0,French,5769,scholarly/research,no_explicit_marker,False,False,False,False,False,True,latin_or_other,
8ab4303817f518d14d9512cbfac5951a5ca491bcb7443b6b50b5da3dfa3fcdbe,2,2,0,Portuguese,3417,government/legal/procurement,no_explicit_marker,False,False,False,False,False,False,latin_or_other,
8b08607d8f4e9740ee12f3cf170640752fae2f5d20270bae3c83ed12c85d226a,2,2,0,Italian,1431,unclassified/mixed,no_explicit_marker,False,False,False,False,False,False,latin_or_other,
8b1a4f706258fee0bf6e38c7bac17d05371a8329c0d5a848eb09210de70b7053,2,2,0,Spanish,5493,unclassified/mixed,no_explicit_marker,False,False,False,False,False,False,latin_or_other,
8b3a5c317bdec52a096020adf2fd053722df99060bde5ddc1caf728d325a61d5,2,2,0,Portuguese,4286,unclassified/mixed,no_explicit_marker,False,False,False,False,False,False,latin_or_other,
8b48819077f4f10910b7c39f43948430480e7ef19fa971db38c5b9b0323fa48a,2,2,0,English,2227,software/code/technical-QA,no_explicit_marker,False,False,False,False,False,False,latin_or_other,etuc.org
8b56277d3aac773c1ce1b7395906e074ed528254cfdc3dcdcbc3e639f9afa4d8,2,2,0,English,2128,unclassified/mixed,no_explicit_marker,False,False,False,False,False,False,latin_or_other,
8b5677f8d20be5f08a03f1b37efd91a9bb223f12d495b1f5f974f3afbb4f5958,2,2,0,Portuguese,4088,scholarly/research,no_explicit_marker,False,False,False,False,False,False,latin_or_other,
8b68273fbcd040a19364b400ccfbbf641e65f14b89916216a4d071c4b40b8b14,2,2,0,English,2081,unclassified/mixed,no_explicit_marker,False,False,False,False,False,False,latin_or_other,
8b76b8b16cf00979d58eb335d2ba704fdb34c026eb30573943daae27ee35d66d,2,2,0,French,10073,government/legal/procurement,no_explicit_marker,False,False,False,False,False,False,latin_or_other,
8b88ecf4506ba7b1692b919c4d0750e2bea730c65ada16f5a91407c4f4106c88,2,2,0,Italian,6772,encyclopedia/reference,no_explicit_marker,False,False,False,False,False,False,latin_or_other,
8b8c1b6fd9830eb01e6bcb574b8148c17dbb51220c928642b93fdcf6ee161d4f,2,2,0,Portuguese,7391,unclassified/mixed,no_explicit_marker,False,False,False,False,False,False,latin_or_other,
8b927fb3e3e0e1185b9ac89b52b49b7355e603c6f196e3fb31d9194989a77a36,2,2,0,English,17600,government/legal/procurement,no_explicit_marker,False,False,False,False,False,False,latin_or_other,
8b9fa5921d2ab672dfea80f8bc0eb7771d14a954ed313b89fb3cb4be29566419,2,2,0,Spanish,3773,public-domain/library,no_explicit_marker,False,False,False,False,False,True,latin_or_other,es.wikipedia.org;monumentalnet.org
8bccd53970be3d25d3233b104abbf8763761c34ff6dd1abda66c736b7f87a99e,2,2,0,English,2012,scholarly/research,no_explicit_marker,False,False,False,False,False,False,latin_or_other,
8be3e40a6b26d0e256d4778b32da022b7c951e2e9971306f03abb1f4e87fbc39,2,2,0,German,13783,unclassified/mixed,no_explicit_marker,False,False,False,False,False,False,latin_or_other,
8bfd7882c9bd1d02c3bd6a806fce97bd4411d4aab16357f4f06c5101abae36a0,2,2,0,English,3804,public-domain/library,explicit_public_domain_marker,False,True,True,False,False,False,latin_or_other,
8c09fba8b96f74eb1e1ba10d578cf0c629810d496226a083e74a5b363013ea13,2,2,0,Spanish,4858,unclassified/mixed,no_explicit_marker,False,False,False,False,False,False,latin_or_other,
8c2d38e08b35cf0fbbc6512663678352edb2b12e77fbcb15114ac3af860115de,2,2,0,French,2511,scholarly/research,no_explicit_marker,False,False,False,False,False,False,latin_or_other,
8c365e35e899bd1582d6c1e1dff7258f3265e2d074a9638bc188900726765ecc,2,2,0,Italian,13694,government/legal/procurement,no_explicit_marker,False,False,False,False,False,False,latin_or_other,salute.gov.it
8c3b7e2e26cf6092344f7b36f8456ec181ba4ddf26efc456346df2414de60be1,2,2,0,English,3224,unclassified/mixed,no_explicit_marker,False,False,False,False,False,False,latin_or_other,
8c4ea4c78d494d2719ffe6eef97719eec81fe04520dbd8ac0b0faf8b0f10a044,2,2,0,Spanish,11910,news/blog/general web,no_explicit_marker,False,False,False,False,False,False,latin_or_other,amnesty.org;ecured.cu;es.globalvoicesonline.org;imninalu.net;revistademisantojos.blogspot.com;unicef.org;unionromani.org;us.franceguide.com
8cbb3eb76a9db7660776d221fe47a6db80e6d8834eabe6de7be5769e0ccaeb39,2,2,0,English,3615,scholarly/research,no_explicit_marker,False,False,False,False,False,False,latin_or_other,
8cd2f5126727d9ebdab9aaa8999e3308021c14c52ce025e79e449eb154e5ba00,2,2,0,German,5523,unclassified/mixed,generic_copyright_or_bibliographic_marker,False,False,False,False,True,False,latin_or_other,
8cd5dcb29341ee7b20c9e1e8a67192985e224c33a113f4f71b26222efeac04e5,2,2,0,French,5527,scholarly/research,no_explicit_marker,False,False,False,False,False,False,latin_or_other,
8cd85d608561a4a5479c092e6fd9f47cc04995219796f3730aede137c8b448cf,2,2,0,French,6976,books/literary/publisher,no_explicit_marker,False,False,False,False,False,True,latin_or_other,
8cfb6016e5319271d0872e0a4d1f4c7bb4c78ab95d56a78623135873bacda559,2,2,0,Italian,7924,unclassified/mixed,no_explicit_marker,False,False,False,False,False,False,latin_or_other,
8d1294e77e0f574583373896e7545bfe3257f5905ac6e846b7202aaeabe7fcd2,2,2,0,English,3327,news/blog/general web,no_explicit_marker,False,False,False,False,False,False,latin_or_other,
8d1412b354262e4edc3278cd150e402ba04e9710efca76964da21e8867eed669,2,2,0,English,5856,unclassified/mixed,no_explicit_marker,False,False,False,False,False,False,latin_or_other,
8d1605903467d26ea1b7158d5867dfa12307c41cc3c7a039f201184e5dbd862f,2,2,0,English,4349,unclassified/mixed,no_explicit_marker,False,False,False,False,False,False,latin_or_other,
8d19c60a4d46fc112a17be52c54d2750f1f4417d53666f4273f020d0e97d7442,2,2,0,Spanish,15473,government/legal/procurement,no_explicit_marker,False,False,False,False,False,False,latin_or_other,
8d3b384c82805cdd6d59fbb6fbdcde6e72ed3263f3e4f2627614144634597d35,2,2,0,Italian,5441,unclassified/mixed,no_explicit_marker,False,False,False,False,False,False,latin_or_other,archimedes-exhibitions.de;mpi-halle.mpg.de
8d49a883d421c4d10ff730e9217826c1c6334f1cff424c395fa0e0f1d1029942,2,2,0,Italian,14433,unclassified/mixed,no_explicit_marker,False,False,False,False,False,False,latin_or_other,
8d5885e99f757d5046235ceac87c3a4b42ebd26138a84d8a567659e4be9218f8,2,2,0,English,2086,unclassified/mixed,no_explicit_marker,False,False,False,False,False,False,latin_or_other,
8d5b854be9527c3b3dbfd48c29abe3dd87b53838f5321c6468db0ce8d8a47d38,2,2,0,Spanish,14754,unclassified/mixed,no_explicit_marker,False,False,False,False,False,False,latin_or_other,alainet.org
8d6e934bd1072b1d24583ddeea833ea9fa51764058cd2b1c1183a59e718fdcdf,2,2,0,Italian,10956,unclassified/mixed,no_explicit_marker,False,False,False,False,False,False,latin_or_other,
8d7e834a02b3d306c31d5dabae38269f710d054750d136452040832c1f8f3912,2,2,0,English,3350,unclassified/mixed,no_explicit_marker,False,False,False,False,False,False,latin_or_other,
8d854ad425b228a753bb7fdee49fdfb12a7a52604c6875fc0fd16eb87280509e,2,2,0,French,5038,unclassified/mixed,no_explicit_marker,False,False,False,False,False,False,latin_or_other,
8da973c0886ab90fd83a99147cc2e214c867a5736e8aa73744dffede9fad4fa9,2,2,0,Italian,2440,encyclopedia/reference,no_explicit_marker,False,False,False,False,False,False,latin_or_other,it.wikipedia.org
8dd0c0106b03496cb6e2766947350de240738e5d45de9c0939cedc56399fb69a,2,2,0,English,4033,unclassified/mixed,no_explicit_marker,False,False,False,False,False,False,latin_or_other,
8dd3b691a6c5d5649c7c93182111585d4edf32ea0fe66845210049ebfa532e98,2,2,0,English,7348,unclassified/mixed,no_explicit_marker,False,False,False,False,False,False,latin_or_other,
8dd5441905c078029719db589e8056e5bb2a911f188c31efe58740cfe671894c,2,2,0,Italian,3721,unclassified/mixed,no_explicit_marker,False,False,False,False,False,False,latin_or_other,smaltimento-rifiuti-sicilia.it
8e1a1b376a233c70866869500aee6a939d677ad401835676d3df461998a32e59,2,2,0,Italian,4633,unclassified/mixed,no_explicit_marker,False,False,False,False,False,False,latin_or_other,
8e2b6b4aabd9f827b18d48eaea9bf61bb3953d0e02db762c7d74bef3f6fe6716,2,2,0,English,4767,news/blog/general web,no_explicit_marker,False,False,False,False,False,False,latin_or_other,
8e56f677f81d15a8490fd3694159e062c4ad168d6eccaf2307239297b110ee4f,2,2,0,English,3938,unclassified/mixed,no_explicit_marker,False,False,False,False,False,False,latin_or_other,
8e68b45837111bb82b1cbef8b664c8d0b06d9be5d5075c53b94e1a261cb6cfbb,2,2,0,Spanish,5860,unclassified/mixed,generic_copyright_or_bibliographic_marker,False,False,False,False,True,False,latin_or_other,
8e6b50e8a15f96f57e960de1955767b6eaddb16cc17560847fc41a2e05f424eb,2,2,0,French,3256,unclassified/mixed,no_explicit_marker,False,False,False,False,False,False,latin_or_other,
8e89518eb5f9d3cc54b50686dd5eefe7db6a43a0299ce2ed339160ba37672318,2,2,0,Portuguese,14666,scholarly/research,no_explicit_marker,False,False,False,False,False,False,latin_or_other,
8ee78f82a9214b3afe453406f8c5b299cac48975b9c4e7893b4537e5f8b2f9b1,2,2,0,Italian,2578,government/legal/procurement,no_explicit_marker,False,False,False,False,False,False,latin_or_other,
8eee1e793aafee6b5062896435dd30930deb304ea61ef44371168c83cfb8645d,2,2,0,English,6035,news/blog/general web,no_explicit_marker,False,False,False,False,False,False,latin_or_other,
8f4427d4b2197749c4f6c24766c7b99f2e6ed158db23ec3b948896696a36ea36,2,2,0,English,3630,government/legal/procurement,no_explicit_marker,False,False,False,False,False,False,latin_or_other,
8f7fcb386ef04b0a5f1582ed52c2ed191a4836067724532de58e54e17f738784,2,2,0,French,3409,scholarly/research,no_explicit_marker,False,False,False,False,False,False,latin_or_other,
8f9dd7a920a0d7d7341516357d2eec8a7f97f05f217bcd6c56c1b4d008730c94,2,2,0,Italian,3082,unclassified/mixed,no_explicit_marker,False,False,False,False,False,False,latin_or_other,
8fa76ab9252540152eb9dd23d142519947d98cb107168179010ef91ec8004895,2,2,0,Italian,4319,unclassified/mixed,no_explicit_marker,False,False,False,False,False,False,latin_or_other,
8fb3ad0088d3ae072dbe712983c9575e9357bff49cce5b771ac8fc41061b0a95,2,2,0,English,2956,unclassified/mixed,no_explicit_marker,False,False,False,False,False,False,latin_or_other,
8fd0f5e91ecba96930cac642b203e3c78068700848eff36951b8fafc0a6450a9,2,2,0,English,4387,scholarly/research,no_explicit_marker,False,False,False,False,False,False,latin_or_other,
8fd96d33827c9673822b34e5da6b60bac7adebd6d972d181f5f8e7ad7fe48386,2,2,0,Italian,3987,unclassified/mixed,no_explicit_marker,False,False,False,False,False,False,latin_or_other,
8fffd4316c970233e5e61274e390d3c064df46a17f8ab63e9bfde3b1ef002535,2,2,0,Spanish,4364,unclassified/mixed,no_explicit_marker,False,False,False,False,False,False,latin_or_other,
900667865189a74518f67382c4cedc79d98aebc97ac0c22ccebdfa39c6aacc15,2,2,0,English,3057,unclassified/mixed,no_explicit_marker,False,False,False,False,False,False,latin_or_other,
90172691a48056f466ff3c9e20fa35b67d9dfb18578455b3374c60980626c261,2,2,0,Spanish,13131,unclassified/mixed,generic_copyright_or_bibliographic_marker,False,False,False,False,True,False,latin_or_other,
902a1281a44a1ab520dcdb1af2af5d6f38e3d35e332dd18338fec466d06fcd69,2,2,0,French,5060,scholarly/research,no_explicit_marker,False,False,False,False,False,False,latin_or_other,
90669b7a6376da846f3ac7889392b135b891a7d669c7cac56587ae5be0e88655,2,2,0,French,8038,unclassified/mixed,no_explicit_marker,False,False,False,False,False,False,latin_or_other,
906ab4726cdc2bb3d5d17aa1591aed46c70d99b14e19bca1640b9b7e24e9be3f,2,2,0,Portuguese,14689,scholarly/research,no_explicit_marker,False,False,False,False,False,False,latin_or_other,
909407664144d96fa76c7a26621742123af1700c561fe77a0d3bb917259f2083,2,2,0,Portuguese,10855,unclassified/mixed,no_explicit_marker,False,False,False,False,False,False,latin_or_other,existencialismo.org.br
90a1aca8b3061de8f08c10662ef7b7d46b6a947768bc3357515bec2cf008fa3e,2,2,0,English,16252,government/legal/procurement,no_explicit_marker,False,False,False,False,False,False,latin_or_other,amandala.com.bz;belizelaw.org;reporter.bz
90b39fb3e2b37e829eab18f4d966af5717cede994812834e8b937134cd281bf2,2,2,0,English,3203,unclassified/mixed,no_explicit_marker,False,False,False,False,False,False,latin_or_other,
90d6fc9154c1dcd7ac92e3deab3442050dce0030a8fa4521cf8b2d3018a64df1,2,2,0,Spanish,3669,unclassified/mixed,no_explicit_marker,False,False,False,False,False,False,latin_or_other,birdlife.org
90d7f7c29cb641bac40fdeab0fbb781dae7bf6f1bc78a583d1e8ad58fe7b1691,2,2,0,Portuguese,15209,scholarly/research,no_explicit_marker,False,False,False,False,False,False,latin_or_other,crmvet.org
910412fc0a2d23a73ce55e1093edc48a5c932f39a683ad0c51f39d51f2ea6cdd,2,2,0,Spanish,2258,unclassified/mixed,no_explicit_marker,False,False,False,False,False,False,latin_or_other,
91235cf949a3954035575c61da65135c90027db50e02587f802237c204f93ebb,2,2,0,English,5570,unclassified/mixed,no_explicit_marker,False,False,False,False,False,False,latin_or_other,
9129a6193abb392ab10974b984aab6469e4aee095e3684b9eb9b0310f59b88ae,2,2,0,Italian,4576,encyclopedia/reference,no_explicit_marker,False,False,False,False,False,False,latin_or_other,
9139761e8198d47a982e15db4ae6f482d68f72c2963977aa26b92e89bf9aa1ba,2,2,0,Spanish,9681,unclassified/mixed,no_explicit_marker,False,False,False,False,False,False,latin_or_other,
914dba92161d57fd5184336f7efff26f993a67c39fad67fc99a0444732bfc352,2,2,0,Portuguese,11043,manual/technical documentation,no_explicit_marker,False,False,False,False,False,False,latin_or_other,
91535aec3f8731c615e849710cf8315be7745f3f63d70807fbab4e3eb4ae9a7a,2,2,0,English,13489,unclassified/mixed,no_explicit_marker,False,False,False,False,False,False,latin_or_other,
915dece6f1f5093a4c504d575c9d3dee63117956fb7665e6eafa6ec1b7ea5c4c,2,2,0,English,4952,scholarly/research,no_explicit_marker,False,False,False,False,False,True,latin_or_other,cell.com
91689e18ff0fee292050a8cf164e55fa2b2f8ce321629ca386e17d72fe83c620,2,2,0,Spanish,2028,unclassified/mixed,no_explicit_marker,False,False,False,False,False,False,latin_or_other,
917601dd829df7991f0a59468ab00c803ba6f41ee1ed11d7a66ae7f44d2674e5,2,2,0,English,1164,unclassified/mixed,no_explicit_marker,False,False,False,False,False,False,latin_or_other,
91a1c2e0961574efac49c16427af8b7fddcab25f1be5e8674c1172b3c78a10e1,2,2,0,English,14038,unclassified/mixed,no_explicit_marker,False,False,False,False,False,False,latin_or_other,
91b30f80ced4a127a35000956b5e33c3d491a3adfbc738b871ca68abb3358954,2,2,0,Spanish,4108,scholarly/research,no_explicit_marker,False,False,False,False,False,False,latin_or_other,
9207c4cee3f878001e40ae6b5ca9ca6419a7faecb7e1f1b80075f6e5df74ece9,2,2,0,Italian,3482,encyclopedia/reference,no_explicit_marker,False,False,False,False,False,False,latin_or_other,
9246d7c5d2880f3983d5a29f7dcca747143200c62f8c3afb1bdbea5c024747d1,2,2,0,English,5666,education/course/textbook,no_explicit_marker,False,False,False,False,False,False,latin_or_other,
925633c1c2f0a6c18f724b473a6c6a890ef6d0b267ff34cb73704910f87263d5,2,2,0,Portuguese,1062,unclassified/mixed,no_explicit_marker,False,False,False,False,False,False,latin_or_other,
925873c9079550e66386c074985f8c00e2a13707cc25e40c7e118c94ff9fb4ac,2,2,0,English,1341,unclassified/mixed,no_explicit_marker,False,False,False,False,False,False,latin_or_other,
925a1ab16fb58b3d15d9417b5eb464194ca175c6241e71a78eb152b54fbaa0bb,2,2,0,English,2754,unclassified/mixed,no_explicit_marker,False,False,False,False,False,False,latin_or_other,
925df0877a3387dfd6cfbd70ed3312521e6f539eb5a8b00da41739bc17f8060c,2,2,0,English,6856,unclassified/mixed,no_explicit_marker,False,False,False,False,False,False,latin_or_other,
92853d5878e9b695961777ec3a7fd075423d54b74341b941850fb3cb44d0c15f,2,2,0,English,2494,unclassified/mixed,no_explicit_marker,False,False,False,False,False,False,latin_or_other,
92898538e3cb33bddc729cfc9e35388339e728be7a0e826941d86f17e462cf91,2,2,0,Italian,4344,unclassified/mixed,no_explicit_marker,False,False,False,False,False,False,latin_or_other,
92bad42f484cc39396d4bdea7ef89bcc3b2bdc480dab262e44be8664ee678b9d,2,2,0,German,6428,unclassified/mixed,generic_copyright_or_bibliographic_marker,False,False,False,False,True,False,latin_or_other,igbau.de
92c008a4bb9f1e6d2182157f9aac6745811932ea7965784fd9676e88c88f634d,2,2,0,Spanish,14745,unclassified/mixed,no_explicit_marker,False,False,False,False,False,False,latin_or_other,
92c94831f8349fd55b156261c752e0d8c096799e1ea360841a809b5ee59d0c0a,2,2,0,Italian,6058,unclassified/mixed,no_explicit_marker,False,False,False,False,False,False,latin_or_other,
933ad70b1152f4e2fe0aa3ec58a8bb5a3feebf71d5928777c3d8da156eb28fc8,2,2,0,Portuguese,4675,government/legal/procurement,no_explicit_marker,False,False,False,False,False,False,latin_or_other,
937a89ba2fbbbf446fed03cb5f55ff123e3d29e66491c486750a8e315d1ec918,2,2,0,Italian,3213,encyclopedia/reference,no_explicit_marker,False,False,False,False,False,False,latin_or_other,it.wikipedia.org
938a1aacd67df08fafc4d46d4a099c477eeeaed569593aeecbf71c7fb3d70a11,2,2,0,Portuguese,3173,unclassified/mixed,no_explicit_marker,False,False,False,False,False,False,latin_or_other,
93a5d130d8e5c6c09f68da9c860b0c550ab31a60cac1e29c4fd42c766733a203,2,2,0,English,6449,unclassified/mixed,no_explicit_marker,False,False,False,False,False,False,latin_or_other,
93be67658bf20525c0a42c3c714db66b849872945f6599ad706013a435c29f79,2,2,0,English,3686,unclassified/mixed,no_explicit_marker,False,False,False,False,False,False,latin_or_other,
945f9ab4aebd4a053eaec66f536e621998f25117c8ecd09bf7b741639ed11e36,2,2,0,English,13223,government/legal/procurement,no_explicit_marker,False,False,False,False,False,True,latin_or_other,
94b4a356c0f284edadae1d6764242f3c347370958e088c691f9c6a6570a641f0,2,2,0,Italian,13733,unclassified/mixed,no_explicit_marker,False,False,False,False,False,False,latin_or_other,
94c834539aa289747e5ca460319a995e5518b9bcfc6e9cbb3183e9151e41d2e7,2,2,0,Spanish,11949,government/legal/procurement,no_explicit_marker,False,False,False,False,False,False,latin_or_other,
94e1438988dd596325498b3d1cb874ea15d57d6203a9d647db9ce1367144c17c,2,2,0,English,6228,unclassified/mixed,no_explicit_marker,False,False,False,False,False,False,latin_or_other,
94e36fbbedd89a726d51fdf39d9c376b7c6b24db4dbef4e2ca2abfa927fd362a,2,2,0,English,3476,unclassified/mixed,no_explicit_marker,False,False,False,False,False,False,latin_or_other,
94e96a5dedd1ce047f0294e56a42769bc6e8fe976974c89b8e7635dd23986495,2,2,0,Portuguese,11015,scholarly/research,no_explicit_marker,False,False,False,False,False,False,latin_or_other,bmj.com;eatforum.org;fao.org
94ed6606c49e0d9e64e84478122e19fc573307c313bd98b4852cc6957d02d742,2,2,0,Portuguese,8459,government/legal/procurement,no_explicit_marker,False,False,False,False,False,False,latin_or_other,
94f3bb3d9a6c280a797c749153cbfc73d5eed76e142a5c2a0846a8d8db6c0ebd,2,2,0,English,7136,scholarly/research,no_explicit_marker,False,False,False,False,False,True,latin_or_other,
950605050a495c7eda02ae945af2d3306a07f756ecba9ae92104902e773be841,2,2,0,Spanish,14349,unclassified/mixed,no_explicit_marker,False,False,False,False,False,False,latin_or_other,
951005e228eab3c6233f688229a34f87acee79e933f2b59649f68eabb93c0cfe,2,2,0,Spanish,3521,unclassified/mixed,no_explicit_marker,False,False,False,False,False,False,latin_or_other,
9511aac6f632c9558187853b44157d0dcaa1efa4c2b6136dd9bcb956d48ae516,2,2,0,Spanish,6433,unclassified/mixed,no_explicit_marker,False,False,False,False,False,False,latin_or_other,
9520b8772c349cbd70d5b31f5f12d8a137bd4ad814dd33bbf33a7626ad4daf91,2,2,0,English,9036,unclassified/mixed,no_explicit_marker,False,False,False,False,False,False,latin_or_other,
959a153b480eebd41de069858068f7cadab957990b3499805f03be4fc37b0d03,2,2,0,Italian,3003,unclassified/mixed,no_explicit_marker,False,False,False,False,False,False,latin_or_other,
95b94f1a3282c3a577c9a02e701245a7d1747cac34cff745f85ad326ddbcc76c,2,2,0,German,13781,government/legal/procurement,no_explicit_marker,False,False,False,False,False,False,latin_or_other,
95b9ab08094827580b52fbb539598f15be08de88328798719843ed1cf7905e68,2,2,0,Italian,14038,encyclopedia/reference,no_explicit_marker,False,False,False,False,False,False,latin_or_other,
95be233783d840cc5e6d670ab8ac7bb346ad4a36855aac4e818ec98ef8b8eed7,2,2,0,Portuguese,14219,government/legal/procurement,no_explicit_marker,False,False,False,False,False,True,latin_or_other,
95c0a44f62a5f20d45022e71866d2852f6c840946bcb0b15bc6639372010ffae,2,2,0,English,2539,unclassified/mixed,no_explicit_marker,False,False,False,False,False,False,latin_or_other,
95e0c141d6351e9e06359ae2de84e77c35e28418fbe9fd95598628051bea6002,2,2,0,Italian,3136,unclassified/mixed,no_explicit_marker,False,False,False,False,False,False,latin_or_other,
95f1e24e9b1889e57a84e4d6e0c09941eb5313e662e6c4d6ecb7f197a3a96655,2,2,0,Portuguese,4618,unclassified/mixed,no_explicit_marker,False,False,False,False,False,False,latin_or_other,
95ff77c082fcc05298b05ee6d40c03bb01d9404cc4fedaae531e9fc2fbb7fdf4,2,2,0,English,7402,government/legal/procurement,no_explicit_marker,False,False,False,False,False,False,latin_or_other,
9602456e0861a00a409b3b11e7eb1318481f0ea81952f9c180b30b0da78e01d5,2,2,0,English,8291,scholarly/research,no_explicit_marker,False,False,False,False,False,False,latin_or_other,
966238ce6a9552a6d3015eaf7c6b68d2fd4bb7b9ca13f5f0ae27b2f6c83c5115,2,2,0,Portuguese,2218,scholarly/research,no_explicit_marker,False,False,False,False,False,False,latin_or_other,
96b04d216e7f76b18bc1c7e7028705595331dd0522855a5cebef843ff0bb5a4e,2,2,0,French,3172,unclassified/mixed,no_explicit_marker,False,False,False,False,False,False,latin_or_other,
96d60af9aa983197437c4aae9d8ea8000e427f67c2bb28bb774242b8b065080f,2,2,0,Italian,4579,unclassified/mixed,no_explicit_marker,False,False,False,False,False,False,latin_or_other,
96ee95fc99b0abb8f9ca21aee29607c5824c3c2e587d092d7a0c62e523a57035,2,2,0,French,7806,unclassified/mixed,generic_copyright_or_bibliographic_marker,False,False,False,False,True,False,latin_or_other,
97162d9c01de1d09269cb0b62b7158eabf8f923050bcc9da8772d4bdb8d32e6a,2,2,0,French,14267,scholarly/research,no_explicit_marker,False,False,False,False,False,False,latin_or_other,
9721e092f77e6b2a56669be25fd6e21a2e948e17246f87f479380f8e914788fa,2,2,0,Spanish,7624,unclassified/mixed,no_explicit_marker,False,False,False,False,False,False,latin_or_other,
9739821dab423a539af7000efd7250a0387153a6481e47dd601b970b9189e24e,2,2,0,Spanish,4678,unclassified/mixed,no_explicit_marker,False,False,False,False,False,False,latin_or_other,
973b6a38e9189ad40272c5fec8a76c07a37a472567f1eb139e8ea47e51a50721,2,2,0,Italian,6159,unclassified/mixed,no_explicit_marker,False,False,False,False,False,False,latin_or_other,
9752687fc7d2c8aa85df2eccdb3314c91a9f4542882ccfffb3210516751d7478,2,2,0,Spanish,4003,unclassified/mixed,no_explicit_marker,False,False,False,False,False,False,latin_or_other,
9786a38effe749c78f0efe6b0dba5700ca6f278508b8b54679506e74a2ca049e,2,2,0,English,4505,unclassified/mixed,no_explicit_marker,False,False,False,False,False,False,latin_or_other,
97a29f061a475a09b2c43e8db9feafa42d098c4faaa4967daebf5db3472093ff,2,2,0,Spanish,9350,unclassified/mixed,no_explicit_marker,False,False,False,False,False,False,latin_or_other,
97d7a98385c4a8e841cc4fc435634bfb4a7b832099ff8dfc5084ea2255e06c41,2,2,0,Portuguese,10551,unclassified/mixed,generic_copyright_or_bibliographic_marker,False,False,False,False,True,False,latin_or_other,
983db8d9156dbe2e7ccb164f620e2b97fdf339eb0593cdc22f5edd286a849f5b,2,2,0,Italian,5576,unclassified/mixed,no_explicit_marker,False,False,False,False,False,False,latin_or_other,
983dcd4f4be32fa274abc6c16c0e0ab971e1eb388117362839793471d37c7eb5,2,2,0,English,1450,unclassified/mixed,no_explicit_marker,False,False,False,False,False,False,latin_or_other,
9847af9d48ede6d5237165bd6998ad2b46ce889e8bd1278da1cf1caa70c494aa,2,2,0,Portuguese,13288,government/legal/procurement,no_explicit_marker,False,False,False,False,False,False,latin_or_other,
9858905c70ac50f7708e52f0d959fb3e84aab7f1a70b4d96038c42ce0b038a2d,2,2,0,German,14710,unclassified/mixed,no_explicit_marker,False,False,False,False,False,False,latin_or_other,
9867d4337f80b2b4a8c014a6f93a7d9f0f5f976cf41070cfd678673252427409,2,2,0,English,2543,government/legal/procurement,no_explicit_marker,False,False,False,False,False,True,latin_or_other,
987427a4dd857de61458c548fe63bb54958fb2f9b24a352d28fcb0c71c6328ee,2,2,0,Portuguese,13655,news/blog/general web,no_explicit_marker,False,False,False,False,False,False,latin_or_other,
98c4b81bb4ece35cc69f6e657307f206b94e6c5bb73c08ac99b36bf7737ef08c,2,2,0,English,2774,unclassified/mixed,no_explicit_marker,False,False,False,False,False,False,latin_or_other,
98c9dff6adc2afc18e68893300daedbe9c0ff467443c080d281c8ac355febaeb,2,2,0,French,6618,scholarly/research,no_explicit_marker,False,False,False,False,False,False,latin_or_other,
98cac6e58ca5b989a1dd9f77fcc6e46dfe2a3027c20de3474d7892985ff9c8ce,2,2,0,French,14007,scholarly/research,no_explicit_marker,False,False,False,False,False,False,latin_or_other,
9905ae41a0def72e3ce5a9d916fbea154a884b59b0a9d9b95bd00fe1fa502654,2,2,0,English,2477,unclassified/mixed,no_explicit_marker,False,False,False,False,False,False,latin_or_other,
9912d354ee50429e0cc86d4a7291492d3152100a880fbd9e5778a2a6dc50e9b1,2,2,0,Italian,4072,encyclopedia/reference,no_explicit_marker,False,False,False,False,False,False,latin_or_other,it.wikipedia.org
99276ea05f3aac2bf2d960e5159bb5469484b721c3aed11be01b9b4c6102ae35,2,2,0,Spanish,2705,unclassified/mixed,no_explicit_marker,False,False,False,False,False,False,latin_or_other,
992df190e8dfec2ea730a0a9125c8cd7140ddf65fa9c456353310f5200379a00,2,2,0,German,12904,news/blog/general web,no_explicit_marker,False,False,False,False,False,False,latin_or_other,die-biografien.de;die-zitate.de;ekiba.de;philosophen-welt.blogspot.com;radio.cz
99484c8acc36d3c774c4f41951369321499a3fa1454da28696614747c92c98eb,2,2,0,English,20724,scholarly/research,no_explicit_marker,False,False,False,False,False,False,latin_or_other,
994cb46f91fcf0118d679a668e1cdb80a8ea0660c347d56b0def53889a3e4023,2,2,0,Italian,6291,encyclopedia/reference,no_explicit_marker,False,False,False,False,False,False,latin_or_other,it.wikipedia.org
996455c244994a54e96808975af8aed0a75e53f93a160e70ec242bbd530cc16c,2,2,0,Portuguese,4544,unclassified/mixed,no_explicit_marker,False,False,False,False,False,False,latin_or_other,
99a1a644a74078598f3d45cc419370401d3ba4dacb252b1e49a2895365dd804e,2,2,0,German,4543,unclassified/mixed,no_explicit_marker,False,False,False,False,False,False,latin_or_other,
99c4d30ddd2993d8f90c1ffb92dd05d85458ff7c4efbe9107d701bcbb92aa417,2,2,0,English,2864,news/blog/general web,no_explicit_marker,False,False,False,False,False,False,latin_or_other,
99d70badd75adbb851583098982fe1526135debe062c04834e4812b184016aee,2,2,0,Spanish,12080,unclassified/mixed,no_explicit_marker,False,False,False,False,False,False,latin_or_other,
9a0426958be21401b8dbbd6c2601e95148db9ab6495105f9f1fd00e1391f7859,2,2,0,English,18387,scholarly/research,no_explicit_marker,False,False,False,False,False,False,latin_or_other,
9a09320704c6cbb69132be229abcc8aaafd69ef05707ae0a9a4a95c2156a9b67,2,2,0,French,7458,scholarly/research,no_explicit_marker,False,False,False,False,False,False,latin_or_other,
9a302d8bbaf25cf281e5de396a371473a7c81074a6367c889ef0c32df59bc7b4,2,2,0,German,10653,government/legal/procurement,generic_copyright_or_bibliographic_marker,False,False,False,False,True,True,latin_or_other,vitalstoffmedizin.com
9a3099be6c24471226755e547f2f2376d42adef0e83570848cdaf8c55732106e,2,2,0,English,4539,unclassified/mixed,no_explicit_marker,False,False,False,False,False,False,latin_or_other,
9a3a144dd132fdcbbbe6c3861c4bcbc661c95eaa7575b4486c0becc152103f3b,2,2,0,Italian,1329,unclassified/mixed,no_explicit_marker,False,False,False,False,False,False,latin_or_other,
9a7e4432e574151d6798e2ab4b0403c6f78046deb9123a2e403787736f00b32c,2,2,0,English,4339,unclassified/mixed,no_explicit_marker,False,False,False,False,False,False,latin_or_other,datingranking.net
9a8cce895e2e0a1772495872d6db8d6facbe81e0023711248dfb7c6fc05f34d3,2,2,0,Portuguese,2498,unclassified/mixed,no_explicit_marker,False,False,False,False,False,False,latin_or_other,
9a981429c40b1c9d41a8d3d9648e917c623e91d4650a47cb833958a1358bafcb,2,2,0,English,10551,unclassified/mixed,no_explicit_marker,False,False,False,False,False,False,latin_or_other,
9aa8bd1f39d9d94a12decec0b49b0054d2191b4f2bb7b127735f25c8fcbc8a9f,2,2,0,English,9858,government/legal/procurement,no_explicit_marker,False,False,False,False,False,True,latin_or_other,
9ad962d3e786bdb7452bb539aca8e60d7dcc28eb58122c01f48b813ac53e941d,2,2,0,English,3353,scholarly/research,no_explicit_marker,False,False,False,False,False,False,latin_or_other,
9b38b07dd743411a9189bd6ea60a883d6d9f0ae301175dcae49664e8495a4976,2,2,0,Spanish,15065,unclassified/mixed,no_explicit_marker,False,False,False,False,False,False,latin_or_other,
9b48e673118b335f03bf35e63b2c6f90e1e29bfc32ae665d82c627fc15d2f92d,2,2,0,French,4486,unclassified/mixed,no_explicit_marker,False,False,False,False,False,False,latin_or_other,
9b5db7d3db9b94f9556e825c010bf29fa4f958e9eb9d22fd19bc83bba6d369f0,2,2,0,Portuguese,9163,unclassified/mixed,no_explicit_marker,False,False,False,False,False,False,latin_or_other,
9b65806cd46107d84d16344721506b085cb7ccaea98747dcd29c21ae39aac821,2,2,0,English,15698,government/legal/procurement,no_explicit_marker,False,False,False,False,False,False,latin_or_other,
9b6b6c8b40afdf35373fcc15b59e0bfd49a25f391b71d25f17b50f0c811cec9a,2,2,0,French,4681,scholarly/research,no_explicit_marker,False,False,False,False,False,False,latin_or_other,
9b7317a615832dafbb83bb6c3336aaba74aa9dfd6d70ae6934ed8d50010151f6,2,2,0,Spanish,4103,unclassified/mixed,no_explicit_marker,False,False,False,False,False,False,latin_or_other,
9b8f9f2cb5e877b87e44b7a23719c6406e8578955904a9536130584378789743,2,2,0,Italian,4811,unclassified/mixed,no_explicit_marker,False,False,False,False,False,False,latin_or_other,
9b922b1163df6488f768983d880d5e9faf0a6c90886e8a8f9b7597360a20c193,2,2,0,Italian,9159,unclassified/mixed,no_explicit_marker,False,False,False,False,False,False,latin_or_other,plasticfinder.it;pvc4cables.org;vanettimaster.com
9bb04790a90c316927101d8342546b1b68108473e09f079a88f44c5d1fdb459c,2,2,0,French,2679,unclassified/mixed,no_explicit_marker,False,False,False,False,False,False,latin_or_other,
9bde9ebfb7190bcb0c4a2468e4b0cb68c26677ee0786600485240776c5b64a64,2,2,0,Spanish,6127,news/blog/general web,no_explicit_marker,False,False,False,False,False,False,latin_or_other,
9be9f903be3317b62addf07409303afb7e336765dad5e13178aee5b880b6a8db,2,2,0,Portuguese,4924,unclassified/mixed,no_explicit_marker,False,False,False,False,False,False,latin_or_other,
9bf6bbd06148b5f2cfa6de22286f9a9cf78e3edd2f725bb4e0b81d80bc9cfce6,2,2,0,Portuguese,13985,scholarly/research,no_explicit_marker,False,False,False,False,False,False,latin_or_other,
9bfb2833cac2018591ff71ddaf8e8c5185a3f3df0f45159c11fe7bdbff39eb4e,2,2,0,German,3553,news/blog/general web,no_explicit_marker,False,False,False,False,False,False,latin_or_other,
9c23dbd3b78fd52bc04206cad20f7b3b9617975e569b29d611db91e24b1783fc,2,2,0,Portuguese,4086,scholarly/research,no_explicit_marker,False,False,False,False,False,False,latin_or_other,
9c569b36cc6ef452bb81f9aff9a5d5da9ffd5bb35fb417ffa0224d940afa7000,2,2,0,English,4550,unclassified/mixed,no_explicit_marker,False,False,False,False,False,False,latin_or_other,
9c8bcb9276955ab89a9d67e210e5b3d95d543ff943d3456a2e0becfb32179f10,2,2,0,Portuguese,3201,unclassified/mixed,no_explicit_marker,False,False,False,False,False,False,latin_or_other,
9c9f800c5bccb87ac76dc7e59e97c6cb791435be6de07b986cc8b57defa16b53,2,2,0,Spanish,3474,unclassified/mixed,no_explicit_marker,False,False,False,False,False,False,latin_or_other,
9cb2f8fd9182c35fb2172f81cf28057068dc8700ad52355b673b771f65874b88,2,2,0,Italian,6129,encyclopedia/reference,no_explicit_marker,False,False,False,False,False,False,latin_or_other,it.wikipedia.org
9cdfd9ad443c9a182a89b13bc9728dfdb5c602b1e6d63cda5377de744d68e643,2,2,0,Spanish,1631,unclassified/mixed,no_explicit_marker,False,False,False,False,False,False,latin_or_other,
9d094a620f94b507cd50604b2a6e868b3f62632dcaf8d71897dc370b984c3456,2,2,0,French,9432,scholarly/research,no_explicit_marker,False,False,False,False,False,False,latin_or_other,
9d0b4f5108529bddc65b9ce3331faf6eec0f3e66eeb0bbb963a7e72acbdc6205,2,2,0,Italian,8049,unclassified/mixed,no_explicit_marker,False,False,False,False,False,False,latin_or_other,
9d14c6ebcc4495b2b6ed94c2d6dd29f42c9d0f2b27b3df22990790bcf8f5b8ba,2,2,0,French,3087,unclassified/mixed,no_explicit_marker,False,False,False,False,False,False,latin_or_other,
9d1ae8b9e59ef981233bbb860bd42463993a4d4283280c8e423332493004fca4,2,2,0,Spanish,6983,unclassified/mixed,no_explicit_marker,False,False,False,False,False,False,latin_or_other,
9d2a933c66be4327c45fecac63f776cf4c9783392504f324be3046b4e328d8ab,2,2,0,Portuguese,4564,scholarly/research,no_explicit_marker,False,False,False,False,False,False,latin_or_other,
9d593db89bee263d4255ecbbf3976312affc3553e0575e7bec61d6afe645dfc1,2,2,0,French,2488,scholarly/research,no_explicit_marker,False,False,False,False,False,False,latin_or_other,
9d689bce6f4afd79ca77767b300b56d21d3986c93cd5388bf9fa829d2ba4cfec,2,2,0,Spanish,8431,unclassified/mixed,no_explicit_marker,False,False,False,False,False,False,latin_or_other,
9d79c648d179bd37ce12e2cd8456aa5b7fe63fad0b5bd6e1cc8fc6d5f95d28eb,2,2,0,Italian,5323,encyclopedia/reference,no_explicit_marker,False,False,False,False,False,False,latin_or_other,
9d804a765441abdb8ece74928b7da32974baf689cb4b075b046646420d32c17e,2,2,0,Portuguese,2109,unclassified/mixed,no_explicit_marker,False,False,False,False,False,False,latin_or_other,
9dea00e5b653c8a220f3b3cb91b3210926e884f62d702fc18f041e7479500da9,2,2,0,English,9401,unclassified/mixed,no_explicit_marker,False,False,False,False,False,False,latin_or_other,
9deb7cab188949d3a4d718388a1d3eb1bd5dcfa3ddb7f303b82b5b46cac8d455,2,2,0,French,7008,unclassified/mixed,no_explicit_marker,False,False,False,False,False,False,latin_or_other,
9df1adc877d1722366b2b98283707505e7e79f43fc15dce6f6eb2c6b8ccb1034,2,2,0,Italian,3691,scholarly/research,no_explicit_marker,False,False,False,False,False,False,latin_or_other,
9df8c7594d78d51a27f6ed7ced4039220d35a08552c9b1b52b2200ede78a55dc,2,2,0,Italian,1701,unclassified/mixed,no_explicit_marker,False,False,False,False,False,False,latin_or_other,
9e2004dc7613416d5732755e0c4cef621e49e535543e3e25fe64f6a7273870b5,2,2,0,Spanish,8054,unclassified/mixed,no_explicit_marker,False,False,False,False,False,False,latin_or_other,
9e44a7ca4e78dabb3339e86c685b1bba2b0c0c10e5f5490252fe0ad63682173e,2,2,0,English,2807,unclassified/mixed,no_explicit_marker,False,False,False,False,False,False,latin_or_other,
9e63b5db6fc9cc9fa259db445b7eb228c1b9c2ef1e3524fd239ce283f92bb464,2,2,0,Portuguese,3418,news/blog/general web,no_explicit_marker,False,False,False,False,False,False,latin_or_other,
9e9e7312db2d47b34dbafa8860c9913721baeb35a0c62e3a7277b1621dbc1d1c,2,2,0,English,3495,books/literary/publisher,no_explicit_marker,False,False,False,False,False,True,latin_or_other,
9eaacd3733e3c0f5baa634f29ea66fba80892c03c830abb93b05bf1a6d28be2f,2,2,0,Portuguese,6375,news/blog/general web,no_explicit_marker,False,False,False,False,False,False,latin_or_other,
9eb1917a4a25bbf9ad6e2675929818e3594d32a5e68a3760d377ac3d638cf742,2,2,0,French,15501,scholarly/research,no_explicit_marker,False,False,False,False,False,True,latin_or_other,
9ef9014ce800389dd9952865fa0a2da2fd71a1d8aafb84764ce5dde425c9ae4e,2,2,0,English,7253,government/legal/procurement,no_explicit_marker,False,False,False,False,False,False,latin_or_other,
9f00f91cd45b41ca7d179bd29cf6c4783ba68fb08ddfe523160c2996e90ae643,2,2,0,Portuguese,9824,scholarly/research,no_explicit_marker,False,False,False,False,False,False,latin_or_other,goo.gl
9f1ea9f18aef019e0eac326f7b4de118473e8338a73bb9146cc1c7666dd53a86,2,2,0,Portuguese,6586,unclassified/mixed,no_explicit_marker,False,False,False,False,False,False,latin_or_other,
9f29d8e4541c57bd5ecc39e36cbac5266787a619929d317f3ca59ee5aeb2b764,2,2,0,Italian,5716,unclassified/mixed,explicit_open_licence_marker,False,True,False,False,False,False,latin_or_other,
9f5f5c6f66bd85beadd70500589c7ac58fc5083b7fc4de3c854f9783952160e6,2,2,0,Hindi,2167,unclassified/mixed,no_explicit_marker,False,False,False,False,False,False,latin_or_other,
9f83b215b18c0ba189b5059336243f318953e2969accbf233641235a39e936fa,2,2,0,English,4675,unclassified/mixed,no_explicit_marker,False,False,False,False,False,False,latin_or_other,frontiersin.org;ncbi.nlm.nih.gov
9f9052ba94011657e995cad2920f999ddf675871fb5f4d5852fef43b2963b364,2,2,0,English,5819,scholarly/research,no_explicit_marker,False,False,False,False,False,False,latin_or_other,
9f9b7085eef4c5cc9b4ada7738e2291878c64e533620d1725fa55cf81dd52b61,2,2,0,Italian,5904,unclassified/mixed,no_explicit_marker,False,False,False,False,False,False,latin_or_other,
a007e33b77dd5be94eb83467ef3a8ef2048e7eda4182bd30b5d293b7cd733d7b,2,2,0,English,6256,unclassified/mixed,no_explicit_marker,False,False,False,False,False,False,latin_or_other,
a025510606399c791b78fa1c94c7020e3af2c600eb6da88eee9baecc4396fa4e,2,2,0,Spanish,14467,government/legal/procurement,no_explicit_marker,False,False,False,False,False,False,latin_or_other,
a03510535c1b212f523e459ddd04804066b1b8514a14608e453f515662b2af1d,2,2,0,Spanish,9056,books/literary/publisher,no_explicit_marker,False,False,False,False,False,True,latin_or_other,es.wikipedia.org
a065fdf7812d87342fecf943ef617c01aa5704e27c0fb084475aa4fd4494500e,2,2,0,Portuguese,13994,scholarly/research,no_explicit_marker,False,False,False,False,False,False,latin_or_other,
a06fad71e3c54feb074b2275e6f4bb46a9f6e495243a2d2c55fa903d41864a56,2,2,0,English,19301,government/legal/procurement,no_explicit_marker,False,False,False,False,False,False,latin_or_other,
a073c8577f2d1095d01ca1968146f00bcca471661b8dfabb4030504e8cf15935,2,2,0,French,12168,scholarly/research,no_explicit_marker,False,False,False,False,False,False,latin_or_other,
a08b402b7489881210fd312eafe265ac0a6cd760401e978a73eed443ee3a1d54,2,2,0,English,6043,unclassified/mixed,no_explicit_marker,False,False,False,False,False,False,latin_or_other,
a09751087abf47efd68183252ebc210f4a1b0dc2ced90972fea23a5a71e2bfce,2,2,0,Italian,3858,unclassified/mixed,no_explicit_marker,False,False,False,False,False,False,latin_or_other,
a0a47ef590d9c1554d5145d1e670b946e246b2bb16abaf74ca2f829a0f3dd79d,2,2,0,Portuguese,10487,scholarly/research,no_explicit_marker,False,False,False,False,False,False,latin_or_other,
a0c0dba09fdcea6e84033eb3fb0a592f46ac6a13c5df17f626dee6b552774125,2,2,0,German,3901,government/legal/procurement,no_explicit_marker,False,False,False,False,False,False,latin_or_other,
a0cdb0b895bef9be2bdba057018a9d906a3a5b8c8b983b99a8ac93514ff7ff29,2,2,0,Spanish,11578,unclassified/mixed,no_explicit_marker,False,False,False,False,False,False,latin_or_other,
a0f4ed2b97e57aa69d77fbb90b83a8991d954af29a792fee330b6d112ce25554,2,2,0,French,5674,scholarly/research,no_explicit_marker,False,False,False,False,False,False,latin_or_other,
a0f9794802f58b3c18f2031452153f9358aca582c87eadd00511fcbf14f3c206,2,2,0,Spanish,8736,news/blog/general web,generic_copyright_or_bibliographic_marker,False,False,False,False,True,False,latin_or_other,amazon.es
a0fbd2b48488e65fa3b97f48d591517e2cf46f27a2464f80fedf798a19b8217c,2,2,0,Portuguese,5261,scholarly/research,no_explicit_marker,False,False,False,False,False,False,latin_or_other,
a10f7d1401d29406afec84e4e21f26e651fd0890c13a3df5669b999c958dcce1,2,2,0,Portuguese,14248,manual/technical documentation,explicit_open_licence_marker,False,True,False,False,False,False,latin_or_other,creativecommons.org;revistapesquisa.fapesp.br
a1946c40aaadf064af5fd0bd3c5eccc35cf27ed8409aa482dadf1e18b51956fe,2,2,0,Spanish,3919,scholarly/research,no_explicit_marker,False,False,False,False,False,True,latin_or_other,
a1a9f66c2f6ce1c913601d585ca7859ac5fd7e721ae096559c234c009ac1a61d,2,2,0,Portuguese,6030,scholarly/research,no_explicit_marker,False,False,False,False,False,False,latin_or_other,
a1d915d54d1d6413c6abe3a4f3f5d74856c91ef9d133e6219ef95c0a8758dba1,2,2,0,French,2591,unclassified/mixed,generic_copyright_or_bibliographic_marker,False,False,False,False,True,False,latin_or_other,
a208246372853b5fa207d9850f3e6538e1152f5216fbbd692b38504b7d461968,2,2,0,English,24161,education/course/textbook,no_explicit_marker,False,False,False,False,False,False,latin_or_other,
a230ba8b3115c657df303ef5cdacbc0ee3dc5b40f73f33a0f073267c72746781,2,2,0,French,8486,scholarly/research,generic_copyright_or_bibliographic_marker,False,False,False,False,True,False,latin_or_other,
a2315bdde5ed37ac963aad25cac8b5dad9b94d242939290f9194f8aad463a433,2,2,0,English,6813,government/legal/procurement,no_explicit_marker,False,False,False,False,False,True,latin_or_other,
a2399185c54d107a1729257af77db3502ee15e93bc178bd6e9a399c79ff533d1,2,2,0,Portuguese,2773,unclassified/mixed,no_explicit_marker,False,False,False,False,False,False,latin_or_other,
a23aa9b20bcd23c65e94b587e1c67af6ef23d2f926424a0fdc8f05d3657e247c,2,2,0,German,9806,unclassified/mixed,no_explicit_marker,False,False,False,False,False,False,latin_or_other,grin.com
a247ecd6adea760f7d76a40d17b09f69914038f7c0c4d9429aa35c4cf555fcf7,2,2,0,French,2395,unclassified/mixed,no_explicit_marker,False,False,False,False,False,False,latin_or_other,
a24e583ad18b40ddc65317a0416a98aafb242a052e1e160f5c0d27b86bf9cc49,2,2,0,French,2039,unclassified/mixed,no_explicit_marker,False,False,False,False,False,False,latin_or_other,
a267748af66eace101792fa9ffa0cfcaa4faba487b1f4715e6cec05a5ee25418,2,2,0,Italian,13563,encyclopedia/reference,no_explicit_marker,False,False,False,False,False,False,latin_or_other,
a27140d77a1459f668e804d893b571344cdb15c8f708fac6e31ad6d09ef48d3d,2,2,0,Portuguese,7711,government/legal/procurement,no_explicit_marker,False,False,False,False,False,False,latin_or_other,
a273aefa5f9fe118178f22e5626bbb05ecd509c9b106304af8de6fbdbded5048,2,2,0,Italian,4830,unclassified/mixed,no_explicit_marker,False,False,False,False,False,False,latin_or_other,
a275c75e97e68a622fa03e0290080524551338e692baa0235a373fcb2c3ac0e7,2,2,0,Italian,4048,unclassified/mixed,no_explicit_marker,False,False,False,False,False,False,latin_or_other,
a280f380aec29627a9f107da1bb060c239fde17245ad6a1d3185bbca6e5538e3,2,2,0,Italian,14005,unclassified/mixed,no_explicit_marker,False,False,False,False,False,False,latin_or_other,
a2d6c2618237d528936f03084222157c53d4e1bc6ae66b4cc47663f6f29996b4,2,2,0,Portuguese,3291,unclassified/mixed,no_explicit_marker,False,False,False,False,False,False,latin_or_other,
a329bfb71e824039ced6772fea630c914ad5234f437225b003e098eae9a0336e,2,2,0,English,3830,unclassified/mixed,no_explicit_marker,False,False,False,False,False,False,latin_or_other,
a33832238fc32ca56ca323a8dfa7a2963f7447fca2dcf532593b7780d027720a,2,2,0,Italian,2589,unclassified/mixed,no_explicit_marker,False,False,False,False,False,False,latin_or_other,
a34ad67077d00b80812548863907ebf80816ff22570f90c953b9926747a701eb,2,2,0,English,13430,news/blog/general web,no_explicit_marker,False,False,False,False,False,False,latin_or_other,
a37abc53bfdd522f45fe1c3f88a74a99e35ca5164eabe8163f4d44aa636e3a08,2,2,0,Portuguese,15497,scholarly/research,no_explicit_marker,False,False,False,False,False,False,latin_or_other,
a3830ebc0b27a6df344a97f0ceeef7203e0cd0b277c2189a49550f6d3a09e1c3,2,2,0,French,7942,unclassified/mixed,generic_copyright_or_bibliographic_marker,False,False,False,False,True,False,latin_or_other,
a383586d117eb3fda07e21ddb97e67f5870e95e52d6cfd561492efa015c928db,2,2,0,English,4334,unclassified/mixed,no_explicit_marker,False,False,False,False,False,False,latin_or_other,
a386d32ddfcfd8e565f68d36f65d5525f0e885d9cdcb50466ca6e906d23a7991,2,2,0,Italian,8857,encyclopedia/reference,no_explicit_marker,False,False,False,False,False,False,latin_or_other,
a3c36212b5bfe4db31b5d7ab662d92370a5a40452a7ef90a61626fa68e60636c,2,2,0,English,2778,encyclopedia/reference,no_explicit_marker,False,False,False,False,False,False,latin_or_other,
a3e6f4b52ce322c34c9255b21a3c673c0edf41885ff6978e2153c93ed0062984,2,2,0,Spanish,14566,scholarly/research,no_explicit_marker,False,False,False,False,False,False,latin_or_other,
a40022dceac1fee99aee7c16e725dbdb2dbd2159f93e94ce9e959bf5b283897a,2,2,0,English,976,unclassified/mixed,no_explicit_marker,False,False,False,False,False,False,latin_or_other,
a432924020c020ddf15c96ac14da16ebd49252ed2f9060f02aae45d064e202db,2,2,0,Italian,6721,unclassified/mixed,no_explicit_marker,False,False,False,False,False,False,latin_or_other,
a443a5312ba447cbe8ab164d9663971dc9406901b5dfa7eeb94e8f19372438f5,2,2,0,Portuguese,5683,unclassified/mixed,no_explicit_marker,False,False,False,False,False,False,latin_or_other,sciencemag.org
a453bf5b9553a4226edb938c733fbe8fe14ffe9aa485ab6d201b8b26eeb5d8c7,2,2,0,English,5165,scholarly/research,no_explicit_marker,False,False,False,False,False,False,latin_or_other,
a46785513edcf32b9bd91a39951458883b40f17fbe79c2843521821ddd529d69,2,2,0,English,17276,scholarly/research,no_explicit_marker,False,False,False,False,False,False,latin_or_other,verywellmind.com
a46e39db92bd5f91e68f6f9c79e50d52ca47fb27a59ef3fff70ab8bb224145ec,2,2,0,Portuguese,8449,scholarly/research,no_explicit_marker,False,False,False,False,False,False,latin_or_other,
a48136e52cd4bd3ae64a85de7338c93c0c0dc3d5b9deef696aa6d60445dfd090,2,2,0,Portuguese,7206,unclassified/mixed,no_explicit_marker,False,False,False,False,False,False,latin_or_other,ipc-undp.org
a4a371c72536ee80d6f255d7df42094bacb3f5cbc17e167601102716438571f3,2,2,0,English,23850,government/legal/procurement,no_explicit_marker,False,False,False,False,False,True,latin_or_other,
a4a49a15d0bb5e83ef1a7c305660a4fb5af1618b807465025b62313e0b895e93,2,2,0,Portuguese,10191,scholarly/research,no_explicit_marker,False,False,False,False,False,False,latin_or_other,
a4a87fd5cc82e624b3494724b36729ac9db3b39355932b3eee7c8627a54bab48,2,2,0,Portuguese,1662,unclassified/mixed,no_explicit_marker,False,False,False,False,False,False,latin_or_other,
a4b98a4d1be91964b34a9a5148d3dcd0eb3b21595399164733e4395bf0d2ed7d,2,2,0,English,10001,unclassified/mixed,no_explicit_marker,False,False,False,False,False,False,latin_or_other,
a50889917fbe06fd65892b63289ad6a639f73f355f0324c31947cbd8e7acfd70,2,2,0,French,4189,scholarly/research,no_explicit_marker,False,False,False,False,False,False,latin_or_other,
a50d7d5aac7598699e17c174890994936c7c753332102d4224701db9bb340029,2,2,0,Portuguese,3964,unclassified/mixed,no_explicit_marker,False,False,False,False,False,False,latin_or_other,
a536bd6699da932c238ed8a2935ce0a8921f3a629e79ead362b7fbd55951e82e,2,2,0,English,3327,unclassified/mixed,no_explicit_marker,False,False,False,False,False,False,latin_or_other,
a54b2a07187cf15b2c49844c4048862df9ebafd58c88ac6b50349d14ede55b20,2,2,0,Portuguese,13843,government/legal/procurement,no_explicit_marker,False,False,False,False,False,False,latin_or_other,
a56beb737143ca3065693073220e054e0362209783d6cb5193992dc5c6f084c1,2,2,0,English,3820,unclassified/mixed,no_explicit_marker,False,False,False,False,False,False,latin_or_other,
a57339924c7f8f2e69da3988808412959eb2e5a4bf888f87826eac6b485e9734,2,2,0,Spanish,5039,government/legal/procurement,no_explicit_marker,False,False,False,False,False,False,latin_or_other,
a5ae23833dd8bd4ce8c8abe4961694ea7e7783f2fdedc95319c6b8e07ae473b5,2,2,0,English,4138,news/blog/general web,no_explicit_marker,False,False,False,False,False,False,latin_or_other,
a5c8d514b05f29cd945353289cc507d2278047eb70dde44e46c175a71f832d4e,2,2,0,Italian,11704,encyclopedia/reference,no_explicit_marker,False,False,False,False,False,False,latin_or_other,it.wikipedia.org
a5c93e854a075d90b259a84699de437b9b6dd0928784417fc70dd6e78f32ae1e,2,2,0,English,7984,government/legal/procurement,no_explicit_marker,False,False,False,False,False,False,latin_or_other,
a6176b4b9b5451a760929ec7030e3eea8c6fa7f51e4cd3ed54ee22b5c635e3a6,2,2,0,English,17265,unclassified/mixed,no_explicit_marker,False,False,False,False,False,False,latin_or_other,
a62c602f62678b80005dd7cbf7dc0ad09734d1846542c054e2cda3f9edc8881f,2,2,0,Italian,2866,unclassified/mixed,no_explicit_marker,False,False,False,False,False,False,latin_or_other,
a68d23b56709dac827ca6a4c363c6e5c479e4e0b1cd509ffc2cbe0014e308ed8,2,2,0,English,4534,scholarly/research,no_explicit_marker,False,False,False,False,False,False,latin_or_other,
a69b02626e758db3758e124f985b84a508c80225ed15d4a30dca88074c4f6432,2,2,0,English,3144,corporate/financial/ESG,no_explicit_marker,False,False,False,False,False,False,latin_or_other,
a6a5d19f1493ebdd0cdc126ff6537c2441f3afa31d14d6a93d84263e08211a28,2,2,0,Portuguese,2218,unclassified/mixed,no_explicit_marker,False,False,False,False,False,False,latin_or_other,
a6ec44ef715d033fdf1194c64f7fc809336ed45fe3e1c40886ea9ab81f910259,2,2,0,Portuguese,12948,scholarly/research,generic_copyright_or_bibliographic_marker,False,False,False,False,True,False,latin_or_other,
a6f9d62936421dad5c87561fb46316edf4aeca36621f409a527edcb676e4ca2c,2,2,0,Portuguese,5600,unclassified/mixed,no_explicit_marker,False,False,False,False,False,False,latin_or_other,
a70b1427373dfcbfc138252bd244837df272358bffc16345f5c41992814b07d1,2,2,0,Portuguese,3947,unclassified/mixed,no_explicit_marker,False,False,False,False,False,False,latin_or_other,
a7491c03048d8e809d58146e95c03e8eb9d14fa81cfa0b39efd589a3307717bf,2,2,0,English,4582,unclassified/mixed,no_explicit_marker,False,False,False,False,False,False,latin_or_other,
a74e00b8cb70cdb3b72a1001356f9f0659e55376cb4d80f6aad758396c9d04cc,2,2,0,English,2477,unclassified/mixed,no_explicit_marker,False,False,False,False,False,False,latin_or_other,
a75003582b4d7a01ab63eeaec89e3b3b02fc937c743fca36993ead9828da0a6e,2,2,0,Italian,4806,unclassified/mixed,no_explicit_marker,False,False,False,False,False,False,latin_or_other,
a7615fa1dbbfe63c48b7cd278a0ba4937626b7988503e216ec5a70e3393cf7a1,2,2,0,Spanish,3824,unclassified/mixed,no_explicit_marker,False,False,False,False,False,False,latin_or_other,
a77e2c8dde61c27b1ca3dbf4e711b80b02c55c0cc8abe3970676799eaf95675b,2,2,0,Spanish,5218,news/blog/general web,no_explicit_marker,False,False,False,False,False,False,latin_or_other,
a78942e47720628bf6eaa89cb1cb79b4be892cacf6884f012b88a31d15ee395e,2,2,0,Italian,3447,unclassified/mixed,no_explicit_marker,False,False,False,False,False,False,latin_or_other,
a79fb3fc6879101bf24a59c1e479bb5802c5646a4fbb1929e40e2a667897f12a,2,2,0,Portuguese,1913,unclassified/mixed,no_explicit_marker,False,False,False,False,False,False,latin_or_other,
a7d50c98bc43bb6b7d54097eecc8a6cdfe0f739537c852f2c12b0bd80fafa5b8,2,2,0,French,3252,unclassified/mixed,no_explicit_marker,False,False,False,False,False,False,latin_or_other,
a7f2d142f368ae4231c632940dfa8b223e581b6df2d9cf7ee569b4dc438f6adf,2,2,0,German,1368,unclassified/mixed,no_explicit_marker,False,False,False,False,False,False,latin_or_other,prosyn.org
a80d188c4947cb7df2cde8f5b291395418d3fb85c305745f33240cfa94a48c46,2,2,0,English,3556,unclassified/mixed,no_explicit_marker,False,False,False,False,False,False,latin_or_other,
a818d328bc7cdf2ed39a264a321997da6a283a4d77a7995d89b7d95ee83a2245,2,2,0,Portuguese,4517,unclassified/mixed,no_explicit_marker,False,False,False,False,False,False,latin_or_other,
a83b6622137ff6330abe45dc055d6db5caec5a0223962ef79e1fc7373d703ab6,2,2,0,English,3198,scholarly/research,no_explicit_marker,False,False,False,False,False,False,latin_or_other,
a83eb90f961f3ae06592b79e3853e064c0470dfe94d805ba4cc4039fd4f893a8,2,2,0,Portuguese,4260,unclassified/mixed,no_explicit_marker,False,False,False,False,False,False,latin_or_other,
a847e4f4e6b1400cc4384a5bbd33197d7a7c558458fe3ed6b6d18a110d645c3d,2,2,0,Italian,3059,government/legal/procurement,no_explicit_marker,False,False,False,False,False,False,latin_or_other,
a8690571c066227e849d71490ca6fd6136382981a0cf8292af2f9c4fdf32d91f,2,2,0,Spanish,9230,scholarly/research,no_explicit_marker,False,False,False,False,False,True,latin_or_other,
a8741cc88bfc7f79ad29d2bab4e31a75b5488cc9d592c91f0fec0692765c6c48,2,2,0,English,4189,unclassified/mixed,no_explicit_marker,False,False,False,False,False,False,latin_or_other,conae.gov.ar;nasa.gov
a87f77b25338775ce4b8a6792e83d2b7dff93bf38fa023888b68e6228b42ba5b,2,2,0,Italian,2993,unclassified/mixed,no_explicit_marker,False,False,False,False,False,False,latin_or_other,
a888e3ee8e2d5586136560da2b1507794b8259d6dcbc8f44d4c377f2ea2d0126,2,2,0,English,18130,unclassified/mixed,no_explicit_marker,False,False,False,False,False,False,latin_or_other,
a8a116aff6aae2d16b768386aeaa75d38a06997008992fe54dc951014fc6059b,2,2,0,English,3644,unclassified/mixed,no_explicit_marker,False,False,False,False,False,False,latin_or_other,
a8b0aa632f0273cb79b3d6a13d5fd4569f26970c4d171d936a7b165f797b001e,2,2,0,French,6946,unclassified/mixed,no_explicit_marker,False,False,False,False,False,False,latin_or_other,
a8bd7c52467413d88f95421768c0c709dd0642b6789b7bc6c59b7cb3c6a69a7f,2,2,0,Portuguese,5642,unclassified/mixed,no_explicit_marker,False,False,False,False,False,False,latin_or_other,
a8be9527a64613a828c8f6faece005829c2175c97cefb416808a2249636ea662,2,2,0,English,9721,unclassified/mixed,no_explicit_marker,False,False,False,False,False,False,latin_or_other,
a8bf9c498a6a81cbeea43ca325fed51e5a06aee2a7b7ae6b175fdd910dc7b582,2,2,0,Spanish,9683,unclassified/mixed,no_explicit_marker,False,False,False,False,False,False,latin_or_other,
a8cef9c95a9bbb7f28119a4f07ef091c542324fa2d1ce2bcd81e1c016170bc9b,2,2,0,Italian,4020,news/blog/general web,no_explicit_marker,False,False,False,False,False,False,latin_or_other,
a8f60d0b281d566882ae9e4e6e0f04fc3413f863c0af88f7011d9a01449bc17d,2,2,0,Italian,2016,unclassified/mixed,no_explicit_marker,False,False,False,False,False,False,latin_or_other,
a8ff80cd241dcf9430a947772ee1067ad68a97be9e8cd29447070e2e9f32e5ef,2,2,0,Italian,13898,unclassified/mixed,no_explicit_marker,False,False,False,False,False,False,latin_or_other,
a93fbf06546661d5d111bbc6b9a8634203f03b0b6b111c1bd436db301de703b3,2,2,0,Italian,5748,unclassified/mixed,no_explicit_marker,False,False,False,False,False,False,latin_or_other,
a9588e3eb9041e4d61c0124de0b1e4882a957f4f43ca83b841f9db289a4be20a,2,2,0,English,4511,government/legal/procurement,no_explicit_marker,False,False,False,False,False,False,latin_or_other,
a962345ef362197b6f4b23a23ba34d9218a72376976b7a74a5f6581a4ca1d0a6,2,2,0,English,1437,unclassified/mixed,no_explicit_marker,False,False,False,False,False,False,latin_or_other,
a9b2c7f19cc776e52df39e1106fe4573f1a5c722fe5d5c580a3fc94a97ade252,2,2,0,English,1752,unclassified/mixed,no_explicit_marker,False,False,False,False,False,False,latin_or_other,
a9c1f35698a0462f012afc4ec38f5ad24dabc5a6abd4dde89bfc16cb1eb23241,2,2,0,Italian,4273,scholarly/research,no_explicit_marker,False,False,False,False,False,False,latin_or_other,
a9d06e9cdd3ff1d90588b4722650b479284d4fa74a19ce87cded11fd575ade5b,2,2,0,French,3299,unclassified/mixed,no_explicit_marker,False,False,False,False,False,False,latin_or_other,
a9e584f1e04c1b626dab166a15255daa8c1c286f333f4f7cb9871e49793707a9,2,2,0,German,5093,unclassified/mixed,no_explicit_marker,False,False,False,False,False,False,latin_or_other,
a9ef60407aa5a2c28593d375b641abdd89aa120ce404ff1c5ab41e62becd2972,2,2,0,Italian,8313,unclassified/mixed,no_explicit_marker,False,False,False,False,False,False,latin_or_other,
aa12f8114051d30cfb2843c067a6c7d8868bffaa5752c908150e1cad43da96fc,2,2,0,Portuguese,7133,government/legal/procurement,no_explicit_marker,False,False,False,False,False,False,latin_or_other,
aa1a8772961255f15000dcb4934885c92f8e8d5ce57a8d69055f66bb111f23bf,2,2,0,Italian,3151,unclassified/mixed,no_explicit_marker,False,False,False,False,False,False,latin_or_other,
aa281f6e00857255252761075677e1e45a59e6418003a1c4ba137c52c963edd0,2,2,0,Italian,1608,encyclopedia/reference,no_explicit_marker,False,False,False,False,False,False,latin_or_other,it.wikipedia.org
aa4bf999f910c28a57d9c77ee03c510109cf2f3dcdd7ddde5f1946c81f04ad31,2,2,0,Italian,11460,unclassified/mixed,no_explicit_marker,False,False,False,False,False,False,latin_or_other,oggiscienza.it
aa5428e0c33da0c861463a1c35848fbdf007801c2dfcab55e4da066e5cbd5a26,2,2,0,English,5556,books/literary/publisher,no_explicit_marker,False,False,False,False,False,False,latin_or_other,
aaa658ff18321d91770e1a96c84896a7b883329b9f29c791b714fe0aea94dd63,2,2,0,Spanish,6702,government/legal/procurement,no_explicit_marker,False,False,False,False,False,False,latin_or_other,
aae5c18a71e9d797420f099aa2c20f82c72aa057d87bf4b8c9fa80493ab3343a,2,2,0,Italian,7299,encyclopedia/reference,no_explicit_marker,False,False,False,False,False,False,latin_or_other,
ab2d9056d689c7e7b95a6ba862a144468458ff2419ee4ae26aedc5bb7f7bcf73,2,2,0,Spanish,5673,unclassified/mixed,no_explicit_marker,False,False,False,False,False,False,latin_or_other,
ab534cda1233d89015834e75c9f934a924b729ce43ec8fec387744285493ee0f,2,2,0,Italian,4917,unclassified/mixed,no_explicit_marker,False,False,False,False,False,False,latin_or_other,pandorando.it
ab62914681dd7c0bb842b171588398d31ac9d9b781eb921a119515e4a0b54987,2,2,0,French,4741,books/literary/publisher,no_explicit_marker,False,False,False,False,False,True,latin_or_other,
ab98eb633e789f3720a34009040a1a1a6acf30f5ed3307d9f2791a27ab112f6d,2,2,0,Portuguese,3881,scholarly/research,no_explicit_marker,False,False,False,False,False,False,latin_or_other,
abf546fa975f1e308c636b19da0263ae13333f5c7cd827044d86ba62fa4612b7,2,2,0,English,2689,unclassified/mixed,no_explicit_marker,False,False,False,False,False,False,latin_or_other,
abf6adb0e568b324fe60680d369db1156f573e043d126d4df98299a3ebc078b6,2,2,0,French,14911,scholarly/research,no_explicit_marker,False,False,False,False,False,False,latin_or_other,
ac338fc031551e2381f7e6c7e28bf2885fd21a2fac145132b64a4e7e38aef902,2,2,0,English,6547,books/literary/publisher,no_explicit_marker,False,False,False,False,False,False,latin_or_other,
ac6fb6d01ab8b94fbc81f6b04cc7bf1cf679e542e9d589d7673c53801b832d2c,2,2,0,English,5404,government/legal/procurement,no_explicit_marker,False,False,False,False,False,True,latin_or_other,
ac87d0bdea310ada05e7e63a009a9210d682ef0d5a60cc9e637178b4d554b2f2,2,2,0,English,3606,unclassified/mixed,no_explicit_marker,False,False,False,False,False,False,latin_or_other,
ac9186076d04592f5b635af8f7d5b92222b48c17fbc19cd9655d74157028caf8,2,2,0,Spanish,12362,books/literary/publisher,no_explicit_marker,False,False,False,False,False,True,latin_or_other,es.wikipedia.org
ac99829754690a5e971e47944fb80a35dee68a93b145cc17dbb7e8471a7f811a,2,2,0,English,6966,unclassified/mixed,no_explicit_marker,False,False,False,False,False,False,latin_or_other,
aca4a368408180a7010b8ac535a74a6bd1db00abd83a760475e5d7923505aeec,2,2,0,English,7980,news/blog/general web,no_explicit_marker,False,False,False,False,False,False,latin_or_other,
acb0977c6b972efa4becf576d3079fa47b68220d7fc74d8b7fdb7e3f14c60150,2,2,0,Spanish,12062,unclassified/mixed,no_explicit_marker,False,False,False,False,False,False,latin_or_other,
acf7ed93e908a9f60c22f9e5cbf52bc8b440ad4bd8fb1171422386440af14edc,2,2,0,Italian,3204,unclassified/mixed,no_explicit_marker,False,False,False,False,False,False,latin_or_other,
acfaa468a141f3e0a7890ca6ff673e923e79b6029fbad0da928b39c4751462de,2,2,0,Portuguese,4575,scholarly/research,no_explicit_marker,False,False,False,False,False,False,latin_or_other,
ad1125b4e4d0e11f736598f95ab27c5ec34122c91cefb798146c31390f336da9,2,2,0,Italian,2685,unclassified/mixed,no_explicit_marker,False,False,False,False,False,False,latin_or_other,
ad5d479bf1677ac76ee85c98588bc02eb800a684b9a56c379330b87cd60dfb08,2,2,0,Spanish,3290,unclassified/mixed,no_explicit_marker,False,False,False,False,False,False,latin_or_other,101obrasmaestras.com
ad7486a93b94479482ba5c5a142fae710c99881a64a80ffae6678076c4005020,2,2,0,French,2673,unclassified/mixed,no_explicit_marker,False,False,False,False,False,False,latin_or_other,
ad84dfcb2b726b8a75d28fa7487866260c525decc6dbd3272ae0476c76d3a981,2,2,0,Italian,14179,unclassified/mixed,no_explicit_marker,False,False,False,False,False,False,latin_or_other,
ad8e9e731729260f49a19bebf367fcd22c36ae31c29cbe81ffa36e1e0d0055a0,2,2,0,English,13982,scholarly/research,no_explicit_marker,False,False,False,False,False,False,latin_or_other,
adbbbf4b04c07bafef58eaf92be60b5b9cb0b86d8ba63cff4f087b8e3a99e831,2,2,0,English,7295,unclassified/mixed,no_explicit_marker,False,False,False,False,False,False,latin_or_other,
add0924d38118597ffee86320fad30776832c6443c4555d0b050c1c935857277,2,2,0,Portuguese,10044,scholarly/research,no_explicit_marker,False,False,False,False,False,True,latin_or_other,
addb527d2989fb5df770acb18c807a2f3cdd9b21aa3c5683905f589e7821f235,2,2,0,Spanish,14952,government/legal/procurement,no_explicit_marker,False,False,False,False,False,False,latin_or_other,
aded0a22ccee6a81a89f0352ed99af76682afb314cfdeaee746393d1d2299e97,2,2,0,German,2545,unclassified/mixed,generic_copyright_or_bibliographic_marker,False,False,False,False,True,False,latin_or_other,
ae00e45c7bf558dc7e3890103a6c22779548f315bc2aaf95db5b037f50d20760,2,2,0,English,3258,unclassified/mixed,no_explicit_marker,False,False,False,False,False,False,latin_or_other,
ae0f66d135e37ccb79f9fa9dc77bad5a441683a16d9bdc0c273e65ac41ac4934,2,2,0,Italian,1282,unclassified/mixed,no_explicit_marker,False,False,False,False,False,False,latin_or_other,
ae14ded1760c0ea6e0bfafe5ed69d889536a3c1f352e0c04fdcb92bbe97472ed,2,2,0,Portuguese,9946,news/blog/general web,no_explicit_marker,False,False,False,False,False,False,latin_or_other,
ae319939eebc3a334d027d631639746f9acb3fafd7202170f0636aa2a593418d,2,2,0,Portuguese,5255,scholarly/research,no_explicit_marker,False,False,False,False,False,False,latin_or_other,
ae53a6696c5d7b610ab5b2ceeaf25071416dad970b4999c5a49e858ba12fb78e,2,2,0,Portuguese,2165,unclassified/mixed,no_explicit_marker,False,False,False,False,False,False,latin_or_other,
ae6d7b2867042ac4fef334e1bc7f0ede776c194dfe231f4a916dbc2e1a17d79d,2,2,0,German,7661,unclassified/mixed,no_explicit_marker,False,False,False,False,False,False,latin_or_other,
ae811ebcdbd3751324687baa82797abd1e37a0cb83b49af529d66b75d434d69d,2,2,0,Italian,13235,encyclopedia/reference,no_explicit_marker,False,False,False,False,False,False,latin_or_other,
aecd6fab809d12ae8ba47b78496ce8d6e73a11c665040d0cf834b971aeb103fe,2,2,0,Italian,14063,government/legal/procurement,no_explicit_marker,False,False,False,False,False,False,latin_or_other,
aedb3cff5625bd6332ff1ddb0337a90ba87869107b1c991264188b6259a809e8,2,2,0,French,3857,unclassified/mixed,no_explicit_marker,False,False,False,False,False,False,latin_or_other,
aee4630a695745b00454992bc543f6b7a2ac3353fdab65cb136a8ad2e84f5ead,2,2,0,English,3945,scholarly/research,no_explicit_marker,False,False,False,False,False,True,latin_or_other,
aeeac6c4503a3306aacd284791bca0580daa5ce302bc2917f9e78fc84b78aaf0,2,2,0,Italian,3592,unclassified/mixed,no_explicit_marker,False,False,False,False,False,False,latin_or_other,
aef2d3f93c0433277ff6cc220f1e566a263d7b0f49fb30548b623795be970c73,2,2,0,English,2876,unclassified/mixed,no_explicit_marker,False,False,False,False,False,False,latin_or_other,
aefa01cc1b7f54eca11f97ded4ec8c2da8cf2f2b12cea823edffac3a948118c8,2,2,0,English,7168,government/legal/procurement,no_explicit_marker,False,False,False,False,False,False,latin_or_other,
af17bc0835e11574821e63646b012b20a944a96436378da12e1ace15a090176c,2,2,0,French,14563,unclassified/mixed,no_explicit_marker,False,False,False,False,False,False,latin_or_other,
af26fb4f0eb7ea78a7fdd6cc957bcd3f16a5ca8e4d1cb88e983a731631ced13b,2,2,0,English,4701,government/legal/procurement,no_explicit_marker,False,False,False,False,False,False,latin_or_other,
af307cff03db2f591fde7330d4078f1769ff8c5129f4c232e4f13860aa795227,2,2,0,French,4379,unclassified/mixed,no_explicit_marker,False,False,False,False,False,False,latin_or_other,flickr.com;sciencesetavenir.fr
af6689484a6b4bcb87f8b030ac17117cacfbba895a3126bb58a4662f2167e203,2,2,0,Portuguese,2081,scholarly/research,no_explicit_marker,False,False,False,False,False,False,latin_or_other,
afa428ba852b2a51e9ec470e2f4104044a8fe6e40519e8b22a9a258983bbce29,2,2,0,Portuguese,1949,unclassified/mixed,no_explicit_marker,False,False,False,False,False,False,latin_or_other,
afb4e979c64a4d1282878b50043211dba53b530412259939da48401721c3ba8a,2,2,0,English,3259,unclassified/mixed,no_explicit_marker,False,False,False,False,False,False,latin_or_other,
afc90274b875578a675fc15aa3508d1d2de6c450afe049e02be0fed0345ae17d,2,2,0,English,3300,unclassified/mixed,no_explicit_marker,False,False,False,False,False,False,latin_or_other,
afd2e0d396d2e92dbd40f2255a680decd3b4dd5d48e7fa3bf3610e1b938c716f,2,2,0,Portuguese,6770,government/legal/procurement,no_explicit_marker,False,False,False,False,False,False,latin_or_other,
afe80f2dbc5d43a3d3ef1e4ffaff22ffe4a0dc3b9576860f7234e70988d84216,2,2,0,English,2870,government/legal/procurement,no_explicit_marker,False,False,False,False,False,False,latin_or_other,
b06f2c50dac88eadbaefa3f825132849132b35a9e92d3a57c1e486c6c065287d,2,2,0,Spanish,14814,unclassified/mixed,no_explicit_marker,False,False,False,False,False,False,latin_or_other,
b0a67d341d8245b48a6b153e9e6799f7ac50e6f9be815ce83dafe8a60e15db4d,2,2,0,Hindi,2858,unclassified/mixed,no_explicit_marker,False,False,False,False,False,False,latin_or_other,
b0b22479caae777e2516a04bb431a1bef060e60e596de72c4b26f3ed831b058d,2,2,0,Portuguese,4112,government/legal/procurement,no_explicit_marker,False,False,False,False,False,False,latin_or_other,
b0b306366dd53e85a3c321f0fef981ed68a66d2d89be000e43650f3d5bce1c3f,2,2,0,Italian,6416,news/blog/general web,no_explicit_marker,False,False,False,False,False,False,latin_or_other,
b0d088e75dbb9405d08f22611265a244a2c0013dda4842b933d2640a2376bdd6,2,2,0,French,13941,scholarly/research,no_explicit_marker,False,False,False,False,False,False,latin_or_other,
b0e1476763f125c9ed4ca87de4bee9416c0e37e16afa0f05796b66d76a0419a3,2,2,0,English,5558,scholarly/research,no_explicit_marker,False,False,False,False,False,True,latin_or_other,
b0e290ebfb3ef3944b831e38694bdc8cbf6646546a8e40f2e933846ccb3c7e92,2,2,0,English,2909,unclassified/mixed,no_explicit_marker,False,False,False,False,False,False,latin_or_other,
b113ac65105b0dfbce4c31d6b3388334128d7a02a1d66cebeaaa82ff086acb34,2,2,0,English,4669,news/blog/general web,no_explicit_marker,False,False,False,False,False,False,latin_or_other,
b1388c1c26868ba1c90aca8394861e5134dff7695af6c0693b057cee55dbac4d,2,2,0,Italian,5726,unclassified/mixed,no_explicit_marker,False,False,False,False,False,False,latin_or_other,
b13e8379fbc398d74812d028be3ab3621a6ab894cd7b3eb64e998f177254892d,2,2,0,English,3318,unclassified/mixed,no_explicit_marker,False,False,False,False,False,False,latin_or_other,
b14364eafd6fdb927927e71e3f3cae650af69694e6f75d9f2c844374abd2dcf6,2,2,0,Spanish,6066,unclassified/mixed,no_explicit_marker,False,False,False,False,False,False,latin_or_other,ow.ly;viaorganica.org
b1497b5a9e1ca2dac44ee73e008f8bfb2aca532a2a36805abbc2ebed7140ff44,2,2,0,English,25903,scholarly/research,no_explicit_marker,False,False,False,False,False,False,latin_or_other,
b1540007c677fc118adff49539e0478c0e0d49bc99d2133363b19cc7a75ffe79,2,2,0,Portuguese,14923,government/legal/procurement,no_explicit_marker,False,False,False,False,False,False,latin_or_other,
b16060f6ee3c5035f48249de96ec93af7ba23f600188ea83db85915f9cd6ac28,2,2,0,Spanish,12581,unclassified/mixed,no_explicit_marker,False,False,False,False,False,False,latin_or_other,personajeshistoricos.com
b169214de74a88ba752f9e5f491c08a65df2f0f67219d7f26139d833ffef87a9,2,2,0,Portuguese,13610,scholarly/research,no_explicit_marker,False,False,False,False,False,False,latin_or_other,
b185a5d39566b12fe43ecd081ca6c3ed9d7122c542511139db95def2f08d46c5,2,2,0,English,12270,scholarly/research,no_explicit_marker,False,False,False,False,False,False,latin_or_other,
b19016f348587c5a339e4666af39d54d32ed1165b33310212653b6452c783501,2,2,0,Italian,3737,government/legal/procurement,no_explicit_marker,False,False,False,False,False,False,latin_or_other,
b1abe97839a5ffda98b4c82dfc22ff032d2440a4bee9f46e0ae925dd6a373b5a,2,2,0,Portuguese,5390,government/legal/procurement,no_explicit_marker,False,False,False,False,False,False,latin_or_other,
b1b635a6e5a8ac9a0c248663c27ce9eb8a458e5e79e86ac18dc0bf3854bac05f,2,2,0,Spanish,14685,unclassified/mixed,no_explicit_marker,False,False,False,False,False,False,latin_or_other,
b1db123ffcd8352e890bb860f505fe3d11c5d6d31efd31d08ac665771248a9ef,2,2,0,French,4640,unclassified/mixed,no_explicit_marker,False,False,False,False,False,False,latin_or_other,
b1e4b3ed2a4d8a8165d04194e67d30498772eedd4c9995684cc84ff87f62c9aa,2,2,0,Portuguese,4201,government/legal/procurement,no_explicit_marker,False,False,False,False,False,False,latin_or_other,
b20a808dd6b16bf2a4bf70fb24f2c8339e579ecf820fecb5d969cb3afc9931d8,2,2,0,Portuguese,11578,news/blog/general web,no_explicit_marker,False,False,False,False,False,False,latin_or_other,
b2462610a760c291ab4357b521307eb24bfa7a285c1e8951607294250f4ac13c,2,2,0,English,7370,news/blog/general web,no_explicit_marker,False,False,False,False,False,False,latin_or_other,
b24d23dc8f9f36369b4ce94141e0084e89638249b6f13c1f570798744ccdcec7,2,2,0,Italian,12820,unclassified/mixed,no_explicit_marker,False,False,False,False,False,False,latin_or_other,
b259562f80a90022dc01b7589d0e6f19d6bfcdb45ff7c9b474a5ee8847e694a9,2,2,0,Italian,6034,unclassified/mixed,generic_copyright_or_bibliographic_marker,False,False,False,False,True,False,latin_or_other,
b25b82dc92d024e17c195c49ddee426c305e15388766283ff9d29d7ffa7b881d,2,2,0,Italian,9067,government/legal/procurement,no_explicit_marker,False,False,False,False,False,False,latin_or_other,
b25b9aa4995d1a65d53ae1a13ad002bc1536926d505c0b928e18a7e5875dbf59,2,2,0,English,9880,government/legal/procurement,no_explicit_marker,False,False,False,False,False,True,latin_or_other,
b27229da9fd59eaa4b3e1794ebb0770e332d7c2237269e8f45b57e0f700a29b7,2,2,0,English,13679,news/blog/general web,no_explicit_marker,False,False,False,False,False,False,latin_or_other,
b29f866248806a3543f20b5e32b62ef67d2a0aab68f6a9cba4f4997a198f5364,2,2,0,Italian,5938,unclassified/mixed,no_explicit_marker,False,False,False,False,False,False,latin_or_other,
b2a08433e9d9919cf425e274a5a0d1ac0b4395dc9f62b839047d6fd6850bd266,2,2,0,Spanish,14089,unclassified/mixed,no_explicit_marker,False,False,False,False,False,False,latin_or_other,
b2b471a8a8b014d21186791d99fb290d8fb2c7c501b152985da76dca17ad718b,2,2,0,Italian,13325,government/legal/procurement,no_explicit_marker,False,False,False,False,False,False,latin_or_other,
b2cf636b481ce2f4392b1a59ab099a3e4af502720f1d40a5799196134c256f8a,2,2,0,Portuguese,6551,scholarly/research,no_explicit_marker,False,False,False,False,False,False,latin_or_other,
b2ed1869313a8be6df27529689e48efc5bcd1abde1803d723a4d81b38b9241cf,2,2,0,English,3455,unclassified/mixed,no_explicit_marker,False,False,False,False,False,False,latin_or_other,
b30874541eb9e0cb74d1980d9b964c10e63499a7da33da1c2eab6b0bb263d0fc,2,2,0,Spanish,14492,unclassified/mixed,no_explicit_marker,False,False,False,False,False,False,latin_or_other,
b314c0f0f1ad4395469cd044b436c85d15cda836b76d0f48b28c56a44168c862,2,2,0,English,2497,government/legal/procurement,no_explicit_marker,False,False,False,False,False,False,latin_or_other,
b32046c00668b0a8e29d3123b796cd43127c263e4e035e592506db6ec66ad1fc,2,2,0,Portuguese,13674,scholarly/research,no_explicit_marker,False,False,False,False,False,False,latin_or_other,
b352c59339ec3216b00b0f914265ce68ec99414986b05eb8acbd1425677538c1,2,2,0,English,23349,books/literary/publisher,no_explicit_marker,False,False,False,False,False,True,latin_or_other,
b368a725fbe772e66888aafb97f9c69e8b601ffd748b1d234e9519c1438096e2,2,2,0,English,3874,scholarly/research,no_explicit_marker,False,False,False,False,False,False,latin_or_other,
b385f5a648359cb50bf6903ee075106e268a611a04440b187add82a0e292d745,2,2,0,English,7575,government/legal/procurement,no_explicit_marker,False,False,False,False,False,True,latin_or_other,
b39221c912bb48bb9a327de787a44fffc7dcaa306ead5dde940af89cd847563d,2,2,0,Spanish,11071,books/literary/publisher,no_explicit_marker,False,False,False,False,False,True,latin_or_other,es.wikipedia.org
b39c4731913308ee411dd85dbc790f0488635a7e336f88b3e94f80b2b84a7334,2,2,0,Portuguese,2252,government/legal/procurement,no_explicit_marker,False,False,False,False,False,False,latin_or_other,
b39ca8fafc44aaa37c100d8b02d20d0ac39c8fbe7cc10ec753df3d2d5be4ec5f,2,2,0,English,1213,unclassified/mixed,no_explicit_marker,False,False,False,False,False,False,latin_or_other,
b3cfe135aeb214b993be3ad6636b181497d2da3814cfec6b0dd98b3b578ead03,2,2,0,German,2070,unclassified/mixed,no_explicit_marker,False,False,False,False,False,False,latin_or_other,
b3d17bbfd551dd6ae223a0f2df044f4fa196b2a26a57245f723494608fc731d7,2,2,0,English,5049,unclassified/mixed,no_explicit_marker,False,False,False,False,False,False,latin_or_other,
b3e82d46bda35c27d945bf50916074ebd1143457ab9ddc329b10c157632005c8,2,2,0,English,958,scholarly/research,no_explicit_marker,False,False,False,False,False,True,latin_or_other,
b410c948dd53c4efb37d34e900f8ea345e4d9662fb3c82ff611f1edaefac75bd,2,2,0,English,3261,government/legal/procurement,no_explicit_marker,False,False,False,False,False,False,latin_or_other,
b4354601bc9268e64eed92f48c05becdf27b6235480afa4c155f92570abbc927,2,2,0,Italian,3294,unclassified/mixed,no_explicit_marker,False,False,False,False,False,False,latin_or_other,
b4a92d19c36a3b316a5d08666bd1e86288e6dd35f723d664ed475c0bc0765f08,2,2,0,Spanish,12285,unclassified/mixed,no_explicit_marker,False,False,False,False,False,False,latin_or_other,
b4b462a578dc90464d582c555e22e7e9500ac4b6f003e288081553a326cb6daa,2,2,0,French,14956,scholarly/research,no_explicit_marker,False,False,False,False,False,False,latin_or_other,ratoupedia.org
b4d255cec712da322c45b7a84cd0e92f59d7d95c74b174b09e02b1987b81354f,2,2,0,English,1329,unclassified/mixed,no_explicit_marker,False,False,False,False,False,False,latin_or_other,
b51e3560f2758ec3916ad761390fdfddea777e4e044130d63aa196bb0436e589,2,2,0,English,2813,news/blog/general web,no_explicit_marker,False,False,False,False,False,False,latin_or_other,
b52543e6a219e5284388bbaf36fd0e419878e9d377d2d9ff9ac0a594d8f97664,2,2,0,Portuguese,3946,news/blog/general web,no_explicit_marker,False,False,False,False,False,False,latin_or_other,
b54c1c08a52e2d2360f5f581506be94c188b454e1744e61819673b7227e2795c,2,2,0,Italian,15085,manual/technical documentation,no_explicit_marker,False,False,False,False,False,False,latin_or_other,
b54c4f62be72516e30ff0201b3945f46df8abbd99444aa542f74d3a738d21a38,2,2,0,Portuguese,2353,scholarly/research,no_explicit_marker,False,False,False,False,False,False,latin_or_other,
b571d6f5c75fd861b4b80458255f471b53e25913024178fe4a6e3fc3099534ae,2,2,0,Portuguese,3089,scholarly/research,no_explicit_marker,False,False,False,False,False,False,latin_or_other,
b580a5655cf32e51d6ef9ddea060bbff35701ddb5fa3c908beccd8c10bf2e625,2,2,0,Spanish,4928,news/blog/general web,no_explicit_marker,False,False,False,False,False,False,latin_or_other,
b58f2bb833365e9eeb2e90e307920ac1b3a52179705053a3a6ca163ceb39de6c,2,2,0,Portuguese,3489,scholarly/research,no_explicit_marker,False,False,False,False,False,False,latin_or_other,
b592802a707418bea8e01ad7e91c6e58bb7c2c29a28a6a81c2f71ad7b89ab1fb,2,2,0,Portuguese,1851,unclassified/mixed,no_explicit_marker,False,False,False,False,False,False,latin_or_other,
b59960537dbdb1aaa8f04d17dfc4e4d227bfb3fa00dfcd12d9c4ef271ba6ce21,2,2,0,Italian,7110,unclassified/mixed,no_explicit_marker,False,False,False,False,False,False,latin_or_other,
b5a7c40294b96a83e4a9e8f156f7bb126881c748a58fc076fdedebf46d534a7a,2,2,0,English,4247,government/legal/procurement,no_explicit_marker,False,False,False,False,False,False,latin_or_other,
b5d7292bb728d3ecb25df83887ddc4baa21f17ee4e10bc19598cdb29a240098d,2,2,0,English,5281,news/blog/general web,no_explicit_marker,False,False,False,False,False,False,latin_or_other,
b5dcb56c2aa32c9f24468a1bef7ecc9cd6be3604668c7158b9416555ca2ece1e,2,2,0,Portuguese,4125,government/legal/procurement,no_explicit_marker,False,False,False,False,False,True,latin_or_other,
b5e47933ee2b3603917d97c240c4d28c459acbecdf466c1b7dc7d17976ece150,2,2,0,Portuguese,3675,government/legal/procurement,no_explicit_marker,False,False,False,False,False,False,latin_or_other,
b5e953b3b80231af5a53fd8163d62128b986f36c1029174434124755174dd7ed,2,2,0,English,10931,books/literary/publisher,no_explicit_marker,False,False,False,False,False,True,latin_or_other,
b5efdf02709e50f4698975050b11b6496cf1e790164baee3248e4b9e771b5f01,2,2,0,Spanish,11182,encyclopedia/reference,no_explicit_marker,False,False,False,False,False,False,latin_or_other,
b617f6206be7c58ad9189654de43e11cf97c6657e2ca7dda4efd24f520b4f173,2,2,0,Portuguese,1439,unclassified/mixed,no_explicit_marker,False,False,False,False,False,False,latin_or_other,
b6213a3f94404bcbc4f2216f18d07916bf3bf7bdce0db8282d8a5234c241f505,2,2,0,English,2713,unclassified/mixed,no_explicit_marker,False,False,False,False,False,False,latin_or_other,
b6607831be4adb65050d900eb8643725741527567a5ec7245032440888248c77,2,2,0,English,2228,unclassified/mixed,no_explicit_marker,False,False,False,False,False,False,latin_or_other,
b66081b0038b653470b0b12d8759a86514ab489fb1d1cfbe4876542db52470a4,2,2,0,Italian,14396,public-domain/library,no_explicit_marker,False,False,False,False,False,False,latin_or_other,
b68273880365ff8497c8c903db8c2192cec1fe420066eb0eb71e6dadb5b7d580,2,2,0,Portuguese,2788,unclassified/mixed,no_explicit_marker,False,False,False,False,False,False,latin_or_other,
b6a7bec5ce3a662916872ecaff720dd7b9c4a722c716dd91b7bd67190e1f2bfb,2,2,0,Portuguese,5393,scholarly/research,no_explicit_marker,False,False,False,False,False,False,latin_or_other,
b6c73d68344fd0e942a96b6f8d12a1890a152b521bd0067ed27ac8a341a216a9,2,2,0,Italian,8513,unclassified/mixed,no_explicit_marker,False,False,False,False,False,False,latin_or_other,
b6cd4aa50e0118bb4a5093e4785a602d49edd89251eaa7532baf254e6fbb4e2a,2,2,0,English,6245,unclassified/mixed,no_explicit_marker,False,False,False,False,False,False,latin_or_other,
b6d596fec15e27d29c656ddfc0d53f4c8f7528b5f553c71a8bec3731b38ac4e2,2,2,0,French,11670,scholarly/research,generic_copyright_or_bibliographic_marker,False,False,False,False,True,False,latin_or_other,
b7167c4d80dba416168082b75405f0aac06e15ac6c63eae74f166b92e4f2a272,2,2,0,Spanish,3098,unclassified/mixed,no_explicit_marker,False,False,False,False,False,False,latin_or_other,haytipos.com
b718fe7c913eb356f4cd570fdf735f07d0f01584c466e19835df0a07208ee817,2,2,0,French,5437,scholarly/research,no_explicit_marker,False,False,False,False,False,False,latin_or_other,
b72b3f96986afdda48a5eb40e3a09f6178b961420146d65fe91bdc44779a3028,2,2,0,Italian,3240,unclassified/mixed,generic_copyright_or_bibliographic_marker,False,False,False,False,True,False,latin_or_other,
b72c2809aeadbc557119d91b7aee37e69baf7e14481c7c78f625a80244f0c9d3,2,2,0,English,3154,government/legal/procurement,no_explicit_marker,False,False,False,False,False,False,latin_or_other,
b75b2b03f88d8792b31debf5a9e5fa6f46255db98911bd7a5f49acd85b468eb3,2,2,0,English,18741,government/legal/procurement,no_explicit_marker,False,False,False,False,False,False,latin_or_other,
b764b608b1bd43a33da60da3d35ef35b0e25084a1dfc4309a350a781bf01ed8d,2,2,0,Portuguese,8123,government/legal/procurement,no_explicit_marker,False,False,False,False,False,False,latin_or_other,
b76c528203e1eb0e98308914a11d63ae470ae817746f86a79a45ea423dd94a71,2,2,0,Portuguese,13917,scholarly/research,no_explicit_marker,False,False,False,False,False,False,latin_or_other,
b777331af9fe71bbed1781900aac0145eb520746ab9c3986757891eda3b69dcb,2,2,0,German,14304,unclassified/mixed,no_explicit_marker,False,False,False,False,False,False,latin_or_other,
b79a2f2ce6de4802005760842eee648c41fa6abed3b059a9aa6643cebff96566,2,2,0,English,4577,news/blog/general web,no_explicit_marker,False,False,False,False,False,False,latin_or_other,
b7b477a03e5c6b5f85ab7d1c7c8c117ec622558eea3250d830bd4acb1cc0a5a9,2,2,0,Portuguese,14508,scholarly/research,no_explicit_marker,False,False,False,False,False,False,latin_or_other,
b80ec0ac11524521dc626be6c58814b67988fbb1e11edecf6f2e41ad2eb22596,2,2,0,French,14824,scholarly/research,no_explicit_marker,False,False,False,False,False,False,latin_or_other,
b8748ff7176bd9b3f60abedd3047eab90e2112ffd0f029135208a31620e7c651,2,2,0,English,4461,books/literary/publisher,explicit_restrictive_notice,True,False,False,False,True,False,latin_or_other,
b88c4dfeb1749c4f0586c40790e8941635216fe02f5c34e35c8e88b053af8dc3,2,2,0,English,1910,unclassified/mixed,no_explicit_marker,False,False,False,False,False,False,latin_or_other,
b8a28dc3e8190024b94249c42df3ed3196ebf3c335a8860806046d762a3670eb,2,2,0,English,19878,scholarly/research,no_explicit_marker,False,False,False,False,False,True,latin_or_other,
b8aad822d4ee20fbcf15d8aedc47c785807fd43c09d3fc92539d25f2ea9c7c5c,2,2,0,English,3067,government/legal/procurement,no_explicit_marker,False,False,False,False,False,True,latin_or_other,
b8b419df687a2903a3fd8267ae0e56264c1cead0dd11bd4d38963236904e42f2,2,2,0,Spanish,3316,unclassified/mixed,no_explicit_marker,False,False,False,False,False,False,latin_or_other,
b8c835c83c28eab57b1b7d72e371d300def6506fb6cb2ba50bd4a4569f46bd2f,2,2,0,English,10857,scholarly/research,no_explicit_marker,False,False,False,False,False,False,latin_or_other,
b8e92370bd70ea6d3d1d191bb27fb8d2b7f5b9d12e9da1a4e8e2de9ded208569,2,2,0,Spanish,2420,unclassified/mixed,no_explicit_marker,False,False,False,False,False,False,latin_or_other,ecured.cu
b8ff3e205898eb3b2ba92217500d84b3e660f841d5eb8ff3606e9f9d734651b5,2,2,0,Italian,14111,unclassified/mixed,no_explicit_marker,False,False,False,False,False,False,latin_or_other,
b9044dd9e6b9fa3376c52076b9304ef4c98f7efe0c94bf54398da02dad12c12f,2,2,0,English,4937,scholarly/research,no_explicit_marker,False,False,False,False,False,False,latin_or_other,
b9167d362255410316848ed6eba07d64165a42d142fb26c1744c72c40e234671,2,2,0,French,5330,scholarly/research,no_explicit_marker,False,False,False,False,False,False,latin_or_other,
b923e2e037b1adc34ab8bfd578e46f3bbd422753ee8580e32b7df860e03fed16,2,2,0,Portuguese,1714,scholarly/research,no_explicit_marker,False,False,False,False,False,False,latin_or_other,
b92f455b83648d36e06b04693ac4d8764db49a3e4618596b10270d5d5c72431f,2,2,0,English,5904,scholarly/research,no_explicit_marker,False,False,False,False,False,False,latin_or_other,
b93821f592acbe992103748732f296e61d0fade89fc1e1109421a3bdb93c80bc,2,2,0,Italian,2701,unclassified/mixed,no_explicit_marker,False,False,False,False,False,False,latin_or_other,
b9692d68ed5d2ffcb9f4bb22f0b795d4eb230eb612018e170d3b8d156498c8a6,2,2,0,Italian,3785,scholarly/research,no_explicit_marker,False,False,False,False,False,False,latin_or_other,
b96d6e739a702e935c2164da6136d1a67d90c7d31e0b413c986487c4c4fbc43a,2,2,0,English,4599,news/blog/general web,no_explicit_marker,False,False,False,False,False,False,latin_or_other,
b9b49ba94628287f721b981542af0faf5e9bf2018f41c8a1c922ac4ad66d8872,2,2,0,French,3871,scholarly/research,no_explicit_marker,False,False,False,False,False,False,latin_or_other,
b9d1c8e81778a828beb652c36cd899aa15a764c1add8cbdcf554ef80106acc22,2,2,0,Hindi,849,unclassified/mixed,no_explicit_marker,False,False,False,False,False,False,latin_or_other,
b9db75e214ee6d39add3de64163d6f9ca628ae266be5206aa40a219111447c92,2,2,0,Spanish,5714,books/literary/publisher,no_explicit_marker,False,False,False,False,False,False,latin_or_other,facebook.com
b9e1e65e1ee6fbc0384982fc7d77caf2e558a9dcf3b3915492fac9f7f15ab7d1,2,2,0,English,8362,scholarly/research,no_explicit_marker,False,False,False,False,False,False,latin_or_other,
b9f523485126750e207600fe09304dda7d43bc47000239a70588d2a5fa70bd0e,2,2,0,German,15403,unclassified/mixed,no_explicit_marker,False,False,False,False,False,False,latin_or_other,
b9fe553f2aabfa571031d4ac7533932b10726b034d5240bf587a836b63948239,2,2,0,English,23387,scholarly/research,no_explicit_marker,False,False,False,False,False,False,latin_or_other,
ba095bb70eb6ddb893cc2b1fd830d7209456af5acb6e96f582f91213f52425b5,2,2,0,Portuguese,5305,unclassified/mixed,no_explicit_marker,False,False,False,False,False,False,latin_or_other,
ba2bee9e58bd58075d56ad334c65b05dac006a4ce80ef176dfb978faeed58847,2,2,0,Portuguese,2645,unclassified/mixed,no_explicit_marker,False,False,False,False,False,False,latin_or_other,
ba2ddb6cd7cc6139d13441b3141d28998aa75c9f6b9894a0175626589ade4d70,2,2,0,Italian,7646,unclassified/mixed,no_explicit_marker,False,False,False,False,False,False,latin_or_other,
ba504a683f66c8b9bc162eec94fb2e4acc3c830905f5bbd24628339816acb694,2,2,0,Portuguese,13119,unclassified/mixed,no_explicit_marker,False,False,False,False,False,False,latin_or_other,
ba70bc013c54346c4686e36764de19b56310a4cb6c89c3e4a74c97f8fa81b1a8,2,2,0,Spanish,7790,unclassified/mixed,no_explicit_marker,False,False,False,False,False,False,latin_or_other,
ba7f8f99ae41593ba3b7a42b09a6842e377554a08e871a2a3404df5e15868b43,2,2,0,Spanish,6044,unclassified/mixed,no_explicit_marker,False,False,False,False,False,False,latin_or_other,
ba8764368c8701769b4d4976998e2d70ee4aeb41e051faea666b125b53384bf8,2,2,0,English,7309,unclassified/mixed,no_explicit_marker,False,False,False,False,False,False,latin_or_other,
ba96fd0be9df789a6e5906a78841ac54cc19b1cc0ed4a8c914892f2622a86f22,2,2,0,Italian,14552,unclassified/mixed,no_explicit_marker,False,False,False,False,False,False,latin_or_other,
baa00ea4b91f1de097560f36823417453559885c58f5395f9673b894ef4f6e8f,2,2,0,Portuguese,12942,government/legal/procurement,no_explicit_marker,False,False,False,False,False,False,latin_or_other,
bb202362e276c9aea148a4cdb74902a063915fda65af36980dece7c6f8fdd028,2,2,0,German,6125,unclassified/mixed,no_explicit_marker,False,False,False,False,False,False,latin_or_other,
bb3f2aa12c56dac300dc508ff471dd25268831d83293fe53527c1c35dab1aa00,2,2,0,French,1964,unclassified/mixed,no_explicit_marker,False,False,False,False,False,False,latin_or_other,
bb4790fe8dee758e3bb55e3c8950e24ce5ce5ac2974f2232dcfdea92cb3e2d4e,2,2,0,English,12516,scholarly/research,no_explicit_marker,False,False,False,False,False,False,latin_or_other,digitalcommons.fiu.edu;doi.org;hdl.handle.net;pu.edu.pk
bb76088e0b6aeae2b0dabba9529df0b0d4d4e4a0c9dc3b8a47b2d50dc3777a54,2,2,0,German,5045,news/blog/general web,no_explicit_marker,False,False,False,False,False,False,latin_or_other,
bb88b353b26a3c3a0c9f39ce633cb320ebee5abecb5e14305f33ffd62860407c,2,2,0,Spanish,1615,unclassified/mixed,no_explicit_marker,False,False,False,False,False,False,latin_or_other,acuaticos.org;vimeo.com
bb8aa1045d7dd76d20cb7cc31e1ba3d98a2aaecc3cc32f77678d0ffe1424ac8e,2,2,0,Spanish,7107,government/legal/procurement,no_explicit_marker,False,False,False,False,False,False,latin_or_other,
bb95af045784021dd6e2d6b7d868a0a05ee53d26463158755e902e36e08e56a4,2,2,0,English,1091,unclassified/mixed,no_explicit_marker,False,False,False,False,False,False,latin_or_other,
bb9b9a0bc125cad7fcb81a7c10f45f2d5909c829f616c73e7b403471240c8c51,2,2,0,English,4893,government/legal/procurement,generic_copyright_or_bibliographic_marker,False,False,False,False,True,False,latin_or_other,
bbb68397947b379777c046b0a72a66e1d8170b7b56cd415c948c572facf4d41d,2,2,0,Spanish,14670,unclassified/mixed,no_explicit_marker,False,False,False,False,False,False,latin_or_other,
bbbba04db204904fb727567f85ad52947fdd3e535f5bb09bc1d34777f9a5b574,2,2,0,English,4260,scholarly/research,no_explicit_marker,False,False,False,False,False,False,latin_or_other,
bbd5db99c14a5e5b29b9467f1d8e470dcbb961ebe013b0d19e4bc58362fc5bc9,2,2,0,Portuguese,8017,unclassified/mixed,no_explicit_marker,False,False,False,False,False,False,latin_or_other,
bc27eab097e47d5b77a3945ac6772eddedbda9b29521558cca22dee697439699,2,2,0,Portuguese,2423,manual/technical documentation,no_explicit_marker,False,False,False,False,False,False,latin_or_other,
bc451f7706e3fc0b607a2f6a9b8c9e9267701a72ba9861c56ee7a9c60ecfa4f8,2,2,0,English,5538,news/blog/general web,no_explicit_marker,False,False,False,False,False,False,latin_or_other,hookuphotties.net
bc4a5cb3e2d8f686723bfcd25470fd356e40ad1b207a1061498c103b23ddbc38,2,2,0,French,12944,scholarly/research,no_explicit_marker,False,False,False,False,False,True,latin_or_other,
bc5076eb6bf428fd8398d84745e9f9238cd91a60f278a258545e63947778bf09,2,2,0,Spanish,16802,scholarly/research,no_explicit_marker,False,False,False,False,False,False,latin_or_other,
bc6d59ebd2755e49384d3f1cc2df54b691b625102fef0ad9525d48b740d41f31,2,2,0,Spanish,14745,government/legal/procurement,no_explicit_marker,False,False,False,False,False,True,latin_or_other,
bc72216e01685079530a0c6a55d396f89b7f2c59aff5d47dbbfd64b8ed9f390c,2,2,0,Portuguese,4272,scholarly/research,no_explicit_marker,False,False,False,False,False,False,latin_or_other,
bc79f984e5433a3c2a3250c72daf704fb35be2dd63552e04074fb96103ff537f,2,2,0,Spanish,3208,unclassified/mixed,no_explicit_marker,False,False,False,False,False,False,latin_or_other,
bc84c94ea782dbaff5d8d727a335c496229b52b8e8699773a47f2c162c4c8c71,2,2,0,English,4416,government/legal/procurement,no_explicit_marker,False,False,False,False,False,True,latin_or_other,
bc98d64aec99ce4c429f187a288f8326b2370d4262cfd24aee1f6744e54e700a,2,2,0,English,3423,education/course/textbook,no_explicit_marker,False,False,False,False,False,False,latin_or_other,
bca0d3c79b2d4559798068dccd5d2ddd74fac6ed638e2cb83bc0baa1424c87f0,2,2,0,English,10716,government/legal/procurement,no_explicit_marker,False,False,False,False,False,False,latin_or_other,
bca7d62220e9479cf6c338c31962c26653991a998577259910b5e8abf59fb7b0,2,2,0,Portuguese,13375,unclassified/mixed,no_explicit_marker,False,False,False,False,False,False,latin_or_other,ofa.org
bcbe44449106c9506c6ddf042295c6fbd59124862282ff9d02d1cf304918f1ff,2,2,0,English,4580,scholarly/research,no_explicit_marker,False,False,False,False,False,False,latin_or_other,
bcc7b0b474a6ab70cd12bd7b7429ec0dbffb08f5efba97ba9b30f87d9165a5f4,2,2,0,English,6898,scholarly/research,no_explicit_marker,False,False,False,False,False,False,latin_or_other,
bce8f9ebe59df1a1090ad943fbb0a0eeec8a1b0ca1fa6771977861c565c79f98,2,2,0,English,3966,unclassified/mixed,no_explicit_marker,False,False,False,False,False,False,latin_or_other,
bcf2a6838d5d99db52d6d4971a060e9cba088daf799c8af021677bb654011ad6,2,2,0,Spanish,4410,unclassified/mixed,no_explicit_marker,False,False,False,False,False,False,latin_or_other,
bd417ad1b9aef36e10a820628f213b4ce2a675e26a3ea00c4a10b53c171dd31d,2,2,0,Spanish,10673,books/literary/publisher,generic_copyright_or_bibliographic_marker,False,False,False,False,True,False,latin_or_other,
bd4289260fdb05b874e2ca56f2557d07c3d0c2be8227eb69c552a7727ad64262,2,2,0,English,1093,corporate/financial/ESG,generic_copyright_or_bibliographic_marker,False,False,False,False,True,False,latin_or_other,
bd476e55fa2db60f5d1c36024cd3eced65527dbe0e0c3092146971bd3082a1ba,2,2,0,Italian,13223,unclassified/mixed,no_explicit_marker,False,False,False,False,False,False,latin_or_other,
bd57db30681f3157e57842badd71b36d0d830efb8b217c5d10f65da90b81c276,2,2,0,French,7303,scholarly/research,no_explicit_marker,False,False,False,False,False,False,latin_or_other,
bd5c996a5e809e4a62256a011a82f8c2392bda4c199cf97dd935628f7dd4f5c1,2,2,0,Portuguese,5555,unclassified/mixed,no_explicit_marker,False,False,False,False,False,False,latin_or_other,
bd79b7f71d6c6b7598001c8ecfb9b65ef12e4ec4b781d30f2c4568cec6f72633,2,2,0,English,3983,unclassified/mixed,no_explicit_marker,False,False,False,False,False,False,latin_or_other,
bd7d3056c5f67545170ba0bf26cf05aa3d3310ede9c15c908ef779c37b3d6f22,2,2,0,English,7442,scholarly/research,no_explicit_marker,False,False,False,False,False,True,latin_or_other,
bd8b279676aa793540248ac9a09a601c6cf757079e9225a87c3d6be5ed2862ce,2,2,0,Portuguese,6104,scholarly/research,no_explicit_marker,False,False,False,False,False,False,latin_or_other,
bdb40f029d87bbd93a05aa861d6982979b5de2b939bbd0bdf17c907546a9d51f,2,2,0,Italian,4913,unclassified/mixed,no_explicit_marker,False,False,False,False,False,False,latin_or_other,beniculturali.it
bdde30ff379d99aae2be12019d5a35a651b2bb746074669779f0fb73124f35ea,2,2,0,Italian,2112,government/legal/procurement,no_explicit_marker,False,False,False,False,False,False,latin_or_other,
bdea45ed28359b2c96ebae9711ddc9ca05e8fa6b920d7fb8bfaa8bd692a0721d,2,2,0,Portuguese,4201,unclassified/mixed,no_explicit_marker,False,False,False,False,False,False,latin_or_other,
be5af3ea559d3e11ac13af09b77dec0030fb12eb915678b7e5ef8b79ba531383,2,2,0,English,4424,books/literary/publisher,no_explicit_marker,False,False,False,False,False,False,latin_or_other,
be9415b1365207e14223bcb73173b4d28f19f9cccfe3c0915d20e3a167038fae,2,2,0,Italian,5154,unclassified/mixed,no_explicit_marker,False,False,False,False,False,False,latin_or_other,
be9ecadda5c4f71eb631e42f3b23e641f8bc60b2d24960459722340a3ef20c49,2,2,0,German,2835,unclassified/mixed,no_explicit_marker,False,False,False,False,False,False,latin_or_other,
bea280e88ae24eebcda9649620e815fe5d014b1b8a85a0fd472b3aecfd209ff9,2,2,0,Hindi,6869,unclassified/mixed,no_explicit_marker,False,False,False,False,False,False,latin_or_other,
bed3df21739f5f5702191b5edfa5a53b8f1e3d71c9c52c6d19d4291c32c5cc44,2,2,0,French,542,unclassified/mixed,no_explicit_marker,False,False,False,False,False,False,latin_or_other,
befb7bcd206fda9aa3f108b071fb704a4c80ce42aacc1e703f55df8c0ab04a2f,2,2,0,Italian,5127,unclassified/mixed,no_explicit_marker,False,False,False,False,False,False,latin_or_other,journals.plos.org
bf015be3f3bd13a2aa16ed07edff94bd4290620c212f4eb0b0e9825152f1b73a,2,2,0,English,4020,unclassified/mixed,no_explicit_marker,False,False,False,False,False,False,latin_or_other,
bf07a8d92a52e08e82456134307c8512a9aea0d9f0e1bbdb2c266675be45500e,2,2,0,English,17314,books/literary/publisher,generic_copyright_or_bibliographic_marker,False,False,False,False,True,True,latin_or_other,cabi.org;eppo.org;icipe.org;koppert.com;oisat.org;realipm.com
bf1a6dbce6a12937a79e53d600762e3692b07a51db4fa7d736fef314014953c5,2,2,0,German,8158,unclassified/mixed,no_explicit_marker,False,False,False,False,False,False,latin_or_other,
bf2b0811f2c4e53f919df1329a8b3bc1948cb16e3cfd935b2a403cc99bd82f9e,2,2,0,French,15352,unclassified/mixed,no_explicit_marker,False,False,False,False,False,False,latin_or_other,
bf31d590b1e7b2040223ffe44385af74831a3e3ff2399df1d9b250fae5963ae5,2,2,0,English,3035,scholarly/research,no_explicit_marker,False,False,False,False,False,True,latin_or_other,
bf3cfbb83d501a52d03c20233f4e910cdb84ffba0e7ccfd7b6fb989e19f41d39,2,2,0,Italian,7754,unclassified/mixed,no_explicit_marker,False,False,False,False,False,False,latin_or_other,
bfc281dedbe6a5cef5c9637209a4ce721c6025f0fa30114369fc1858fcad1ed8,2,2,0,English,913,unclassified/mixed,no_explicit_marker,False,False,False,False,False,False,latin_or_other,
bfc4ad60cf7104efa363d0283e8e52d3eda32fd08a565ad0073e5ba00a346e7d,2,2,0,French,4307,unclassified/mixed,no_explicit_marker,False,False,False,False,False,False,latin_or_other,
bfeaad20c35a34467a5079ef581ac8020e43e027374a61b5f3a01201a1307b44,2,2,0,Italian,2987,unclassified/mixed,no_explicit_marker,False,False,False,False,False,False,latin_or_other,
c00f34d09b57028b22f5abc4c7be9023505c38c92cb42bbc2badf02d850f6ef2,2,2,0,English,3633,unclassified/mixed,no_explicit_marker,False,False,False,False,False,False,latin_or_other,
c02dc457743ae7467985b7a03de397e1b2b318d477424fde1f5987e0212b2634,2,2,0,Spanish,15489,news/blog/general web,no_explicit_marker,False,False,False,False,False,False,latin_or_other,
c04eab886bcfcc46e67da9f7cf0b67481076039541e1d7a9e8a6c373d2fef377,2,2,0,French,942,unclassified/mixed,no_explicit_marker,False,False,False,False,False,False,latin_or_other,
c05cd49425825d10393697410ed53674df4df46f7e8f3d10052b9046684ddc93,2,2,0,Portuguese,5015,scholarly/research,no_explicit_marker,False,False,False,False,False,False,latin_or_other,
c068e0eb807ccea36a636168b531dd4e808d5edd6afb47db3a3bdd978266ead5,2,2,0,German,14391,unclassified/mixed,no_explicit_marker,False,False,False,False,False,False,latin_or_other,
c06ec2ff576698f9dbb58fd70821be7b166d39aa4f5ffd995fd05e41d78ed439,2,2,0,Italian,3071,news/blog/general web,no_explicit_marker,False,False,False,False,False,False,latin_or_other,
c09f011aef19b882df85ec621273bcb400ce079d75a813b886b80c045a20b37b,2,2,0,Portuguese,12905,encyclopedia/reference,no_explicit_marker,False,False,False,False,False,False,latin_or_other,
c0a7190871c8eb05b866db2ba33ff98dcc9a128af45d177bb65dc89c3c17ed90,2,2,0,Portuguese,13097,scholarly/research,no_explicit_marker,False,False,False,False,False,False,latin_or_other,cactus.dixie.edu
c0e25ab2d6417d59d151fc574453fe121ffa8bd8e9cc8b593d8431188a017d19,2,2,0,Portuguese,4907,news/blog/general web,no_explicit_marker,False,False,False,False,False,False,latin_or_other,educativageografica.blogspot.com;shvoong.com
c0eb6f9c527e3b2e2b806b7d88c525856230d0f3ae3a297511936d34d2f45c08,2,2,0,French,3060,scholarly/research,generic_copyright_or_bibliographic_marker,False,False,False,False,True,False,latin_or_other,
c12eb2f3662ce5a7aa3188c04578b3bb0ebfcf6e7961e7d60483c89e8cbfeb1a,2,2,0,English,3772,unclassified/mixed,no_explicit_marker,False,False,False,False,False,False,latin_or_other,
c15c2c946962d8dcfcddc877041b89e577f80c6fdc0f94013195a6fc7f25a400,2,2,0,English,3944,unclassified/mixed,no_explicit_marker,False,False,False,False,False,False,latin_or_other,
c1dd75177a73e80c25b07dd7c8c60a8b2fac1702f31e8ab218e701b5555048de,2,2,0,Italian,4205,unclassified/mixed,no_explicit_marker,False,False,False,False,False,False,latin_or_other,ente.parcoticino.it
c1e282c27f956f2b6c71a5f4435f494239104a2684dafdb1c9533c18aae06c17,2,2,0,Portuguese,8337,unclassified/mixed,no_explicit_marker,False,False,False,False,False,False,latin_or_other,
c1eb1de4c11461d5b4fd9cf3fd141bed07365ca9b45eb2abdbf1cc83affa1906,2,2,0,Hindi,1920,unclassified/mixed,no_explicit_marker,False,False,False,False,False,False,latin_or_other,
c1ed1208a836a6d0ab49b8bb530940d42b56020d61e1dd2e1999b9a1b6fd81fb,2,2,0,Portuguese,13310,government/legal/procurement,no_explicit_marker,False,False,False,False,False,False,latin_or_other,
c1ee0637e29af2d0f158c38e7404a6547a5eeb9178c18ed6afb6f1a5f2b8fc56,2,2,0,Italian,6892,news/blog/general web,no_explicit_marker,False,False,False,False,False,False,latin_or_other,
c1f67eaf22db9942e1e3ee876550ef95fd116d5b0b2c43a8ba005f04dc43d8c8,2,2,0,French,5092,unclassified/mixed,no_explicit_marker,False,False,False,False,False,False,latin_or_other,
c2088200e14966758f532fa9300bc309f573ccd6363beddeab8f7d3831a46b97,2,2,0,Spanish,4847,scholarly/research,no_explicit_marker,False,False,False,False,False,False,latin_or_other,
c2b0c76d126d4364eae7d008662d3bf72208e61e1f469460e7d43d649ae6aa7b,2,2,0,French,3893,unclassified/mixed,no_explicit_marker,False,False,False,False,False,False,latin_or_other,
c2fa44e8bc45c04bc171f0196da95441eced910830749765c533882056582e77,2,2,0,French,8166,unclassified/mixed,no_explicit_marker,False,False,False,False,False,False,latin_or_other,
c33b6454aee57e9aed822e44ba1a6f08d4ae211472a1f7690caa13c2670aac6f,2,2,0,English,16249,unclassified/mixed,no_explicit_marker,False,False,False,False,False,False,latin_or_other,
c343f13bc016a7ce7b944b901eca982a5ae0922ca2682e2b9cd8fc1d18f86450,2,2,0,English,2644,unclassified/mixed,no_explicit_marker,False,False,False,False,False,False,latin_or_other,
c34ca938611b3b4b895251b0162e95b2fac89d085711839973127e625a064c1a,2,2,0,Italian,4033,unclassified/mixed,no_explicit_marker,False,False,False,False,False,False,latin_or_other,
c357e17d57b64d46deba4005d218411a0a4a648b292d3858ca84cbea8b33ae82,2,2,0,Spanish,8884,unclassified/mixed,generic_copyright_or_bibliographic_marker,False,False,False,False,True,False,latin_or_other,
c358a5573b9e70a9235b1f34c161e558122a5dae4ee50f888717d8ca00b1248a,2,2,0,Hindi,3843,unclassified/mixed,no_explicit_marker,False,False,False,False,False,False,latin_or_other,
c35c32088d2d77d49bfaf80a28912ad8bbe69d00dbeb91157f42995e51e51093,2,2,0,Spanish,2895,unclassified/mixed,no_explicit_marker,False,False,False,False,False,False,latin_or_other,
c3862e4d842f0c65afbb6d90b1421d115a171c57e8b03aad92e623f895ca9592,2,2,0,English,6812,scholarly/research,no_explicit_marker,False,False,False,False,False,True,latin_or_other,
c39c370b269b58f6b764801aa3a2ccfb786437f909356212eea7625f0f100646,2,2,0,Italian,13520,government/legal/procurement,no_explicit_marker,False,False,False,False,False,False,latin_or_other,
c3a483ab9332d1214f2a6584aa328e823de43e93bd28980ce9d3dd3d8809fde6,2,2,0,English,6692,unclassified/mixed,no_explicit_marker,False,False,False,False,False,False,latin_or_other,
c3b52a31b31f93777784aa5ac87f6f299c248a1dc59c62ac3e8f0c8cdc8ad243,2,2,0,Spanish,8248,books/literary/publisher,no_explicit_marker,False,False,False,False,False,False,latin_or_other,cymdeithas.org;es.wikipedia.org;plaidcymru.org
c3ee8b41393785c58d321131e26fa27d4d12bd3c439826077f3ad466ca4ef983,2,2,0,Italian,13897,unclassified/mixed,no_explicit_marker,False,False,False,False,False,False,latin_or_other,
c42bfed05a4d62d535efb60bfdc9383e0ce29ace5f43b2e01956695a7061b715,2,2,0,Italian,7108,encyclopedia/reference,no_explicit_marker,False,False,False,False,False,False,latin_or_other,guardareleggere.wordpress.com
c42c167fc02845590c0255fbec7959b6efcf299172bd1698690053092af59b40,2,2,0,English,5670,scholarly/research,no_explicit_marker,False,False,False,False,False,True,latin_or_other,
c4705e40f8f0a90ba4fc577af4869a0d351e0fa0c8b8d51487986df340ecbc99,2,2,0,English,7400,scholarly/research,no_explicit_marker,False,False,False,False,False,False,latin_or_other,
c494ed22648d06316a4ece288f8538fda8b42789dee8bfb118a4823a5ea2759c,2,2,0,French,10211,scholarly/research,no_explicit_marker,False,False,False,False,False,False,latin_or_other,
c49576a95bc523c808ab2a6844957bb72d5bb0bbd9f2918203bde4b760b652ea,2,2,0,Spanish,14767,books/literary/publisher,no_explicit_marker,False,False,False,False,False,True,latin_or_other,aunamendi.eusko-ikaskuntza.eus;es.wikipedia.org
c4ba77d7fba2dfda14980f9e880779e7d2b593f6117c7031142b5c4369ba6476,2,2,0,English,4115,unclassified/mixed,no_explicit_marker,False,False,False,False,False,False,latin_or_other,
c4d9ec958dbd9e2345d6a972c9f57eb0522b36628f8d53fe11de8dd801a89f27,2,2,0,Portuguese,4725,scholarly/research,no_explicit_marker,False,False,False,False,False,False,latin_or_other,
c51a291df8fe76495b1bd3740c8a1972651f3cef1aacb771c85095ced8cfa7b7,2,2,0,English,8199,unclassified/mixed,no_explicit_marker,False,False,False,False,False,False,latin_or_other,
c525ee6b061a2f820d115f5ba29a9b8e71b2ed3e6ab25d52ae8ed7e7edcaa6c6,2,2,0,Italian,13473,unclassified/mixed,no_explicit_marker,False,False,False,False,False,False,latin_or_other,
c5268bfd5a68ce420c64b82c83c38303136eab826bb932d1fdcfe7316a1aac57,2,2,0,English,21657,government/legal/procurement,no_explicit_marker,False,False,False,False,False,True,latin_or_other,
c52993537c3014a924619dbf363126a72bf8f4b7b366005919934fe45a55d601,2,2,0,French,9918,unclassified/mixed,no_explicit_marker,False,False,False,False,False,False,latin_or_other,
c52e0a59aeff879dd29b2ddd6074f72eaa0edc2eb46a4f3f6d1b3cb3cbf9fc79,2,2,0,Portuguese,14680,government/legal/procurement,no_explicit_marker,False,False,False,False,False,False,latin_or_other,migre.me
c56bdc199c7b8fd8007afc5601098c3c51817dbb2fcca535a950bfd5cf3b349a,2,2,0,Spanish,5248,unclassified/mixed,no_explicit_marker,False,False,False,False,False,False,latin_or_other,iucnredlist.org;testudines.org
c579283526200a5d9cade597015040ac45be56d2c24cefa00d6d992bccb06e52,2,2,0,Italian,4247,unclassified/mixed,no_explicit_marker,False,False,False,False,False,False,latin_or_other,
c5796b4942cd4a3f8d162f9219dc7f628e5bcb25487620fa63ffd66459a4d47a,2,2,0,English,3503,unclassified/mixed,no_explicit_marker,False,False,False,False,False,False,latin_or_other,
c5872ff6166f57612ae452392b042822b6985e7b615baba6eedb12535edcf0c8,2,2,0,English,1286,scholarly/research,no_explicit_marker,False,False,False,False,False,False,latin_or_other,
c59bfe736381e3532d49d6753b72f7bb450615edcc2dc52cfc898d358c67812e,2,2,0,Italian,14898,manual/technical documentation,no_explicit_marker,False,False,False,False,False,False,latin_or_other,
c5e6106be80ae0884448c22bd7a438200c2a65f1dcbf69064ce4679b66218595,2,2,0,English,13566,scholarly/research,no_explicit_marker,False,False,False,False,False,True,latin_or_other,
c5f20e7d37006df33f962f1a813fd74497611967fdc7442e45d7b035230b0d90,2,2,0,Portuguese,4915,unclassified/mixed,no_explicit_marker,False,False,False,False,False,False,latin_or_other,
c6134324e9c80eaddb5d5123ec3a1051bc6be122bb58e1e82aa055693937dad8,2,2,0,English,4697,education/course/textbook,no_explicit_marker,False,False,False,False,False,False,latin_or_other,
c61df09b06d498fa5989495175ab4e328f9026e076c0d8cdfbd5a0c46f7de948,2,2,0,English,3027,news/blog/general web,no_explicit_marker,False,False,False,False,False,False,latin_or_other,
c624931252d034391b426f42ae22c57ec7a1c52968279d9880e33d3de398c659,2,2,0,German,3764,unclassified/mixed,generic_copyright_or_bibliographic_marker,False,False,False,False,True,False,latin_or_other,
c66076fe276a040806a133a3fe7bf9f3a84c140f52e0157a09be77b214ed8210,2,2,0,English,4176,unclassified/mixed,no_explicit_marker,False,False,False,False,False,False,latin_or_other,
c6659deda6c04f1c99d95212857cd12be64b8e0882afdb834545f34d9fb480e2,2,2,0,Italian,2662,government/legal/procurement,no_explicit_marker,False,False,False,False,False,False,latin_or_other,
c67225ee070ef22864f1c5af2410a487fec9e3cecc2725efb88d4a92feebb568,2,2,0,Italian,14872,government/legal/procurement,no_explicit_marker,False,False,False,False,False,True,latin_or_other,
c69212a8a43c479b87d34edf74e91d25d0f4246813d6528d94fea802699cceb2,2,2,0,English,8636,unclassified/mixed,no_explicit_marker,False,False,False,False,False,False,latin_or_other,
c6991b1cfcd5e2b1edb57a34199a94236d6440d56d13dbb9f97d1e36a949499a,2,2,0,Portuguese,9108,scholarly/research,no_explicit_marker,False,False,False,False,False,False,latin_or_other,atlasdasaude.pt
c69a8cc8e526717952221f684248f42303a14dba5ec0076b2c745b38c5563c99,2,2,0,Portuguese,2300,unclassified/mixed,no_explicit_marker,False,False,False,False,False,False,latin_or_other,
c6a189141d77415f7ee794af38ddc8178c41ca9c0f8e918c02f51485fa25e549,2,2,0,English,8095,scholarly/research,no_explicit_marker,False,False,False,False,False,False,latin_or_other,
c6c7a5ac3f3c336df901439b80283c0f813dcfff343337f05c0078c499467501,2,2,0,Italian,3636,unclassified/mixed,no_explicit_marker,False,False,False,False,False,False,latin_or_other,manthone.gov.it
c6d07005634a32a5c053ae96415a61688a99eb133e0fdd2f5ac49b73454bee4d,2,2,0,Portuguese,2610,unclassified/mixed,no_explicit_marker,False,False,False,False,False,False,latin_or_other,
c6d1b1b1c1e3de583d6539e6386b5afe7b0b5ac81c3d07e16d61f0f9eec39901,2,2,0,Spanish,6053,unclassified/mixed,no_explicit_marker,False,False,False,False,False,False,latin_or_other,
c6e1a79c42f887b9431659290f3fa36be3e93a149ac4d4989a1f7706a6dec738,2,2,0,English,3541,corporate/financial/ESG,generic_copyright_or_bibliographic_marker,False,False,False,False,True,False,latin_or_other,
c700ba35cb4e28e8a2e5b16489aa2de0e6098812e8ea9005cdbee9a38edaa18e,2,2,0,English,11127,unclassified/mixed,no_explicit_marker,False,False,False,False,False,False,latin_or_other,
c723c30d001e3b676c6e8aa6bdd1ccbeb3bfb7723938eca8c09d16b5546e6a11,2,2,0,Portuguese,15655,manual/technical documentation,no_explicit_marker,False,False,False,False,False,False,latin_or_other,
c7377d3790f470e5b65c23bfc1720f8c72a0373c813c6c0c322a7173b94180b8,2,2,0,French,12638,government/legal/procurement,no_explicit_marker,False,False,False,False,False,False,latin_or_other,
c73c6e70a724cd3d81a8b6d31946d5709f3dd7fe8dacec7725a2f9dd37392bc6,2,2,0,English,3259,unclassified/mixed,no_explicit_marker,False,False,False,False,False,False,latin_or_other,
c7566968cabc8ad792fca55e3f53fff13345940d8f18fab1c3ec8186829d246b,2,2,0,Italian,4009,unclassified/mixed,no_explicit_marker,False,False,False,False,False,False,latin_or_other,
c798bb75a29d28f7de7da21a2cfd4ae3ddcfa547168125f85a86a5ac88e30c3a,2,2,0,English,12661,books/literary/publisher,no_explicit_marker,False,False,False,False,False,False,latin_or_other,
c7a28bc2962eb5503e994a4633ae869c4e6e349119b2c5dd62b0d2dcbb1c5a2a,2,2,0,Portuguese,5352,scholarly/research,no_explicit_marker,False,False,False,False,False,False,latin_or_other,
c7ad817d66644f578e881f4521410b1df32f68573417d8fa7b06895557d4c7e9,2,2,0,Italian,7585,unclassified/mixed,no_explicit_marker,False,False,False,False,False,False,latin_or_other,
c7b4465986ce4973cd3619e59aacb305806438f785afe4f00c14af9b067b53ea,2,2,0,Italian,2947,unclassified/mixed,no_explicit_marker,False,False,False,False,False,False,latin_or_other,disabili.com
c7c721d0f226e07426c75af3c0c3de2c63c6c789ed84e53080dd5021ba4f8244,2,2,0,Portuguese,8111,scholarly/research,no_explicit_marker,False,False,False,False,False,False,latin_or_other,
c7d08962e4bf167ee6263eb7ff3241b9135c053d5d78441a37f35fad6183152e,2,2,0,Italian,1331,unclassified/mixed,no_explicit_marker,False,False,False,False,False,False,latin_or_other,
c80d3a9ef9f2b02385f3540785f4a5e0d51ec0a4c57906f3c86f0694ab256096,2,2,0,Spanish,3344,unclassified/mixed,no_explicit_marker,False,False,False,False,False,False,latin_or_other,
c83b9a90605dfc33bd938477dfe56526627a95a55fd59be49fa56c604510711d,2,2,0,English,22631,unclassified/mixed,no_explicit_marker,False,False,False,False,False,False,latin_or_other,
c87220d1026a77189c9d56ddd08f393ced36caa98531d6000f551016503daa52,2,2,0,English,4895,encyclopedia/reference,no_explicit_marker,False,False,False,False,False,False,latin_or_other,
c88525d74327c10a97a7b9c8eec17a989d4fe3446e1baf1b1bc93c9439fbf020,2,2,0,English,4159,news/blog/general web,no_explicit_marker,False,False,False,False,False,False,latin_or_other,
c8a5f61707a2e5fe2226d9117ac4aa8727d5a508c577734efaa7672a951bf1f1,2,2,0,French,6714,education/course/textbook,no_explicit_marker,False,False,False,False,False,False,latin_or_other,
c8a6180c96461c9c7c00178de9a2fd4bf415af165b2ea077f0721f75e729de63,2,2,0,English,3502,education/course/textbook,no_explicit_marker,False,False,False,False,False,False,latin_or_other,
c8b52be4c0819cbf9b6bd7987e78ffb0b272f20cb1d67049c62241d70ea5bc71,2,2,0,Italian,9200,unclassified/mixed,no_explicit_marker,False,False,False,False,False,False,latin_or_other,
c8c9cf12e9cde98ff310ac7da83ee5653ebb3e8d71e77d87fb8120ddbd12e934,2,2,0,English,5155,unclassified/mixed,no_explicit_marker,False,False,False,False,False,False,latin_or_other,
c8f91f0273342e2c665021e8fc055c5a3881f6b036313c49fea994b64e606bbb,2,2,0,Portuguese,1100,unclassified/mixed,no_explicit_marker,False,False,False,False,False,False,latin_or_other,
c9020b1d73c7ab33120ae206a90891c8fc1f97af5f748506f495d28a39397c5d,2,2,0,Portuguese,5750,scholarly/research,no_explicit_marker,False,False,False,False,False,False,latin_or_other,
c91a168aa3fa81575559c47bd254a3aac2592483696a10f447eda4c7b61c8747,2,2,0,French,6396,unclassified/mixed,no_explicit_marker,False,False,False,False,False,False,latin_or_other,
c91ec8af9ee72a52539794e6b55385bd49a8b437310d65abf4ca2cf7e581aee5,2,2,0,English,3118,education/course/textbook,no_explicit_marker,False,False,False,False,False,False,latin_or_other,
c92136f588d3ece0187fbf69e4b779d13829c751cd939b972c508ecab101f801,2,2,0,Portuguese,13621,scholarly/research,no_explicit_marker,False,False,False,False,False,False,latin_or_other,
c92220b905258d7528cb06b164cfe57effb9a236c50c3758122b0247a9cc1beb,2,2,0,English,4106,unclassified/mixed,no_explicit_marker,False,False,False,False,False,False,latin_or_other,
c92bf921a7614b491ddd0c4725cd9a0e7548dd20ee2b7b30006a9a121ca34cfd,2,2,0,English,3176,unclassified/mixed,no_explicit_marker,False,False,False,False,False,False,latin_or_other,
c941c3ceeba4d68b8b122c1d09e4f61f86be4bab4ecb50243c3c361966e0720e,2,2,0,English,22347,scholarly/research,no_explicit_marker,False,False,False,False,False,False,latin_or_other,
c943c55bdda54ca400440fc03014c2de7434b336e722daab0568deb97d68b8f0,2,2,0,English,4361,unclassified/mixed,no_explicit_marker,False,False,False,False,False,False,latin_or_other,
c94dc82e83bfd19400c81cee71f0b5712f4519025046f6c87f84dad0ec6ba541,2,2,0,Italian,3875,unclassified/mixed,no_explicit_marker,False,False,False,False,False,False,latin_or_other,
c9616f824e3f30cc43d8a99f9c8bbfc7471d805e88b9db4a2fa69741f4a0239b,2,2,0,English,2123,unclassified/mixed,no_explicit_marker,False,False,False,False,False,False,latin_or_other,
c963858e4dfa4fc7665c9298d1fb56ae445a8fa8acba2a9ae17683712737faf8,2,2,0,English,14332,unclassified/mixed,no_explicit_marker,False,False,False,False,False,False,latin_or_other,
c9918007166d240b1ae9f4320518a930c605041a619f894cc36b1e8da78251cf,2,2,0,English,4714,unclassified/mixed,no_explicit_marker,False,False,False,False,False,False,latin_or_other,
c9caf3315df3c9348b189c9a99db2f71a379565efb05378a052339bc266b50a4,2,2,0,French,6156,scholarly/research,no_explicit_marker,False,False,False,False,False,False,latin_or_other,
c9e03b6fcb85890b3a1dd044884d4a7377f752030584f9ebc3fc9406a68b43a8,2,2,0,French,5663,scholarly/research,generic_copyright_or_bibliographic_marker,False,False,False,False,True,False,latin_or_other,
c9ffe5911c144a2ab471e3e3087aa96dc14868359ec5fc8a17a308f490c21f97,2,2,0,English,3963,government/legal/procurement,no_explicit_marker,False,False,False,False,False,False,latin_or_other,
ca07b17809a8ca7d215b636ca2390ed0b3a062d543e48a2ec65d7e3e85cb2357,2,2,0,Spanish,14526,unclassified/mixed,no_explicit_marker,False,False,False,False,False,False,latin_or_other,
ca30c67afa5dc9ea32cf20b76a45cc36ef1c5498ae4b215f6d09c6d5042d831f,2,2,0,French,4209,government/legal/procurement,no_explicit_marker,False,False,False,False,False,False,latin_or_other,
ca392360beabe8e76c7c0029386514d593c86c507a3346c2d5694603629995a0,2,2,0,English,5525,scholarly/research,no_explicit_marker,False,False,False,False,False,False,latin_or_other,
ca48e0cbfbb102fde0fc5b30cfcdb1578118099517e48252c5d57b007a525a75,2,2,0,English,2913,government/legal/procurement,no_explicit_marker,False,False,False,False,False,False,latin_or_other,lccn.loc.gov
ca6e96449c5c4ed5600b1bd9dc36025877b9a6f2106ec252bfec2082b16ee1db,2,2,0,Spanish,4888,unclassified/mixed,no_explicit_marker,False,False,False,False,False,False,latin_or_other,
ca78c6337149b394bd7f90de0ebab1e0e11b255ed7b4f76ea7503c0e0347c079,2,2,0,Spanish,6943,unclassified/mixed,no_explicit_marker,False,False,False,False,False,False,latin_or_other,
ca80d9baf2d9cda87d601d106d3feb192fee92ff2a35e891cbad311c70902fe3,2,2,0,English,12622,scholarly/research,no_explicit_marker,False,False,False,False,False,False,latin_or_other,
ca9c1912015409ab74444937ead7359d4e8caa600decc68741bfaeb35ae19f1e,2,2,0,Italian,2215,unclassified/mixed,no_explicit_marker,False,False,False,False,False,False,latin_or_other,
caa25f4cd30da0e40104102cec578c9d8e6869da9f0b740a70828bb6a19c10a8,2,2,0,English,7080,scholarly/research,no_explicit_marker,False,False,False,False,False,False,latin_or_other,
cabae83c99ac174f08ef3ce6fb96c902f0b33f76dcc375eba8b048c61a6803d6,2,2,0,German,8150,government/legal/procurement,no_explicit_marker,False,False,False,False,False,False,latin_or_other,
cabdfc4302b72ce7fa50d8af92067ccb3c14a35342e2138e7018023bb33a3023,2,2,0,English,12819,manual/technical documentation,no_explicit_marker,False,False,False,False,False,True,latin_or_other,
cac157721aed2e1e08559b660825b135a528c4dc2ee0a4fd7713564fa2e29464,2,2,0,English,9082,news/blog/general web,no_explicit_marker,False,False,False,False,False,False,latin_or_other,
cac22795b9b9649f336516add58c41eb35f298800820629e94525474ea48dce9,2,2,0,English,3771,unclassified/mixed,no_explicit_marker,False,False,False,False,False,False,latin_or_other,
cac560a76a777609ebbcfeae952d56e3b94108f252ddb071cc6e41b67ca13aaf,2,2,0,English,3454,unclassified/mixed,no_explicit_marker,False,False,False,False,False,False,latin_or_other,
cb08549f017fcd3aa4325c5ae30989f58725b097eb460444a28bf3f616f9026c,2,2,0,Spanish,2801,unclassified/mixed,no_explicit_marker,False,False,False,False,False,False,latin_or_other,
cb0c01d946a29372e3d34f660c021e63d87a4f07b5134e71699f9f69eb43e21a,2,2,0,German,8541,unclassified/mixed,no_explicit_marker,False,False,False,False,False,False,latin_or_other,
cb3b517493e5596838e64649113ab0277d54d609400417bcffff93312bad51df,2,2,0,French,2414,unclassified/mixed,no_explicit_marker,False,False,False,False,False,False,latin_or_other,
cb41137b976fa3671dc8899a3ff6f8e71b22041b03e87727bc240bc559e6748f,2,2,0,English,6854,scholarly/research,no_explicit_marker,False,False,False,False,False,False,latin_or_other,
cb455cbefd995b9334b17152286389fdd2c02bd561529d3282138cd9e6443592,2,2,0,French,10427,scholarly/research,no_explicit_marker,False,False,False,False,False,True,latin_or_other,blog.slate.fr
cb8498aade98c440fd519d7362d61955f9bfa3adfb45ac4f0a15f66fff1b6117,2,2,0,Portuguese,4924,unclassified/mixed,no_explicit_marker,False,False,False,False,False,False,latin_or_other,
cb91aa72ba59d01ac82185356c3fe771660747de0ca9a6213a0f7ff05e3ecfde,2,2,0,Portuguese,6863,unclassified/mixed,no_explicit_marker,False,False,False,False,False,False,latin_or_other,
cbdcb4375d7c080e70912106f19b22e6cf6db3b9374a2aeccdd07e70451363ad,2,2,0,Portuguese,3403,scholarly/research,no_explicit_marker,False,False,False,False,False,False,latin_or_other,
cbf8d9df6aa0b9d4c5555de13313f330c8fe59c697be9cb07c53b354c5fd9157,2,2,0,English,6900,unclassified/mixed,no_explicit_marker,False,False,False,False,False,False,latin_or_other,ncbi.nlm.nih.gov
cbfdabf0586850a05f291e5aea7e3c66195ad875b778b9ae28fc82cb096861b9,2,2,0,Portuguese,8485,unclassified/mixed,no_explicit_marker,False,False,False,False,False,False,latin_or_other,pessoal.portoweb.com.br
cc1fc0ec95d7545eddd338f2a1ae9338182851b6f90a141e945fb607fa95c967,2,2,0,English,1595,unclassified/mixed,no_explicit_marker,False,False,False,False,False,False,latin_or_other,
cc2cd45202019d50d960fc82edd50c55f677881acc8102c58611336a5cf96fa4,2,2,0,Italian,13930,unclassified/mixed,no_explicit_marker,False,False,False,False,False,False,latin_or_other,
cc57786699ee9b39740bb89e7f04fc4b2ddb5005a47b2eedec1733d50d5a0ed3,2,2,0,French,2749,unclassified/mixed,no_explicit_marker,False,False,False,False,False,False,latin_or_other,
cc65129ac31db73c12087ce139a0dbc4648ea4a850c78ac7ef8f88a9b75625ce,2,2,0,Portuguese,15086,government/legal/procurement,no_explicit_marker,False,False,False,False,False,True,latin_or_other,
cc951ea407f104e4cdc419793afc19f4c9e7d5af7d57cacd12bb9ca75924383d,2,2,0,Italian,3553,unclassified/mixed,no_explicit_marker,False,False,False,False,False,False,latin_or_other,
cc9e3764e351b42a1d5ca66ab043379101ae5f60b78b22dd3cef3c79e5d808c5,2,2,0,German,8492,unclassified/mixed,no_explicit_marker,False,False,False,False,False,False,latin_or_other,weltagrarbericht.de
ccc6a1ea20a2d032408a600001326d5ac207a29681d5b6d334a6c1f9099b7ca0,2,2,0,Portuguese,3340,scholarly/research,no_explicit_marker,False,False,False,False,False,True,latin_or_other,
ccc9b938cadf90950f94455aa21765d171e557d88c0e4585e1128e64518ba8f9,2,2,0,Italian,4372,unclassified/mixed,no_explicit_marker,False,False,False,False,False,False,latin_or_other,
cccf66fc5628c51a0401794d0927c4e45b5d583a6fa53e31953d6cf4a57f3e3c,2,2,0,English,5126,scholarly/research,no_explicit_marker,False,False,False,False,False,False,latin_or_other,
ccea46be27af0f377cc63ac8be03f14a140559a628c91efe45e35ef995309db8,2,2,0,English,6745,scholarly/research,no_explicit_marker,False,False,False,False,False,False,latin_or_other,
ccedb8d25ac1db6e5bcb811847032cd356e998035913cba294ecdd86741a00d8,2,2,0,English,6753,government/legal/procurement,no_explicit_marker,False,False,False,False,False,False,latin_or_other,
cd01fb41facb295395502f82baf1c9c3c99a0990a6ce5fdec02ac4c2b8ba1f7f,2,2,0,English,4986,government/legal/procurement,no_explicit_marker,False,False,False,False,False,True,latin_or_other,
cd0867d71d1a52ceeda0afcb8d2e81dba9686ed4357f844ac22d48dac28e16b6,2,2,0,Hindi,7564,unclassified/mixed,no_explicit_marker,False,False,False,False,False,False,latin_or_other,
cd24bef45f5f44d599c737509456e374160e16613a26bef68a308069581589fe,2,2,0,English,7654,government/legal/procurement,no_explicit_marker,False,False,False,False,False,True,latin_or_other,
cd26c787d710e59f3328e11c364d0a9ab8e6f3dd21c902926b37484c758cb8b8,2,2,0,Italian,6006,unclassified/mixed,no_explicit_marker,False,False,False,False,False,False,latin_or_other,
cd4448a6bc14715bb330e4fd16b6c531ed694a662c6571dd1975a7fe3b8ad82a,2,2,0,Spanish,8735,government/legal/procurement,no_explicit_marker,False,False,False,False,False,False,latin_or_other,
cd4b27fdffba44c397b24a35433560b186625465097feafe62983d30cc0a2b51,2,2,0,English,5697,education/course/textbook,no_explicit_marker,False,False,False,False,False,False,latin_or_other,
cd69b133fc97a7b8001396502022112bda7e6455b4ec114373cbfaf76524965d,2,2,0,Spanish,3533,unclassified/mixed,no_explicit_marker,False,False,False,False,False,False,latin_or_other,
cd897b7370417a3b7cc061d8c35c9dbdc6bdc7b12a33cbe48e6caf77bd00c66d,2,2,0,English,3165,scholarly/research,no_explicit_marker,False,False,False,False,False,False,latin_or_other,
cd8ad410241bfd97b3d40b46a16c43fdcf11ae5483d9a2f7dc0c5e57a0c7dadb,2,2,0,Spanish,13032,encyclopedia/reference,no_explicit_marker,False,False,False,False,False,False,latin_or_other,es.wikipedia.org
cdc3c8b459dcbb90e2ea2d023fa52cf58e8677a91e8b7e224bb0631abe3972a5,2,2,0,Portuguese,5583,unclassified/mixed,no_explicit_marker,False,False,False,False,False,False,latin_or_other,
ce16214c590b08a3278b490aed129b37292adc30af6f6fd709ad12322af83336,2,2,0,Portuguese,6752,unclassified/mixed,no_explicit_marker,False,False,False,False,False,False,latin_or_other,
ce35b7255d7cc5bcfeceb755107538edf304b6e5a32110679b3295adbfdaa641,2,2,0,Spanish,5360,government/legal/procurement,no_explicit_marker,False,False,False,False,False,False,latin_or_other,
ce42acf6a3c51a6b6a1222009db29cca4346fef2fea16714369ca05dfcedda84,2,2,0,English,8432,government/legal/procurement,no_explicit_marker,False,False,False,False,False,False,latin_or_other,
ce642ce6f449688c8a8bbcfe12f8b8a2a93127f0435e718e1e0c85eedfaa4d8b,2,2,0,Italian,2564,scholarly/research,no_explicit_marker,False,False,False,False,False,False,latin_or_other,
ce801d7055f1808fe8af5e483ad54e274b985c69f85adccac62dd6e2c4130535,2,2,0,English,5312,unclassified/mixed,no_explicit_marker,False,False,False,False,False,False,latin_or_other,
ce84f045978b88b4256ac861e8e129bf632e7435ba1ca3384848b90d578fa65a,2,2,0,Spanish,3482,unclassified/mixed,no_explicit_marker,False,False,False,False,False,False,latin_or_other,
ce8f2188df786ecdb1cc624b0fde3c9fbd22438bd51a1156b3952b31cebd4645,2,2,0,English,2015,unclassified/mixed,no_explicit_marker,False,False,False,False,False,False,latin_or_other,
ceae40235e725ca722bdf362bb304e2f81102fd3d3c656afa5a7200a235d9923,2,2,0,English,10807,unclassified/mixed,no_explicit_marker,False,False,False,False,False,False,latin_or_other,
cec9170ea134b5cac8f7097aa3cca3895e415898f5403eef6d7f42d1c95fb1fc,2,2,0,Spanish,5329,unclassified/mixed,no_explicit_marker,False,False,False,False,False,False,latin_or_other,es.wikiversity.org
ced33a29117653cc6b735741a30e67c97602c6c79038d4385d454d9d191c4ea5,2,2,0,Portuguese,2692,unclassified/mixed,no_explicit_marker,False,False,False,False,False,False,latin_or_other,
cee05d768779870bcdc29551bb895e544200514dd897a7bf0d5388e3ed245b0c,2,2,0,English,6209,unclassified/mixed,no_explicit_marker,False,False,False,False,False,False,latin_or_other,
ceee8770140ddaf7623c3214a48b6ea71be2e0e298727151c68c55f258e72bc1,2,2,0,Spanish,7988,government/legal/procurement,no_explicit_marker,False,False,False,False,False,False,latin_or_other,
cf06619950c5c9d347697ddf8fea4a245dbbfb2b0cc63ab0dab438ec299c1f19,2,2,0,English,6424,unclassified/mixed,no_explicit_marker,False,False,False,False,False,False,latin_or_other,
cf1404d0b7bdda8499db47f066298cd395fc73fec04be3d314d0120fcaaa4ab9,2,2,0,Portuguese,3849,scholarly/research,no_explicit_marker,False,False,False,False,False,False,latin_or_other,
cf654e2c72f6fbc106f06d0cccaa16b59512ffac8a0e6eaf4d90820b6f2dc401,2,2,0,English,5636,corporate/financial/ESG,no_explicit_marker,False,False,False,False,False,False,latin_or_other,
cfa1c93238974167a98eb6ad190501934c01f95fbec013ffe9b7826d9f4ed34b,2,2,0,Spanish,4077,unclassified/mixed,no_explicit_marker,False,False,False,False,False,False,latin_or_other,
cfc376ccf7dae07d9aa9d5f0a205d0fb98e2426f1c19c29c0b57e390167eca92,2,2,0,Spanish,4588,unclassified/mixed,no_explicit_marker,False,False,False,False,False,False,latin_or_other,eso.org
cfd58f9c4b2a52faaebfeff013385b07310fed6530e29ee57230b37b238f57be,2,2,0,Spanish,4106,news/blog/general web,no_explicit_marker,False,False,False,False,False,False,latin_or_other,
cfe3536638887617eb0205c9723412a108cb2487e715cf141a7301d552f8abcd,2,2,0,Italian,5578,encyclopedia/reference,generic_copyright_or_bibliographic_marker,False,False,False,False,True,False,latin_or_other,
cfe711f81ef62e0084c30cf2285f00c9a7c71d5242a7afa6bbf82dcaeacc9212,2,2,0,French,7090,corporate/financial/ESG,no_explicit_marker,False,False,False,False,False,False,latin_or_other,
d076e91d848af7182b14c249c38e71e47d88563106935c7d3dc86617cb905710,2,2,0,Italian,14336,manual/technical documentation,no_explicit_marker,False,False,False,False,False,False,latin_or_other,
d08753a4a453b89c2307356d067240c76542953400de8f0255b5b59914efb53f,2,2,0,English,7535,scholarly/research,no_explicit_marker,False,False,False,False,False,False,latin_or_other,michaeljournal.org
d09bff63a687bf42d26a6e02fa35bcf9547993e1a1cf85857e778b5867e3bb72,2,2,0,English,21127,scholarly/research,no_explicit_marker,False,False,False,False,False,False,latin_or_other,
d0b8bb3c95c38f8e5449eb9b2114a84b7e297fb6ee70edd074993976e1dc983f,2,2,0,Italian,13877,unclassified/mixed,no_explicit_marker,False,False,False,False,False,False,latin_or_other,
d0bc3cd4f0cd570b69ef5d9e856ab6e9869206a5d3f7ef4524a8f7af08cdb622,2,2,0,Italian,6824,unclassified/mixed,no_explicit_marker,False,False,False,False,False,False,latin_or_other,
d0bca7fa58dd16282036176f46a93b581b02106f9f46ed76fccf9e91f3789ee9,2,2,0,English,5211,education/course/textbook,no_explicit_marker,False,False,False,False,False,False,latin_or_other,
d0c9e5f3ce07eb7fcd3b86e03195f84a849e84b70a7ce2811cb59ec4001d42eb,2,2,0,Portuguese,1072,unclassified/mixed,no_explicit_marker,False,False,False,False,False,False,latin_or_other,
d0ee202b99b043767839ade98712b31fe980fe66d40cd36c51d5b24460cbe8db,2,2,0,Spanish,9307,news/blog/general web,no_explicit_marker,False,False,False,False,False,False,latin_or_other,
d0f4ec6a0d62deb6eec90ab60ee8b41e7e0cdaaf1074bd88dd0b9858bee54331,2,2,0,Spanish,2695,unclassified/mixed,no_explicit_marker,False,False,False,False,False,False,latin_or_other,
d1468e3ceacd8289688b4a60d450673ac77965242700997d77cc62f96ffc1825,2,2,0,Italian,3531,unclassified/mixed,no_explicit_marker,False,False,False,False,False,False,latin_or_other,
d153820ea385d04ee4532cc13d18b61d694f90cd88ed901c0e94a1a3313f6fea,2,2,0,French,4106,unclassified/mixed,no_explicit_marker,False,False,False,False,False,False,latin_or_other,
d161bb985c33656aef09a9e42bd569a34a24a180e448bfc421ad05525a70289d,2,2,0,English,1922,unclassified/mixed,no_explicit_marker,False,False,False,False,False,False,latin_or_other,
d19ea54bec83aec1fe89d95c4db6c9457512d8e1b3b497b2448253a2b00c3d3a,2,2,0,English,11155,unclassified/mixed,no_explicit_marker,False,False,False,False,False,False,latin_or_other,
d1b73242021c3c9480318a82bb9e96d2d682b43c79daa02406a36f80e572d789,2,2,0,Spanish,3598,unclassified/mixed,no_explicit_marker,False,False,False,False,False,False,latin_or_other,
d1c2a350550d0258a719eb82e8b6b83c64ac63b4f82064dd439997fc46af2ca5,2,2,0,Italian,13330,unclassified/mixed,no_explicit_marker,False,False,False,False,False,False,latin_or_other,
d1ca824288aa551ed15db61dc5154b02a84bf094be1ff2cef190d202ba69d4ed,2,2,0,Portuguese,4803,scholarly/research,generic_copyright_or_bibliographic_marker,False,False,False,False,True,False,latin_or_other,
d22844f32ad7d71287b07787db578761cd6dc485307f815fb4c0d91286c28085,2,2,0,English,1180,news/blog/general web,no_explicit_marker,False,False,False,False,False,False,latin_or_other,
d23232ca2fd03664cedf506f3175f7218d75709487362a9417598031d889c412,2,2,0,Portuguese,3548,unclassified/mixed,no_explicit_marker,False,False,False,False,False,False,latin_or_other,
d240a9fd330582941c26303487a0a14f72dac4dadca0f7510d5ef7e4dc1ae740,2,2,0,Portuguese,2263,books/literary/publisher,no_explicit_marker,False,False,False,False,False,True,latin_or_other,
d2655868f0802af25ec71249633d834e586c226e6085e0c32c9cf8115560e0ad,2,2,0,French,14405,scholarly/research,no_explicit_marker,False,False,False,False,False,False,latin_or_other,fr.danielpipes.org
d26b1123a76900cea96a73adbe18b0e1e68e09dea3f8f5d5a16f99d13859c692,2,2,0,German,5117,news/blog/general web,no_explicit_marker,False,False,False,False,False,False,latin_or_other,
d2766eed539b478a0d997576260dbf8c913a39e1350223df7c3e7330dd237413,2,2,0,Spanish,3595,unclassified/mixed,no_explicit_marker,False,False,False,False,False,False,latin_or_other,
d27778883dc5a10daa645ef8aed6b137bde3c417c4d79e80e897fa8b9b1d5b23,2,2,0,English,3536,unclassified/mixed,no_explicit_marker,False,False,False,False,False,False,latin_or_other,
d278e3aed7173b29eb97ab33bda12a5002c76527ea1392e91f87485ff354e683,2,2,0,Italian,5861,news/blog/general web,generic_copyright_or_bibliographic_marker,False,False,False,False,True,False,latin_or_other,
d2e31d100ea2b65e1437fc65cd859b8da1d3248365421f42d70a068dfa6e1256,2,2,0,Portuguese,13767,scholarly/research,generic_copyright_or_bibliographic_marker,False,False,False,False,True,False,latin_or_other,
d2f51ca69e5161f21fc464f2cdc327de9e83a694780343bb6f343cfa006108fd,2,2,0,English,12003,unclassified/mixed,no_explicit_marker,False,False,False,False,False,False,latin_or_other,
d305854dd2828d19bc2cbeec72c3118141327fdda0cc7cd25904533fc528a0c9,2,2,0,English,7679,scholarly/research,no_explicit_marker,False,False,False,False,False,False,latin_or_other,
d30f48b74d028d17c76047eb7a93873497e1f268a0876bc23ba2a250ffc5c68f,2,2,0,English,8241,unclassified/mixed,no_explicit_marker,False,False,False,False,False,False,latin_or_other,
d31e27c8905c9adcd8b7b97c6401dbce6f5f24a8232ea01a43cac7ef7380dcc3,2,2,0,Italian,4690,unclassified/mixed,no_explicit_marker,False,False,False,False,False,False,latin_or_other,
d34c96c394c6fa98b87fc690b06f21908148129086a54029e9696fb5c17b65bf,2,2,0,English,4494,education/course/textbook,no_explicit_marker,False,False,False,False,False,False,latin_or_other,
d34e7a8a885be002dd7d44a3544a1c41d20e8b117c17f97c877755dd9294fc5b,2,2,0,Italian,12836,unclassified/mixed,no_explicit_marker,False,False,False,False,False,False,latin_or_other,
d36266560a77a570137648687cf839137a6825131eee40f71e8445c24b8627bb,2,2,0,Spanish,5210,government/legal/procurement,no_explicit_marker,False,False,False,False,False,False,latin_or_other,
d36454065cc58ac8d63d2689d6c9e5ae58193d5229e4db43a6b6470042582375,2,2,0,Spanish,16458,scholarly/research,no_explicit_marker,False,False,False,False,False,False,latin_or_other,ncbi.nlm.nih;otraspoliticas.com
d36f6595dd8d14a8d84b1a9ff3a77b20495465a5cb0629e077cefe8ec6fb681d,2,2,0,Portuguese,12582,unclassified/mixed,no_explicit_marker,False,False,False,False,False,False,latin_or_other,
d381185b585ee4f2532dda999d1e9684928e7573f6d2be05a04d62e7981045b1,2,2,0,Portuguese,3598,scholarly/research,no_explicit_marker,False,False,False,False,False,False,latin_or_other,
d391df789e5cb74712743d579b0cc4ccb671da4437f8be680cae6d214a1f5bc6,2,2,0,Spanish,2708,unclassified/mixed,no_explicit_marker,False,False,False,False,False,False,latin_or_other,
d3a3527c719473ed6e101586c3a5bb1a9a48ae869bee9ad1a673dca415a5802b,2,2,0,Spanish,3482,unclassified/mixed,no_explicit_marker,False,False,False,False,False,False,latin_or_other,
d3a5384239815a373ff6861857e2fb46b0b78e75131aa11a3240b5134e3b3b8b,2,2,0,Portuguese,5638,government/legal/procurement,no_explicit_marker,False,False,False,False,False,True,latin_or_other,
d3a81d7faa9b023f5b91b61bf80d3c1ef629202183c222316a2d99ca9b5ec69d,2,2,0,Spanish,12456,unclassified/mixed,no_explicit_marker,False,False,False,False,False,False,latin_or_other,
d3a94af6ed690d5c85cba008cc873262af271107026228b8f1b2b5a36f888830,2,2,0,English,4831,unclassified/mixed,no_explicit_marker,False,False,False,False,False,False,latin_or_other,
d3dabd02884358ec8a1fadeeb6508085fac71f6fc501fb32b0d3786f5628bac0,2,2,0,Portuguese,3397,scholarly/research,no_explicit_marker,False,False,False,False,False,False,latin_or_other,
d3f11b54ae0ddeaab68fe3bd4c3c28f14a82c14dea1230a502015906e44d9474,2,2,0,French,10490,encyclopedia/reference,no_explicit_marker,False,False,False,False,False,True,latin_or_other,
d401d4f47d1b5634c86b6ee2fdf3aa859caf985cd2e93c531148b33fc1ed7d34,2,2,0,Portuguese,5377,government/legal/procurement,no_explicit_marker,False,False,False,False,False,False,latin_or_other,
d42ca3108c1cdee543adf6dfc806ef47c05e05fd4716494d676219958f7dcdd0,2,2,0,Portuguese,5431,government/legal/procurement,no_explicit_marker,False,False,False,False,False,False,latin_or_other,
d448137ed7a7d3ab80463b437a6fe9c7c094fb07bb7fd8119c1a99986b164aa2,2,2,0,Portuguese,13547,government/legal/procurement,generic_copyright_or_bibliographic_marker,False,False,False,False,True,False,latin_or_other,gaolnaofa.com;homepage.eircom.net;tairis.co.uk
d46249836ba2c204b599c060ef66cd968532bf6043cf14f39778bff307c9b5fe,2,2,0,English,2395,unclassified/mixed,no_explicit_marker,False,False,False,False,False,False,latin_or_other,
d4b4e0cfc64d1d79c92f75d28540287978c9a9c3dfd1d7f5475912582bf0fde0,2,2,0,English,5786,government/legal/procurement,no_explicit_marker,False,False,False,False,False,False,latin_or_other,
d4df0303f488f7d705f20a221e42fd10aff235bdbc53d373d730e04165166947,2,2,0,Spanish,4384,unclassified/mixed,no_explicit_marker,False,False,False,False,False,False,latin_or_other,
d51a3b9318fd16981aeca037b0c7d92492ec677c89d6686fefbc8ef905ed7cec,2,2,0,English,5450,scholarly/research,no_explicit_marker,False,False,False,False,False,False,latin_or_other,
d5568f6afb476141ef051a3f9bf155649b047ced2707c7eb8797e07f168c892a,2,2,0,English,5053,books/literary/publisher,no_explicit_marker,False,False,False,False,False,True,latin_or_other,flic.kr
d568a67f0353c55875cf963e1535fc24721da93b321ffd3fd3487e2868e99fbc,2,2,0,English,24089,unclassified/mixed,no_explicit_marker,False,False,False,False,False,False,latin_or_other,
d57540bc4a067fa9463d3ea2207b423395b1e285c80c29e8d6e27fa99576697a,2,2,0,English,1338,unclassified/mixed,no_explicit_marker,False,False,False,False,False,False,latin_or_other,
d57d342f8d06d66de970047b2127fa90db8980b4c5e92aba6c933473fcbd8f6e,2,2,0,English,14391,unclassified/mixed,no_explicit_marker,False,False,False,False,False,False,latin_or_other,
d58b04bfda70c69cc506af172ac7c60a4ec6fde5d82c9ae9cde6ea52d6689d06,2,2,0,English,12641,unclassified/mixed,no_explicit_marker,False,False,False,False,False,False,latin_or_other,
d5902d1dfbb8918185567a1828c09c1dd9591e5fccad555c6e85c7729c64c575,2,2,0,English,3284,unclassified/mixed,no_explicit_marker,False,False,False,False,False,False,latin_or_other,
d5b5d93ea40ad2ed61a1e3d0d6370af72761ab5824a290b2cdbf045504d1415d,2,2,0,Spanish,8568,government/legal/procurement,no_explicit_marker,False,False,False,False,False,False,latin_or_other,
d5cbba1c90a11eaf1b62ec06567d583b7eb0801eecac77f11c315f8ccf34f17d,2,2,0,English,3978,unclassified/mixed,no_explicit_marker,False,False,False,False,False,False,latin_or_other,
d5dfc80bdfb7aac3ee15d8bab727a3b6ecd71e9946424b7be6cc2b75f1293e22,2,2,0,French,5448,scholarly/research,no_explicit_marker,False,False,False,False,False,False,latin_or_other,
d5e7087b8e274f94d771cbdf062f8a0e56f1681d279b086612f88a4672c768d0,2,2,0,Spanish,5087,encyclopedia/reference,no_explicit_marker,False,False,False,False,False,False,latin_or_other,
d5eeccf14cc805fe8012a681fc18c5b55511a227b83ab193bfa09764a877278b,2,2,0,English,6362,unclassified/mixed,no_explicit_marker,False,False,False,False,False,False,latin_or_other,
d5fd2c10bd852381b3bc93dc00304f07de4058d616efe89473501a33e7291cd3,2,2,0,English,2527,unclassified/mixed,no_explicit_marker,False,False,False,False,False,False,latin_or_other,
d619df6d3e2c9ed07e4e52919d3272496ff7b1042e4bd2c2dc42ec3147f107f7,2,2,0,English,5127,scholarly/research,no_explicit_marker,False,False,False,False,False,True,latin_or_other,
d62d17c01a2b52faf0728213e1b9b986eaedbe54a290bed29f2efe25035932b8,2,2,0,English,1665,unclassified/mixed,no_explicit_marker,False,False,False,False,False,False,latin_or_other,
d63f0f8109fe3714a522d54b22f8e9ce0888beb3ce47a79a2d09e03a21bcf87a,2,2,0,Portuguese,3837,government/legal/procurement,no_explicit_marker,False,False,False,False,False,False,latin_or_other,
d6408f53924472a73b7a0add8ee04895697a3dfd90b51bd8235be090e18b4624,2,2,0,English,5203,unclassified/mixed,no_explicit_marker,False,False,False,False,False,False,latin_or_other,
d644e4c5f565a1b58516e924320b54f300928f1f77c0cc60d2561a79f7814c53,2,2,0,Portuguese,1962,scholarly/research,no_explicit_marker,False,False,False,False,False,False,latin_or_other,
d683c6499069aa58d7b4a626c68d2d827759b8c134cffef3c83146680d176b29,2,2,0,Portuguese,3011,manual/technical documentation,no_explicit_marker,False,False,False,False,False,False,latin_or_other,
d69e5c57ff284b82935acb33865a48c61b616fb6fd0a73dead4398c95e023545,2,2,0,Portuguese,14761,unclassified/mixed,no_explicit_marker,False,False,False,False,False,False,latin_or_other,
d6a0eb131a6880756754c9633895811d9860616d71a1bbe4c0c56ec39b4c1c11,2,2,0,Spanish,3996,unclassified/mixed,generic_copyright_or_bibliographic_marker,False,False,False,False,True,False,latin_or_other,radiosantiago.cl
d6f2cf97cc3f637a03f325a4eef4de0e0f2b6860bbe89c26fb22301352dc8dab,2,2,0,English,1297,unclassified/mixed,no_explicit_marker,False,False,False,False,False,False,latin_or_other,
d7031178b529abdec07967827f3a14382fe4135c128d00ef04ae49162d06b55a,2,2,0,English,975,news/blog/general web,no_explicit_marker,False,False,False,False,False,False,latin_or_other,
d719ae13e6d4923f00f7c8846912bb06f58a24407f6875e25a1bd30c433e755b,2,2,0,Italian,4021,unclassified/mixed,no_explicit_marker,False,False,False,False,False,False,latin_or_other,
d744bdffe337d2eff06c5aa3a5f96e365b4191410c438fa07d603ba98069e5f0,2,2,0,Spanish,7511,scholarly/research,no_explicit_marker,False,False,False,False,False,False,latin_or_other,
d7461df264167306c71407f92fd280a27f1c5f1dcb151686c6d874cf4c57be84,2,2,0,English,2752,unclassified/mixed,no_explicit_marker,False,False,False,False,False,False,latin_or_other,
d755dd0209724f5ecade3cd73c2988375386e88b199a8080c08ec0053bec0336,2,2,0,French,12550,scholarly/research,generic_copyright_or_bibliographic_marker,False,False,False,False,True,True,latin_or_other,
d75637a72b5072037b569ec281756c8b263131f299e75cabee73605f1b7f7e1e,2,2,0,Spanish,8134,scholarly/research,no_explicit_marker,False,False,False,False,False,False,latin_or_other,concepto.de
d788c7945d097310108f94d284dc41617cafaabc5a3775003725db48827aa2a0,2,2,0,Portuguese,7023,scholarly/research,no_explicit_marker,False,False,False,False,False,False,latin_or_other,
d7b867b287d9750b82cc48463eb9b0e25f55de7e361a617192bd8af744ce2380,2,2,0,Italian,13912,unclassified/mixed,no_explicit_marker,False,False,False,False,False,False,latin_or_other,
d7c4a3834e0f1a9058dcf2c7cc342ad3b48ce274f0a2cdc533829b1c6a39da03,2,2,0,Portuguese,1967,unclassified/mixed,no_explicit_marker,False,False,False,False,False,False,latin_or_other,
d7e4ea46ff2dd9ed803471fcad82abe8e89e24361024e2c087aa787ab20f39d5,2,2,0,Italian,2794,unclassified/mixed,no_explicit_marker,False,False,False,False,False,False,latin_or_other,
d824df1b727f9b4f01c02fa0d8291273bda2b28df099e703606d3d915674aa4b,2,2,0,Portuguese,3053,unclassified/mixed,no_explicit_marker,False,False,False,False,False,False,latin_or_other,
d82f398b147bb75a8e4cf4a78194fa543f65b58861ea48ad726b232d2966e1fb,2,2,0,Portuguese,14038,government/legal/procurement,no_explicit_marker,False,False,False,False,False,True,latin_or_other,
d83c0922fd7fd9a434457170ecff710292ab912754c536c861e5922f608f7fa6,2,2,0,Portuguese,2756,unclassified/mixed,no_explicit_marker,False,False,False,False,False,False,latin_or_other,
d8456d233301ef4274853250e6ec7c1bdff039289f6ccdd3d20989d418cda943,2,2,0,Portuguese,13032,scholarly/research,no_explicit_marker,False,False,False,False,False,False,latin_or_other,
d847a55f977f1ce344684e5e980551adfcef13a4187e0f884e604b84fd108ce6,2,2,0,Portuguese,6206,unclassified/mixed,no_explicit_marker,False,False,False,False,False,False,latin_or_other,
d84d1f3f99eebe19f420515325f278da4201cfcc9caa473accb4f6139cfc4941,2,2,0,Spanish,6446,unclassified/mixed,no_explicit_marker,False,False,False,False,False,False,latin_or_other,
d8964aa8e940caa32b62299ccd475bf54b1ee06b9dfec8d0522daf57f9980bde,2,2,0,Italian,13833,government/legal/procurement,no_explicit_marker,False,False,False,False,False,True,latin_or_other,
d8972ea0cfac162eabc880f3a8c6dd16c0fc83582c39bd6ce7c8ef6d15b8fc77,2,2,0,Italian,3268,government/legal/procurement,no_explicit_marker,False,False,False,False,False,False,latin_or_other,
d8b80f917cac5cb4ee7e737dc9543a5ef907e522d97e3902543a110780c5cf59,2,2,0,English,648,unclassified/mixed,generic_copyright_or_bibliographic_marker,False,False,False,False,True,False,latin_or_other,
d8bb89f176b7d317d03928c1fd9e4bd7db715b55454aae315587c4b99c609dc1,2,2,0,English,9937,unclassified/mixed,no_explicit_marker,False,False,False,False,False,False,latin_or_other,
d8e6371d8d6503c0c131e2b2cade88f1c72a6d43acfcf25d729d23d628ca0839,2,2,0,English,383,unclassified/mixed,no_explicit_marker,False,False,False,False,False,False,latin_or_other,
d8ed5d013654323f5e1f69ab4315786fcf38259aa64cc5836f60bc9a26c034aa,2,2,0,Hindi,1315,unclassified/mixed,no_explicit_marker,False,False,False,False,False,False,latin_or_other,
d8ef1121b2e637ba1b299a3e9cd8994be5b3f32da8fdcdb2245ec7453eff0831,2,2,0,Portuguese,8061,government/legal/procurement,no_explicit_marker,False,False,False,False,False,True,latin_or_other,
d8fe27997a1c0fc1a0b9e84a518926bdbe3c9d44b6837c3e7ad6cf802cb73604,2,2,0,English,7308,books/literary/publisher,no_explicit_marker,False,False,False,False,False,False,latin_or_other,
d9054edb2cf6e5561d561df4378cf33206557b6b3c9cebe6141b62d0b4efe8f4,2,2,0,Spanish,14655,government/legal/procurement,no_explicit_marker,False,False,False,False,False,False,latin_or_other,
d984bdd65149fba0f4d2e08b3be45c0fbecb8fb545e4da2294165d2d358544fe,2,2,0,Italian,14292,unclassified/mixed,no_explicit_marker,False,False,False,False,False,False,latin_or_other,
d9aec0d55d6ccb1766a54d4a818e397a744030a44b960aca26a934bc771df8e3,2,2,0,Portuguese,3415,unclassified/mixed,no_explicit_marker,False,False,False,False,False,False,latin_or_other,
d9e8397acc6d47f79cf51a4670759a60c53fe6d620a836765ede40d59226a2f9,2,2,0,Italian,8035,unclassified/mixed,no_explicit_marker,False,False,False,False,False,False,latin_or_other,
da4a60a81e0b5a111dedf79bc7c44adef788b73be82944377f319cf932d7e696,2,2,0,French,6654,scholarly/research,no_explicit_marker,False,False,False,False,False,False,latin_or_other,
da4ed8c9a53b4a0ca753d96a6e460a085df38b28f87a163b5e67b5bb27c9ea5e,2,2,0,Spanish,15615,corporate/financial/ESG,explicit_open_licence_marker,False,True,False,False,False,False,latin_or_other,
da602d4e8ad2b865dad37c523130b769cd66afacea0ad4083893d4390255320b,2,2,0,English,13643,books/literary/publisher,no_explicit_marker,False,False,False,False,False,False,latin_or_other,
da7eea092e8bd0e2813e009ecfdc6e07b1ffe874062ce8410195a3f21e66b285,2,2,0,Italian,2232,unclassified/mixed,no_explicit_marker,False,False,False,False,False,False,latin_or_other,
daae17eee03b83b147513f77910aa4ec467588fbd7671a3555fc9aa5f9c9daf4,2,2,0,Spanish,12384,encyclopedia/reference,no_explicit_marker,False,False,False,False,False,False,latin_or_other,
daf023d3b027250f503e29d75ff58504952da926f623a5655e3ca36a2e79680f,2,2,0,English,11125,scholarly/research,no_explicit_marker,False,False,False,False,False,False,latin_or_other,
daf97a15e76fe26c4468974f7bc6195945793ce673af8c46783cf4261469ee1b,2,2,0,Portuguese,3693,scholarly/research,no_explicit_marker,False,False,False,False,False,False,latin_or_other,
db01e1ad421e12825c8e48f585b3e1dff2a6e4baee32c8471de79944d47fa353,2,2,0,Italian,12711,unclassified/mixed,no_explicit_marker,False,False,False,False,False,False,latin_or_other,galassiere.it
db21b48735c8ef1834b61d31859d5ba3da0ea44a29616df16393db834f81059a,2,2,0,Italian,2290,unclassified/mixed,no_explicit_marker,False,False,False,False,False,False,latin_or_other,
db310b1bc8bf2bd3e34946299bf6e9c7a9457edadb05dd22a478f6dffbe94552,2,2,0,English,12746,government/legal/procurement,no_explicit_marker,False,False,False,False,False,False,latin_or_other,
db3c185e3b1426170c83ca354c6caf9cb5a798580841d1a50b12dbce953b4570,2,2,0,Hindi,1468,unclassified/mixed,no_explicit_marker,False,False,False,False,False,False,latin_or_other,
db4e94dbdef46717042d89a01b768428c14057a8bce46aac0ac408d8675d088e,2,2,0,French,8670,scholarly/research,no_explicit_marker,False,False,False,False,False,False,latin_or_other,conbat.ecml.at
db591d5f26772536e24ba61d214318cabf5c7af77d356d46cf474cdc68ea091f,2,2,0,French,4888,government/legal/procurement,no_explicit_marker,False,False,False,False,False,True,latin_or_other,
db6446ceb2a054189f89acce4febee7b2dc1b3d4a90f69be8f6f9bb5a2471d45,2,2,0,English,3689,news/blog/general web,no_explicit_marker,False,False,False,False,False,False,latin_or_other,
db72f4b77eb0ff815a1ce8631e751d8903a092dbb0c9d74ebfc5b555d2510559,2,2,0,Portuguese,1809,scholarly/research,no_explicit_marker,False,False,False,False,False,False,latin_or_other,
db8acf37ce54e406d3a661063b3170c6ba9c94a5fd7290f6401690a130c7421b,2,2,0,Spanish,4849,news/blog/general web,explicit_open_licence_marker,False,True,False,False,False,False,latin_or_other,
db954d6ef0ef5433fa8b4e9f651f1f7ff6a95ec08de33d1c00d7002f7eba5864,2,2,0,English,603,unclassified/mixed,no_explicit_marker,False,False,False,False,False,False,latin_or_other,
db9dd8e12bbc6d24bc208d4dcf9644f07d532e1218026446ec682b603f762120,2,2,0,French,5581,scholarly/research,no_explicit_marker,False,False,False,False,False,False,latin_or_other,
dbdb2eb7b37110a7f1d20ce65902a9c7e7c777d51b6ccc23f7711ba3c0147048,2,2,0,English,8095,books/literary/publisher,no_explicit_marker,False,False,False,False,False,False,latin_or_other,
dbeb249fa3bbc6aa344d7724a578c967acf80bf46790c3274db9d066bc624152,2,2,0,Italian,13841,scholarly/research,no_explicit_marker,False,False,False,False,False,False,latin_or_other,
dc02b36a6966f6c360cd478516a94979266e57ca281b173cec30fe14dd9420bb,2,2,0,Italian,4141,unclassified/mixed,generic_copyright_or_bibliographic_marker,False,False,False,False,True,False,latin_or_other,
dc2994a0c215653be86f77c5308c1fb420e1c2df591a13562190ce5071010c21,2,2,0,Italian,2524,unclassified/mixed,no_explicit_marker,False,False,False,False,False,False,latin_or_other,
dc308fe09c97623a89d6f4f958c5215eb4dde722fc42b38f22b70f6f46c103f7,2,2,0,Spanish,8867,unclassified/mixed,no_explicit_marker,False,False,False,False,False,False,latin_or_other,
dc448d3d0bc3c3c7aa23e3a41405c1f25fd0a10dbe4229e0bd8b35e22d2775c1,2,2,0,Italian,13497,unclassified/mixed,no_explicit_marker,False,False,False,False,False,False,latin_or_other,
dc6ad37dc1bb79bf7cc22d6622c76534903196c00e4c4c8ad608da838f818173,2,2,0,French,11876,scholarly/research,no_explicit_marker,False,False,False,False,False,False,latin_or_other,
dc8bc193c6a381d850469641790ee301b5c016e7c8ed274934e03190fa676135,2,2,0,English,1706,scholarly/research,no_explicit_marker,False,False,False,False,False,False,latin_or_other,doi.org
dca365a50d33913fb544738238262874e09186ef6dfcdb9cb3e377ae87053343,2,2,0,Italian,4072,unclassified/mixed,no_explicit_marker,False,False,False,False,False,False,latin_or_other,
dca9cc3b663f60176fa26a5843c35c45ecb823acc71b6ccf0f6734fa5059f4e4,2,2,0,Italian,5578,unclassified/mixed,no_explicit_marker,False,False,False,False,False,False,latin_or_other,
dcb02379f34f7d53e7a4786f595739a8f96c83936680a0c2da4118efbbaef990,2,2,0,Spanish,15536,manual/technical documentation,no_explicit_marker,False,False,False,False,False,False,latin_or_other,
dcb95c166c86a52541d7ca11324875120b04d779cd92ed2fc3336690fb2a9372,2,2,0,German,8037,scholarly/research,generic_copyright_or_bibliographic_marker,False,False,False,False,True,False,latin_or_other,
dccdf03f8aa2a5d619a58689dc0d9a342204cc8c949c404c806b3cc278bb80ea,2,2,0,English,2544,unclassified/mixed,no_explicit_marker,False,False,False,False,False,False,latin_or_other,
dcd3af463864a3885a4dd4b5d09976b5499285c616c5467a85ff8ebc9ad87908,2,2,0,English,4749,news/blog/general web,no_explicit_marker,False,False,False,False,False,False,latin_or_other,
dd1513961e79d064f9563c50670b9db8b72e32fe9a6691a04cfe9d8fcc64cc9e,2,2,0,English,6228,scholarly/research,no_explicit_marker,False,False,False,False,False,False,latin_or_other,foodsafetymagazine.com
dd2ad25a6c0f8aff73846956a42e6af6b94dddeaeb387805f0089e7072d0f5fd,2,2,0,Spanish,14968,unclassified/mixed,no_explicit_marker,False,False,False,False,False,False,latin_or_other,
dd8e237feb67c1c8aadd7c2237dcf1f8f90319432609437e9eba0c0868ee3520,2,2,0,English,4301,unclassified/mixed,no_explicit_marker,False,False,False,False,False,False,latin_or_other,
dda0181b020c0525198dfec6f745fbee185d6b263d6869d12abf476bfae9446c,2,2,0,English,3751,scholarly/research,no_explicit_marker,False,False,False,False,False,False,latin_or_other,
dda7af24ac0bb56197c4f0d9b104cf63a9b0dda84224dcc195391bc93d5dcf63,2,2,0,English,1709,unclassified/mixed,no_explicit_marker,False,False,False,False,False,False,latin_or_other,
ddafac5ca098ca632f5aaa6b46ed36d3099c7c070f1a8729e7be8b1995cbd762,2,2,0,English,1645,unclassified/mixed,no_explicit_marker,False,False,False,False,False,False,latin_or_other,
dde5e742ddf64e2d85ee8c5af1851139e858dc9ba7b7cbc5280f508392ea6818,2,2,0,English,3438,unclassified/mixed,no_explicit_marker,False,False,False,False,False,False,latin_or_other,
ddf469013841e01033be08d870a8641372b47f4dec8448217ffc5db37dd9f963,2,2,0,English,6782,unclassified/mixed,no_explicit_marker,False,False,False,False,False,False,latin_or_other,
de05ecc056d04d70534e15539accb916c28aa3d09cd4378765eb446ae9e91d81,2,2,0,German,3829,unclassified/mixed,generic_copyright_or_bibliographic_marker,False,False,False,False,True,False,latin_or_other,
de64d2fab0bdf3f6702b234395df8e4f0845a309b950b3541f8d1db07e1ff9ba,2,2,0,Portuguese,4729,unclassified/mixed,no_explicit_marker,False,False,False,False,False,False,latin_or_other,
de9d7bbe687e13528d1d6e3cbec0696c620346f4627c207934f072474d28c21b,2,2,0,English,3796,government/legal/procurement,no_explicit_marker,False,False,False,False,False,False,latin_or_other,
def3edfcd36e3eb5ad31459aa859baa72ce3db8489d112fb5bdf4da0f02535ca,2,2,0,Spanish,10762,government/legal/procurement,no_explicit_marker,False,False,False,False,False,False,latin_or_other,
df0ee0a1b948bdb91d2ad7d89d3fef20b67ab1d6169a141824a36019f09c50a5,2,2,0,Italian,3120,unclassified/mixed,no_explicit_marker,False,False,False,False,False,False,latin_or_other,
df156a13f7c63e304eddfb60af794ae0acf31c37c117ad1dc8f2deb08feaf18d,2,2,0,Italian,4298,encyclopedia/reference,no_explicit_marker,False,False,False,False,False,False,latin_or_other,it.wikipedia.org
df1ca02f4c4d1da84722dcc795eb9d1cb968730f547bc780bc8c0f5820e69d23,2,2,0,Spanish,11129,government/legal/procurement,no_explicit_marker,False,False,False,False,False,False,latin_or_other,
df4d02a8c1b539bbdc9642d79ef033ab216a6da2cd208c86a4030152039c0fd0,2,2,0,Spanish,16005,unclassified/mixed,no_explicit_marker,False,False,False,False,False,False,latin_or_other,
df6c31e61be98953f386c571991c99abce86d41f34d8a25d13c4e380a6b32145,2,2,0,Portuguese,5803,government/legal/procurement,no_explicit_marker,False,False,False,False,False,False,latin_or_other,
dfb4a938e572e3ca33b777ada86c841612d2b56069b5be4436bbb757a1298f5d,2,2,0,Portuguese,10931,scholarly/research,no_explicit_marker,False,False,False,False,False,False,latin_or_other,obt.inpe.br
dfb8d5de831f4287b476d336baf58a8173572ca55c965e2d93d745378e0cc84c,2,2,0,English,6712,scholarly/research,no_explicit_marker,False,False,False,False,False,False,latin_or_other,
dfbaa34b616c3717d95552f51aaf75cae1ff2a2f7de0a42aac2d0cebeaeaae61,2,2,0,Italian,13889,unclassified/mixed,no_explicit_marker,False,False,False,False,False,False,latin_or_other,
dfd2204bce7dc13ae89066093451be2af2842b6aae72ef30d6e7ad735d015fff,2,2,0,Italian,13460,government/legal/procurement,no_explicit_marker,False,False,False,False,False,False,latin_or_other,
dfdf324f501dd1ec6b95182c7222798f6f65ef7f8fc4c6c0e22b280616459e88,2,2,0,Spanish,3228,unclassified/mixed,no_explicit_marker,False,False,False,False,False,False,latin_or_other,
dfe4ebb6df240e272ab399ef2ee59dfe8e8f56766876c77f2213688a292d99fd,2,2,0,English,7025,government/legal/procurement,no_explicit_marker,False,False,False,False,False,True,latin_or_other,
dffc02cb83ec68e58759d122939385d23adbc6083788f055fdd43a10a9e9a1cc,2,2,0,English,8517,news/blog/general web,no_explicit_marker,False,False,False,False,False,False,latin_or_other,
dffd1ee18d8eea493392eb5a7894df5201229929a80fb3ea24b63cf8439ec946,2,2,0,German,3064,unclassified/mixed,no_explicit_marker,False,False,False,False,False,False,latin_or_other,
dfff6c462a81ecc040e5ebca2cd5c807a8f1f8fb1b1d97ce24d43d08d55f2a52,2,2,0,Portuguese,7370,unclassified/mixed,no_explicit_marker,False,False,False,False,False,False,latin_or_other,
e03ee972af277be5775bf95422ab2abe39b264988e6a488a76477a932fe76cb7,2,2,0,French,6452,scholarly/research,no_explicit_marker,False,False,False,False,False,False,latin_or_other,
e048750fe47ba830f481c4339dce46fe96617ba0eee1da2237a46a502a2439cf,2,2,0,Hindi,302,government/legal/procurement,no_explicit_marker,False,False,False,False,False,False,latin_or_other,
e04c6b4d54f81eeb46984a9d8dd73a54015d6c533dfa2b654e59f42f3f3bda54,2,2,0,English,21719,scholarly/research,no_explicit_marker,False,False,False,False,False,False,latin_or_other,
e0b1ba241892c4a2d728ac85cd557aa61646e8d7c500dfd5f37b5ef34fcf8d8e,2,2,0,English,6343,unclassified/mixed,no_explicit_marker,False,False,False,False,False,False,latin_or_other,
e0c0a94d12e263a64252517ccfb329b1b790bf94b24b6a2285d00d1a8cbe38d3,2,2,0,English,4895,unclassified/mixed,no_explicit_marker,False,False,False,False,False,False,latin_or_other,
e0e6afda3d61a7efe006244df1001230e56f11a7c99dc6c27102938acd1c6524,2,2,0,Portuguese,1396,unclassified/mixed,no_explicit_marker,False,False,False,False,False,False,latin_or_other,
e0f15323f29b6f42af310be41a8720b0838f97401a5a315cef76c5ac4d639524,2,2,0,English,3564,government/legal/procurement,no_explicit_marker,False,False,False,False,False,False,latin_or_other,
e12265ef816e3ab10e135ddf0e51f03127d53d3cfc3c0aaddb05d639633fff07,2,2,0,English,4397,unclassified/mixed,no_explicit_marker,False,False,False,False,False,False,latin_or_other,
e12e9dcd005efdabd41210ad991046fb38de52821887f85dbb284f17d3047faa,2,2,0,English,9775,news/blog/general web,no_explicit_marker,False,False,False,False,False,False,latin_or_other,rtionline.gov.in;thehindu.com
e13a45267ae34d3da7e7afbc38580d257d00683c52a567c0fb1c1b75c2076170,2,2,0,Portuguese,4796,scholarly/research,no_explicit_marker,False,False,False,False,False,False,latin_or_other,
e14e13699c4f66d8614ec209e9c2e1daca799e19f43db121397f30d4ed122818,2,2,0,English,4923,unclassified/mixed,no_explicit_marker,False,False,False,False,False,False,latin_or_other,
e1a77feda8e05278aad4a49e2fc9a107c9f2d59bf24503d5911c7b9c42210199,2,2,0,Italian,5804,government/legal/procurement,no_explicit_marker,False,False,False,False,False,False,latin_or_other,
e1ad091bba2c988dfcd3f6ecbe8febca4e9efaf3cf4f68bbf6951070a753fb3d,2,2,0,English,7994,scholarly/research,no_explicit_marker,False,False,False,False,False,True,latin_or_other,
e1b40666cc7c06559e6e517b53d4c0f8a905ba2b77a4e5eb475d9db9edc73c37,2,2,0,English,3998,scholarly/research,no_explicit_marker,False,False,False,False,False,False,latin_or_other,
e1b4fc81af25401b231b39c201b7eeec34ee2313c02e52fd8b571e7a13976a77,2,2,0,Italian,2951,unclassified/mixed,no_explicit_marker,False,False,False,False,False,False,latin_or_other,
e1b881a45996baba68804255d37be8108e121e0319b44d4fd110d292f4990a86,2,2,0,Portuguese,2949,government/legal/procurement,no_explicit_marker,False,False,False,False,False,False,latin_or_other,
e1b8d154d486a172f8105c3314f856e532f4d17196537437a78308b128285424,2,2,0,English,1180,unclassified/mixed,no_explicit_marker,False,False,False,False,False,False,latin_or_other,
e1db22d319b0ec3e7d12f6569976c02aeccaef9f0ee9b10b4bb629e2ec569c8b,2,2,0,Spanish,4288,unclassified/mixed,no_explicit_marker,False,False,False,False,False,False,latin_or_other,
e1e4bd14dc5f589ae2c6fd2b58fae7ba850a1bbe58d6e9690a37032616c56417,2,2,0,Spanish,7269,unclassified/mixed,no_explicit_marker,False,False,False,False,False,False,latin_or_other,
e1f71565484f623b96af04342d7f9d11377f7830da48c750ba7ce1a4e3bd8174,2,2,0,Portuguese,7126,unclassified/mixed,no_explicit_marker,False,False,False,False,False,False,latin_or_other,
e22b6588c7dae12e681b2f63a24662094f0ecd8ac913208ee63875003f17dbcb,2,2,0,French,10522,scholarly/research,explicit_open_licence_marker,False,True,False,False,False,False,latin_or_other,
e25551e8083299deac90783ea261eacbae72e6cd45914697aa2c222a8ebeb797,2,2,0,English,5533,unclassified/mixed,no_explicit_marker,False,False,False,False,False,False,latin_or_other,
e26718e91141809b2ed2d0e731240d17bf2c91b64ef8b25ab531fed9911221b9,2,2,0,Italian,3886,unclassified/mixed,no_explicit_marker,False,False,False,False,False,False,latin_or_other,bancaditalia.it
e2b6ef1c98fb0719041b5ef76c9de1ae9d4263b0fe1d768a6d445e64523f4967,2,2,0,Portuguese,13634,scholarly/research,no_explicit_marker,False,False,False,False,False,False,latin_or_other,
e2bea8f7ebb9fb141af6ec078bb8bd98b5700bc26e34db6e63ba21f5a7680ff3,2,2,0,Portuguese,5264,scholarly/research,no_explicit_marker,False,False,False,False,False,False,latin_or_other,
e2c62edb2718c7c1352b99aa66df5551540e54adefd6b6e9d40ee93c0d51efd9,2,2,0,Spanish,3199,news/blog/general web,no_explicit_marker,False,False,False,False,False,False,latin_or_other,
e2e1c035eb3b774f533754f020a7859e5a7e0fe54915f8267a1c6fbfac823670,2,2,0,English,4266,scholarly/research,no_explicit_marker,False,False,False,False,False,False,latin_or_other,
e302da4a0d9127e200e6ccd2175f87279465a38304a71573c1bc1ae90a31b16b,2,2,0,Spanish,7976,unclassified/mixed,no_explicit_marker,False,False,False,False,False,False,latin_or_other,
e3489a82d4eeff9cfaf273a8c6963d7a896d976c056625a33a68a05f327feb02,2,2,0,Italian,9431,unclassified/mixed,no_explicit_marker,False,False,False,False,False,False,latin_or_other,
e351de28472cacedea2324d4fb191c73d458b1e8dc4d1ec26991f526da776217,2,2,0,Italian,3331,unclassified/mixed,no_explicit_marker,False,False,False,False,False,False,latin_or_other,
e36be3af99c871bd108b551eae6f7af395fec1ff0ec793fa7c8537c9c9c19924,2,2,0,Portuguese,5572,government/legal/procurement,no_explicit_marker,False,False,False,False,False,False,latin_or_other,
e399fd22f4ea6e7fa67bde1f150da82fba7b3dfed459705ffef19de12adcc5ea,2,2,0,Spanish,10302,scholarly/research,no_explicit_marker,False,False,False,False,False,False,latin_or_other,
e3a1d69913f4067bff21b44a8ca8614a50fe172fe08d1d4debf9069ed59a1663,2,2,0,Italian,1943,unclassified/mixed,no_explicit_marker,False,False,False,False,False,False,latin_or_other,
e3a8aa33014712127039550b7200d7760304ffcb4d4915a5f3c22c2bc33e3831,2,2,0,Portuguese,7689,government/legal/procurement,no_explicit_marker,False,False,False,False,False,False,latin_or_other,
e3d414d08318c747e5b15244028b170a6f85bf7b01b7436299e285477ffa93cb,2,2,0,Spanish,14305,unclassified/mixed,no_explicit_marker,False,False,False,False,False,False,latin_or_other,
e3f4e888bae3765229044315748d6570481400ad0b68c907516488ade234de17,2,2,0,Spanish,8651,unclassified/mixed,no_explicit_marker,False,False,False,False,False,False,latin_or_other,
e40b1098d3deaefc00f549d2c5a4f8a15f10e23e3cfa1526a7298e96a118b4b5,2,2,0,Italian,10857,unclassified/mixed,no_explicit_marker,False,False,False,False,False,False,latin_or_other,
e443f8567768e367dc30f038abb0f5d15cd2ebc4997f8aa61bf74fa1032a521a,2,2,0,English,5660,government/legal/procurement,no_explicit_marker,False,False,False,False,False,False,latin_or_other,
e4548969e58262810a6a64884e411abdd0a79f6f1e022f11822c9176dc86e950,2,2,0,French,5574,scholarly/research,no_explicit_marker,False,False,False,False,False,False,latin_or_other,
e4b623cbe589368dfadcb157343523f57ae8f1baf3891873cebef66bfa2d6575,2,2,0,Italian,1962,unclassified/mixed,no_explicit_marker,False,False,False,False,False,False,latin_or_other,
e4b895a8a803aec95d8d7adbe03dcfd5ba31ac8791d3ac96e5e5da2f8d0c0d86,2,2,0,Portuguese,2318,unclassified/mixed,no_explicit_marker,False,False,False,False,False,False,latin_or_other,
e4dcd3b5832d191dcdbb3f77515488361d894bc2e311a3148fabaebfc3190654,2,2,0,English,10438,government/legal/procurement,no_explicit_marker,False,False,False,False,False,False,latin_or_other,
e4de8fc497b6796008a324687fbf752d8433ba781ab3b39c4e3d37adb177146a,2,2,0,Spanish,3218,government/legal/procurement,no_explicit_marker,False,False,False,False,False,False,latin_or_other,
e4e3992093a5c6d9403b95dbcbd73daafe2700d2eb398bf7a8cc036a185c6301,2,2,0,French,2001,scholarly/research,no_explicit_marker,False,False,False,False,False,False,latin_or_other,
e4f1874722a124a98b3bd164e566c2e2b636255d33641548abc1a353780f0dca,2,2,0,English,6516,government/legal/procurement,no_explicit_marker,False,False,False,False,False,True,latin_or_other,deathpenaltyinfo.org
e503b0f2e09b624f4384adab8ad0c6d2b10dace94996e3e3ff805fe9c7e316e2,2,2,0,English,6351,education/course/textbook,no_explicit_marker,False,False,False,False,False,False,latin_or_other,littlehandslearning.co.uk
e50bb19266f7df1f6a84189d88afa01c10a20a22ab3e85f49fe921fea9088450,2,2,0,Portuguese,4165,unclassified/mixed,no_explicit_marker,False,False,False,False,False,False,latin_or_other,
e50c2e907eae1b20cb81c647011aad9d05c22a86517e0d09961258372c9a9511,2,2,0,Spanish,5883,government/legal/procurement,generic_copyright_or_bibliographic_marker,False,False,False,False,True,False,latin_or_other,
e510e42759b1670fc574bd43658bbb830c2b641d70eb5d7a9d954c7308f4b9bc,2,2,0,English,14398,unclassified/mixed,no_explicit_marker,False,False,False,False,False,False,latin_or_other,nasa.gov
e55cbf21645faecb71068275a6c77ea0adf2e2f2caa7a702d6fd729e1ddfb6ee,2,2,0,English,6531,unclassified/mixed,no_explicit_marker,False,False,False,False,False,False,latin_or_other,
e56f31b0ca999f6b5344e7c06b41ea20bb1c36181fa2adb6846bfa1bb6973167,2,2,0,Italian,6599,government/legal/procurement,no_explicit_marker,False,False,False,False,False,False,latin_or_other,
e592cd5af5a33b88f6e679fef5309204034863953564149e89272bf79619f652,2,2,0,Portuguese,3417,unclassified/mixed,no_explicit_marker,False,False,False,False,False,False,latin_or_other,
e5a1bd6b20c5faefefbfc259b9a828becf013fa04f3360e809a7de3f86cd9a0a,2,2,0,English,2101,unclassified/mixed,no_explicit_marker,False,False,False,False,False,False,latin_or_other,t.co
e5ae54bdf750c6a71d55ecf3f18fc01d53948d683c580ea011d587402803e1b6,2,2,0,German,14447,scholarly/research,no_explicit_marker,False,False,False,False,False,False,latin_or_other,null-papier.de
e616af446435708cbef070874c860ab175a6948e13e0f023d484aca02cf150fb,2,2,0,Portuguese,2682,unclassified/mixed,no_explicit_marker,False,False,False,False,False,False,latin_or_other,
e625a8806e3912814d9175fc45452d8941a772f7fc1d4059151e68374e9ed814,2,2,0,French,2850,unclassified/mixed,no_explicit_marker,False,False,False,False,False,False,latin_or_other,
e631e56301026d6cd058ada4b47676fa0ad90941271dc785eb628db979f712d4,2,2,0,English,13556,news/blog/general web,no_explicit_marker,False,False,False,False,False,False,latin_or_other,
e632cf9a496a20761234a9a14b26b0511df2d365728d3267a264a8a9e888d8bb,2,2,0,Italian,2503,unclassified/mixed,no_explicit_marker,False,False,False,False,False,False,latin_or_other,
e6379db73a7d9ea01ca76f17feb40e67c32af9f88a14d0cafe39164149ad60b7,2,2,0,Italian,4657,unclassified/mixed,no_explicit_marker,False,False,False,False,False,False,latin_or_other,
e6508bff20f39c743c2b2461e20e8e60c2dd80037da73fb279d37f8fc7362e44,2,2,0,Spanish,15045,unclassified/mixed,no_explicit_marker,False,False,False,False,False,False,latin_or_other,
e67823cbbacadb6bdf0e2e4bcfdab97ad2429af00d83a4c8d18b0e017f2f6add,2,2,0,English,7710,unclassified/mixed,no_explicit_marker,False,False,False,False,False,False,latin_or_other,
e683dea6a56880430666e468df786f979e15acbf4f2bfedb45eb0f92a91d47e8,2,2,0,Portuguese,8728,government/legal/procurement,no_explicit_marker,False,False,False,False,False,False,latin_or_other,cerebronosso.bio.br;scielo.br
e68d022fbc7d3cf9d8dcea30b908de9ac7502cb705d6c228f87189531f431133,2,2,0,English,1291,unclassified/mixed,no_explicit_marker,False,False,False,False,False,False,latin_or_other,
e69246482b4a06d54da84fd4120e16f6ba794cf485b67eec7a0cadce86e3145f,2,2,0,Spanish,2009,unclassified/mixed,no_explicit_marker,False,False,False,False,False,False,latin_or_other,
e69cf92f00cfc15d5fe654e032aabc646084e677c429d4e3528b5ebd2ebf3920,2,2,0,Italian,13603,government/legal/procurement,no_explicit_marker,False,False,False,False,False,False,latin_or_other,
e6c6cd84ff4d5257e5b89ad39debdc44e383dae77a35d2c2578e67be2ab693c6,2,2,0,Italian,7329,unclassified/mixed,no_explicit_marker,False,False,False,False,False,False,latin_or_other,
e6d9f83b196810d9a88af93a50133f4b895727e91d0f7f28b4842d683ff5696c,2,2,0,English,5448,education/course/textbook,no_explicit_marker,False,False,False,False,False,False,latin_or_other,
e6e1dd40bc4527917fbd8ff203dd6e5921632b9c6782b664e361c7ba1e18e3f8,2,2,0,Portuguese,2401,unclassified/mixed,no_explicit_marker,False,False,False,False,False,False,latin_or_other,
e700283cb1ab0f9e982d129f4aa41b7f6909a9f60f24bfc004320929b4b7aafd,2,2,0,Portuguese,2711,government/legal/procurement,no_explicit_marker,False,False,False,False,False,True,latin_or_other,
e7077cee2daa8f8a0785e87caca882ffbe19a236dff9802c5cc28c4043ca0e08,2,2,0,Spanish,13664,scholarly/research,no_explicit_marker,False,False,False,False,False,False,latin_or_other,atapuerca.tv;sciencedirect.com;www3.interscience.wiley.com
e71a71a07e91e528682ccaa74f9eac1d888bde7ed7d29b66fc3bda5664316609,2,2,0,Portuguese,15926,government/legal/procurement,no_explicit_marker,False,False,False,False,False,True,latin_or_other,
e7356b90f7ba8de5d37668ed81f92fc07da3a3b98cb84d8f4de44a823e16217f,2,2,0,Portuguese,13641,scholarly/research,no_explicit_marker,False,False,False,False,False,True,latin_or_other,
e750814a6dbad033352f17be39adeb7ae52377f3ae6afca818e90d2cb84a18c0,2,2,0,English,5224,books/literary/publisher,no_explicit_marker,False,False,False,False,False,False,latin_or_other,datingmentor.org
e75227c33c4fde11667a88fe35337bad74a21f992ace9701644ec95bab2b5f0d,2,2,0,English,1452,unclassified/mixed,no_explicit_marker,False,False,False,False,False,False,latin_or_other,
e76dd7011ca805feaaf878280c0696d65170676775966de9f5e4a564ea5b5ce1,2,2,0,English,1886,news/blog/general web,no_explicit_marker,False,False,False,False,False,False,latin_or_other,
e76f5f96711a9db4d080910cbec5329db4081662a23921c847a8d1b7326d64d3,2,2,0,Spanish,15119,news/blog/general web,no_explicit_marker,False,False,False,False,False,False,latin_or_other,
e76fcfd5892c8f40196241eb9c8e0c98ef9b3b0eeb226fa205857b248a90b06a,2,2,0,English,4268,scholarly/research,no_explicit_marker,False,False,False,False,False,True,latin_or_other,
e771c3f81c476bcba35b19cfd2c81928a91948373317158cd7cec7b38191bb2b,2,2,0,Spanish,2921,unclassified/mixed,no_explicit_marker,False,False,False,False,False,False,latin_or_other,
e777c18dce96aedc4af454739169819d4973c618629d2688a42a0c4a3050663b,2,2,0,English,11000,unclassified/mixed,no_explicit_marker,False,False,False,False,False,False,latin_or_other,
e77d287b0c3f406c1b97b85bb09c23455b9c260cc68341d5c8d7e0d46b2e97e0,2,2,0,Portuguese,4963,manual/technical documentation,no_explicit_marker,False,False,False,False,False,False,latin_or_other,
e78419e7dfcb74474d683a62c417d0ff3991e25faea63fe832e42acac07adbdf,2,2,0,English,3003,books/literary/publisher,no_explicit_marker,False,False,False,False,False,False,latin_or_other,
e7c1eccc038af27d3eaa215ff18774f7179468203282fa555cdf252ae77f20f1,2,2,0,Spanish,12418,unclassified/mixed,no_explicit_marker,False,False,False,False,False,False,latin_or_other,
e7cb9f39e727da534a93b45fedbd90d830de813fdd600cc6e534a5d004f16c45,2,2,0,Spanish,15716,unclassified/mixed,no_explicit_marker,False,False,False,False,False,False,latin_or_other,aepap.org;celiacosmadrid.org;sepeap.org
e7d657682f490e44a4d743adbad9d8f4bf8760971b26ad540e055e2a6cb9fdbe,2,2,0,English,10503,books/literary/publisher,no_explicit_marker,False,False,False,False,False,True,latin_or_other,
e7f49f69c2ab31e33361d8ccc50f15abca790d5c9a996b0c11623be6466fd6f9,2,2,0,Portuguese,6146,unclassified/mixed,no_explicit_marker,False,False,False,False,False,False,latin_or_other,
e803cd7b2dc0b24b2ce9b5247f8ae60cea5a642e531875022dce3978303541f0,2,2,0,Spanish,3517,unclassified/mixed,no_explicit_marker,False,False,False,False,False,False,latin_or_other,
e81905864b05afd7e9db26aac8f6a4aec0df2151cf8e359ef926ecae3ba72d88,2,2,0,English,2952,unclassified/mixed,no_explicit_marker,False,False,False,False,False,False,latin_or_other,
e81996ed13431d32038ba8aacfb9c599030a6b9870329eb54dc3e2f2a7bc634e,2,2,0,English,6517,scholarly/research,no_explicit_marker,False,False,False,False,False,False,latin_or_other,
e84eb5b12858bb3dbc860956e42772c4d1f87e42e44087c163206af1b0f7800a,2,2,0,Portuguese,6336,government/legal/procurement,no_explicit_marker,False,False,False,False,False,False,latin_or_other,
e87e1df2948dd651d4c2f47e921fd72ae953015aaf63f3f20d7c9e3258e80ebd,2,2,0,Italian,4079,books/literary/publisher,no_explicit_marker,False,False,False,False,False,False,latin_or_other,suonidellaterra.com
e87fe6c5498ef38a59de74593a2661d6ab5ecf65f6a52b6cd7343573c2b40f4b,2,2,0,Portuguese,13294,scholarly/research,explicit_open_licence_marker,False,True,False,False,True,False,latin_or_other,
e89b88ea6b72dac33eb8c0e85b0f97accd8f8de93715f80ae0e2433f2e21abd1,2,2,0,Italian,3767,unclassified/mixed,no_explicit_marker,False,False,False,False,False,False,latin_or_other,
e8b565cebb94ddc95c70dd1b0cc2cdf1b1c3614ba090d96c6e5d91c095735e12,2,2,0,Portuguese,3496,unclassified/mixed,no_explicit_marker,False,False,False,False,False,False,latin_or_other,
e8b68d9347be867aa94afd61d8a4a5e0b2bbdd6812504a2e9aa1739b1f06f21e,2,2,0,French,15040,unclassified/mixed,no_explicit_marker,False,False,False,False,False,False,latin_or_other,
e8c998db5e6017b8d0ffe7f35d5fc69de14b5f7d5df242d6a914a337c05aadae,2,2,0,Spanish,11466,news/blog/general web,no_explicit_marker,False,False,False,False,False,False,latin_or_other,beatrizgonzalezhernandez.es;erroresycontradicciones.es;mariscoschaparrito.com;ponloenmiweb.blogspot.com
e8ce640872863aaaa200cc78ab02059a56800edd006d850fdbb95cbc6923fe3b,2,2,0,English,2259,news/blog/general web,no_explicit_marker,False,False,False,False,False,False,latin_or_other,
e8dd3d593139ab81b4b65dcdc5ca4acb9afab0cc0644e8167d4bd82c987f6143,2,2,0,English,19021,unclassified/mixed,no_explicit_marker,False,False,False,False,False,False,latin_or_other,
e91c2dba7b70798bf759c6d3c7294c58841b7751d6346cc1661216c4affe5252,2,2,0,Hindi,2094,unclassified/mixed,no_explicit_marker,False,False,False,False,False,False,latin_or_other,
e95d6983579906665eb45abf6d9be872780358f9facbf4abb352326a46f46401,2,2,0,Spanish,1901,government/legal/procurement,no_explicit_marker,False,False,False,False,False,False,latin_or_other,
e96d6ce58ebaf4d87691462a0de0057f847c77f32c3808e6fe419741a70c8127,2,2,0,Spanish,3812,unclassified/mixed,no_explicit_marker,False,False,False,False,False,False,latin_or_other,
e978933aba79369fdfa8107d7bc41fc57bc804e69d97b1092c0cd537efdec847,2,2,0,Portuguese,3332,unclassified/mixed,no_explicit_marker,False,False,False,False,False,False,latin_or_other,
e9b2d1dfaac78911a86c87a2fa8d714838ff28a6e30ed66a5fa7298ddc185689,2,2,0,Portuguese,7984,unclassified/mixed,no_explicit_marker,False,False,False,False,False,False,latin_or_other,pedagogiaaopedaletra.com
e9b32e000b0d739209446527116330b866341d66c77ec493cb99955fc016b439,2,2,0,English,5853,scholarly/research,no_explicit_marker,False,False,False,False,False,False,latin_or_other,
e9d44206b1050bb738a72e2db9b0f5c13fab5f18132050eef33a9085ff6c59d5,2,2,0,Portuguese,1073,unclassified/mixed,no_explicit_marker,False,False,False,False,False,False,latin_or_other,
e9ecc8204b90e9a5945ba0031a068ec9fc54d09786b1e734565d9885bcf1bced,2,2,0,French,10422,unclassified/mixed,no_explicit_marker,False,False,False,False,False,False,latin_or_other,
ea04d9433ea7391a9b1f04e80fc9bad487967ab3067e2baa497b416376c040c3,2,2,0,Portuguese,6755,scholarly/research,no_explicit_marker,False,False,False,False,False,False,latin_or_other,cutt.ly
ea09e79b2125f61a49a5c1764655c1022ab73a80901e6d7034e956f8970bd402,2,2,0,Italian,4745,unclassified/mixed,generic_copyright_or_bibliographic_marker,False,False,False,False,True,False,latin_or_other,
ea21ccc32706053a2dae701cc48882aa585e4a2bae91b9405c79cde2f650aa22,2,2,0,Spanish,8366,unclassified/mixed,no_explicit_marker,False,False,False,False,False,False,latin_or_other,
ea36eaf073a5b0f42d250eb7063c76fcea0960bca661998ae715b9ba42c1eb90,2,2,0,French,2162,unclassified/mixed,no_explicit_marker,False,False,False,False,False,False,latin_or_other,
ea4d1abdfd0c8d10ce3f81b5cb4ddb64d4db9fb58ba03adc8bfb5cbdc7a01d23,2,2,0,English,11541,scholarly/research,no_explicit_marker,False,False,False,False,False,True,latin_or_other,
ea59c81db0c7cb7a50006b8536bb2b649e0af1629b090bd6d7f6c49d20b7e1df,2,2,0,French,3664,unclassified/mixed,no_explicit_marker,False,False,False,False,False,False,latin_or_other,
ea6984f3ff31fd7e4961335574dd26a123863a6b973f2ccb928f890106ad6b27,2,2,0,Portuguese,5276,scholarly/research,no_explicit_marker,False,False,False,False,False,False,latin_or_other,
ea87d7d975f0360ccd9ddc203ebb284fcfba04d69b7618a2e061f7836d0378a6,2,2,0,English,5495,news/blog/general web,no_explicit_marker,False,False,False,False,False,False,latin_or_other,
ea97b9fa887b5f591c19f900c9e5a4705e66c52da302b2a0104fff5e89b22bb6,2,2,0,Italian,2253,books/literary/publisher,no_explicit_marker,False,False,False,False,False,False,latin_or_other,
ea9c65380a967a19018fa555561883e5835528676dadf6965649e4cff2f0b2ff,2,2,0,English,1689,unclassified/mixed,no_explicit_marker,False,False,False,False,False,False,latin_or_other,
eaa25b5d32ea5036f4488174e5e65e8bd30e5d81349b403aa770268d475dc76a,2,2,0,English,3349,scholarly/research,no_explicit_marker,False,False,False,False,False,False,latin_or_other,
ead3c70521d33056f1d08f7a513f5386bc9c85173792ba6220ad992149772b1e,2,2,0,Portuguese,9754,government/legal/procurement,no_explicit_marker,False,False,False,False,False,True,latin_or_other,
eaeaa9716aae43e7ae9f432aa749d551a8d20f908c464190f27d7699b479d79d,2,2,0,Italian,7231,manual/technical documentation,no_explicit_marker,False,False,False,False,False,False,latin_or_other,
eb01c6964f2c8062101e73ced8fbc2e0a36cbb4c882ff8984c5fac18084fbd05,2,2,0,English,5894,government/legal/procurement,no_explicit_marker,False,False,False,False,False,False,latin_or_other,
eb2a3fb4b782e7c3ef98e5aaff4f0650fcae42919da10c5cd72c4595b46db731,2,2,0,French,10034,unclassified/mixed,no_explicit_marker,False,False,False,False,False,False,latin_or_other,parkscanada.gc.ca
eb574bd1a14a5daa13aa0d1c4250bb4d659aa9834d5fb3974c88e4d95b1a47af,2,2,0,Italian,13982,manual/technical documentation,no_explicit_marker,False,False,False,False,False,False,latin_or_other,
eb5c322a56106f7b35f94d2818042ca563b88df8041c6913e86c7c0eaab7f2b0,2,2,0,Spanish,4339,unclassified/mixed,no_explicit_marker,False,False,False,False,False,False,latin_or_other,
eb7b243e14df62ccd23ebbac5ac130b5970e84e63493a66d28b5307eaa69d6b3,2,2,0,Portuguese,7425,unclassified/mixed,no_explicit_marker,False,False,False,False,False,False,latin_or_other,
eb7e7f911462048e909ca5f05309bebf117b224d39a8f81d6a126f6dcdda1a4a,2,2,0,Portuguese,3395,unclassified/mixed,no_explicit_marker,False,False,False,False,False,False,latin_or_other,
eb94702067804297d14d21c74cb087193d0e10bc9357518466663313d3c97b17,2,2,0,Spanish,15355,government/legal/procurement,no_explicit_marker,False,False,False,False,False,False,latin_or_other,
eba404eda0fcbaa74ba199471122077fec488ea9e2091091de87dd42ac05abbb,2,2,0,Portuguese,4166,news/blog/general web,no_explicit_marker,False,False,False,False,False,False,latin_or_other,
ebb9f20fa58dbf051e05ee044bf84d8b80b5e0558624fce5065300d89fad950f,2,2,0,Hindi,3794,unclassified/mixed,no_explicit_marker,False,False,False,False,False,False,latin_or_other,
ebd992f31158e47aba67ef1cb7fb3449e5dfff4b4e47d7362d833114f5506bf2,2,2,0,English,2725,unclassified/mixed,no_explicit_marker,False,False,False,False,False,False,latin_or_other,
ec111880413647fed8244e443a4808cedbde2ab3d2552972de950906e4aa384f,2,2,0,English,6143,news/blog/general web,no_explicit_marker,False,False,False,False,False,False,latin_or_other,iberiamedicalcenter.com
ec42a1f2a0763716c1d50fd94e01c28d614b2d1d3cc8ea2fdf5c49f48e32c4ca,2,2,0,English,23395,scholarly/research,no_explicit_marker,False,False,False,False,False,False,latin_or_other,
ec52f78521531cee28425830609dd316988a98a737565d822b8a771a66f06f95,2,2,0,English,2468,unclassified/mixed,no_explicit_marker,False,False,False,False,False,False,latin_or_other,
ec545f2bdd8d354cbe584cf2617d127ff5f72760e618e28557c133afe1680f50,2,2,0,Italian,7171,news/blog/general web,no_explicit_marker,False,False,False,False,False,False,latin_or_other,
ec5f8ed2ab45044c028dd08f07e38ec449c3089c680da2604b2cef1148dffd3d,2,2,0,English,2703,scholarly/research,no_explicit_marker,False,False,False,False,False,False,latin_or_other,
ec9f8e2d71a9a7c7155ec2045d580a59973cbe97449d9060f217fc1201a9d3ac,2,2,0,English,2484,unclassified/mixed,no_explicit_marker,False,False,False,False,False,False,latin_or_other,
eca776396e39e7ec9de515813d06bf52061080ec25f9973bd09379bfd7db9a56,2,2,0,English,3450,scholarly/research,no_explicit_marker,False,False,False,False,False,False,latin_or_other,
eca7dbcb5926319633ec55458d629bbdf68c6a4ec1252e55d6a07fc6a27fdcdb,2,2,0,English,3852,manual/technical documentation,no_explicit_marker,False,False,False,False,False,False,latin_or_other,
ecb04f835897844de3013550e682a201c6e3749f3e419ed9d09f93c03d12afed,2,2,0,Italian,3038,unclassified/mixed,no_explicit_marker,False,False,False,False,False,False,latin_or_other,
eccdebccb9207371b1bdd6eb9515343486f27de1d5428450af7c57eb895978ff,2,2,0,English,1156,books/literary/publisher,no_explicit_marker,False,False,False,False,False,True,latin_or_other,
ecd0b0bd932cdd83e2d533e75175a81f6593206d29d6bf29f574fba3b50e9178,2,2,0,Spanish,3889,scholarly/research,no_explicit_marker,False,False,False,False,False,False,latin_or_other,
ed1813e825154fdb80829fca5d7b94c4ed45efe12fb371a5f272cb66c2f556e6,2,2,0,English,14521,scholarly/research,no_explicit_marker,False,False,False,False,False,False,latin_or_other,
ed363bbe5d44f5e52c21972afb5a43512d63f101bc90ade68c20ceb6bfb60888,2,2,0,Portuguese,10682,scholarly/research,generic_copyright_or_bibliographic_marker,False,False,False,False,True,False,latin_or_other,
ed7a3eac1078ad0f314af99cb122b31315512c207fa532bd9f7383ddfcae3f3e,2,2,0,English,4089,government/legal/procurement,no_explicit_marker,False,False,False,False,False,False,latin_or_other,
ed7cb0637df1612146aacf9eca4e18ad9cb816a3d8d3968fe3a6823a2c8388a5,2,2,0,Spanish,1796,news/blog/general web,no_explicit_marker,False,False,False,False,False,False,latin_or_other,citas-latinas.blogspot.com
ed9a0d1dd9184086f3a3e00b96e6afd9cb231d5acbd0ff2c2afa5e0e040ec3b8,2,2,0,English,2739,unclassified/mixed,no_explicit_marker,False,False,False,False,False,False,latin_or_other,
eda069492e2afa0f521afac56fb5baa01266e80fb2cd326a6f11d96b5a5d95bb,2,2,0,English,7675,news/blog/general web,no_explicit_marker,False,False,False,False,False,False,latin_or_other,
eda5f20838ac68c652d76a52797ca51b37691aa44b0681fe0fd102f829eeef6c,2,2,0,Spanish,4702,unclassified/mixed,no_explicit_marker,False,False,False,False,False,False,latin_or_other,
edc3057646d5d24d2ab84763f7fd4dfd351957b7fb0bf9d581729a7cb11ca1c8,2,2,0,Spanish,8120,unclassified/mixed,no_explicit_marker,False,False,False,False,False,False,latin_or_other,
edc410044499e9e75d685d73e1d9ec3f9582956c203420284bbd4fafbf2ed2c9,2,2,0,Portuguese,14713,scholarly/research,explicit_open_licence_marker,False,True,False,False,False,False,latin_or_other,
edc601f4551a39fc2d1b3e5e2e2de0fd55c73fe7ac064940b7dda3f7559ece4d,2,2,0,Italian,13907,encyclopedia/reference,no_explicit_marker,False,False,False,False,False,False,latin_or_other,
edd50d91dd4756347de61b8471f5a8a980898c23157843472387a75f3664ddcf,2,2,0,French,2276,government/legal/procurement,no_explicit_marker,False,False,False,False,False,False,latin_or_other,
edeea307920745e65e87117da9106d32494a468fe8cefe1c83843a82149f74bd,2,2,0,English,2078,unclassified/mixed,no_explicit_marker,False,False,False,False,False,False,latin_or_other,
edf0db988d08e8635480255da4a5cf29962a1ca73c113ae36f1f25853540a8ff,2,2,0,Portuguese,1893,unclassified/mixed,no_explicit_marker,False,False,False,False,False,False,latin_or_other,
edf7f5fee682a73c17e1848e546f34cf503df4f0d1c63605e954b063e762a03a,2,2,0,English,1401,unclassified/mixed,no_explicit_marker,False,False,False,False,False,False,latin_or_other,
ee06c84cd87d8fb8fc32377d41d6704f0c6249a9e03f6cceef89776f9842dea6,2,2,0,English,4036,encyclopedia/reference,no_explicit_marker,False,False,False,False,False,False,latin_or_other,iep.utm.edu;legalservicesindia.com
ee080ca9117b464ab290b731eb22d5af2db28b91b000f83673fa8025d02c7f11,2,2,0,Spanish,10537,unclassified/mixed,no_explicit_marker,False,False,False,False,False,False,latin_or_other,
ee38cd157c5982083241e2a14954a9a6397a120e668a325d0729bffd4e94d6f5,2,2,0,Spanish,14885,government/legal/procurement,no_explicit_marker,False,False,False,False,False,False,latin_or_other,
ee3c7973cd1aa74f5dcb9f182081d05417dacc5040e00a60ec53009092471cd3,2,2,0,Portuguese,14457,scholarly/research,no_explicit_marker,False,False,False,False,False,False,latin_or_other,
ee5b8b03d79a8e97d4ba5b899940018376b1f6019a89dcfa1eeeba9c3fbe9cbf,2,2,0,Italian,1709,news/blog/general web,no_explicit_marker,False,False,False,False,False,False,latin_or_other,cbsnews.com;center4research.org;consumer.ftc.gov;people.roma2.infn.it;techwellness.com;tecnologici.net
ee7043d98880bbdb1bff9a733eb654164cde73ec236377e880e9e9e49344d856,2,2,0,Portuguese,10988,government/legal/procurement,generic_copyright_or_bibliographic_marker,False,False,False,False,True,True,latin_or_other,
ee7e6713990307a134a12cbfec0c22e043fee3cd6ae87d48cc6e25aab0d9a15d,2,2,0,English,1251,unclassified/mixed,no_explicit_marker,False,False,False,False,False,False,latin_or_other,
eea7cbf9d72eb4d1180bd39d77cf6982b95642e476e22f7a6a99747e1a3004af,2,2,0,English,3084,unclassified/mixed,no_explicit_marker,False,False,False,False,False,False,latin_or_other,
eec07c6690780626d1346cdafb4e09091cbd5c6b15712f493f7cd6cd32d4d71f,2,2,0,English,2441,news/blog/general web,no_explicit_marker,False,False,False,False,False,False,latin_or_other,
eec8cacf14d0c9a7a5c2a306465113110fb796f5fd9a740bfb14c713a7c88f46,2,2,0,Portuguese,6316,news/blog/general web,no_explicit_marker,False,False,False,False,False,False,latin_or_other,
ef205962a59ac8794ee0a9bb1d6ee4609bdf70c36a29aa7e5e96fb809d300055,2,2,0,Portuguese,5582,news/blog/general web,no_explicit_marker,False,False,False,False,False,False,latin_or_other,
ef3a1cfb5b50c4b786622d44a8fa68c5e62d13caabed2221e62701be7b93f9e3,2,2,0,Portuguese,2162,unclassified/mixed,no_explicit_marker,False,False,False,False,False,False,latin_or_other,
ef423f1090615e825b292838c16647cbcb808f714968b0ad1892b922d339bb18,2,2,0,Spanish,8919,government/legal/procurement,no_explicit_marker,False,False,False,False,False,False,latin_or_other,
ef45feb6d259fda790abd939324d8a8a58230c7bdc3799aa720a72d2874488d8,2,2,0,German,2082,unclassified/mixed,no_explicit_marker,False,False,False,False,False,False,latin_or_other,
ef5c33450f16a8fed61c3376e13cf8ad130c4f21992d52862bf77b03b78fa07e,2,2,0,Portuguese,8249,scholarly/research,no_explicit_marker,False,False,False,False,False,False,latin_or_other,
ef602012ccbc7458ad99255ec766f76d9bfa95c94aceca86771835a68484ca8f,2,2,0,English,4781,unclassified/mixed,no_explicit_marker,False,False,False,False,False,False,latin_or_other,
efa94b6e3cc26119d712a8c7af99cf1e1e2ce38bbe02b9775adb691e4b488719,2,2,0,Italian,4283,unclassified/mixed,no_explicit_marker,False,False,False,False,False,False,latin_or_other,
efea1423201e65fd6155f087d2d3e1f988ad5c1366a00ffe82c036ce1314f571,2,2,0,Italian,4928,unclassified/mixed,no_explicit_marker,False,False,False,False,False,False,latin_or_other,aerospacecue.it
efed8bffe608ee0a3b4e08f4da13da1f349712797475a91cf6f60a4937e4d7ab,2,2,0,English,5920,scholarly/research,no_explicit_marker,False,False,False,False,False,False,latin_or_other,
eff53ae3b959085762508c98bf05d5211c79b1c740ad54808a90f6aa8b070148,2,2,0,Portuguese,2759,scholarly/research,no_explicit_marker,False,False,False,False,False,False,latin_or_other,
effc3d97b3b68836601d0d094595901fb1a5ffce7299e8b238194c7c71edd78d,2,2,0,Spanish,4526,unclassified/mixed,generic_copyright_or_bibliographic_marker,False,False,False,False,True,False,latin_or_other,
f01486ff1ac3340ebfbf9de4082aab777b08fc259ddcce0b65eba08b87314a64,2,2,0,Portuguese,4673,scholarly/research,no_explicit_marker,False,False,False,False,False,False,latin_or_other,
f0269612fc8e086d46bd6eaacf925641fdd43febc57a5645740b7555413bf6f2,2,2,0,Italian,5108,unclassified/mixed,no_explicit_marker,False,False,False,False,False,False,latin_or_other,
f0499860f078475be60de96a61f6b7cb2967ec87412f02e046f3ff5853817b2f,2,2,0,Spanish,4910,unclassified/mixed,no_explicit_marker,False,False,False,False,False,False,latin_or_other,
f0631b1d644991916ffe5d36c74fce761dad891bfce6e0fb3da540b261501015,2,2,0,French,617,encyclopedia/reference,no_explicit_marker,False,False,False,False,False,False,latin_or_other,
f068b403e9c9057405927552c2a39b9f310157e5f38db1228b9e6cc57a7149b4,2,2,0,French,2530,unclassified/mixed,no_explicit_marker,False,False,False,False,False,False,latin_or_other,
f09a4fb865b7b9ffb1db863ff7c84741e35729fdff433fb22074a0fefa139306,2,2,0,Spanish,4150,scholarly/research,no_explicit_marker,False,False,False,False,False,True,latin_or_other,
f0b6468f9221ae3b1e43ca1c2120dd2ec3415a591f016517293502d64a8fab19,2,2,0,English,2737,unclassified/mixed,no_explicit_marker,False,False,False,False,False,False,latin_or_other,
f0c9e901d1becc82fe7869dd8ce4674ba2b25f196a0e85a7b0e93dbc8fe1f0de,2,2,0,Spanish,5271,scholarly/research,no_explicit_marker,False,False,False,False,False,False,latin_or_other,
f0cfb81955db6a8b1f34b9b6ebb440247eee90356362e9af95e817dda461b65a,2,2,0,Hindi,4453,unclassified/mixed,no_explicit_marker,False,False,False,False,False,False,latin_or_other,
f14b2fe9422a55d4300512406f5d9ad049b9044034c879c1f81bb1e8fa5c2aad,2,2,0,French,2159,scholarly/research,no_explicit_marker,False,False,False,False,False,False,latin_or_other,
f1580f99ef8f296a1affd5521d0f296d1df04f26590b1cfdfe83e2d79e1f52ee,2,2,0,Spanish,6739,unclassified/mixed,no_explicit_marker,False,False,False,False,False,False,latin_or_other,
f164f85b60dd305d2fabca953849d84d08c41fe644f92d9b1c7353fa29b6a6c2,2,2,0,English,3705,unclassified/mixed,no_explicit_marker,False,False,False,False,False,False,latin_or_other,
f17b565c9acc01879f77a75a3126aa50b08c0eeaaa0e88b8491097ce339fb8e8,2,2,0,Portuguese,3759,scholarly/research,no_explicit_marker,False,False,False,False,False,False,latin_or_other,
f183a037460d8896fb7c027a245807c1eb6a1dee4bdd51ff1db19d96a27f97a8,2,2,0,French,7817,unclassified/mixed,no_explicit_marker,False,False,False,False,False,False,latin_or_other,
f195f30faaacee2867f52ea69e2ccfb58f2465089036d807f3778599d2a19235,2,2,0,Portuguese,915,unclassified/mixed,no_explicit_marker,False,False,False,False,False,False,latin_or_other,
f1a4c0ae50090c073bec21c38cef3617ee6cc9b075267464338d93240cc92bb5,2,2,0,English,13996,unclassified/mixed,no_explicit_marker,False,False,False,False,False,False,latin_or_other,
f1d386a79b8b69a8cd6942b23cfd497aa1cee4e889b48bef2c36fa2642715239,2,2,0,French,11777,scholarly/research,generic_copyright_or_bibliographic_marker,False,False,False,False,True,False,latin_or_other,
f1ff3d6e60b6214fae1bfae214e1c0c46aaa79c8aae3b8f8744bae174035ff05,2,2,0,Spanish,4344,unclassified/mixed,no_explicit_marker,False,False,False,False,False,False,latin_or_other,
f21dfdfa765e7d0cb4383895ed959e6df31f4d424f175c4f7889ce24930816a8,2,2,0,Portuguese,5383,unclassified/mixed,no_explicit_marker,False,False,False,False,False,False,latin_or_other,
f260c59f4e561c5988b955b1dfbaf8d93abef99bb74d9061d8141036dc00f3c6,2,2,0,English,1504,unclassified/mixed,no_explicit_marker,False,False,False,False,False,False,latin_or_other,
f26c39c9dd707fa99fafabb4fbfc68f9f81ddd21e7de4eb14f2fa3ffde9be0de,2,2,0,French,5934,unclassified/mixed,no_explicit_marker,False,False,False,False,False,False,latin_or_other,
f27e57e14eb62d69c645bc4ff04db8a13563fdcd87cddcbdd078230efa301aeb,2,2,0,French,1245,unclassified/mixed,no_explicit_marker,False,False,False,False,False,False,latin_or_other,
f29df3fa2e818dae6111da6a111694d6d3c7720199ae4157f20aa2948e2736a7,2,2,0,English,2706,corporate/financial/ESG,no_explicit_marker,False,False,False,False,False,False,latin_or_other,
f2b086a05be367135a671a4bb3a62912013969efa69a08954ca66a1f1c7d61bc,2,2,0,English,6526,books/literary/publisher,no_explicit_marker,False,False,False,False,False,False,latin_or_other,
f2ccd231015547964e222b44a8482caf3286e99f85146cf6a5b1eb13babfb970,2,2,0,English,3011,unclassified/mixed,no_explicit_marker,False,False,False,False,False,False,latin_or_other,
f2fd25e7c6758548d822b7a6737107b99aa14baa5af22e038d1bafd7a609ba9f,2,2,0,Portuguese,1822,news/blog/general web,no_explicit_marker,False,False,False,False,False,False,latin_or_other,
f30ca2d4f865577cc77e7e179d922a5a48a7b472d0ed96cd9fc46fe8563a3599,2,2,0,English,3829,education/course/textbook,generic_copyright_or_bibliographic_marker,False,False,False,False,True,False,latin_or_other,
f30e1e8dbdbb7da8badbb478684ed9e7ca986a1cd9349b2e9fd89290d450704c,2,2,0,English,9038,corporate/financial/ESG,no_explicit_marker,False,False,False,False,False,False,latin_or_other,
f31de20c830b4d68007550b27164ccb479dfdd9b589b20dd35c7a406fd3e79a7,2,2,0,Italian,5812,unclassified/mixed,no_explicit_marker,False,False,False,False,False,False,latin_or_other,
f327a222af2cf55ff2988355eba12d65bd79b52bc2dbeba2cb1b7969683d1b1b,2,2,0,English,7271,government/legal/procurement,no_explicit_marker,False,False,False,False,False,False,latin_or_other,
f329552a4019ae5c231a67522e0a803ce7d85b384ec147627a78fa9856522580,2,2,0,Italian,1580,unclassified/mixed,no_explicit_marker,False,False,False,False,False,False,latin_or_other,
f342e055066ab6cffadf925fdb8cb9744ee803ddb6e0eda416b81e1a5a2d28ad,2,2,0,English,2752,unclassified/mixed,no_explicit_marker,False,False,False,False,False,False,latin_or_other,
f363016a6493e172fec5c3eebdcae6f8541dc634f493609a2563e0ce20d394a0,2,2,0,French,3602,scholarly/research,no_explicit_marker,False,False,False,False,False,False,latin_or_other,
f3714d6163820ec60dd64c4bf28a78d69bb765113451fafe15b7fe2ed1e37c9a,2,2,0,English,3097,encyclopedia/reference,no_explicit_marker,False,False,False,False,False,False,latin_or_other,
f39842925f753ae24f81686ac66aa20743c26eac70cc608041e74c21280931a6,2,2,0,Portuguese,4924,unclassified/mixed,no_explicit_marker,False,False,False,False,False,False,latin_or_other,
f399ede09cd44a9e1ec7f7511ed01033c999247fd12aa77823be7aa4a53730c8,2,2,0,English,3096,scholarly/research,no_explicit_marker,False,False,False,False,False,False,latin_or_other,
f3aa32c8aa1d0d64954605cb01f826ec52cb329715223d59a288110dbb2ff60c,2,2,0,Spanish,8988,unclassified/mixed,no_explicit_marker,False,False,False,False,False,False,latin_or_other,
f3b7144426136af5a6b62320bfba592c347a2401864beddba487946a3e53069c,2,2,0,Spanish,13864,unclassified/mixed,no_explicit_marker,False,False,False,False,False,False,latin_or_other,
f3bb095b364f60a0f89136d7d5e7a871ada4d4d599d7f653b99b9b703f9cea6f,2,2,0,Portuguese,12596,scholarly/research,no_explicit_marker,False,False,False,False,False,False,latin_or_other,
f3c5436d60b032443f05f257916b3cd5e8f044d32a4a8c37b6392c21e829c30d,2,2,0,Portuguese,2460,scholarly/research,no_explicit_marker,False,False,False,False,False,False,latin_or_other,
f3d4bba07f7f6c87e34e5be49e99d9205c51e24852f3384e60bec5840492c51e,2,2,0,Italian,7092,unclassified/mixed,no_explicit_marker,False,False,False,False,False,False,latin_or_other,
f3dfd23ade0c6c4db008ffba95be867cb52dd19b0133b8e7726e1969ad2daf5f,2,2,0,Spanish,31,unclassified/mixed,no_explicit_marker,False,False,False,False,False,False,latin_or_other,
f3f8566518c61cfb5280a0efad4160f185cafadde74b550887529b5c004bda26,2,2,0,English,15768,scholarly/research,no_explicit_marker,False,False,False,False,False,False,latin_or_other,
f3fcc78faf321834e791bbdbb9dee81b5e36436e94a2bbaf94f2fb883c9b5ee7,2,2,0,French,5669,government/legal/procurement,no_explicit_marker,False,False,False,False,False,True,latin_or_other,
f42a7737a362497fad015231e4ae2d12a6b63c38c764cba8e73d7ebc224e7d6e,2,2,0,Italian,1474,unclassified/mixed,no_explicit_marker,False,False,False,False,False,False,latin_or_other,
f461debfc07824598d149e9b569748809abf1800f676578ec75f5f42b48adf7f,2,2,0,English,5785,unclassified/mixed,no_explicit_marker,False,False,False,False,False,False,latin_or_other,
f46d53484a7c7799e2f1052c2fe24749959bd57488009d7fd4616ecb1bb5d2ea,2,2,0,Portuguese,6152,scholarly/research,no_explicit_marker,False,False,False,False,False,False,latin_or_other,
f48eeb911915db1fd7f14d267e3a9f9de5adc49c7bf2491aa62e248d8c17ed9b,2,2,0,French,1658,unclassified/mixed,no_explicit_marker,False,False,False,False,False,False,latin_or_other,
f49682cbbc29d98e5632a46b5a978e5c1205eeb814de7e815dcd4a92ba31ad9e,2,2,0,Italian,986,unclassified/mixed,no_explicit_marker,False,False,False,False,False,False,latin_or_other,
f4a24156addbae682a57069e7191c8aa906e467462c9d1961b8dd413a3aaa5ae,2,2,0,English,3156,unclassified/mixed,no_explicit_marker,False,False,False,False,False,False,latin_or_other,
f4f20fd3de2bbd9b1f7262ef6e9262bf42a2077a7b8e41159c7befc873ada99c,2,2,0,Italian,5540,unclassified/mixed,no_explicit_marker,False,False,False,False,False,False,latin_or_other,
f521ecabf4c196277b5a71ef4283f7c593e1b41e4591daea3c9781cb4d999cd6,2,2,0,French,3404,unclassified/mixed,no_explicit_marker,False,False,False,False,False,False,latin_or_other,
f54f8e4348ed81c36011a9568611c21410c3cc4a9bb862d8cab11d0372a4e5e7,2,2,0,English,4210,unclassified/mixed,no_explicit_marker,False,False,False,False,False,False,latin_or_other,
f56c9b4eee9bdb241786ad075f94c955718537363aeaf9402fc69052a9780c38,2,2,0,German,3871,unclassified/mixed,no_explicit_marker,False,False,False,False,False,False,latin_or_other,bund.net;wildkatze.info
f59a4cb1fceeab3d173568444135a255515e081be0e807ac71f2402ae1cf3d62,2,2,0,Portuguese,1297,unclassified/mixed,no_explicit_marker,False,False,False,False,False,False,latin_or_other,
f5ae0f0b8ea0726c6f7b7a2e3925dbc34cb2f9d6dfe12bcb10f1c6839b394dfd,2,2,0,German,3794,unclassified/mixed,generic_copyright_or_bibliographic_marker,False,False,False,False,True,False,latin_or_other,
f5c747ff6422157d10969a359172f883726935ddc9a6f862b2c116ed2b0be76e,2,2,0,German,14629,unclassified/mixed,no_explicit_marker,False,False,False,False,False,False,latin_or_other,
f5e7a26f108537d353e350935e9b4e073c168f1f7888bc8d768f9abf09dc645e,2,2,0,French,3020,unclassified/mixed,no_explicit_marker,False,False,False,False,False,False,latin_or_other,
f5e7f90ee2f4c514767edc17442e33b1b0f02005174f090f5f811b11344a3a35,2,2,0,French,3178,news/blog/general web,no_explicit_marker,False,False,False,False,False,False,latin_or_other,
f5ff8e90db6d9cf56f4f8f69890db2afdf91072bbd70878a4852e9eafb3c9a31,2,2,0,French,3804,scholarly/research,no_explicit_marker,False,False,False,False,False,False,latin_or_other,
f610304710cffc16d0f02c2c6bb447ba7fa31408424b829ab9cf48dea71515b4,2,2,0,English,2038,unclassified/mixed,no_explicit_marker,False,False,False,False,False,False,latin_or_other,
f612e67f7912d59cb935519ffc6bfdba118d727746752e9fe11c94133ea627c6,2,2,0,English,8795,unclassified/mixed,no_explicit_marker,False,False,False,False,False,False,latin_or_other,
f61ad1a97d60cbba5ca44d8aae5384407c7786772f6ab12e9672022108250cd0,2,2,0,English,6939,government/legal/procurement,no_explicit_marker,False,False,False,False,False,True,latin_or_other,pym.org
f63ca24b2a9386a0f0f4bb6ac25b60a3687914ed818a8e8b039110d240b5586d,2,2,0,Spanish,3092,government/legal/procurement,no_explicit_marker,False,False,False,False,False,False,latin_or_other,
f6639fc949c65d4109ae4e4b282600aff3ce3117be01a35a3f28fda6f8dcf55d,2,2,0,English,4803,government/legal/procurement,no_explicit_marker,False,False,False,False,False,False,latin_or_other,
f66c42d4dbddacb936a975d73e19b09e6b4a81f6e7a03c85e42cd9e789a0026f,2,2,0,Italian,7357,scholarly/research,no_explicit_marker,False,False,False,False,False,False,latin_or_other,
f66c9a7145a23b8c6ba17b7e5e12e1be3f2b034d99ad576a970c5afa436804b8,2,2,0,Italian,8093,unclassified/mixed,no_explicit_marker,False,False,False,False,False,False,latin_or_other,
f69389cc7ce152abf239628f3709f492498c053c04496b9fcc9e1455130e7a49,2,2,0,Italian,13409,news/blog/general web,no_explicit_marker,False,False,False,False,False,False,latin_or_other,
f69750a065162f0c797cac057f884348e69778955e9ee6db40d4788c1dfd2b03,2,2,0,English,3312,unclassified/mixed,no_explicit_marker,False,False,False,False,False,False,latin_or_other,
f6a13ce2d28e33f4aabc86e7dfa401fdfe1c780dc65f6766d3b1f61cf3e2b5c6,2,2,0,English,6098,scholarly/research,no_explicit_marker,False,False,False,False,False,False,latin_or_other,
f6a69d2fb220672eaeab33a15af89d8173f669183e09fb9ec5b87fdd7f0e4f0d,2,2,0,Spanish,4082,unclassified/mixed,no_explicit_marker,False,False,False,False,False,False,latin_or_other,
f6a97e26201dd0033993b62cac2de66c0e14fcd5b7976874a39b9ef5858ec56f,2,2,0,Portuguese,2757,unclassified/mixed,no_explicit_marker,False,False,False,False,False,False,latin_or_other,
f6d04444ac230b22443c139a4a6ffa4b53bdfd6a4fbfe2c23a0fe0780f4dc403,2,2,0,Italian,6629,unclassified/mixed,no_explicit_marker,False,False,False,False,False,False,latin_or_other,
f6dfd5ea998eb0546014ad09cdc48e8dfc477b61916ba69ad51e8bcc6c843f65,2,2,0,Portuguese,5859,unclassified/mixed,no_explicit_marker,False,False,False,False,False,False,latin_or_other,
f6f63d5014b10c9bc8ce36725f0e3acbb217946b9d28cfa6670a7947f767aa51,2,2,0,English,7039,government/legal/procurement,no_explicit_marker,False,False,False,False,False,False,latin_or_other,
f6fbb28f826b83470adb15bd91a5f665fa6029d25b537b82000b317877a46d81,2,2,0,English,5239,unclassified/mixed,no_explicit_marker,False,False,False,False,False,False,latin_or_other,forestsociety.org
f75348e823f0360c089bc0493d1c431e0b68555e391a694358a467efc21dfcf9,2,2,0,English,6345,scholarly/research,no_explicit_marker,False,False,False,False,False,False,latin_or_other,
f76c31fff74cf48a213d07451ee07328f058b61cd0cd4b9d63d643fb957e0642,2,2,0,Spanish,6311,unclassified/mixed,no_explicit_marker,False,False,False,False,False,False,latin_or_other,
f7a4d03b80ded4f5bba7cc9b2911a7d039ab2f92fc71ecdafc14aee64db265c6,2,2,0,Portuguese,3471,unclassified/mixed,no_explicit_marker,False,False,False,False,False,False,latin_or_other,
f7a7ec010fd525003f8ad3ea9d055ce9ebfb3d68ac7df86db0c8010c073395e5,2,2,0,Spanish,7461,unclassified/mixed,no_explicit_marker,False,False,False,False,False,False,latin_or_other,
f7e02acf7cf099070e967c35089fcd6831bf29223cdf9a37039184200d0712e6,2,2,0,Hindi,595,unclassified/mixed,no_explicit_marker,False,False,False,False,False,False,latin_or_other,
f7ed409ed4ef60a5d18ed764569f187445805d99a78b3edf24d2f9eca758ca36,2,2,0,Portuguese,9744,government/legal/procurement,no_explicit_marker,False,False,False,False,False,True,latin_or_other,
f8245b59f00724e99defdd5c8201f9cb0fee78674bb20f4c88fb0479df4d803b,2,2,0,English,5112,unclassified/mixed,no_explicit_marker,False,False,False,False,False,False,latin_or_other,
f846c5fcad03f2c40fde37f27fe636e8379be503be38202133525166020956e3,2,2,0,French,2803,unclassified/mixed,generic_copyright_or_bibliographic_marker,False,False,False,False,True,False,latin_or_other,
f8525035ea361b59f51dd8062e8ff8d550a3a392cea5163f586d0aab99599011,2,2,0,Portuguese,3127,unclassified/mixed,no_explicit_marker,False,False,False,False,False,False,latin_or_other,
f857460b0c122f86320f4b960767e97d5db01d29027214756021c4fdcffe8b98,2,2,0,Italian,13302,unclassified/mixed,no_explicit_marker,False,False,False,False,False,False,latin_or_other,
f85e8eb3cf972041386ccd2b77f859bdf9490b27cb84bd32370b39e2909f2a0b,2,2,0,English,22161,government/legal/procurement,no_explicit_marker,False,False,False,False,False,False,latin_or_other,
f86d075a5448fc0b6c179a14b69fb70a0a69585ad631a76c100f43e6b923e4d3,2,2,0,English,11838,government/legal/procurement,no_explicit_marker,False,False,False,False,False,False,latin_or_other,
f8d1c916b36fd5e22fade4dbf1380baac8e02b4f71a19b30d7bc85b4256cc5d6,2,2,0,Italian,4696,manual/technical documentation,no_explicit_marker,False,False,False,False,False,False,latin_or_other,
f8eba8ba4c74c4773386784a167e648042cd5aa9e50825c4b755372899ac6b8e,2,2,0,Italian,2793,unclassified/mixed,no_explicit_marker,False,False,False,False,False,False,latin_or_other,
f8f6ac0475c86ab035e26f27528a2bbdb441614b8196ede0d958548afcdce843,2,2,0,Portuguese,13924,scholarly/research,no_explicit_marker,False,False,False,False,False,False,latin_or_other,
f8f8516588b48dafceec0317d2b37c5b1c5d670906f8f678aaa4d745b9156f73,2,2,0,Spanish,5760,encyclopedia/reference,no_explicit_marker,False,False,False,False,False,False,latin_or_other,traslamascara.com
f9019029eeffbf2b33992707b318527de4d66c6e00423708cb8b780c9d2eb602,2,2,0,Portuguese,6812,unclassified/mixed,no_explicit_marker,False,False,False,False,False,False,latin_or_other,
f91922020c5a16c96588823d51c783e45a138501ca73b75b70000b8c18ed0782,2,2,0,Portuguese,3462,unclassified/mixed,no_explicit_marker,False,False,False,False,False,False,latin_or_other,
f95af2541982f357d2a6ea3734797ec68431d264406848a3a8e8ec755fca190d,2,2,0,Italian,6026,unclassified/mixed,no_explicit_marker,False,False,False,False,False,False,latin_or_other,
f961ce7b82bf35678c6fe402321154952d5c84f1c6fc738cf758a02c51d8f813,2,2,0,English,4114,unclassified/mixed,no_explicit_marker,False,False,False,False,False,False,latin_or_other,
f96b10dd2043e666f182f5b64602decd9b77b7a76b0d63d9240f193685add940,2,2,0,Portuguese,2406,news/blog/general web,no_explicit_marker,False,False,False,False,False,False,latin_or_other,
f96d53f12ad213eab76ddb728fd7a3ba801668d8d5efebfa54b98924d2e66c2f,2,2,0,English,11465,unclassified/mixed,no_explicit_marker,False,False,False,False,False,False,latin_or_other,
f971e02017a85c0ab65d0bee26b861b75fead334c6f36a5eb01215a16f359a37,2,2,0,Spanish,4710,government/legal/procurement,no_explicit_marker,False,False,False,False,False,False,latin_or_other,
f9ba2c328a986435d968ecb36102810d6a95d86c58e5406c244b4c0c6f8af42d,2,2,0,Portuguese,3568,unclassified/mixed,no_explicit_marker,False,False,False,False,False,False,latin_or_other,
f9bd8bc99657aff90daba9708b50157d76b95c52904e263894860d29eb320a6c,2,2,0,Portuguese,5600,unclassified/mixed,no_explicit_marker,False,False,False,False,False,False,latin_or_other,
f9ca6768b1b001461eb06cb6014f033d0b7438a42af1abbf3c6e616e98482a23,2,2,0,English,7747,scholarly/research,no_explicit_marker,False,False,False,False,False,False,latin_or_other,
f9e88738e0246d107c638d0dbfcab7d34008ec0155515c61d054e2d6320c65fb,2,2,0,Spanish,12943,government/legal/procurement,no_explicit_marker,False,False,False,False,False,False,latin_or_other,
fa0d00d21b82b019cd3423f8aa1173e45675be8862352eaad10dbeec32648ef0,2,2,0,Spanish,10715,government/legal/procurement,no_explicit_marker,False,False,False,False,False,False,latin_or_other,
fa0eabb0e5d0f7b52a67f34615780ec06f60faa6eb64f16bcfa5257cb0a8a698,2,2,0,German,12987,encyclopedia/reference,generic_copyright_or_bibliographic_marker,False,False,False,False,True,False,latin_or_other,
fa4331150a28fc747b4be39529742bc50f2c8ed9c0b2720cd10fe4fc1c08a543,2,2,0,English,2008,unclassified/mixed,no_explicit_marker,False,False,False,False,False,False,latin_or_other,
fa7e74e02c412691badba25429291ca40801e2b4ef6ec0305f000c9ac2a09ea5,2,2,0,Portuguese,5342,scholarly/research,no_explicit_marker,False,False,False,False,False,False,latin_or_other,
fa989d868fd4b6e25faded16ec3dc06802647b2369bd7d5b193f7b2a41678dc1,2,2,0,English,2194,scholarly/research,no_explicit_marker,False,False,False,False,False,False,latin_or_other,
fab27c63a7350783944509959059333d3eb66feaa7c91831687ea1378cf1da5f,2,2,0,English,3543,news/blog/general web,no_explicit_marker,False,False,False,False,False,False,latin_or_other,
fada5ad9782fb226126e47adab3c1f1588d9c8e47401e3799b43d87fd7562d01,2,2,0,Portuguese,13250,scholarly/research,no_explicit_marker,False,False,False,False,False,False,latin_or_other,
fae09b2b2448378f3e47420e6f223a5f6753da39e00b55ef3511ed0cb3c73765,2,2,0,Portuguese,15336,unclassified/mixed,no_explicit_marker,False,False,False,False,False,False,latin_or_other,
fae34b997ffb86850727e04035e435adbca84135a28ed19e119c7d5eacd48ed6,2,2,0,Spanish,3638,unclassified/mixed,no_explicit_marker,False,False,False,False,False,False,latin_or_other,
fae91fced4b98de3ca5e45fd317200ae4e1efdb8b3bd9a48e7de0a31883007eb,2,2,0,English,4796,unclassified/mixed,no_explicit_marker,False,False,False,False,False,False,latin_or_other,
fafd4359890390ebf51b4262bb7bd81a8825ad38aef0fcfdfef014bc1e9fe715,2,2,0,Portuguese,1783,scholarly/research,no_explicit_marker,False,False,False,False,False,False,latin_or_other,
fb50dca56b0168028e6ab47250594e1c20becb2115231115fac02438d8777d56,2,2,0,Portuguese,4827,unclassified/mixed,no_explicit_marker,False,False,False,False,False,False,latin_or_other,
fb56c8bc59c8bb9ff3b16c0d8b725bd25face27782b177ff42a4499b597c0b39,2,2,0,Portuguese,13830,scholarly/research,no_explicit_marker,False,False,False,False,False,False,latin_or_other,
fbbc109870d7cc3c55dfa96f30c38e346095e4420ed5879baaafd91b3da11b64,2,2,0,German,3258,unclassified/mixed,no_explicit_marker,False,False,False,False,False,False,latin_or_other,
fbccfd1507ed15702e9efa4a81ee14f2a42bd0464b4586a366b0a3ec0883981c,2,2,0,English,5080,government/legal/procurement,no_explicit_marker,False,False,False,False,False,False,latin_or_other,change.org
fbe5da34afa0a37f6c843dcc1311eb2688d5814324da2e5d71480a317e130619,2,2,0,Italian,5738,scholarly/research,no_explicit_marker,False,False,False,False,False,False,latin_or_other,
fc5c73d777a7e413b4e82a2a5d8120d8055551c26af8f1d67b973d26db5360e9,2,2,0,Spanish,15611,unclassified/mixed,generic_copyright_or_bibliographic_marker,False,False,False,False,True,False,latin_or_other,
fc6b3b335cb5009c78280f36f8a14bd47d3b3a13d80c9d955b63a3fb0a04b62d,2,2,0,Spanish,5934,unclassified/mixed,no_explicit_marker,False,False,False,False,False,False,latin_or_other,
fc98f6531ae6a84658d3dd30d2621adf829dafba0bd3ac1a45f0cfb7184a8fd2,2,2,0,German,14083,unclassified/mixed,no_explicit_marker,False,False,False,False,False,False,latin_or_other,
fcada1588107b3953cdcef3cbc4b76cb9198286cd683b090a3647fde50bb0b23,2,2,0,English,7945,news/blog/general web,no_explicit_marker,False,False,False,False,False,False,latin_or_other,
fcd2354d9d035cb960354a6ee308ae38fdb3fe203550514eca12053e328929f7,2,2,0,French,10441,unclassified/mixed,no_explicit_marker,False,False,False,False,False,False,latin_or_other,
fd3f25c5688827a399debaa40166a34e8fa58e3182a11f8f9239f4a3611323fb,2,2,0,English,7352,education/course/textbook,no_explicit_marker,False,False,False,False,False,False,latin_or_other,cal.org;cortland.edu;ed.gov;ncssfl.org
fd4df7d6c2ec865e9fb07724c404ae993757af8ff5f3f4c743bfb394ff05f426,2,2,0,English,2768,unclassified/mixed,no_explicit_marker,False,False,False,False,False,False,latin_or_other,
fd56294c8491b2c67b360b7a8d1cb08f32ab4a09e0a2eae1c12754d30204db4e,2,2,0,French,7703,unclassified/mixed,no_explicit_marker,False,False,False,False,False,False,latin_or_other,unfpa.org
fd930d56ff32d6e2657052c4d9b0ec2d70f02c3132f97c533aa4edab85517626,2,2,0,Spanish,2530,news/blog/general web,no_explicit_marker,False,False,False,False,False,False,latin_or_other,ecured.cu
fd9776cb21b14a22f18f90268235041cc8c690282abdcbb915551cf616684783,2,2,0,Italian,3624,unclassified/mixed,no_explicit_marker,False,False,False,False,False,False,latin_or_other,
fd9c38e597512d0e571b1ce310ce748e28eb3b6c77a139aabc1ae8b2e9d9e317,2,2,0,Italian,3243,unclassified/mixed,no_explicit_marker,False,False,False,False,False,False,latin_or_other,
fdae92f66b615d7785ceedc08b1c56341f7f417cb3de90b38f60e0bde53dc994,2,2,0,English,3304,unclassified/mixed,no_explicit_marker,False,False,False,False,False,False,latin_or_other,
fe2b9d6afeac86854617f9c77f955dfd9852b8aac15b4ebfd4fb675f53750dcc,2,2,0,English,5313,unclassified/mixed,no_explicit_marker,False,False,False,False,False,False,latin_or_other,
fe2c2235c61631219b60b0b4c225dca851493fa9b71671544d5f6a2aa5cc7548,2,2,0,Portuguese,14601,scholarly/research,generic_copyright_or_bibliographic_marker,False,False,False,False,True,False,latin_or_other,
fe3d3c79d7486cb8ff35ab522efdb9a3d4e3658e7a4e81a62a8236f39e9cd294,2,2,0,English,8186,news/blog/general web,no_explicit_marker,False,False,False,False,False,False,latin_or_other,
fe46b743bb226ff290543fe2d7531258ff4a6a4e5c7fff809806a1b4e3b7f91b,2,2,0,Spanish,2463,unclassified/mixed,no_explicit_marker,False,False,False,False,False,False,latin_or_other,birdlife.org
fe8556e70f7171d10a724875d6704b61720e55098877c533c868c36141240823,2,2,0,Portuguese,3260,scholarly/research,no_explicit_marker,False,False,False,False,False,False,latin_or_other,
fea5d2cfc2d0a69b09bb5fb9b73a92888b4637cbf75b749aa64d195e63aaccbb,2,2,0,English,3528,unclassified/mixed,no_explicit_marker,False,False,False,False,False,False,latin_or_other,
feb4852c96a3a65dc1b561fd8b939500950d15b1ce41dd42a977ce4fd15653b6,2,2,0,Italian,7818,books/literary/publisher,no_explicit_marker,False,False,False,False,False,False,latin_or_other,
feea13d271c98afcd1a07d14e821953b336e0e294eb52f61d745aae62e4d7f78,2,2,0,English,4617,encyclopedia/reference,no_explicit_marker,False,False,False,False,False,False,latin_or_other,focus.psychiatryonline.org
fef9370bc4ef2a43634289379049bfb592b2322cb4c521c443e5d4a79993771d,2,2,0,Portuguese,2740,news/blog/general web,no_explicit_marker,False,False,False,False,False,False,latin_or_other,
fefd1f484eec78011cfe0dec9c5cf59d4b56bc2bd6fe0f8b69ed724c8cf7ebea,2,2,0,Italian,12801,government/legal/procurement,no_explicit_marker,False,False,False,False,False,False,latin_or_other,it.wikipedia.org
ff22e132c059956cf498a8a90f39f48a8cb21d0c8e8150b460006d437f58b2d2,2,2,0,Italian,2076,unclassified/mixed,no_explicit_marker,False,False,False,False,False,False,latin_or_other,
ff382d9f4ebfedced0daba4d0cac95f67070f8bf6fcdf1a9b5b4fe48bc658bf9,2,2,0,Spanish,2809,unclassified/mixed,no_explicit_marker,False,False,False,False,False,False,latin_or_other,
ff56a1a1e32862b0d2d326e8665f75f6f9a5c4d1b51a8f766a6b9e5c9ff726fe,2,2,0,Portuguese,3968,encyclopedia/reference,no_explicit_marker,False,False,False,False,False,False,latin_or_other,aids.gov.br;pt.wikipedia.org
ff6d64efe42a59483bb75e548a9942bdbdd5aa8efe657fce441f934dfcf3eafe,2,2,0,French,8252,unclassified/mixed,no_explicit_marker,False,False,False,False,False,False,latin_or_other,
ff74078a192883dfc036cc5767883b2bf06f48b25e81e8bd4a4ef3dfcc5375ff,2,2,0,English,3375,government/legal/procurement,generic_copyright_or_bibliographic_marker,False,False,False,False,True,True,latin_or_other,ttouch.ca
ff872af5c82aa5b791d8e1affe5af7178105a940762cf7a5e7a38213c8bad962,2,2,0,English,4947,scholarly/research,no_explicit_marker,False,False,False,False,False,False,latin_or_other,
ffadcff9fdaabb25f5b4b4d1314ad1a3ffc7051164ae514b196efe60bccb2312,2,2,0,Spanish,2347,unclassified/mixed,no_explicit_marker,False,False,False,False,False,False,latin_or_other,
ffb240e0321dba4c0bfe89c12d3f54f2c0192834673fb317a8df65fc8e07c9ad,2,2,0,French,7010,scholarly/research,no_explicit_marker,False,False,False,False,False,False,latin_or_other,
ffb503bba49579727325d59b8f710de0c35aadea5dab506cce4e0eca84bdd4d6,2,2,0,Italian,3690,manual/technical documentation,generic_copyright_or_bibliographic_marker,False,False,False,False,True,False,latin_or_other,
ffce3121b2f57beaf89ae4fb5ab59c99cf0593c8bf6f5af3fd028fa69ecb11ba,2,2,0,Portuguese,3529,unclassified/mixed,no_explicit_marker,False,False,False,False,False,False,latin_or_other,
ffe938ea68b5d58e2fecdc4134c6750c1284db66b54764fefcf80d67758e1412,2,2,0,French,14137,unclassified/mixed,no_explicit_marker,False,False,False,False,False,False,latin_or_other,
05442a57da81ad51538a82c001dcfdf46c1fe6827581267e75c12484a27ab008,1,0,1,English,1848,unclassified/mixed,no_explicit_marker,False,False,False,False,False,False,latin_or_other,
06e9a4dcc960c863e2b96527f922beed725bcf6bb6ce3142cb0545e120ad7d99,1,0,1,Portuguese,8237,government/legal/procurement,no_explicit_marker,False,False,False,False,False,True,latin_or_other,
0aefbf861e8420257b21a581d51cbd7a663a041bd906f680e0838473916c9f97,1,0,1,English,4559,education/course/textbook,no_explicit_marker,False,False,False,False,False,False,latin_or_other,
1435534b5e3c3b2ce03d2bf1a65094bbeb7253f9293576cd4ec7c2add198b683,1,0,1,English,6286,unclassified/mixed,generic_copyright_or_bibliographic_marker,False,False,False,False,True,False,latin_or_other,
1c951ca664b72e53e592007edc17b355f306995a1975df879e324a8814893f60,1,0,1,English,1820,scholarly/research,no_explicit_marker,False,False,False,False,False,False,latin_or_other,
1dcbd75b0d2d17e3859765d48f15ce2968ac18ce3a6e96242ebd2956b711a0f8,1,0,1,English,3413,education/course/textbook,no_explicit_marker,False,False,False,False,False,False,latin_or_other,
1fff0c0bc66d84611327d8ed28b1e6e4f3c45fc864f4ca3b3fd590d489dc1c97,1,0,1,Portuguese,4201,news/blog/general web,no_explicit_marker,False,False,False,False,False,False,latin_or_other,
267b5aa65f6ec305ce7f4acfe248ec1352428d4849bd8944b6bfcac5a5da7ff3,1,0,1,Portuguese,2802,unclassified/mixed,no_explicit_marker,False,False,False,False,False,False,latin_or_other,
27c2ef191959544b745797a8b43fd5b8cff831355aa14f875aab168e3f80181b,1,0,1,Italian,5056,unclassified/mixed,no_explicit_marker,False,False,False,False,False,False,latin_or_other,
2810a3ce5f5e8c200cfdca1d8c4210e7cf01e24c47cf4c6bf4c05ffb5737aa8e,1,0,1,German,5360,unclassified/mixed,no_explicit_marker,False,False,False,False,False,False,latin_or_other,
2f39da642be211fef769780c804a20eec32ed6293115bfe56c793120a076ee77,1,0,1,Portuguese,1750,government/legal/procurement,no_explicit_marker,False,False,False,False,False,False,latin_or_other,
30e465069f2dda564ceabe5b16b6bcf4a79db8b5611506fb17be181ad7c341e0,1,0,1,Portuguese,3970,unclassified/mixed,no_explicit_marker,False,False,False,False,False,False,latin_or_other,
32d7ea49d2dd5db4d55cb7847faabd74bdd40f757caf0c1e73d47b383762b4fb,1,0,1,French,9877,unclassified/mixed,no_explicit_marker,False,False,False,False,False,False,latin_or_other,
35dcba3853fe76d5074d5831ed541e41935557fd041f803f8ef4f29b8d11b1bb,1,0,1,Portuguese,2676,unclassified/mixed,no_explicit_marker,False,False,False,False,False,False,latin_or_other,
3a15be70753fec4f4d621560580cc01c4f31a39682cb808b3b2b1f2ef2c79053,1,0,1,English,6786,scholarly/research,no_explicit_marker,False,False,False,False,False,False,latin_or_other,
44010270d92fb1df39a9604e107da3a900be632f1a8a99f32779f89d463569b6,1,0,1,English,11901,scholarly/research,no_explicit_marker,False,False,False,False,False,True,latin_or_other,
49c1fd7d26886037c436aa1ad7068a161a408c3bace3ca82cbab95363fe32a0c,1,0,1,English,22711,government/legal/procurement,no_explicit_marker,False,False,False,False,False,False,latin_or_other,
505e0e51de34b37997159d68a1b6628d1dbe7c95030a46b72c53594747338c20,1,0,1,English,4642,unclassified/mixed,no_explicit_marker,False,False,False,False,False,False,latin_or_other,
6116061a7677d0fdce193ba8cf7d3dfd648bac2c246ccc57848205dc0a17944c,1,0,1,English,4890,unclassified/mixed,no_explicit_marker,False,False,False,False,False,False,latin_or_other,
673b68cf86d9ea8e9b41de62d9330012ef1bb433bb0ff462ddccae040b4f64af,1,0,1,English,2659,unclassified/mixed,no_explicit_marker,False,False,False,False,False,False,latin_or_other,
74acd0ef114e0106e38d71b608ec0441f8cbb0fce799a386a0b45dc57dc7caf2,1,0,1,English,8153,government/legal/procurement,no_explicit_marker,False,False,False,False,False,False,latin_or_other,
7706eaa80185f744818858424d9c79d4720116a110a7997b25d543be06532638,1,0,1,English,2248,unclassified/mixed,no_explicit_marker,False,False,False,False,False,False,latin_or_other,
7b1a6c11a81650adbd64623217943b0a067e433ea067c4363cf1bd62c9aa930a,1,0,1,German,11499,unclassified/mixed,no_explicit_marker,False,False,False,False,False,False,latin_or_other,
7e285cb2ae497253956a807dfff4aae289b41e6f90d30986ee7fabdde4990a70,1,0,1,Italian,5097,unclassified/mixed,no_explicit_marker,False,False,False,False,False,False,latin_or_other,
89215a554e2de0e42f2e5756561a9b7cf1ebdf38cb99e269a6079cc014f04f0a,1,0,1,Portuguese,937,unclassified/mixed,no_explicit_marker,False,False,False,False,False,False,latin_or_other,
8d487f15ffb4b2cf6f3ac697aac59894805f5f1a2585a29e186e7359d4d4e96d,1,0,1,English,11235,government/legal/procurement,no_explicit_marker,False,False,False,False,False,False,latin_or_other,energy.gov;energypolicy.columbia.edu;epa.gov;gov.uk;nrc.gov;nwtrb.gov;nytimes.com;ourenergypolicy.org;popularmechanics.com;sgp.fas.org;thebreakthrough.imgix.net;thebreakthrough.org;wsj.com;wwnorton.com;youtube.com
98beaba32bd6008dee1a69e30bddc2b03c61c143f68d9f285b663f5f361644b6,1,0,1,English,11577,government/legal/procurement,no_explicit_marker,False,False,False,False,False,True,latin_or_other,
9af2e4997e98506ac9c888c5a0b277b2382b46f421486ebebed9a64701eeaf39,1,0,1,Italian,3420,unclassified/mixed,no_explicit_marker,False,False,False,False,False,False,latin_or_other,
9b110a0f227c2cdacae1adec63463b003b7d420bd094cf1566bbfbdb83854825,1,0,1,English,1914,unclassified/mixed,no_explicit_marker,False,False,False,False,False,False,latin_or_other,
9d27fa979adbbf7e7e237fae2c901aaf8f36e4648a43c49dcd5cba739806b035,1,0,1,English,6009,unclassified/mixed,no_explicit_marker,False,False,False,False,False,False,latin_or_other,
a89d561a558579693d963e5f4a75b2a698313c4963c2d08e068b8e1c9569b225,1,0,1,English,5858,government/legal/procurement,no_explicit_marker,False,False,False,False,False,False,latin_or_other,
adf42e2fc36f1ee0b8e74fe10880fe1bb3d04822559a7156ab0e934aa32cfa1c,1,0,1,English,3267,unclassified/mixed,no_explicit_marker,False,False,False,False,False,False,latin_or_other,
b6cf9044267b5c023e9f4ff6016bc849771f0c82ef47e11adb4c8f787bece81d,1,0,1,English,1309,scholarly/research,no_explicit_marker,False,False,False,False,False,False,latin_or_other,
cd2c0841d35768fdba546f7557f37e5f0e16fdfffe499b791175bc2c40790815,1,0,1,Portuguese,4673,scholarly/research,no_explicit_marker,False,False,False,False,False,False,latin_or_other,
ce369a6ebcb0a4db5a8ec4b2ffecece3a5fd5c233aa840cc75d1769c1d61c940,1,0,1,English,1123,unclassified/mixed,no_explicit_marker,False,False,False,False,False,False,latin_or_other,
cf13f71e6859cce0449a3937a66a78dc5abac337e31134c550be191c0093443e,1,0,1,English,7574,scholarly/research,no_explicit_marker,False,False,False,False,False,False,latin_or_other,
d066419831a073d78a5bdbdb7356b511f693a80a605386898c623904f2556c41,1,0,1,English,2917,scholarly/research,no_explicit_marker,False,False,False,False,False,False,latin_or_other,
d3113014afc529d1da7602195e5cb27b2b51274ca8a3a726cc641861a2f14cf8,1,0,1,French,735,unclassified/mixed,no_explicit_marker,False,False,False,False,False,False,latin_or_other,
d6ef5d7f244b987cfd86b76b41d7eb37347dbbe4afb08ec4170d28eaaf96141e,1,0,1,Portuguese,22678,scholarly/research,no_explicit_marker,False,False,False,False,False,False,latin_or_other,
dd432235126981c77601e4d04c4af0da32b6d13c6a13b8e8ad463236d95b59c2,1,0,1,English,4252,unclassified/mixed,no_explicit_marker,False,False,False,False,False,False,latin_or_other,
de113e70b9743ef8b1d619f1c823d95d0857b1257d8e4fd91b932b16d6ab690a,1,0,1,French,13730,scholarly/research,no_explicit_marker,False,False,False,False,False,False,latin_or_other,
dfe04c129676d5d1b86c2ff3ba061bd6a76753400e1faf78f0d7df26bf77dbf0,1,0,1,English,5934,scholarly/research,no_explicit_marker,False,False,False,False,False,False,latin_or_other,
e04994b29fe97f84b725b35dceaaf4cf137daab75c0596e4e5b36ffbbf0b6f9f,1,0,1,French,2523,unclassified/mixed,no_explicit_marker,False,False,False,False,False,False,latin_or_other,
efa36f7f10ca5445474b3a28afa3de8c547ed8e8637242a87e44ba38408871ed,1,0,1,Portuguese,6411,government/legal/procurement,no_explicit_marker,False,False,False,False,False,True,latin_or_other,
f18dd06b4cc692cf8b265dbb76cfc0b11a66d78a0b3e574374059cbef2a81610,1,0,1,Portuguese,5363,scholarly/research,no_explicit_marker,False,False,False,False,False,False,latin_or_other,
f89b48517b4b4cd371e12474caeb49fb120e91ce1f5fe85cc3dc804e4826a9a8,1,0,1,English,3754,unclassified/mixed,no_explicit_marker,False,False,False,False,False,False,latin_or_other,
fa2756766fd7af9a95e72deb55763e9fe2fa395c2479b2b816abbac23ce970e7,1,0,1,English,2034,education/course/textbook,no_explicit_marker,False,False,False,False,False,False,latin_or_other,
