category,filename,sampled_rows_five_epochs,sampled_tokens_five_epochs,tokens_per_epoch,family,tasksource_task,upstream_repo,upstream_config,upstream_split,tasksource_loader,task_type,hf_license,hf_revision,hf_gated,hf_private,hf_disabled,metadata_error,mapping_status,audit_bucket,working_basis
Platypus,arb_law.jsonl,31350,9436100,1887220.0,arb,,,,,,,,,,,,,platypus_card_family,platypus_direct_component_terms,Open-Platypus source-table licence for current non-commercial use
Platypus,arb_math.jsonl,2600,1091550,218310.0,arb,,,,,,,,,,,,,platypus_card_family,platypus_direct_component_terms,Open-Platypus source-table licence for current non-commercial use
Platypus,arb_physics.jsonl,4000,2097350,419470.0,arb,,,,,,,,,,,,,platypus_card_family,platypus_direct_component_terms,Open-Platypus source-table licence for current non-commercial use
Platypus,arb_reading.jsonl,3850,3275400,655080.0,arb,,,,,,,,,,,,,platypus_card_family,platypus_direct_component_terms,Open-Platypus source-table licence for current non-commercial use
Platypus,arb_science.jsonl,3250,1494500,298900.0,arb,,,,,,,,,,,,,platypus_card_family,platypus_direct_component_terms,Open-Platypus source-table licence for current non-commercial use
Platypus,openbookqa.jsonl,272850,22218000,4443600.0,openbookqa,,,,,,,,,,,,,platypus_card_family,platypus_direct_component_terms,Open-Platypus source-table licence for current non-commercial use
Platypus,scienceqa.jsonl,1032100,279735800,55947160.0,scienceqa,,,,,,,,,,,,,platypus_card_family,platypus_direct_component_terms,Open-Platypus source-table licence for current non-commercial use
Platypus,theoremqa.jsonl,37350,2845300,569060.0,theoremqa,,,,,,,,,,,,,platypus_card_family,platypus_direct_component_terms,Open-Platypus source-table licence for current non-commercial use
flan,cot_fsopt_data__cot_creak.parquet,64685,19767700,3953540.0,cot_fsopt,,,,,,,,,,,,,flan_submixture,flan_collection_uncovered_expression,direct terms where identified; Article 4 for uncovered expression
flan,cot_fsopt_data__cot_creak_ii.parquet,19570,5777565,1155513.0,cot_fsopt,,,,,,,,,,,,,flan_submixture,flan_collection_uncovered_expression,direct terms where identified; Article 4 for uncovered expression
flan,cot_fsopt_data__cot_ecqa.parquet,67280,24859675,4971935.0,cot_fsopt,,,,,,,,,,,,,flan_submixture,flan_collection_uncovered_expression,direct terms where identified; Article 4 for uncovered expression
flan,cot_fsopt_data__cot_ecqa_ii.parquet,19915,7164090,1432818.0,cot_fsopt,,,,,,,,,,,,,flan_submixture,flan_collection_uncovered_expression,direct terms where identified; Article 4 for uncovered expression
flan,cot_fsopt_data__cot_esnli.parquet,340895,141678580,28335716.0,cot_fsopt,,,,,,,,,,,,,flan_submixture,flan_collection_uncovered_expression,direct terms where identified; Article 4 for uncovered expression
flan,cot_fsopt_data__cot_esnli_ii.parquet,102655,42469250,8493850.0,cot_fsopt,,,,,,,,,,,,,flan_submixture,flan_collection_uncovered_expression,direct terms where identified; Article 4 for uncovered expression
flan,cot_fsopt_data__cot_gsm8k.parquet,70275,55970800,11194160.0,cot_fsopt,,,,,,,,,,,,,flan_submixture,flan_collection_uncovered_expression,direct terms where identified; Article 4 for uncovered expression
flan,cot_fsopt_data__cot_gsm8k_ii.parquet,21050,17210105,3442021.0,cot_fsopt,,,,,,,,,,,,,flan_submixture,flan_collection_uncovered_expression,direct terms where identified; Article 4 for uncovered expression
flan,cot_fsopt_data__cot_qasc.parquet,10725,6324860,1264972.0,cot_fsopt,,,,,,,,,,,,,flan_submixture,flan_collection_uncovered_expression,direct terms where identified; Article 4 for uncovered expression
flan,cot_fsopt_data__cot_qasc_ii.parquet,3015,1768750,353750.0,cot_fsopt,,,,,,,,,,,,,flan_submixture,flan_collection_uncovered_expression,direct terms where identified; Article 4 for uncovered expression
flan,cot_fsopt_data__cot_sensemaking.parquet,56435,21038220,4207644.0,cot_fsopt,,,,,,,,,,,,,flan_submixture,flan_collection_uncovered_expression,direct terms where identified; Article 4 for uncovered expression
flan,cot_fsopt_data__cot_sensemaking_ii.parquet,17115,6301810,1260362.0,cot_fsopt,,,,,,,,,,,,,flan_submixture,flan_collection_uncovered_expression,direct terms where identified; Article 4 for uncovered expression
flan,cot_fsopt_data__cot_strategyqa.parquet,18935,6549135,1309827.0,cot_fsopt,,,,,,,,,,,,,flan_submixture,flan_collection_uncovered_expression,direct terms where identified; Article 4 for uncovered expression
flan,cot_fsopt_data__cot_strategyqa_ii.parquet,5790,1901675,380335.0,cot_fsopt,,,,,,,,,,,,,flan_submixture,flan_collection_uncovered_expression,direct terms where identified; Article 4 for uncovered expression
flan,cot_fsopt_data__stream_aqua.parquet,26095,19024225,3804845.0,cot_fsopt,,,,,,,,,,,,,flan_submixture,flan_collection_uncovered_expression,direct terms where identified; Article 4 for uncovered expression
flan,cot_fsopt_data__stream_aqua_ii.parquet,7700,5608930,1121786.0,cot_fsopt,,,,,,,,,,,,,flan_submixture,flan_collection_uncovered_expression,direct terms where identified; Article 4 for uncovered expression
flan,cot_fsopt_data__stream_qed.parquet,47900,48393870,9678774.0,cot_fsopt,,,,,,,,,,,,,flan_submixture,flan_collection_uncovered_expression,direct terms where identified; Article 4 for uncovered expression
flan,cot_fsopt_data__stream_qed_ii.parquet,14485,14975670,2995134.0,cot_fsopt,,,,,,,,,,,,,flan_submixture,flan_collection_uncovered_expression,direct terms where identified; Article 4 for uncovered expression
flan,cot_zsopt_data__cot_creak.parquet,34090,2926700,585340.0,cot_zsopt,,,,,,,,,,,,,flan_submixture,flan_collection_uncovered_expression,direct terms where identified; Article 4 for uncovered expression
flan,cot_zsopt_data__cot_creak_ii.parquet,9890,893305,178661.0,cot_zsopt,,,,,,,,,,,,,flan_submixture,flan_collection_uncovered_expression,direct terms where identified; Article 4 for uncovered expression
flan,cot_zsopt_data__cot_ecqa.parquet,35200,3502955,700591.0,cot_zsopt,,,,,,,,,,,,,flan_submixture,flan_collection_uncovered_expression,direct terms where identified; Article 4 for uncovered expression
flan,cot_zsopt_data__cot_ecqa_ii.parquet,10430,1070135,214027.0,cot_zsopt,,,,,,,,,,,,,flan_submixture,flan_collection_uncovered_expression,direct terms where identified; Article 4 for uncovered expression
flan,cot_zsopt_data__cot_esnli.parquet,177870,19214275,3842855.0,cot_zsopt,,,,,,,,,,,,,flan_submixture,flan_collection_uncovered_expression,direct terms where identified; Article 4 for uncovered expression
flan,cot_zsopt_data__cot_esnli_ii.parquet,53745,5926930,1185386.0,cot_zsopt,,,,,,,,,,,,,flan_submixture,flan_collection_uncovered_expression,direct terms where identified; Article 4 for uncovered expression
flan,cot_zsopt_data__cot_gsm8k.parquet,36775,6835755,1367151.0,cot_zsopt,,,,,,,,,,,,,flan_submixture,flan_collection_uncovered_expression,direct terms where identified; Article 4 for uncovered expression
flan,cot_zsopt_data__cot_gsm8k_ii.parquet,11110,2078415,415683.0,cot_zsopt,,,,,,,,,,,,,flan_submixture,flan_collection_uncovered_expression,direct terms where identified; Article 4 for uncovered expression
flan,cot_zsopt_data__cot_qasc.parquet,5270,751225,150245.0,cot_zsopt,,,,,,,,,,,,,flan_submixture,flan_collection_uncovered_expression,direct terms where identified; Article 4 for uncovered expression
flan,cot_zsopt_data__cot_qasc_ii.parquet,1695,245820,49164.0,cot_zsopt,,,,,,,,,,,,,flan_submixture,flan_collection_uncovered_expression,direct terms where identified; Article 4 for uncovered expression
flan,cot_zsopt_data__cot_sensemaking.parquet,29860,2879500,575900.0,cot_zsopt,,,,,,,,,,,,,flan_submixture,flan_collection_uncovered_expression,direct terms where identified; Article 4 for uncovered expression
flan,cot_zsopt_data__cot_sensemaking_ii.parquet,9120,895820,179164.0,cot_zsopt,,,,,,,,,,,,,flan_submixture,flan_collection_uncovered_expression,direct terms where identified; Article 4 for uncovered expression
flan,cot_zsopt_data__cot_strategyqa.parquet,9785,864235,172847.0,cot_zsopt,,,,,,,,,,,,,flan_submixture,flan_collection_uncovered_expression,direct terms where identified; Article 4 for uncovered expression
flan,cot_zsopt_data__cot_strategyqa_ii.parquet,3070,285005,57001.0,cot_zsopt,,,,,,,,,,,,,flan_submixture,flan_collection_uncovered_expression,direct terms where identified; Article 4 for uncovered expression
flan,cot_zsopt_data__stream_aqua.parquet,13575,2314395,462879.0,cot_zsopt,,,,,,,,,,,,,flan_submixture,flan_collection_uncovered_expression,direct terms where identified; Article 4 for uncovered expression
flan,cot_zsopt_data__stream_aqua_ii.parquet,4065,717010,143402.0,cot_zsopt,,,,,,,,,,,,,flan_submixture,flan_collection_uncovered_expression,direct terms where identified; Article 4 for uncovered expression
flan,cot_zsopt_data__stream_qed.parquet,24695,5804785,1160957.0,cot_zsopt,,,,,,,,,,,,,flan_submixture,flan_collection_uncovered_expression,direct terms where identified; Article 4 for uncovered expression
flan,cot_zsopt_data__stream_qed_ii.parquet,7600,1879350,375870.0,cot_zsopt,,,,,,,,,,,,,flan_submixture,flan_collection_uncovered_expression,direct terms where identified; Article 4 for uncovered expression
flan,flan_fsnoopt_data__ag_news_subset_1.0.0.parquet,25000,5588144,1117628.8,flan_fsnoopt,,,,,,,,,,,,,flan_submixture,flan_collection_uncovered_expression,direct terms where identified; Article 4 for uncovered expression
flan,flan_fsnoopt_data__ai2_arc_ARC-Challenge_1.0.0.parquet,3795,559930,111986.0,flan_fsnoopt,,,,,,,,,,,,,flan_submixture,flan_collection_uncovered_expression,direct terms where identified; Article 4 for uncovered expression
flan,flan_fsnoopt_data__ai2_arc_ARC-Easy_1.0.0.parquet,8510,1122705,224541.0,flan_fsnoopt,,,,,,,,,,,,,flan_submixture,flan_collection_uncovered_expression,direct terms where identified; Article 4 for uncovered expression
flan,flan_fsnoopt_data__anli_r1_0.1.0.parquet,25000,10104399,2020879.8,flan_fsnoopt,,,,,,,,,,,,,flan_submixture,flan_collection_uncovered_expression,direct terms where identified; Article 4 for uncovered expression
flan,flan_fsnoopt_data__anli_r2_0.1.0.parquet,25000,9961482,1992296.4,flan_fsnoopt,,,,,,,,,,,,,flan_submixture,flan_collection_uncovered_expression,direct terms where identified; Article 4 for uncovered expression
flan,flan_fsnoopt_data__anli_r3_0.1.0.parquet,25000,9093320,1818664.0,flan_fsnoopt,,,,,,,,,,,,,flan_submixture,flan_collection_uncovered_expression,direct terms where identified; Article 4 for uncovered expression
flan,flan_fsnoopt_data__cnn_dailymail_3.4.0.parquet,25000,42377397,8475479.4,flan_fsnoopt,,,,,,,,,,,,,flan_submixture,flan_collection_uncovered_expression,direct terms where identified; Article 4 for uncovered expression
flan,flan_fsnoopt_data__cosmos_qa_1.0.0.parquet,25000,9478786,1895757.2,flan_fsnoopt,,,,,,,,,,,,,flan_submixture,flan_collection_uncovered_expression,direct terms where identified; Article 4 for uncovered expression
flan,flan_fsnoopt_data__definite_pronoun_resolution_1.1.0.parquet,4905,625695,125139.0,flan_fsnoopt,,,,,,,,,,,,,flan_submixture,flan_collection_uncovered_expression,direct terms where identified; Article 4 for uncovered expression
flan,flan_fsnoopt_data__fix_punct.parquet,25000,5681602,1136320.4,flan_fsnoopt,,,,,,,,,,,,,flan_submixture,flan_collection_uncovered_expression,direct terms where identified; Article 4 for uncovered expression
flan,flan_fsnoopt_data__gem_common_gen_1.1.0.parquet,25000,3087588,617517.6,flan_fsnoopt,,,,,,,,,,,,,flan_submixture,flan_collection_uncovered_expression,direct terms where identified; Article 4 for uncovered expression
flan,flan_fsnoopt_data__gem_dart_1.1.0.parquet,25000,6820470,1364094.0,flan_fsnoopt,,,,,,,,,,,,,flan_submixture,flan_collection_uncovered_expression,direct terms where identified; Article 4 for uncovered expression
flan,flan_fsnoopt_data__gem_e2e_nlg_1.1.0.parquet,25000,6216616,1243323.2,flan_fsnoopt,,,,,,,,,,,,,flan_submixture,flan_collection_uncovered_expression,direct terms where identified; Article 4 for uncovered expression
flan,flan_fsnoopt_data__gem_web_nlg_en_1.1.0.parquet,25000,7357520,1471504.0,flan_fsnoopt,,,,,,,,,,,,,flan_submixture,flan_collection_uncovered_expression,direct terms where identified; Article 4 for uncovered expression
flan,flan_fsnoopt_data__gem_wiki_lingua_english_en_1.1.0.parquet,25000,36225928,7245185.6,flan_fsnoopt,,,,,,,,,,,,,flan_submixture,flan_collection_uncovered_expression,direct terms where identified; Article 4 for uncovered expression
flan,flan_fsnoopt_data__gigaword_1.2.0.parquet,25000,5281145,1056229.0,flan_fsnoopt,,,,,,,,,,,,,flan_submixture,flan_collection_uncovered_expression,direct terms where identified; Article 4 for uncovered expression
flan,flan_fsnoopt_data__glue_cola_2.0.0.parquet,25000,2546672,509334.4,flan_fsnoopt,,,,,,,,,,,,,flan_submixture,flan_collection_uncovered_expression,direct terms where identified; Article 4 for uncovered expression
flan,flan_fsnoopt_data__glue_mnli_2.0.0.parquet,25000,5362380,1072476.0,flan_fsnoopt,,,,,,,,,,,,,flan_submixture,flan_collection_uncovered_expression,direct terms where identified; Article 4 for uncovered expression
flan,flan_fsnoopt_data__glue_mrpc_2.0.0.parquet,14145,3697825,739565.0,flan_fsnoopt,,,,,,,,,,,,,flan_submixture,flan_collection_uncovered_expression,direct terms where identified; Article 4 for uncovered expression
flan,flan_fsnoopt_data__glue_qnli_2.0.0.parquet,25000,5233198,1046639.6,flan_fsnoopt,,,,,,,,,,,,,flan_submixture,flan_collection_uncovered_expression,direct terms where identified; Article 4 for uncovered expression
flan,flan_fsnoopt_data__glue_qqp_2.0.0.parquet,25000,4092054,818410.8,flan_fsnoopt,,,,,,,,,,,,,flan_submixture,flan_collection_uncovered_expression,direct terms where identified; Article 4 for uncovered expression
flan,flan_fsnoopt_data__glue_sst2_2.0.0.parquet,25000,2671177,534235.4,flan_fsnoopt,,,,,,,,,,,,,flan_submixture,flan_collection_uncovered_expression,direct terms where identified; Article 4 for uncovered expression
flan,flan_fsnoopt_data__glue_stsb_2.0.0.parquet,23645,4614170,922834.0,flan_fsnoopt,,,,,,,,,,,,,flan_submixture,flan_collection_uncovered_expression,direct terms where identified; Article 4 for uncovered expression
flan,flan_fsnoopt_data__glue_wnli_2.0.0.parquet,2540,508665,101733.0,flan_fsnoopt,,,,,,,,,,,,,flan_submixture,flan_collection_uncovered_expression,direct terms where identified; Article 4 for uncovered expression
flan,flan_fsnoopt_data__hellaswag_1.1.0.parquet,25000,8032894,1606578.8,flan_fsnoopt,,,,,,,,,,,,,flan_submixture,flan_collection_uncovered_expression,direct terms where identified; Article 4 for uncovered expression
flan,flan_fsnoopt_data__huggingface_xsum.parquet,25000,35965140,7193028.0,flan_fsnoopt,,,,,,,,,,,,,flan_submixture,flan_collection_uncovered_expression,direct terms where identified; Article 4 for uncovered expression
flan,flan_fsnoopt_data__lambada_1.0.0.parquet,20345,6781705,1356341.0,flan_fsnoopt,,,,,,,,,,,,,flan_submixture,flan_collection_uncovered_expression,direct terms where identified; Article 4 for uncovered expression
flan,flan_fsnoopt_data__math_dataset_algebra__linear_1d_1.0.0.parquet,25000,3527668,705533.6,flan_fsnoopt,,,,,,,,,,,,,flan_submixture,flan_collection_uncovered_expression,direct terms where identified; Article 4 for uncovered expression
flan,flan_fsnoopt_data__multi_news_1.0.0.parquet,12950,31464160,6292832.0,flan_fsnoopt,,,,,,,,,,,,,flan_submixture,flan_collection_uncovered_expression,direct terms where identified; Article 4 for uncovered expression
flan,flan_fsnoopt_data__newsroom_1.0.0.parquet,25000,35525240,7105048.0,flan_fsnoopt,,,,,,,,,,,,,flan_submixture,flan_collection_uncovered_expression,direct terms where identified; Article 4 for uncovered expression
flan,flan_fsnoopt_data__openbookqa_0.1.0.parquet,20290,2601905,520381.0,flan_fsnoopt,,,,,,,,,,,,,flan_submixture,flan_collection_uncovered_expression,direct terms where identified; Article 4 for uncovered expression
flan,flan_fsnoopt_data__para_crawl_enes.parquet,25000,6049167,1209833.4,flan_fsnoopt,,,,,,,,,,,,,flan_submixture,flan_collection_uncovered_expression,direct terms where identified; Article 4 for uncovered expression
flan,flan_fsnoopt_data__paws_wiki_1.1.0.parquet,25000,6511406,1302281.2,flan_fsnoopt,,,,,,,,,,,,,flan_submixture,flan_collection_uncovered_expression,direct terms where identified; Article 4 for uncovered expression
flan,flan_fsnoopt_data__piqa_1.0.0.parquet,25000,3797421,759484.2,flan_fsnoopt,,,,,,,,,,,,,flan_submixture,flan_collection_uncovered_expression,direct terms where identified; Article 4 for uncovered expression
flan,flan_fsnoopt_data__samsum_1.0.0.parquet,25000,16638229,3327645.8,flan_fsnoopt,,,,,,,,,,,,,flan_submixture,flan_collection_uncovered_expression,direct terms where identified; Article 4 for uncovered expression
flan,flan_fsnoopt_data__sentiment140_1.0.0.parquet,25000,3229445,645889.0,flan_fsnoopt,,,,,,,,,,,,,flan_submixture,flan_collection_uncovered_expression,direct terms where identified; Article 4 for uncovered expression
flan,flan_fsnoopt_data__snli_1.1.0.parquet,25000,3515333,703066.6,flan_fsnoopt,,,,,,,,,,,,,flan_submixture,flan_collection_uncovered_expression,direct terms where identified; Article 4 for uncovered expression
flan,flan_fsnoopt_data__story_cloze_2016_1.0.0.parquet,7070,1699855,339971.0,flan_fsnoopt,,,,,,,,,,,,,flan_submixture,flan_collection_uncovered_expression,direct terms where identified; Article 4 for uncovered expression
flan,flan_fsnoopt_data__super_glue_cb_1.0.2.parquet,820,284710,56942.0,flan_fsnoopt,,,,,,,,,,,,,flan_submixture,flan_collection_uncovered_expression,direct terms where identified; Article 4 for uncovered expression
flan,flan_fsnoopt_data__super_glue_copa_1.0.2.parquet,1510,155650,31130.0,flan_fsnoopt,,,,,,,,,,,,,flan_submixture,flan_collection_uncovered_expression,direct terms where identified; Article 4 for uncovered expression
flan,flan_fsnoopt_data__super_glue_multirc_1.0.2.parquet,25000,32312207,6462441.4,flan_fsnoopt,,,,,,,,,,,,,flan_submixture,flan_collection_uncovered_expression,direct terms where identified; Article 4 for uncovered expression
flan,flan_fsnoopt_data__super_glue_record_1.0.2.parquet,25000,17436566,3487313.2,flan_fsnoopt,,,,,,,,,,,,,flan_submixture,flan_collection_uncovered_expression,direct terms where identified; Article 4 for uncovered expression
flan,flan_fsnoopt_data__super_glue_rte_1.0.2.parquet,9645,2907695,581539.0,flan_fsnoopt,,,,,,,,,,,,,flan_submixture,flan_collection_uncovered_expression,direct terms where identified; Article 4 for uncovered expression
flan,flan_fsnoopt_data__super_glue_wic_1.0.2.parquet,21810,3643295,728659.0,flan_fsnoopt,,,,,,,,,,,,,flan_submixture,flan_collection_uncovered_expression,direct terms where identified; Article 4 for uncovered expression
flan,flan_fsnoopt_data__super_glue_wsc.fixed_1.0.2.parquet,2205,416520,83304.0,flan_fsnoopt,,,,,,,,,,,,,flan_submixture,flan_collection_uncovered_expression,direct terms where identified; Article 4 for uncovered expression
flan,flan_fsnoopt_data__trec_1.0.0.parquet,21790,2704835,540967.0,flan_fsnoopt,,,,,,,,,,,,,flan_submixture,flan_collection_uncovered_expression,direct terms where identified; Article 4 for uncovered expression
flan,flan_fsnoopt_data__true_case.parquet,25000,6015608,1203121.6,flan_fsnoopt,,,,,,,,,,,,,flan_submixture,flan_collection_uncovered_expression,direct terms where identified; Article 4 for uncovered expression
flan,flan_fsnoopt_data__unified_qa_science_inst.parquet,2575,384700,76940.0,flan_fsnoopt,,,,,,,,,,,,,flan_submixture,flan_collection_uncovered_expression,direct terms where identified; Article 4 for uncovered expression
flan,flan_fsnoopt_data__winogrande_1.1.0.parquet,25000,3251301,650260.2,flan_fsnoopt,,,,,,,,,,,,,flan_submixture,flan_collection_uncovered_expression,direct terms where identified; Article 4 for uncovered expression
flan,flan_fsnoopt_data__word_segment.parquet,25000,6206497,1241299.4,flan_fsnoopt,,,,,,,,,,,,,flan_submixture,flan_collection_uncovered_expression,direct terms where identified; Article 4 for uncovered expression
flan,flan_fsopt_data__ag_news_subset_1.0.0.parquet,25000,9131330,1826266.0,flan_fsopt,,,,,,,,,,,,,flan_submixture,flan_collection_uncovered_expression,direct terms where identified; Article 4 for uncovered expression
flan,flan_fsopt_data__ai2_arc_ARC-Challenge_1.0.0.parquet,7150,1714470,342894.0,flan_fsopt,,,,,,,,,,,,,flan_submixture,flan_collection_uncovered_expression,direct terms where identified; Article 4 for uncovered expression
flan,flan_fsopt_data__ai2_arc_ARC-Easy_1.0.0.parquet,16075,3467825,693565.0,flan_fsopt,,,,,,,,,,,,,flan_submixture,flan_collection_uncovered_expression,direct terms where identified; Article 4 for uncovered expression
flan,flan_fsopt_data__anli_r1_0.1.0.parquet,25000,15123266,3024653.2,flan_fsopt,,,,,,,,,,,,,flan_submixture,flan_collection_uncovered_expression,direct terms where identified; Article 4 for uncovered expression
flan,flan_fsopt_data__anli_r2_0.1.0.parquet,25000,15035159,3007031.8,flan_fsopt,,,,,,,,,,,,,flan_submixture,flan_collection_uncovered_expression,direct terms where identified; Article 4 for uncovered expression
flan,flan_fsopt_data__anli_r3_0.1.0.parquet,25000,13853329,2770665.8,flan_fsopt,,,,,,,,,,,,,flan_submixture,flan_collection_uncovered_expression,direct terms where identified; Article 4 for uncovered expression
flan,flan_fsopt_data__cnn_dailymail_3.4.0.parquet,25000,40033916,8006783.2,flan_fsopt,,,,,,,,,,,,,flan_submixture,flan_collection_uncovered_expression,direct terms where identified; Article 4 for uncovered expression
flan,flan_fsopt_data__cosmos_qa_1.0.0.parquet,25000,17397835,3479567.0,flan_fsopt,,,,,,,,,,,,,flan_submixture,flan_collection_uncovered_expression,direct terms where identified; Article 4 for uncovered expression
flan,flan_fsopt_data__definite_pronoun_resolution_1.1.0.parquet,8650,1848780,369756.0,flan_fsopt,,,,,,,,,,,,,flan_submixture,flan_collection_uncovered_expression,direct terms where identified; Article 4 for uncovered expression
flan,flan_fsopt_data__fix_punct.parquet,25000,7506759,1501351.8,flan_fsopt,,,,,,,,,,,,,flan_submixture,flan_collection_uncovered_expression,direct terms where identified; Article 4 for uncovered expression
flan,flan_fsopt_data__gem_common_gen_1.1.0.parquet,25000,3854807,770961.4,flan_fsopt,,,,,,,,,,,,,flan_submixture,flan_collection_uncovered_expression,direct terms where identified; Article 4 for uncovered expression
flan,flan_fsopt_data__gem_dart_1.1.0.parquet,25000,8740336,1748067.2,flan_fsopt,,,,,,,,,,,,,flan_submixture,flan_collection_uncovered_expression,direct terms where identified; Article 4 for uncovered expression
flan,flan_fsopt_data__gem_e2e_nlg_1.1.0.parquet,25000,8227181,1645436.2,flan_fsopt,,,,,,,,,,,,,flan_submixture,flan_collection_uncovered_expression,direct terms where identified; Article 4 for uncovered expression
flan,flan_fsopt_data__gem_web_nlg_en_1.1.0.parquet,25000,9838776,1967755.2,flan_fsopt,,,,,,,,,,,,,flan_submixture,flan_collection_uncovered_expression,direct terms where identified; Article 4 for uncovered expression
flan,flan_fsopt_data__gem_wiki_lingua_english_en_1.1.0.parquet,25000,36923138,7384627.6,flan_fsopt,,,,,,,,,,,,,flan_submixture,flan_collection_uncovered_expression,direct terms where identified; Article 4 for uncovered expression
flan,flan_fsopt_data__gigaword_1.2.0.parquet,25000,6937189,1387437.8,flan_fsopt,,,,,,,,,,,,,flan_submixture,flan_collection_uncovered_expression,direct terms where identified; Article 4 for uncovered expression
flan,flan_fsopt_data__glue_cola_2.0.0.parquet,25000,4040812,808162.4,flan_fsopt,,,,,,,,,,,,,flan_submixture,flan_collection_uncovered_expression,direct terms where identified; Article 4 for uncovered expression
flan,flan_fsopt_data__glue_mnli_2.0.0.parquet,25000,9098741,1819748.2,flan_fsopt,,,,,,,,,,,,,flan_submixture,flan_collection_uncovered_expression,direct terms where identified; Article 4 for uncovered expression
flan,flan_fsopt_data__glue_mrpc_2.0.0.parquet,25000,9753587,1950717.4,flan_fsopt,,,,,,,,,,,,,flan_submixture,flan_collection_uncovered_expression,direct terms where identified; Article 4 for uncovered expression
flan,flan_fsopt_data__glue_qnli_2.0.0.parquet,25000,8362134,1672426.8,flan_fsopt,,,,,,,,,,,,,flan_submixture,flan_collection_uncovered_expression,direct terms where identified; Article 4 for uncovered expression
flan,flan_fsopt_data__glue_qqp_2.0.0.parquet,25000,6435180,1287036.0,flan_fsopt,,,,,,,,,,,,,flan_submixture,flan_collection_uncovered_expression,direct terms where identified; Article 4 for uncovered expression
flan,flan_fsopt_data__glue_sst2_2.0.0.parquet,25000,4001118,800223.6,flan_fsopt,,,,,,,,,,,,,flan_submixture,flan_collection_uncovered_expression,direct terms where identified; Article 4 for uncovered expression
flan,flan_fsopt_data__glue_stsb_2.0.0.parquet,25000,9429998,1885999.6,flan_fsopt,,,,,,,,,,,,,flan_submixture,flan_collection_uncovered_expression,direct terms where identified; Article 4 for uncovered expression
flan,flan_fsopt_data__glue_wnli_2.0.0.parquet,4560,1372665,274533.0,flan_fsopt,,,,,,,,,,,,,flan_submixture,flan_collection_uncovered_expression,direct terms where identified; Article 4 for uncovered expression
flan,flan_fsopt_data__hellaswag_1.1.0.parquet,25000,25415833,5083166.6,flan_fsopt,,,,,,,,,,,,,flan_submixture,flan_collection_uncovered_expression,direct terms where identified; Article 4 for uncovered expression
flan,flan_fsopt_data__huggingface_xsum.parquet,25000,37044872,7408974.4,flan_fsopt,,,,,,,,,,,,,flan_submixture,flan_collection_uncovered_expression,direct terms where identified; Article 4 for uncovered expression
flan,flan_fsopt_data__lambada_1.0.0.parquet,25000,11011574,2202314.8,flan_fsopt,,,,,,,,,,,,,flan_submixture,flan_collection_uncovered_expression,direct terms where identified; Article 4 for uncovered expression
flan,flan_fsopt_data__math_dataset_algebra__linear_1d_1.0.0.parquet,25000,4639865,927973.0,flan_fsopt,,,,,,,,,,,,,flan_submixture,flan_collection_uncovered_expression,direct terms where identified; Article 4 for uncovered expression
flan,flan_fsopt_data__multi_news_1.0.0.parquet,19795,43226400,8645280.0,flan_fsopt,,,,,,,,,,,,,flan_submixture,flan_collection_uncovered_expression,direct terms where identified; Article 4 for uncovered expression
flan,flan_fsopt_data__newsroom_1.0.0.parquet,25000,35684817,7136963.4,flan_fsopt,,,,,,,,,,,,,flan_submixture,flan_collection_uncovered_expression,direct terms where identified; Article 4 for uncovered expression
flan,flan_fsopt_data__openbookqa_0.1.0.parquet,25000,4198922,839784.4,flan_fsopt,,,,,,,,,,,,,flan_submixture,flan_collection_uncovered_expression,direct terms where identified; Article 4 for uncovered expression
flan,flan_fsopt_data__para_crawl_enes.parquet,25000,8322670,1664534.0,flan_fsopt,,,,,,,,,,,,,flan_submixture,flan_collection_uncovered_expression,direct terms where identified; Article 4 for uncovered expression
flan,flan_fsopt_data__paws_wiki_1.1.0.parquet,25000,9611321,1922264.2,flan_fsopt,,,,,,,,,,,,,flan_submixture,flan_collection_uncovered_expression,direct terms where identified; Article 4 for uncovered expression
flan,flan_fsopt_data__piqa_1.0.0.parquet,25000,11063416,2212683.2,flan_fsopt,,,,,,,,,,,,,flan_submixture,flan_collection_uncovered_expression,direct terms where identified; Article 4 for uncovered expression
flan,flan_fsopt_data__samsum_1.0.0.parquet,25000,21846258,4369251.6,flan_fsopt,,,,,,,,,,,,,flan_submixture,flan_collection_uncovered_expression,direct terms where identified; Article 4 for uncovered expression
flan,flan_fsopt_data__sentiment140_1.0.0.parquet,25000,4884384,976876.8,flan_fsopt,,,,,,,,,,,,,flan_submixture,flan_collection_uncovered_expression,direct terms where identified; Article 4 for uncovered expression
flan,flan_fsopt_data__snli_1.1.0.parquet,25000,6800320,1360064.0,flan_fsopt,,,,,,,,,,,,,flan_submixture,flan_collection_uncovered_expression,direct terms where identified; Article 4 for uncovered expression
flan,flan_fsopt_data__story_cloze_2016_1.0.0.parquet,13290,5895540,1179108.0,flan_fsopt,,,,,,,,,,,,,flan_submixture,flan_collection_uncovered_expression,direct terms where identified; Article 4 for uncovered expression
flan,flan_fsopt_data__super_glue_cb_1.0.2.parquet,1615,844835,168967.0,flan_fsopt,,,,,,,,,,,,,flan_submixture,flan_collection_uncovered_expression,direct terms where identified; Article 4 for uncovered expression
flan,flan_fsopt_data__super_glue_copa_1.0.2.parquet,2715,603975,120795.0,flan_fsopt,,,,,,,,,,,,,flan_submixture,flan_collection_uncovered_expression,direct terms where identified; Article 4 for uncovered expression
flan,flan_fsopt_data__super_glue_multirc_1.0.2.parquet,25000,35539360,7107872.0,flan_fsopt,,,,,,,,,,,,,flan_submixture,flan_collection_uncovered_expression,direct terms where identified; Article 4 for uncovered expression
flan,flan_fsopt_data__super_glue_record_1.0.2.parquet,25000,36314424,7262884.8,flan_fsopt,,,,,,,,,,,,,flan_submixture,flan_collection_uncovered_expression,direct terms where identified; Article 4 for uncovered expression
flan,flan_fsopt_data__super_glue_rte_1.0.2.parquet,18245,8041905,1608381.0,flan_fsopt,,,,,,,,,,,,,flan_submixture,flan_collection_uncovered_expression,direct terms where identified; Article 4 for uncovered expression
flan,flan_fsopt_data__super_glue_wic_1.0.2.parquet,25000,6919839,1383967.8,flan_fsopt,,,,,,,,,,,,,flan_submixture,flan_collection_uncovered_expression,direct terms where identified; Article 4 for uncovered expression
flan,flan_fsopt_data__super_glue_wsc.fixed_1.0.2.parquet,4005,1184405,236881.0,flan_fsopt,,,,,,,,,,,,,flan_submixture,flan_collection_uncovered_expression,direct terms where identified; Article 4 for uncovered expression
flan,flan_fsopt_data__trec_1.0.0.parquet,25000,6135080,1227016.0,flan_fsopt,,,,,,,,,,,,,flan_submixture,flan_collection_uncovered_expression,direct terms where identified; Article 4 for uncovered expression
flan,flan_fsopt_data__true_case.parquet,25000,7789486,1557897.2,flan_fsopt,,,,,,,,,,,,,flan_submixture,flan_collection_uncovered_expression,direct terms where identified; Article 4 for uncovered expression
flan,flan_fsopt_data__unified_qa_science_inst.parquet,4630,1644395,328879.0,flan_fsopt,,,,,,,,,,,,,flan_submixture,flan_collection_uncovered_expression,direct terms where identified; Article 4 for uncovered expression
flan,flan_fsopt_data__winogrande_1.1.0.parquet,25000,6606797,1321359.4,flan_fsopt,,,,,,,,,,,,,flan_submixture,flan_collection_uncovered_expression,direct terms where identified; Article 4 for uncovered expression
flan,flan_fsopt_data__word_segment.parquet,25000,8169557,1633911.4,flan_fsopt,,,,,,,,,,,,,flan_submixture,flan_collection_uncovered_expression,direct terms where identified; Article 4 for uncovered expression
flan,flan_zsnoopt_data__ag_news_subset_1.0.0.parquet,25000,1670364,334072.8,flan_zsnoopt,,,,,,,,,,,,,flan_submixture,flan_collection_uncovered_expression,direct terms where identified; Article 4 for uncovered expression
flan,flan_zsnoopt_data__ai2_arc_ARC-Challenge_1.0.0.parquet,4145,203780,40756.0,flan_zsnoopt,,,,,,,,,,,,,flan_submixture,flan_collection_uncovered_expression,direct terms where identified; Article 4 for uncovered expression
flan,flan_zsnoopt_data__ai2_arc_ARC-Easy_1.0.0.parquet,9635,431620,86324.0,flan_zsnoopt,,,,,,,,,,,,,flan_submixture,flan_collection_uncovered_expression,direct terms where identified; Article 4 for uncovered expression
flan,flan_zsnoopt_data__anli_r1_0.1.0.parquet,25000,3031434,606286.8,flan_zsnoopt,,,,,,,,,,,,,flan_submixture,flan_collection_uncovered_expression,direct terms where identified; Article 4 for uncovered expression
flan,flan_zsnoopt_data__anli_r2_0.1.0.parquet,25000,2995770,599154.0,flan_zsnoopt,,,,,,,,,,,,,flan_submixture,flan_collection_uncovered_expression,direct terms where identified; Article 4 for uncovered expression
flan,flan_zsnoopt_data__anli_r3_0.1.0.parquet,25000,2752656,550531.2,flan_zsnoopt,,,,,,,,,,,,,flan_submixture,flan_collection_uncovered_expression,direct terms where identified; Article 4 for uncovered expression
flan,flan_zsnoopt_data__cnn_dailymail_3.4.0.parquet,25000,23965664,4793132.8,flan_zsnoopt,,,,,,,,,,,,,flan_submixture,flan_collection_uncovered_expression,direct terms where identified; Article 4 for uncovered expression
flan,flan_zsnoopt_data__cosmos_qa_1.0.0.parquet,25000,2738035,547607.0,flan_zsnoopt,,,,,,,,,,,,,flan_submixture,flan_collection_uncovered_expression,direct terms where identified; Article 4 for uncovered expression
flan,flan_zsnoopt_data__definite_pronoun_resolution_1.1.0.parquet,5395,209095,41819.0,flan_zsnoopt,,,,,,,,,,,,,flan_submixture,flan_collection_uncovered_expression,direct terms where identified; Article 4 for uncovered expression
flan,flan_zsnoopt_data__fix_punct.parquet,25000,1757167,351433.4,flan_zsnoopt,,,,,,,,,,,,,flan_submixture,flan_collection_uncovered_expression,direct terms where identified; Article 4 for uncovered expression
flan,flan_zsnoopt_data__gem_common_gen_1.1.0.parquet,25000,998387,199677.4,flan_zsnoopt,,,,,,,,,,,,,flan_submixture,flan_collection_uncovered_expression,direct terms where identified; Article 4 for uncovered expression
flan,flan_zsnoopt_data__gem_dart_1.1.0.parquet,25000,1992399,398479.8,flan_zsnoopt,,,,,,,,,,,,,flan_submixture,flan_collection_uncovered_expression,direct terms where identified; Article 4 for uncovered expression
flan,flan_zsnoopt_data__gem_e2e_nlg_1.1.0.parquet,25000,1946973,389394.6,flan_zsnoopt,,,,,,,,,,,,,flan_submixture,flan_collection_uncovered_expression,direct terms where identified; Article 4 for uncovered expression
flan,flan_zsnoopt_data__gem_web_nlg_en_1.1.0.parquet,25000,2197434,439486.8,flan_zsnoopt,,,,,,,,,,,,,flan_submixture,flan_collection_uncovered_expression,direct terms where identified; Article 4 for uncovered expression
flan,flan_zsnoopt_data__gem_wiki_lingua_english_en_1.1.0.parquet,25000,12957199,2591439.8,flan_zsnoopt,,,,,,,,,,,,,flan_submixture,flan_collection_uncovered_expression,direct terms where identified; Article 4 for uncovered expression
flan,flan_zsnoopt_data__gigaword_1.2.0.parquet,25000,1632856,326571.2,flan_zsnoopt,,,,,,,,,,,,,flan_submixture,flan_collection_uncovered_expression,direct terms where identified; Article 4 for uncovered expression
flan,flan_zsnoopt_data__glue_cola_2.0.0.parquet,25000,887890,177578.0,flan_zsnoopt,,,,,,,,,,,,,flan_submixture,flan_collection_uncovered_expression,direct terms where identified; Article 4 for uncovered expression
flan,flan_zsnoopt_data__glue_mnli_2.0.0.parquet,25000,1697432,339486.4,flan_zsnoopt,,,,,,,,,,,,,flan_submixture,flan_collection_uncovered_expression,direct terms where identified; Article 4 for uncovered expression
flan,flan_zsnoopt_data__glue_mrpc_2.0.0.parquet,15585,1199235,239847.0,flan_zsnoopt,,,,,,,,,,,,,flan_submixture,flan_collection_uncovered_expression,direct terms where identified; Article 4 for uncovered expression
flan,flan_zsnoopt_data__glue_qnli_2.0.0.parquet,25000,1658746,331749.2,flan_zsnoopt,,,,,,,,,,,,,flan_submixture,flan_collection_uncovered_expression,direct terms where identified; Article 4 for uncovered expression
flan,flan_zsnoopt_data__glue_qqp_2.0.0.parquet,25000,1326071,265214.2,flan_zsnoopt,,,,,,,,,,,,,flan_submixture,flan_collection_uncovered_expression,direct terms where identified; Article 4 for uncovered expression
flan,flan_zsnoopt_data__glue_sst2_2.0.0.parquet,25000,895207,179041.4,flan_zsnoopt,,,,,,,,,,,,,flan_submixture,flan_collection_uncovered_expression,direct terms where identified; Article 4 for uncovered expression
flan,flan_zsnoopt_data__glue_stsb_2.0.0.parquet,25000,1874930,374986.0,flan_zsnoopt,,,,,,,,,,,,,flan_submixture,flan_collection_uncovered_expression,direct terms where identified; Article 4 for uncovered expression
flan,flan_zsnoopt_data__glue_wnli_2.0.0.parquet,3000,171275,34255.0,flan_zsnoopt,,,,,,,,,,,,,flan_submixture,flan_collection_uncovered_expression,direct terms where identified; Article 4 for uncovered expression
flan,flan_zsnoopt_data__hellaswag_1.1.0.parquet,25000,2335702,467140.4,flan_zsnoopt,,,,,,,,,,,,,flan_submixture,flan_collection_uncovered_expression,direct terms where identified; Article 4 for uncovered expression
flan,flan_zsnoopt_data__huggingface_xsum.parquet,25000,13477503,2695500.6,flan_zsnoopt,,,,,,,,,,,,,flan_submixture,flan_collection_uncovered_expression,direct terms where identified; Article 4 for uncovered expression
flan,flan_zsnoopt_data__lambada_1.0.0.parquet,22335,2165855,433171.0,flan_zsnoopt,,,,,,,,,,,,,flan_submixture,flan_collection_uncovered_expression,direct terms where identified; Article 4 for uncovered expression
flan,flan_zsnoopt_data__math_dataset_algebra__linear_1d_1.0.0.parquet,25000,1075187,215037.4,flan_zsnoopt,,,,,,,,,,,,,flan_submixture,flan_collection_uncovered_expression,direct terms where identified; Article 4 for uncovered expression
flan,flan_zsnoopt_data__multi_news_1.0.0.parquet,25000,53700850,10740170.0,flan_zsnoopt,,,,,,,,,,,,,flan_submixture,flan_collection_uncovered_expression,direct terms where identified; Article 4 for uncovered expression
flan,flan_zsnoopt_data__newsroom_1.0.0.parquet,25000,21750498,4350099.6,flan_zsnoopt,,,,,,,,,,,,,flan_submixture,flan_collection_uncovered_expression,direct terms where identified; Article 4 for uncovered expression
flan,flan_zsnoopt_data__openbookqa_0.1.0.parquet,22355,954655,190931.0,flan_zsnoopt,,,,,,,,,,,,,flan_submixture,flan_collection_uncovered_expression,direct terms where identified; Article 4 for uncovered expression
flan,flan_zsnoopt_data__para_crawl_enes.parquet,25000,1795977,359195.4,flan_zsnoopt,,,,,,,,,,,,,flan_submixture,flan_collection_uncovered_expression,direct terms where identified; Article 4 for uncovered expression
flan,flan_zsnoopt_data__paws_wiki_1.1.0.parquet,25000,1936515,387303.0,flan_zsnoopt,,,,,,,,,,,,,flan_submixture,flan_collection_uncovered_expression,direct terms where identified; Article 4 for uncovered expression
flan,flan_zsnoopt_data__piqa_1.0.0.parquet,25000,1255307,251061.4,flan_zsnoopt,,,,,,,,,,,,,flan_submixture,flan_collection_uncovered_expression,direct terms where identified; Article 4 for uncovered expression
flan,flan_zsnoopt_data__samsum_1.0.0.parquet,25000,4723808,944761.6,flan_zsnoopt,,,,,,,,,,,,,flan_submixture,flan_collection_uncovered_expression,direct terms where identified; Article 4 for uncovered expression
flan,flan_zsnoopt_data__sentiment140_1.0.0.parquet,25000,1031161,206232.2,flan_zsnoopt,,,,,,,,,,,,,flan_submixture,flan_collection_uncovered_expression,direct terms where identified; Article 4 for uncovered expression
flan,flan_zsnoopt_data__snli_1.1.0.parquet,25000,1194967,238993.4,flan_zsnoopt,,,,,,,,,,,,,flan_submixture,flan_collection_uncovered_expression,direct terms where identified; Article 4 for uncovered expression
flan,flan_zsnoopt_data__story_cloze_2016_1.0.0.parquet,7690,550995,110199.0,flan_zsnoopt,,,,,,,,,,,,,flan_submixture,flan_collection_uncovered_expression,direct terms where identified; Article 4 for uncovered expression
flan,flan_zsnoopt_data__super_glue_cb_1.0.2.parquet,825,85370,17074.0,flan_zsnoopt,,,,,,,,,,,,,flan_submixture,flan_collection_uncovered_expression,direct terms where identified; Article 4 for uncovered expression
flan,flan_zsnoopt_data__super_glue_copa_1.0.2.parquet,1680,54325,10865.0,flan_zsnoopt,,,,,,,,,,,,,flan_submixture,flan_collection_uncovered_expression,direct terms where identified; Article 4 for uncovered expression
flan,flan_zsnoopt_data__super_glue_multirc_1.0.2.parquet,25000,9570357,1914071.4,flan_zsnoopt,,,,,,,,,,,,,flan_submixture,flan_collection_uncovered_expression,direct terms where identified; Article 4 for uncovered expression
flan,flan_zsnoopt_data__super_glue_record_1.0.2.parquet,25000,4969393,993878.6,flan_zsnoopt,,,,,,,,,,,,,flan_submixture,flan_collection_uncovered_expression,direct terms where identified; Article 4 for uncovered expression
flan,flan_zsnoopt_data__super_glue_rte_1.0.2.parquet,10320,969835,193967.0,flan_zsnoopt,,,,,,,,,,,,,flan_submixture,flan_collection_uncovered_expression,direct terms where identified; Article 4 for uncovered expression
flan,flan_zsnoopt_data__super_glue_wic_1.0.2.parquet,23915,1182270,236454.0,flan_zsnoopt,,,,,,,,,,,,,flan_submixture,flan_collection_uncovered_expression,direct terms where identified; Article 4 for uncovered expression
flan,flan_zsnoopt_data__super_glue_wsc.fixed_1.0.2.parquet,2200,123910,24782.0,flan_zsnoopt,,,,,,,,,,,,,flan_submixture,flan_collection_uncovered_expression,direct terms where identified; Article 4 for uncovered expression
flan,flan_zsnoopt_data__trec_1.0.0.parquet,23395,969130,193826.0,flan_zsnoopt,,,,,,,,,,,,,flan_submixture,flan_collection_uncovered_expression,direct terms where identified; Article 4 for uncovered expression
flan,flan_zsnoopt_data__true_case.parquet,25000,1835602,367120.4,flan_zsnoopt,,,,,,,,,,,,,flan_submixture,flan_collection_uncovered_expression,direct terms where identified; Article 4 for uncovered expression
flan,flan_zsnoopt_data__unified_qa_science_inst.parquet,2800,123670,24734.0,flan_zsnoopt,,,,,,,,,,,,,flan_submixture,flan_collection_uncovered_expression,direct terms where identified; Article 4 for uncovered expression
flan,flan_zsnoopt_data__winogrande_1.1.0.parquet,25000,969956,193991.2,flan_zsnoopt,,,,,,,,,,,,,flan_submixture,flan_collection_uncovered_expression,direct terms where identified; Article 4 for uncovered expression
flan,flan_zsnoopt_data__word_segment.parquet,25000,1866283,373256.6,flan_zsnoopt,,,,,,,,,,,,,flan_submixture,flan_collection_uncovered_expression,direct terms where identified; Article 4 for uncovered expression
flan,flan_zsopt_data__ag_news_subset_1.0.0.parquet,25000,2271636,454327.2,flan_zsopt,,,,,,,,,,,,,flan_submixture,flan_collection_uncovered_expression,direct terms where identified; Article 4 for uncovered expression
flan,flan_zsopt_data__ai2_arc_ARC-Challenge_1.0.0.parquet,4535,343390,68678.0,flan_zsopt,,,,,,,,,,,,,flan_submixture,flan_collection_uncovered_expression,direct terms where identified; Article 4 for uncovered expression
flan,flan_zsopt_data__ai2_arc_ARC-Easy_1.0.0.parquet,9780,666990,133398.0,flan_zsopt,,,,,,,,,,,,,flan_submixture,flan_collection_uncovered_expression,direct terms where identified; Article 4 for uncovered expression
flan,flan_zsopt_data__anli_r1_0.1.0.parquet,25000,3602801,720560.2,flan_zsopt,,,,,,,,,,,,,flan_submixture,flan_collection_uncovered_expression,direct terms where identified; Article 4 for uncovered expression
flan,flan_zsopt_data__anli_r2_0.1.0.parquet,25000,3558368,711673.6,flan_zsopt,,,,,,,,,,,,,flan_submixture,flan_collection_uncovered_expression,direct terms where identified; Article 4 for uncovered expression
flan,flan_zsopt_data__anli_r3_0.1.0.parquet,25000,3329836,665967.2,flan_zsopt,,,,,,,,,,,,,flan_submixture,flan_collection_uncovered_expression,direct terms where identified; Article 4 for uncovered expression
flan,flan_zsopt_data__cnn_dailymail_3.4.0.parquet,25000,24118648,4823729.6,flan_zsopt,,,,,,,,,,,,,flan_submixture,flan_collection_uncovered_expression,direct terms where identified; Article 4 for uncovered expression
flan,flan_zsopt_data__cosmos_qa_1.0.0.parquet,25000,3938079,787615.8,flan_zsopt,,,,,,,,,,,,,flan_submixture,flan_collection_uncovered_expression,direct terms where identified; Article 4 for uncovered expression
flan,flan_zsopt_data__definite_pronoun_resolution_1.1.0.parquet,5215,293690,58738.0,flan_zsopt,,,,,,,,,,,,,flan_submixture,flan_collection_uncovered_expression,direct terms where identified; Article 4 for uncovered expression
flan,flan_zsopt_data__fix_punct.parquet,25000,1772491,354498.2,flan_zsopt,,,,,,,,,,,,,flan_submixture,flan_collection_uncovered_expression,direct terms where identified; Article 4 for uncovered expression
flan,flan_zsopt_data__gem_common_gen_1.1.0.parquet,25000,998699,199739.8,flan_zsopt,,,,,,,,,,,,,flan_submixture,flan_collection_uncovered_expression,direct terms where identified; Article 4 for uncovered expression
flan,flan_zsopt_data__gem_dart_1.1.0.parquet,25000,2007966,401593.2,flan_zsopt,,,,,,,,,,,,,flan_submixture,flan_collection_uncovered_expression,direct terms where identified; Article 4 for uncovered expression
flan,flan_zsopt_data__gem_e2e_nlg_1.1.0.parquet,25000,1976767,395353.4,flan_zsopt,,,,,,,,,,,,,flan_submixture,flan_collection_uncovered_expression,direct terms where identified; Article 4 for uncovered expression
flan,flan_zsopt_data__gem_web_nlg_en_1.1.0.parquet,25000,2256594,451318.8,flan_zsopt,,,,,,,,,,,,,flan_submixture,flan_collection_uncovered_expression,direct terms where identified; Article 4 for uncovered expression
flan,flan_zsopt_data__gem_wiki_lingua_english_en_1.1.0.parquet,25000,12908970,2581794.0,flan_zsopt,,,,,,,,,,,,,flan_submixture,flan_collection_uncovered_expression,direct terms where identified; Article 4 for uncovered expression
flan,flan_zsopt_data__gigaword_1.2.0.parquet,25000,1681397,336279.4,flan_zsopt,,,,,,,,,,,,,flan_submixture,flan_collection_uncovered_expression,direct terms where identified; Article 4 for uncovered expression
flan,flan_zsopt_data__glue_cola_2.0.0.parquet,25000,1324936,264987.2,flan_zsopt,,,,,,,,,,,,,flan_submixture,flan_collection_uncovered_expression,direct terms where identified; Article 4 for uncovered expression
flan,flan_zsopt_data__glue_mnli_2.0.0.parquet,25000,2326626,465325.2,flan_zsopt,,,,,,,,,,,,,flan_submixture,flan_collection_uncovered_expression,direct terms where identified; Article 4 for uncovered expression
flan,flan_zsopt_data__glue_mrpc_2.0.0.parquet,16260,1541190,308238.0,flan_zsopt,,,,,,,,,,,,,flan_submixture,flan_collection_uncovered_expression,direct terms where identified; Article 4 for uncovered expression
flan,flan_zsopt_data__glue_qnli_2.0.0.parquet,25000,2050512,410102.4,flan_zsopt,,,,,,,,,,,,,flan_submixture,flan_collection_uncovered_expression,direct terms where identified; Article 4 for uncovered expression
flan,flan_zsopt_data__glue_qqp_2.0.0.parquet,25000,1749301,349860.2,flan_zsopt,,,,,,,,,,,,,flan_submixture,flan_collection_uncovered_expression,direct terms where identified; Article 4 for uncovered expression
flan,flan_zsopt_data__glue_sst2_2.0.0.parquet,25000,1336062,267212.4,flan_zsopt,,,,,,,,,,,,,flan_submixture,flan_collection_uncovered_expression,direct terms where identified; Article 4 for uncovered expression
flan,flan_zsopt_data__glue_stsb_2.0.0.parquet,25000,2657990,531598.0,flan_zsopt,,,,,,,,,,,,,flan_submixture,flan_collection_uncovered_expression,direct terms where identified; Article 4 for uncovered expression
flan,flan_zsopt_data__glue_wnli_2.0.0.parquet,2925,214415,42883.0,flan_zsopt,,,,,,,,,,,,,flan_submixture,flan_collection_uncovered_expression,direct terms where identified; Article 4 for uncovered expression
flan,flan_zsopt_data__hellaswag_1.1.0.parquet,25000,5141207,1028241.4,flan_zsopt,,,,,,,,,,,,,flan_submixture,flan_collection_uncovered_expression,direct terms where identified; Article 4 for uncovered expression
flan,flan_zsopt_data__huggingface_xsum.parquet,25000,13532304,2706460.8,flan_zsopt,,,,,,,,,,,,,flan_submixture,flan_collection_uncovered_expression,direct terms where identified; Article 4 for uncovered expression
flan,flan_zsopt_data__lambada_1.0.0.parquet,22635,2193960,438792.0,flan_zsopt,,,,,,,,,,,,,flan_submixture,flan_collection_uncovered_expression,direct terms where identified; Article 4 for uncovered expression
flan,flan_zsopt_data__math_dataset_algebra__linear_1d_1.0.0.parquet,25000,1078749,215749.8,flan_zsopt,,,,,,,,,,,,,flan_submixture,flan_collection_uncovered_expression,direct terms where identified; Article 4 for uncovered expression
flan,flan_zsopt_data__multi_news_1.0.0.parquet,25000,53825511,10765102.2,flan_zsopt,,,,,,,,,,,,,flan_submixture,flan_collection_uncovered_expression,direct terms where identified; Article 4 for uncovered expression
flan,flan_zsopt_data__newsroom_1.0.0.parquet,25000,21819985,4363997.0,flan_zsopt,,,,,,,,,,,,,flan_submixture,flan_collection_uncovered_expression,direct terms where identified; Article 4 for uncovered expression
flan,flan_zsopt_data__openbookqa_0.1.0.parquet,23470,1535615,307123.0,flan_zsopt,,,,,,,,,,,,,flan_submixture,flan_collection_uncovered_expression,direct terms where identified; Article 4 for uncovered expression
flan,flan_zsopt_data__para_crawl_enes.parquet,25000,1809396,361879.2,flan_zsopt,,,,,,,,,,,,,flan_submixture,flan_collection_uncovered_expression,direct terms where identified; Article 4 for uncovered expression
flan,flan_zsopt_data__paws_wiki_1.1.0.parquet,25000,2334739,466947.8,flan_zsopt,,,,,,,,,,,,,flan_submixture,flan_collection_uncovered_expression,direct terms where identified; Article 4 for uncovered expression
flan,flan_zsopt_data__piqa_1.0.0.parquet,25000,2174956,434991.2,flan_zsopt,,,,,,,,,,,,,flan_submixture,flan_collection_uncovered_expression,direct terms where identified; Article 4 for uncovered expression
flan,flan_zsopt_data__samsum_1.0.0.parquet,25000,4736607,947321.4,flan_zsopt,,,,,,,,,,,,,flan_submixture,flan_collection_uncovered_expression,direct terms where identified; Article 4 for uncovered expression
flan,flan_zsopt_data__sentiment140_1.0.0.parquet,25000,1450144,290028.8,flan_zsopt,,,,,,,,,,,,,flan_submixture,flan_collection_uncovered_expression,direct terms where identified; Article 4 for uncovered expression
flan,flan_zsopt_data__snli_1.1.0.parquet,25000,1787475,357495.0,flan_zsopt,,,,,,,,,,,,,flan_submixture,flan_collection_uncovered_expression,direct terms where identified; Article 4 for uncovered expression
flan,flan_zsopt_data__story_cloze_2016_1.0.0.parquet,7810,740305,148061.0,flan_zsopt,,,,,,,,,,,,,flan_submixture,flan_collection_uncovered_expression,direct terms where identified; Article 4 for uncovered expression
flan,flan_zsopt_data__super_glue_cb_1.0.2.parquet,915,114735,22947.0,flan_zsopt,,,,,,,,,,,,,flan_submixture,flan_collection_uncovered_expression,direct terms where identified; Article 4 for uncovered expression
flan,flan_zsopt_data__super_glue_copa_1.0.2.parquet,1650,83900,16780.0,flan_zsopt,,,,,,,,,,,,,flan_submixture,flan_collection_uncovered_expression,direct terms where identified; Article 4 for uncovered expression
flan,flan_zsopt_data__super_glue_multirc_1.0.2.parquet,25000,9881539,1976307.8,flan_zsopt,,,,,,,,,,,,,flan_submixture,flan_collection_uncovered_expression,direct terms where identified; Article 4 for uncovered expression
flan,flan_zsopt_data__super_glue_record_1.0.2.parquet,25000,10408904,2081780.8,flan_zsopt,,,,,,,,,,,,,flan_submixture,flan_collection_uncovered_expression,direct terms where identified; Article 4 for uncovered expression
flan,flan_zsopt_data__super_glue_rte_1.0.2.parquet,11230,1241205,248241.0,flan_zsopt,,,,,,,,,,,,,flan_submixture,flan_collection_uncovered_expression,direct terms where identified; Article 4 for uncovered expression
flan,flan_zsopt_data__super_glue_wic_1.0.2.parquet,24400,1713665,342733.0,flan_zsopt,,,,,,,,,,,,,flan_submixture,flan_collection_uncovered_expression,direct terms where identified; Article 4 for uncovered expression
flan,flan_zsopt_data__super_glue_wsc.fixed_1.0.2.parquet,2500,191410,38282.0,flan_zsopt,,,,,,,,,,,,,flan_submixture,flan_collection_uncovered_expression,direct terms where identified; Article 4 for uncovered expression
flan,flan_zsopt_data__trec_1.0.0.parquet,24680,1800560,360112.0,flan_zsopt,,,,,,,,,,,,,flan_submixture,flan_collection_uncovered_expression,direct terms where identified; Article 4 for uncovered expression
flan,flan_zsopt_data__true_case.parquet,25000,1839487,367897.4,flan_zsopt,,,,,,,,,,,,,flan_submixture,flan_collection_uncovered_expression,direct terms where identified; Article 4 for uncovered expression
flan,flan_zsopt_data__unified_qa_science_inst.parquet,2930,239020,47804.0,flan_zsopt,,,,,,,,,,,,,flan_submixture,flan_collection_uncovered_expression,direct terms where identified; Article 4 for uncovered expression
flan,flan_zsopt_data__winogrande_1.1.0.parquet,25000,1514210,302842.0,flan_zsopt,,,,,,,,,,,,,flan_submixture,flan_collection_uncovered_expression,direct terms where identified; Article 4 for uncovered expression
flan,flan_zsopt_data__word_segment.parquet,25000,1863470,372694.0,flan_zsopt,,,,,,,,,,,,,flan_submixture,flan_collection_uncovered_expression,direct terms where identified; Article 4 for uncovered expression
flan,niv2_fsopt_data__task001_quoref_question_generation.parquet,25000,30215256,6043051.2,niv2_fsopt,,,,,,,,,,,,,flan_submixture,flan_collection_uncovered_expression,direct terms where identified; Article 4 for uncovered expression
flan,niv2_fsopt_data__task002_quoref_answer_generation.parquet,25000,28845263,5769052.6,niv2_fsopt,,,,,,,,,,,,,flan_submixture,flan_collection_uncovered_expression,direct terms where identified; Article 4 for uncovered expression
flan,niv2_fsopt_data__task003_mctaco_question_generation_event_duration.parquet,4290,1022585,204517.0,niv2_fsopt,,,,,,,,,,,,,flan_submixture,flan_collection_uncovered_expression,direct terms where identified; Article 4 for uncovered expression
flan,niv2_fsopt_data__task004_mctaco_answer_generation_event_duration.parquet,3385,866720,173344.0,niv2_fsopt,,,,,,,,,,,,,flan_submixture,flan_collection_uncovered_expression,direct terms where identified; Article 4 for uncovered expression
flan,niv2_fsopt_data__task005_mctaco_wrong_answer_generation_event_duration.parquet,4300,1074815,214963.0,niv2_fsopt,,,,,,,,,,,,,flan_submixture,flan_collection_uncovered_expression,direct terms where identified; Article 4 for uncovered expression
flan,niv2_fsopt_data__task006_mctaco_question_generation_transient_stationary.parquet,1870,537195,107439.0,niv2_fsopt,,,,,,,,,,,,,flan_submixture,flan_collection_uncovered_expression,direct terms where identified; Article 4 for uncovered expression
flan,niv2_fsopt_data__task007_mctaco_answer_generation_transient_stationary.parquet,2440,664040,132808.0,niv2_fsopt,,,,,,,,,,,,,flan_submixture,flan_collection_uncovered_expression,direct terms where identified; Article 4 for uncovered expression
flan,niv2_fsopt_data__task008_mctaco_wrong_answer_generation_transient_stationary.parquet,1760,506290,101258.0,niv2_fsopt,,,,,,,,,,,,,flan_submixture,flan_collection_uncovered_expression,direct terms where identified; Article 4 for uncovered expression
flan,niv2_fsopt_data__task009_mctaco_question_generation_event_ordering.parquet,3480,868450,173690.0,niv2_fsopt,,,,,,,,,,,,,flan_submixture,flan_collection_uncovered_expression,direct terms where identified; Article 4 for uncovered expression
flan,niv2_fsopt_data__task010_mctaco_answer_generation_event_ordering.parquet,3310,788190,157638.0,niv2_fsopt,,,,,,,,,,,,,flan_submixture,flan_collection_uncovered_expression,direct terms where identified; Article 4 for uncovered expression
flan,niv2_fsopt_data__task011_mctaco_wrong_answer_generation_event_ordering.parquet,3130,813800,162760.0,niv2_fsopt,,,,,,,,,,,,,flan_submixture,flan_collection_uncovered_expression,direct terms where identified; Article 4 for uncovered expression
flan,niv2_fsopt_data__task012_mctaco_question_generation_absolute_timepoint.parquet,3510,858325,171665.0,niv2_fsopt,,,,,,,,,,,,,flan_submixture,flan_collection_uncovered_expression,direct terms where identified; Article 4 for uncovered expression
flan,niv2_fsopt_data__task013_mctaco_answer_generation_absolute_timepoint.parquet,3095,743600,148720.0,niv2_fsopt,,,,,,,,,,,,,flan_submixture,flan_collection_uncovered_expression,direct terms where identified; Article 4 for uncovered expression
flan,niv2_fsopt_data__task014_mctaco_wrong_answer_generation_absolute_timepoint.parquet,3130,862750,172550.0,niv2_fsopt,,,,,,,,,,,,,flan_submixture,flan_collection_uncovered_expression,direct terms where identified; Article 4 for uncovered expression
flan,niv2_fsopt_data__task015_mctaco_question_generation_frequency.parquet,4230,1060890,212178.0,niv2_fsopt,,,,,,,,,,,,,flan_submixture,flan_collection_uncovered_expression,direct terms where identified; Article 4 for uncovered expression
flan,niv2_fsopt_data__task016_mctaco_answer_generation_frequency.parquet,3210,823355,164671.0,niv2_fsopt,,,,,,,,,,,,,flan_submixture,flan_collection_uncovered_expression,direct terms where identified; Article 4 for uncovered expression
flan,niv2_fsopt_data__task017_mctaco_wrong_answer_generation_frequency.parquet,4180,1071215,214243.0,niv2_fsopt,,,,,,,,,,,,,flan_submixture,flan_collection_uncovered_expression,direct terms where identified; Article 4 for uncovered expression
flan,niv2_fsopt_data__task018_mctaco_temporal_reasoning_presence.parquet,6450,2641040,528208.0,niv2_fsopt,,,,,,,,,,,,,flan_submixture,flan_collection_uncovered_expression,direct terms where identified; Article 4 for uncovered expression
flan,niv2_fsopt_data__task019_mctaco_temporal_reasoning_category.parquet,4090,1716905,343381.0,niv2_fsopt,,,,,,,,,,,,,flan_submixture,flan_collection_uncovered_expression,direct terms where identified; Article 4 for uncovered expression
flan,niv2_fsopt_data__task020_mctaco_span_based_question.parquet,3805,758595,151719.0,niv2_fsopt,,,,,,,,,,,,,flan_submixture,flan_collection_uncovered_expression,direct terms where identified; Article 4 for uncovered expression
flan,niv2_fsopt_data__task021_mctaco_grammatical_logical.parquet,2485,506705,101341.0,niv2_fsopt,,,,,,,,,,,,,flan_submixture,flan_collection_uncovered_expression,direct terms where identified; Article 4 for uncovered expression
flan,niv2_fsopt_data__task022_cosmosqa_passage_inappropriate_binary.parquet,1290,384310,76862.0,niv2_fsopt,,,,,,,,,,,,,flan_submixture,flan_collection_uncovered_expression,direct terms where identified; Article 4 for uncovered expression
flan,niv2_fsopt_data__task023_cosmosqa_question_generation.parquet,25000,11368241,2273648.2,niv2_fsopt,,,,,,,,,,,,,flan_submixture,flan_collection_uncovered_expression,direct terms where identified; Article 4 for uncovered expression
flan,niv2_fsopt_data__task024_cosmosqa_answer_generation.parquet,25000,9381797,1876359.4,niv2_fsopt,,,,,,,,,,,,,flan_submixture,flan_collection_uncovered_expression,direct terms where identified; Article 4 for uncovered expression
flan,niv2_fsopt_data__task025_cosmosqa_incorrect_answer_generation.parquet,25000,10879331,2175866.2,niv2_fsopt,,,,,,,,,,,,,flan_submixture,flan_collection_uncovered_expression,direct terms where identified; Article 4 for uncovered expression
flan,niv2_fsopt_data__task029_winogrande_full_object.parquet,25000,24537770,4907554.0,niv2_fsopt,,,,,,,,,,,,,flan_submixture,flan_collection_uncovered_expression,direct terms where identified; Article 4 for uncovered expression
flan,niv2_fsopt_data__task030_winogrande_full_person.parquet,25000,13075127,2615025.4,niv2_fsopt,,,,,,,,,,,,,flan_submixture,flan_collection_uncovered_expression,direct terms where identified; Article 4 for uncovered expression
flan,niv2_fsopt_data__task031_winogrande_question_generation_object.parquet,25000,20568155,4113631.0,niv2_fsopt,,,,,,,,,,,,,flan_submixture,flan_collection_uncovered_expression,direct terms where identified; Article 4 for uncovered expression
flan,niv2_fsopt_data__task032_winogrande_question_generation_person.parquet,25000,8386049,1677209.8,niv2_fsopt,,,,,,,,,,,,,flan_submixture,flan_collection_uncovered_expression,direct terms where identified; Article 4 for uncovered expression
flan,niv2_fsopt_data__task033_winogrande_answer_generation.parquet,25000,4619395,923879.0,niv2_fsopt,,,,,,,,,,,,,flan_submixture,flan_collection_uncovered_expression,direct terms where identified; Article 4 for uncovered expression
flan,niv2_fsopt_data__task034_winogrande_question_modification_object.parquet,25000,23738918,4747783.6,niv2_fsopt,,,,,,,,,,,,,flan_submixture,flan_collection_uncovered_expression,direct terms where identified; Article 4 for uncovered expression
flan,niv2_fsopt_data__task035_winogrande_question_modification_person.parquet,25000,13214568,2642913.6,niv2_fsopt,,,,,,,,,,,,,flan_submixture,flan_collection_uncovered_expression,direct terms where identified; Article 4 for uncovered expression
flan,niv2_fsopt_data__task036_qasc_topic_word_to_generate_related_fact.parquet,9220,1411800,282360.0,niv2_fsopt,,,,,,,,,,,,,flan_submixture,flan_collection_uncovered_expression,direct terms where identified; Article 4 for uncovered expression
flan,niv2_fsopt_data__task037_qasc_generate_related_fact.parquet,25000,7617067,1523413.4,niv2_fsopt,,,,,,,,,,,,,flan_submixture,flan_collection_uncovered_expression,direct terms where identified; Article 4 for uncovered expression
flan,niv2_fsopt_data__task038_qasc_combined_fact.parquet,25000,7314239,1462847.8,niv2_fsopt,,,,,,,,,,,,,flan_submixture,flan_collection_uncovered_expression,direct terms where identified; Article 4 for uncovered expression
flan,niv2_fsopt_data__task039_qasc_find_overlapping_words.parquet,25000,4717978,943595.6,niv2_fsopt,,,,,,,,,,,,,flan_submixture,flan_collection_uncovered_expression,direct terms where identified; Article 4 for uncovered expression
flan,niv2_fsopt_data__task040_qasc_question_generation.parquet,25000,6069360,1213872.0,niv2_fsopt,,,,,,,,,,,,,flan_submixture,flan_collection_uncovered_expression,direct terms where identified; Article 4 for uncovered expression
flan,niv2_fsopt_data__task041_qasc_answer_generation.parquet,25000,4848309,969661.8,niv2_fsopt,,,,,,,,,,,,,flan_submixture,flan_collection_uncovered_expression,direct terms where identified; Article 4 for uncovered expression
flan,niv2_fsopt_data__task042_qasc_incorrect_option_generation.parquet,25000,8306899,1661379.8,niv2_fsopt,,,,,,,,,,,,,flan_submixture,flan_collection_uncovered_expression,direct terms where identified; Article 4 for uncovered expression
flan,niv2_fsopt_data__task043_essential_terms_answering_incomplete_questions.parquet,17030,5757445,1151489.0,niv2_fsopt,,,,,,,,,,,,,flan_submixture,flan_collection_uncovered_expression,direct terms where identified; Article 4 for uncovered expression
flan,niv2_fsopt_data__task044_essential_terms_identifying_essential_words.parquet,22340,8072480,1614496.0,niv2_fsopt,,,,,,,,,,,,,flan_submixture,flan_collection_uncovered_expression,direct terms where identified; Article 4 for uncovered expression
flan,niv2_fsopt_data__task045_miscellaneous_sentence_paraphrasing.parquet,1910,615950,123190.0,niv2_fsopt,,,,,,,,,,,,,flan_submixture,flan_collection_uncovered_expression,direct terms where identified; Article 4 for uncovered expression
flan,niv2_fsopt_data__task046_miscellaneous_question_typing.parquet,25000,17407821,3481564.2,niv2_fsopt,,,,,,,,,,,,,flan_submixture,flan_collection_uncovered_expression,direct terms where identified; Article 4 for uncovered expression
flan,niv2_fsopt_data__task047_miscellaneous_answering_science_questions.parquet,2510,773510,154702.0,niv2_fsopt,,,,,,,,,,,,,flan_submixture,flan_collection_uncovered_expression,direct terms where identified; Article 4 for uncovered expression
flan,niv2_fsopt_data__task048_multirc_question_generation.parquet,6540,7376460,1475292.0,niv2_fsopt,,,,,,,,,,,,,flan_submixture,flan_collection_uncovered_expression,direct terms where identified; Article 4 for uncovered expression
flan,niv2_fsopt_data__task049_multirc_questions_needed_to_answer.parquet,25000,29934752,5986950.4,niv2_fsopt,,,,,,,,,,,,,flan_submixture,flan_collection_uncovered_expression,direct terms where identified; Article 4 for uncovered expression
flan,niv2_fsopt_data__task050_multirc_answerability.parquet,25000,5306562,1061312.4,niv2_fsopt,,,,,,,,,,,,,flan_submixture,flan_collection_uncovered_expression,direct terms where identified; Article 4 for uncovered expression
flan,niv2_fsopt_data__task051_multirc_correct_answer_single_sentence.parquet,25000,4988067,997613.4,niv2_fsopt,,,,,,,,,,,,,flan_submixture,flan_collection_uncovered_expression,direct terms where identified; Article 4 for uncovered expression
flan,niv2_fsopt_data__task052_multirc_identify_bad_question.parquet,1170,1019035,203807.0,niv2_fsopt,,,,,,,,,,,,,flan_submixture,flan_collection_uncovered_expression,direct terms where identified; Article 4 for uncovered expression
flan,niv2_fsopt_data__task053_multirc_correct_bad_question.parquet,580,506255,101251.0,niv2_fsopt,,,,,,,,,,,,,flan_submixture,flan_collection_uncovered_expression,direct terms where identified; Article 4 for uncovered expression
flan,niv2_fsopt_data__task054_multirc_write_correct_answer.parquet,25000,26681489,5336297.8,niv2_fsopt,,,,,,,,,,,,,flan_submixture,flan_collection_uncovered_expression,direct terms where identified; Article 4 for uncovered expression
flan,niv2_fsopt_data__task055_multirc_write_incorrect_answer.parquet,25000,27914213,5582842.6,niv2_fsopt,,,,,,,,,,,,,flan_submixture,flan_collection_uncovered_expression,direct terms where identified; Article 4 for uncovered expression
flan,niv2_fsopt_data__task056_multirc_classify_correct_answer.parquet,18170,19067655,3813531.0,niv2_fsopt,,,,,,,,,,,,,flan_submixture,flan_collection_uncovered_expression,direct terms where identified; Article 4 for uncovered expression
flan,niv2_fsopt_data__task057_multirc_classify_incorrect_answer.parquet,25000,27816482,5563296.4,niv2_fsopt,,,,,,,,,,,,,flan_submixture,flan_collection_uncovered_expression,direct terms where identified; Article 4 for uncovered expression
flan,niv2_fsopt_data__task058_multirc_question_answering.parquet,25000,30674529,6134905.8,niv2_fsopt,,,,,,,,,,,,,flan_submixture,flan_collection_uncovered_expression,direct terms where identified; Article 4 for uncovered expression
flan,niv2_fsopt_data__task062_bigbench_repeat_copy_logic.parquet,290,42155,8431.0,niv2_fsopt,,,,,,,,,,,,,flan_submixture,flan_collection_uncovered_expression,direct terms where identified; Article 4 for uncovered expression
flan,niv2_fsopt_data__task063_first_i_elements.parquet,25000,7630876,1526175.2,niv2_fsopt,,,,,,,,,,,,,flan_submixture,flan_collection_uncovered_expression,direct terms where identified; Article 4 for uncovered expression
flan,niv2_fsopt_data__task064_all_elements_except_first_i.parquet,25000,9495286,1899057.2,niv2_fsopt,,,,,,,,,,,,,flan_submixture,flan_collection_uncovered_expression,direct terms where identified; Article 4 for uncovered expression
flan,niv2_fsopt_data__task065_timetravel_consistent_sentence_classification.parquet,25000,10045907,2009181.4,niv2_fsopt,,,,,,,,,,,,,flan_submixture,flan_collection_uncovered_expression,direct terms where identified; Article 4 for uncovered expression
flan,niv2_fsopt_data__task066_timetravel_binary_consistency_classification.parquet,25000,9054461,1810892.2,niv2_fsopt,,,,,,,,,,,,,flan_submixture,flan_collection_uncovered_expression,direct terms where identified; Article 4 for uncovered expression
flan,niv2_fsopt_data__task067_abductivenli_answer_generation.parquet,25000,5903252,1180650.4,niv2_fsopt,,,,,,,,,,,,,flan_submixture,flan_collection_uncovered_expression,direct terms where identified; Article 4 for uncovered expression
flan,niv2_fsopt_data__task068_abductivenli_incorrect_answer_generation.parquet,25000,8519577,1703915.4,niv2_fsopt,,,,,,,,,,,,,flan_submixture,flan_collection_uncovered_expression,direct terms where identified; Article 4 for uncovered expression
flan,niv2_fsopt_data__task069_abductivenli_classification.parquet,25000,6128249,1225649.8,niv2_fsopt,,,,,,,,,,,,,flan_submixture,flan_collection_uncovered_expression,direct terms where identified; Article 4 for uncovered expression
flan,niv2_fsopt_data__task070_abductivenli_incorrect_classification.parquet,25000,6097786,1219557.2,niv2_fsopt,,,,,,,,,,,,,flan_submixture,flan_collection_uncovered_expression,direct terms where identified; Article 4 for uncovered expression
flan,niv2_fsopt_data__task071_abductivenli_answer_generation.parquet,25000,5405067,1081013.4,niv2_fsopt,,,,,,,,,,,,,flan_submixture,flan_collection_uncovered_expression,direct terms where identified; Article 4 for uncovered expression
flan,niv2_fsopt_data__task072_abductivenli_answer_generation.parquet,25000,5755950,1151190.0,niv2_fsopt,,,,,,,,,,,,,flan_submixture,flan_collection_uncovered_expression,direct terms where identified; Article 4 for uncovered expression
flan,niv2_fsopt_data__task073_commonsenseqa_answer_generation.parquet,12185,2870880,574176.0,niv2_fsopt,,,,,,,,,,,,,flan_submixture,flan_collection_uncovered_expression,direct terms where identified; Article 4 for uncovered expression
flan,niv2_fsopt_data__task076_splash_correcting_sql_mistake.parquet,20975,15087910,3017582.0,niv2_fsopt,,,,,,,,,,,,,flan_submixture,flan_collection_uncovered_expression,direct terms where identified; Article 4 for uncovered expression
flan,niv2_fsopt_data__task077_splash_explanation_to_sql.parquet,25000,18234272,3646854.4,niv2_fsopt,,,,,,,,,,,,,flan_submixture,flan_collection_uncovered_expression,direct terms where identified; Article 4 for uncovered expression
flan,niv2_fsopt_data__task078_all_elements_except_last_i.parquet,25000,9206572,1841314.4,niv2_fsopt,,,,,,,,,,,,,flan_submixture,flan_collection_uncovered_expression,direct terms where identified; Article 4 for uncovered expression
flan,niv2_fsopt_data__task079_conala_concat_strings.parquet,25000,3625117,725023.4,niv2_fsopt,,,,,,,,,,,,,flan_submixture,flan_collection_uncovered_expression,direct terms where identified; Article 4 for uncovered expression
flan,niv2_fsopt_data__task080_piqa_answer_generation.parquet,25000,4707104,941420.8,niv2_fsopt,,,,,,,,,,,,,flan_submixture,flan_collection_uncovered_expression,direct terms where identified; Article 4 for uncovered expression
flan,niv2_fsopt_data__task081_piqa_wrong_answer_generation.parquet,25000,7070422,1414084.4,niv2_fsopt,,,,,,,,,,,,,flan_submixture,flan_collection_uncovered_expression,direct terms where identified; Article 4 for uncovered expression
flan,niv2_fsopt_data__task082_babi_t1_single_supporting_fact_question_generation.parquet,9915,2054570,410914.0,niv2_fsopt,,,,,,,,,,,,,flan_submixture,flan_collection_uncovered_expression,direct terms where identified; Article 4 for uncovered expression
flan,niv2_fsopt_data__task083_babi_t1_single_supporting_fact_answer_generation.parquet,9915,2227405,445481.0,niv2_fsopt,,,,,,,,,,,,,flan_submixture,flan_collection_uncovered_expression,direct terms where identified; Article 4 for uncovered expression
flan,niv2_fsopt_data__task084_babi_t1_single_supporting_fact_identify_relevant_fact.parquet,9905,2767185,553437.0,niv2_fsopt,,,,,,,,,,,,,flan_submixture,flan_collection_uncovered_expression,direct terms where identified; Article 4 for uncovered expression
flan,niv2_fsopt_data__task085_unnatural_addsub_arithmetic.parquet,25000,4519014,903802.8,niv2_fsopt,,,,,,,,,,,,,flan_submixture,flan_collection_uncovered_expression,direct terms where identified; Article 4 for uncovered expression
flan,niv2_fsopt_data__task086_translated_symbol_arithmetic.parquet,25000,5129566,1025913.2,niv2_fsopt,,,,,,,,,,,,,flan_submixture,flan_collection_uncovered_expression,direct terms where identified; Article 4 for uncovered expression
flan,niv2_fsopt_data__task087_new_operator_addsub_arithmetic.parquet,25000,4843947,968789.4,niv2_fsopt,,,,,,,,,,,,,flan_submixture,flan_collection_uncovered_expression,direct terms where identified; Article 4 for uncovered expression
flan,niv2_fsopt_data__task088_identify_typo_verification.parquet,25000,5572844,1114568.8,niv2_fsopt,,,,,,,,,,,,,flan_submixture,flan_collection_uncovered_expression,direct terms where identified; Article 4 for uncovered expression
flan,niv2_fsopt_data__task089_swap_words_verification.parquet,25000,4744839,948967.8,niv2_fsopt,,,,,,,,,,,,,flan_submixture,flan_collection_uncovered_expression,direct terms where identified; Article 4 for uncovered expression
flan,niv2_fsopt_data__task090_equation_learner_algebra.parquet,25000,6966281,1393256.2,niv2_fsopt,,,,,,,,,,,,,flan_submixture,flan_collection_uncovered_expression,direct terms where identified; Article 4 for uncovered expression
flan,niv2_fsopt_data__task091_all_elements_from_index_i_to_j.parquet,25000,10120454,2024090.8,niv2_fsopt,,,,,,,,,,,,,flan_submixture,flan_collection_uncovered_expression,direct terms where identified; Article 4 for uncovered expression
flan,niv2_fsopt_data__task092_check_prime_classification.parquet,25000,2920016,584003.2,niv2_fsopt,,,,,,,,,,,,,flan_submixture,flan_collection_uncovered_expression,direct terms where identified; Article 4 for uncovered expression
flan,niv2_fsopt_data__task093_conala_normalize_lists.parquet,25000,7814399,1562879.8,niv2_fsopt,,,,,,,,,,,,,flan_submixture,flan_collection_uncovered_expression,direct terms where identified; Article 4 for uncovered expression
flan,niv2_fsopt_data__task094_conala_calculate_mean.parquet,25000,5765894,1153178.8,niv2_fsopt,,,,,,,,,,,,,flan_submixture,flan_collection_uncovered_expression,direct terms where identified; Article 4 for uncovered expression
flan,niv2_fsopt_data__task095_conala_max_absolute_value.parquet,25000,7130762,1426152.4,niv2_fsopt,,,,,,,,,,,,,flan_submixture,flan_collection_uncovered_expression,direct terms where identified; Article 4 for uncovered expression
flan,niv2_fsopt_data__task096_conala_list_index_subtraction.parquet,25000,7744635,1548927.0,niv2_fsopt,,,,,,,,,,,,,flan_submixture,flan_collection_uncovered_expression,direct terms where identified; Article 4 for uncovered expression
flan,niv2_fsopt_data__task097_conala_remove_duplicates.parquet,25000,4215085,843017.0,niv2_fsopt,,,,,,,,,,,,,flan_submixture,flan_collection_uncovered_expression,direct terms where identified; Article 4 for uncovered expression
flan,niv2_fsopt_data__task098_conala_list_intersection.parquet,25000,7010613,1402122.6,niv2_fsopt,,,,,,,,,,,,,flan_submixture,flan_collection_uncovered_expression,direct terms where identified; Article 4 for uncovered expression
flan,niv2_fsopt_data__task099_reverse_elements_between_index_i_and_j.parquet,25000,8553190,1710638.0,niv2_fsopt,,,,,,,,,,,,,flan_submixture,flan_collection_uncovered_expression,direct terms where identified; Article 4 for uncovered expression
flan,niv2_fsopt_data__task1000_pib_translation_tamil_malayalam.parquet,14950,3789170,757834.0,niv2_fsopt,,,,,,,,,,,,,flan_submixture,flan_collection_uncovered_expression,direct terms where identified; Article 4 for uncovered expression
flan,niv2_fsopt_data__task1001_pib_translation_gujarati_urdu.parquet,14955,4375400,875080.0,niv2_fsopt,,,,,,,,,,,,,flan_submixture,flan_collection_uncovered_expression,direct terms where identified; Article 4 for uncovered expression
flan,niv2_fsopt_data__task1002_pib_translation_urdu_gujarati.parquet,14960,5041770,1008354.0,niv2_fsopt,,,,,,,,,,,,,flan_submixture,flan_collection_uncovered_expression,direct terms where identified; Article 4 for uncovered expression
flan,niv2_fsopt_data__task1003_pib_translation_bengali_malayalam.parquet,14955,3459455,691891.0,niv2_fsopt,,,,,,,,,,,,,flan_submixture,flan_collection_uncovered_expression,direct terms where identified; Article 4 for uncovered expression
flan,niv2_fsopt_data__task1004_pib_translation_malayalam_bengali.parquet,14960,3316260,663252.0,niv2_fsopt,,,,,,,,,,,,,flan_submixture,flan_collection_uncovered_expression,direct terms where identified; Article 4 for uncovered expression
flan,niv2_fsopt_data__task1005_pib_translation_malayalam_punjabi.parquet,14945,4737645,947529.0,niv2_fsopt,,,,,,,,,,,,,flan_submixture,flan_collection_uncovered_expression,direct terms where identified; Article 4 for uncovered expression
flan,niv2_fsopt_data__task1006_pib_translation_punjabi_malayalam.parquet,14955,4629300,925860.0,niv2_fsopt,,,,,,,,,,,,,flan_submixture,flan_collection_uncovered_expression,direct terms where identified; Article 4 for uncovered expression
flan,niv2_fsopt_data__task1007_pib_translation_english_punjabi.parquet,14960,5257375,1051475.0,niv2_fsopt,,,,,,,,,,,,,flan_submixture,flan_collection_uncovered_expression,direct terms where identified; Article 4 for uncovered expression
flan,niv2_fsopt_data__task1008_pib_translation_punjabi_english.parquet,14960,7474440,1494888.0,niv2_fsopt,,,,,,,,,,,,,flan_submixture,flan_collection_uncovered_expression,direct terms where identified; Article 4 for uncovered expression
flan,niv2_fsopt_data__task1009_pib_translation_bengali_hindi.parquet,14955,3419180,683836.0,niv2_fsopt,,,,,,,,,,,,,flan_submixture,flan_collection_uncovered_expression,direct terms where identified; Article 4 for uncovered expression
flan,niv2_fsopt_data__task100_concatenate_all_elements_from_index_i_to_j.parquet,25000,9628845,1925769.0,niv2_fsopt,,,,,,,,,,,,,flan_submixture,flan_collection_uncovered_expression,direct terms where identified; Article 4 for uncovered expression
flan,niv2_fsopt_data__task1010_pib_translation_hindi_bengali.parquet,14950,3533605,706721.0,niv2_fsopt,,,,,,,,,,,,,flan_submixture,flan_collection_uncovered_expression,direct terms where identified; Article 4 for uncovered expression
flan,niv2_fsopt_data__task1011_pib_translation_hindi_punjabi.parquet,14945,4933770,986754.0,niv2_fsopt,,,,,,,,,,,,,flan_submixture,flan_collection_uncovered_expression,direct terms where identified; Article 4 for uncovered expression
flan,niv2_fsopt_data__task1012_pib_translation_punjabi_hindi.parquet,14960,4873615,974723.0,niv2_fsopt,,,,,,,,,,,,,flan_submixture,flan_collection_uncovered_expression,direct terms where identified; Article 4 for uncovered expression
flan,niv2_fsopt_data__task1013_pib_translation_gujarati_telugu.parquet,14960,4535265,907053.0,niv2_fsopt,,,,,,,,,,,,,flan_submixture,flan_collection_uncovered_expression,direct terms where identified; Article 4 for uncovered expression
flan,niv2_fsopt_data__task1014_pib_translation_telugu_gujarati.parquet,14950,4835290,967058.0,niv2_fsopt,,,,,,,,,,,,,flan_submixture,flan_collection_uncovered_expression,direct terms where identified; Article 4 for uncovered expression
flan,niv2_fsopt_data__task1015_pib_translation_punjabi_tamil.parquet,14960,4515955,903191.0,niv2_fsopt,,,,,,,,,,,,,flan_submixture,flan_collection_uncovered_expression,direct terms where identified; Article 4 for uncovered expression
flan,niv2_fsopt_data__task1016_pib_translation_tamil_punjabi.parquet,14955,4309300,861860.0,niv2_fsopt,,,,,,,,,,,,,flan_submixture,flan_collection_uncovered_expression,direct terms where identified; Article 4 for uncovered expression
flan,niv2_fsopt_data__task1017_pib_translation_hindi_malayalam.parquet,14960,3739230,747846.0,niv2_fsopt,,,,,,,,,,,,,flan_submixture,flan_collection_uncovered_expression,direct terms where identified; Article 4 for uncovered expression
flan,niv2_fsopt_data__task1018_pib_translation_malayalam_hindi.parquet,14940,3541235,708247.0,niv2_fsopt,,,,,,,,,,,,,flan_submixture,flan_collection_uncovered_expression,direct terms where identified; Article 4 for uncovered expression
flan,niv2_fsopt_data__task1019_pib_translation_oriya_telugu.parquet,1785,744530,148906.0,niv2_fsopt,,,,,,,,,,,,,flan_submixture,flan_collection_uncovered_expression,direct terms where identified; Article 4 for uncovered expression
flan,niv2_fsopt_data__task101_reverse_and_concatenate_all_elements_from_index_i_to_j.parquet,25000,9178046,1835609.2,niv2_fsopt,,,,,,,,,,,,,flan_submixture,flan_collection_uncovered_expression,direct terms where identified; Article 4 for uncovered expression
flan,niv2_fsopt_data__task1020_pib_translation_telugu_oriya.parquet,1790,816790,163358.0,niv2_fsopt,,,,,,,,,,,,,flan_submixture,flan_collection_uncovered_expression,direct terms where identified; Article 4 for uncovered expression
flan,niv2_fsopt_data__task1021_pib_translation_english_malayalam.parquet,14950,3888930,777786.0,niv2_fsopt,,,,,,,,,,,,,flan_submixture,flan_collection_uncovered_expression,direct terms where identified; Article 4 for uncovered expression
flan,niv2_fsopt_data__task1022_pib_translation_malayalam_english.parquet,14950,3364045,672809.0,niv2_fsopt,,,,,,,,,,,,,flan_submixture,flan_collection_uncovered_expression,direct terms where identified; Article 4 for uncovered expression
flan,niv2_fsopt_data__task1023_pib_translation_english_hindi.parquet,14960,3052325,610465.0,niv2_fsopt,,,,,,,,,,,,,flan_submixture,flan_collection_uncovered_expression,direct terms where identified; Article 4 for uncovered expression
flan,niv2_fsopt_data__task1024_pib_translation_hindi_english.parquet,14945,3573115,714623.0,niv2_fsopt,,,,,,,,,,,,,flan_submixture,flan_collection_uncovered_expression,direct terms where identified; Article 4 for uncovered expression
flan,niv2_fsopt_data__task1025_pib_translation_bengali_punjabi.parquet,14960,5258125,1051625.0,niv2_fsopt,,,,,,,,,,,,,flan_submixture,flan_collection_uncovered_expression,direct terms where identified; Article 4 for uncovered expression
flan,niv2_fsopt_data__task1026_pib_translation_punjabi_bengali.parquet,14955,4994880,998976.0,niv2_fsopt,,,,,,,,,,,,,flan_submixture,flan_collection_uncovered_expression,direct terms where identified; Article 4 for uncovered expression
flan,niv2_fsopt_data__task1027_pib_translation_marathi_telugu.parquet,8250,2476355,495271.0,niv2_fsopt,,,,,,,,,,,,,flan_submixture,flan_collection_uncovered_expression,direct terms where identified; Article 4 for uncovered expression
flan,niv2_fsopt_data__task1028_pib_translation_telugu_marathi.parquet,8245,2515850,503170.0,niv2_fsopt,,,,,,,,,,,,,flan_submixture,flan_collection_uncovered_expression,direct terms where identified; Article 4 for uncovered expression
flan,niv2_fsopt_data__task1029_pib_translation_marathi_punjabi.parquet,14960,4691245,938249.0,niv2_fsopt,,,,,,,,,,,,,flan_submixture,flan_collection_uncovered_expression,direct terms where identified; Article 4 for uncovered expression
flan,niv2_fsopt_data__task102_commongen_sentence_generation.parquet,25000,4093023,818604.6,niv2_fsopt,,,,,,,,,,,,,flan_submixture,flan_collection_uncovered_expression,direct terms where identified; Article 4 for uncovered expression
flan,niv2_fsopt_data__task1030_pib_translation_punjabi_marathi.parquet,14960,4932230,986446.0,niv2_fsopt,,,,,,,,,,,,,flan_submixture,flan_collection_uncovered_expression,direct terms where identified; Article 4 for uncovered expression
flan,niv2_fsopt_data__task1031_pib_translation_bengali_telugu.parquet,9130,2216815,443363.0,niv2_fsopt,,,,,,,,,,,,,flan_submixture,flan_collection_uncovered_expression,direct terms where identified; Article 4 for uncovered expression
flan,niv2_fsopt_data__task1032_pib_translation_telugu_bengali.parquet,9120,2467395,493479.0,niv2_fsopt,,,,,,,,,,,,,flan_submixture,flan_collection_uncovered_expression,direct terms where identified; Article 4 for uncovered expression
flan,niv2_fsopt_data__task1033_pib_translation_gujarati_hindi.parquet,14955,3732370,746474.0,niv2_fsopt,,,,,,,,,,,,,flan_submixture,flan_collection_uncovered_expression,direct terms where identified; Article 4 for uncovered expression
flan,niv2_fsopt_data__task1034_pib_translation_hindi_gujarati.parquet,14955,4536940,907388.0,niv2_fsopt,,,,,,,,,,,,,flan_submixture,flan_collection_uncovered_expression,direct terms where identified; Article 4 for uncovered expression
flan,niv2_fsopt_data__task1035_pib_translation_tamil_urdu.parquet,14955,4001340,800268.0,niv2_fsopt,,,,,,,,,,,,,flan_submixture,flan_collection_uncovered_expression,direct terms where identified; Article 4 for uncovered expression
flan,niv2_fsopt_data__task1036_pib_translation_urdu_tamil.parquet,14945,5127120,1025424.0,niv2_fsopt,,,,,,,,,,,,,flan_submixture,flan_collection_uncovered_expression,direct terms where identified; Article 4 for uncovered expression
flan,niv2_fsopt_data__task1037_pib_translation_telugu_urdu.parquet,5600,1689200,337840.0,niv2_fsopt,,,,,,,,,,,,,flan_submixture,flan_collection_uncovered_expression,direct terms where identified; Article 4 for uncovered expression
flan,niv2_fsopt_data__task1038_pib_translation_urdu_telugu.parquet,5600,1750830,350166.0,niv2_fsopt,,,,,,,,,,,,,flan_submixture,flan_collection_uncovered_expression,direct terms where identified; Article 4 for uncovered expression
flan,niv2_fsopt_data__task1039_pib_translation_oriya_punjabi.parquet,8845,6034275,1206855.0,niv2_fsopt,,,,,,,,,,,,,flan_submixture,flan_collection_uncovered_expression,direct terms where identified; Article 4 for uncovered expression
flan,niv2_fsopt_data__task103_facts2story_long_text_generation.parquet,25000,41631895,8326379.0,niv2_fsopt,,,,,,,,,,,,,flan_submixture,flan_collection_uncovered_expression,direct terms where identified; Article 4 for uncovered expression
flan,niv2_fsopt_data__task1040_pib_translation_punjabi_oriya.parquet,8845,5824630,1164926.0,niv2_fsopt,,,,,,,,,,,,,flan_submixture,flan_collection_uncovered_expression,direct terms where identified; Article 4 for uncovered expression
flan,niv2_fsopt_data__task1041_pib_translation_gujarati_malayalam.parquet,14955,4169885,833977.0,niv2_fsopt,,,,,,,,,,,,,flan_submixture,flan_collection_uncovered_expression,direct terms where identified; Article 4 for uncovered expression
flan,niv2_fsopt_data__task1042_pib_translation_malayalam_gujarati.parquet,14960,4275840,855168.0,niv2_fsopt,,,,,,,,,,,,,flan_submixture,flan_collection_uncovered_expression,direct terms where identified; Article 4 for uncovered expression
flan,niv2_fsopt_data__task1043_pib_translation_gujarati_punjabi.parquet,14955,5067985,1013597.0,niv2_fsopt,,,,,,,,,,,,,flan_submixture,flan_collection_uncovered_expression,direct terms where identified; Article 4 for uncovered expression
flan,niv2_fsopt_data__task1044_pib_translation_punjabi_gujarati.parquet,14950,5412815,1082563.0,niv2_fsopt,,,,,,,,,,,,,flan_submixture,flan_collection_uncovered_expression,direct terms where identified; Article 4 for uncovered expression
flan,niv2_fsopt_data__task1045_pib_translation_hindi_telugu.parquet,14955,3957335,791467.0,niv2_fsopt,,,,,,,,,,,,,flan_submixture,flan_collection_uncovered_expression,direct terms where identified; Article 4 for uncovered expression
flan,niv2_fsopt_data__task1046_pib_translation_telugu_hindi.parquet,14955,4445760,889152.0,niv2_fsopt,,,,,,,,,,,,,flan_submixture,flan_collection_uncovered_expression,direct terms where identified; Article 4 for uncovered expression
flan,niv2_fsopt_data__task1047_pib_translation_english_telugu.parquet,14960,3890500,778100.0,niv2_fsopt,,,,,,,,,,,,,flan_submixture,flan_collection_uncovered_expression,direct terms where identified; Article 4 for uncovered expression
flan,niv2_fsopt_data__task1048_pib_translation_telugu_english.parquet,14950,4362105,872421.0,niv2_fsopt,,,,,,,,,,,,,flan_submixture,flan_collection_uncovered_expression,direct terms where identified; Article 4 for uncovered expression
flan,niv2_fsopt_data__task1049_pib_translation_malayalam_telugu.parquet,11915,3278665,655733.0,niv2_fsopt,,,,,,,,,,,,,flan_submixture,flan_collection_uncovered_expression,direct terms where identified; Article 4 for uncovered expression
flan,niv2_fsopt_data__task104_semeval_2019_task10_closed_vocabulary_mathematical_answer_generation.parquet,6830,2934710,586942.0,niv2_fsopt,,,,,,,,,,,,,flan_submixture,flan_collection_uncovered_expression,direct terms where identified; Article 4 for uncovered expression
flan,niv2_fsopt_data__task1050_pib_translation_telugu_malayalam.parquet,11920,3298070,659614.0,niv2_fsopt,,,,,,,,,,,,,flan_submixture,flan_collection_uncovered_expression,direct terms where identified; Article 4 for uncovered expression
flan,niv2_fsopt_data__task1051_pib_translation_punjabi_urdu.parquet,14945,6810805,1362161.0,niv2_fsopt,,,,,,,,,,,,,flan_submixture,flan_collection_uncovered_expression,direct terms where identified; Article 4 for uncovered expression
flan,niv2_fsopt_data__task1052_pib_translation_urdu_punjabi.parquet,14950,6938805,1387761.0,niv2_fsopt,,,,,,,,,,,,,flan_submixture,flan_collection_uncovered_expression,direct terms where identified; Article 4 for uncovered expression
flan,niv2_fsopt_data__task1053_pib_translation_hindi_urdu.parquet,14950,4563920,912784.0,niv2_fsopt,,,,,,,,,,,,,flan_submixture,flan_collection_uncovered_expression,direct terms where identified; Article 4 for uncovered expression
flan,niv2_fsopt_data__task1054_pib_translation_urdu_hindi.parquet,14950,5018335,1003667.0,niv2_fsopt,,,,,,,,,,,,,flan_submixture,flan_collection_uncovered_expression,direct terms where identified; Article 4 for uncovered expression
flan,niv2_fsopt_data__task1055_pib_translation_marathi_oriya.parquet,8630,3938675,787735.0,niv2_fsopt,,,,,,,,,,,,,flan_submixture,flan_collection_uncovered_expression,direct terms where identified; Article 4 for uncovered expression
flan,niv2_fsopt_data__task1056_pib_translation_oriya_marathi.parquet,8620,3417030,683406.0,niv2_fsopt,,,,,,,,,,,,,flan_submixture,flan_collection_uncovered_expression,direct terms where identified; Article 4 for uncovered expression
flan,niv2_fsopt_data__task1057_pib_translation_english_urdu.parquet,14955,4653275,930655.0,niv2_fsopt,,,,,,,,,,,,,flan_submixture,flan_collection_uncovered_expression,direct terms where identified; Article 4 for uncovered expression
flan,niv2_fsopt_data__task1058_pib_translation_urdu_english.parquet,14955,5478595,1095719.0,niv2_fsopt,,,,,,,,,,,,,flan_submixture,flan_collection_uncovered_expression,direct terms where identified; Article 4 for uncovered expression
flan,niv2_fsopt_data__task1059_pib_translation_malayalam_urdu.parquet,12160,3294115,658823.0,niv2_fsopt,,,,,,,,,,,,,flan_submixture,flan_collection_uncovered_expression,direct terms where identified; Article 4 for uncovered expression
flan,niv2_fsopt_data__task105_story_cloze-rocstories_sentence_generation.parquet,25000,6210724,1242144.8,niv2_fsopt,,,,,,,,,,,,,flan_submixture,flan_collection_uncovered_expression,direct terms where identified; Article 4 for uncovered expression
flan,niv2_fsopt_data__task1060_pib_translation_urdu_malayalam.parquet,12160,3248700,649740.0,niv2_fsopt,,,,,,,,,,,,,flan_submixture,flan_collection_uncovered_expression,direct terms where identified; Article 4 for uncovered expression
flan,niv2_fsopt_data__task1061_pib_translation_bengali_marathi.parquet,14950,3257595,651519.0,niv2_fsopt,,,,,,,,,,,,,flan_submixture,flan_collection_uncovered_expression,direct terms where identified; Article 4 for uncovered expression
flan,niv2_fsopt_data__task1062_pib_translation_marathi_bengali.parquet,14955,2955500,591100.0,niv2_fsopt,,,,,,,,,,,,,flan_submixture,flan_collection_uncovered_expression,direct terms where identified; Article 4 for uncovered expression
flan,niv2_fsopt_data__task1063_pib_translation_gujarati_tamil.parquet,14960,4152930,830586.0,niv2_fsopt,,,,,,,,,,,,,flan_submixture,flan_collection_uncovered_expression,direct terms where identified; Article 4 for uncovered expression
flan,niv2_fsopt_data__task1064_pib_translation_tamil_gujarati.parquet,14960,4002375,800475.0,niv2_fsopt,,,,,,,,,,,,,flan_submixture,flan_collection_uncovered_expression,direct terms where identified; Article 4 for uncovered expression
flan,niv2_fsopt_data__task1065_pib_translation_punjabi_telugu.parquet,10820,4008865,801773.0,niv2_fsopt,,,,,,,,,,,,,flan_submixture,flan_collection_uncovered_expression,direct terms where identified; Article 4 for uncovered expression
flan,niv2_fsopt_data__task1066_pib_translation_telugu_punjabi.parquet,10820,4112835,822567.0,niv2_fsopt,,,,,,,,,,,,,flan_submixture,flan_collection_uncovered_expression,direct terms where identified; Article 4 for uncovered expression
flan,niv2_fsopt_data__task1067_pib_translation_bengali_gujarati.parquet,14960,4092520,818504.0,niv2_fsopt,,,,,,,,,,,,,flan_submixture,flan_collection_uncovered_expression,direct terms where identified; Article 4 for uncovered expression
flan,niv2_fsopt_data__task1068_pib_translation_gujarati_bengali.parquet,14960,4731230,946246.0,niv2_fsopt,,,,,,,,,,,,,flan_submixture,flan_collection_uncovered_expression,direct terms where identified; Article 4 for uncovered expression
flan,niv2_fsopt_data__task1069_pib_translation_bengali_urdu.parquet,14955,4411525,882305.0,niv2_fsopt,,,,,,,,,,,,,flan_submixture,flan_collection_uncovered_expression,direct terms where identified; Article 4 for uncovered expression
flan,niv2_fsopt_data__task106_scruples_ethical_judgment.parquet,25000,3951180,790236.0,niv2_fsopt,,,,,,,,,,,,,flan_submixture,flan_collection_uncovered_expression,direct terms where identified; Article 4 for uncovered expression
flan,niv2_fsopt_data__task1070_pib_translation_urdu_bengali.parquet,14950,4401390,880278.0,niv2_fsopt,,,,,,,,,,,,,flan_submixture,flan_collection_uncovered_expression,direct terms where identified; Article 4 for uncovered expression
flan,niv2_fsopt_data__task1071_pib_translation_malayalam_marathi.parquet,14960,3728310,745662.0,niv2_fsopt,,,,,,,,,,,,,flan_submixture,flan_collection_uncovered_expression,direct terms where identified; Article 4 for uncovered expression
flan,niv2_fsopt_data__task1072_pib_translation_marathi_malayalam.parquet,14955,3827345,765469.0,niv2_fsopt,,,,,,,,,,,,,flan_submixture,flan_collection_uncovered_expression,direct terms where identified; Article 4 for uncovered expression
flan,niv2_fsopt_data__task1073_pib_translation_oriya_tamil.parquet,9700,4196430,839286.0,niv2_fsopt,,,,,,,,,,,,,flan_submixture,flan_collection_uncovered_expression,direct terms where identified; Article 4 for uncovered expression
flan,niv2_fsopt_data__task1074_pib_translation_tamil_oriya.parquet,9700,4063925,812785.0,niv2_fsopt,,,,,,,,,,,,,flan_submixture,flan_collection_uncovered_expression,direct terms where identified; Article 4 for uncovered expression
flan,niv2_fsopt_data__task1075_pib_translation_tamil_telugu.parquet,14950,3913135,782627.0,niv2_fsopt,,,,,,,,,,,,,flan_submixture,flan_collection_uncovered_expression,direct terms where identified; Article 4 for uncovered expression
flan,niv2_fsopt_data__task1076_pib_translation_telugu_tamil.parquet,14950,3874220,774844.0,niv2_fsopt,,,,,,,,,,,,,flan_submixture,flan_collection_uncovered_expression,direct terms where identified; Article 4 for uncovered expression
flan,niv2_fsopt_data__task1077_pib_translation_gujarati_oriya.parquet,6155,2835645,567129.0,niv2_fsopt,,,,,,,,,,,,,flan_submixture,flan_collection_uncovered_expression,direct terms where identified; Article 4 for uncovered expression
flan,niv2_fsopt_data__task1078_pib_translation_oriya_gujarati.parquet,6160,3884035,776807.0,niv2_fsopt,,,,,,,,,,,,,flan_submixture,flan_collection_uncovered_expression,direct terms where identified; Article 4 for uncovered expression
flan,niv2_fsopt_data__task1079_pib_translation_english_gujarati.parquet,14955,3619005,723801.0,niv2_fsopt,,,,,,,,,,,,,flan_submixture,flan_collection_uncovered_expression,direct terms where identified; Article 4 for uncovered expression
flan,niv2_fsopt_data__task107_splash_question_to_sql.parquet,20295,13541760,2708352.0,niv2_fsopt,,,,,,,,,,,,,flan_submixture,flan_collection_uncovered_expression,direct terms where identified; Article 4 for uncovered expression
flan,niv2_fsopt_data__task1080_pib_translation_gujarati_english.parquet,14955,3997195,799439.0,niv2_fsopt,,,,,,,,,,,,,flan_submixture,flan_collection_uncovered_expression,direct terms where identified; Article 4 for uncovered expression
flan,niv2_fsopt_data__task1081_pib_translation_hindi_marathi.parquet,14960,3044040,608808.0,niv2_fsopt,,,,,,,,,,,,,flan_submixture,flan_collection_uncovered_expression,direct terms where identified; Article 4 for uncovered expression
flan,niv2_fsopt_data__task1082_pib_translation_marathi_hindi.parquet,14950,2936730,587346.0,niv2_fsopt,,,,,,,,,,,,,flan_submixture,flan_collection_uncovered_expression,direct terms where identified; Article 4 for uncovered expression
flan,niv2_fsopt_data__task1083_pib_translation_marathi_tamil.parquet,14940,3231580,646316.0,niv2_fsopt,,,,,,,,,,,,,flan_submixture,flan_collection_uncovered_expression,direct terms where identified; Article 4 for uncovered expression
flan,niv2_fsopt_data__task1084_pib_translation_tamil_marathi.parquet,14960,3201220,640244.0,niv2_fsopt,,,,,,,,,,,,,flan_submixture,flan_collection_uncovered_expression,direct terms where identified; Article 4 for uncovered expression
flan,niv2_fsopt_data__task1085_pib_translation_english_marathi.parquet,14955,3066795,613359.0,niv2_fsopt,,,,,,,,,,,,,flan_submixture,flan_collection_uncovered_expression,direct terms where identified; Article 4 for uncovered expression
flan,niv2_fsopt_data__task1086_pib_translation_marathi_english.parquet,14955,2965775,593155.0,niv2_fsopt,,,,,,,,,,,,,flan_submixture,flan_collection_uncovered_expression,direct terms where identified; Article 4 for uncovered expression
flan,niv2_fsopt_data__task1087_two_number_sum.parquet,2000,558025,111605.0,niv2_fsopt,,,,,,,,,,,,,flan_submixture,flan_collection_uncovered_expression,direct terms where identified; Article 4 for uncovered expression
flan,niv2_fsopt_data__task1088_array_of_products.parquet,1500,602760,120552.0,niv2_fsopt,,,,,,,,,,,,,flan_submixture,flan_collection_uncovered_expression,direct terms where identified; Article 4 for uncovered expression
flan,niv2_fsopt_data__task1089_check_monotonic_array.parquet,1590,569720,113944.0,niv2_fsopt,,,,,,,,,,,,,flan_submixture,flan_collection_uncovered_expression,direct terms where identified; Article 4 for uncovered expression
flan,niv2_fsopt_data__task108_contextualabusedetection_classification.parquet,25000,10290891,2058178.2,niv2_fsopt,,,,,,,,,,,,,flan_submixture,flan_collection_uncovered_expression,direct terms where identified; Article 4 for uncovered expression
flan,niv2_fsopt_data__task1090_ted_translation_en_gl.parquet,25000,4067241,813448.2,niv2_fsopt,,,,,,,,,,,,,flan_submixture,flan_collection_uncovered_expression,direct terms where identified; Article 4 for uncovered expression
flan,niv2_fsopt_data__task1091_ted_translation_en_it.parquet,25000,4488450,897690.0,niv2_fsopt,,,,,,,,,,,,,flan_submixture,flan_collection_uncovered_expression,direct terms where identified; Article 4 for uncovered expression
flan,niv2_fsopt_data__task1092_ted_translation_en_pl.parquet,25000,4260759,852151.8,niv2_fsopt,,,,,,,,,,,,,flan_submixture,flan_collection_uncovered_expression,direct terms where identified; Article 4 for uncovered expression
flan,niv2_fsopt_data__task1093_ted_translation_en_fa.parquet,25000,4779716,955943.2,niv2_fsopt,,,,,,,,,,,,,flan_submixture,flan_collection_uncovered_expression,direct terms where identified; Article 4 for uncovered expression
flan,niv2_fsopt_data__task1094_ted_translation_en_pt.parquet,25000,4795012,959002.4,niv2_fsopt,,,,,,,,,,,,,flan_submixture,flan_collection_uncovered_expression,direct terms where identified; Article 4 for uncovered expression
flan,niv2_fsopt_data__task1095_ted_translation_ja_gl.parquet,25000,3938550,787710.0,niv2_fsopt,,,,,,,,,,,,,flan_submixture,flan_collection_uncovered_expression,direct terms where identified; Article 4 for uncovered expression
flan,niv2_fsopt_data__task1096_ted_translation_ja_it.parquet,25000,4378947,875789.4,niv2_fsopt,,,,,,,,,,,,,flan_submixture,flan_collection_uncovered_expression,direct terms where identified; Article 4 for uncovered expression
flan,niv2_fsopt_data__task1097_ted_translation_ja_pl.parquet,25000,4071680,814336.0,niv2_fsopt,,,,,,,,,,,,,flan_submixture,flan_collection_uncovered_expression,direct terms where identified; Article 4 for uncovered expression
flan,niv2_fsopt_data__task1098_ted_translation_ja_fa.parquet,25000,5002591,1000518.2,niv2_fsopt,,,,,,,,,,,,,flan_submixture,flan_collection_uncovered_expression,direct terms where identified; Article 4 for uncovered expression
flan,niv2_fsopt_data__task1099_ted_translation_ja_pt.parquet,25000,3734280,746856.0,niv2_fsopt,,,,,,,,,,,,,flan_submixture,flan_collection_uncovered_expression,direct terms where identified; Article 4 for uncovered expression
flan,niv2_fsopt_data__task1100_ted_translation_es_gl.parquet,25000,3895528,779105.6,niv2_fsopt,,,,,,,,,,,,,flan_submixture,flan_collection_uncovered_expression,direct terms where identified; Article 4 for uncovered expression
flan,niv2_fsopt_data__task1101_ted_translation_es_it.parquet,25000,4259064,851812.8,niv2_fsopt,,,,,,,,,,,,,flan_submixture,flan_collection_uncovered_expression,direct terms where identified; Article 4 for uncovered expression
flan,niv2_fsopt_data__task1102_ted_translation_es_pl.parquet,25000,4308047,861609.4,niv2_fsopt,,,,,,,,,,,,,flan_submixture,flan_collection_uncovered_expression,direct terms where identified; Article 4 for uncovered expression
flan,niv2_fsopt_data__task1103_ted_translation_es_fa.parquet,25000,5122153,1024430.6,niv2_fsopt,,,,,,,,,,,,,flan_submixture,flan_collection_uncovered_expression,direct terms where identified; Article 4 for uncovered expression
flan,niv2_fsopt_data__task1104_ted_translation_es_pt.parquet,25000,4114603,822920.6,niv2_fsopt,,,,,,,,,,,,,flan_submixture,flan_collection_uncovered_expression,direct terms where identified; Article 4 for uncovered expression
flan,niv2_fsopt_data__task1105_ted_translation_ar_gl.parquet,25000,4286896,857379.2,niv2_fsopt,,,,,,,,,,,,,flan_submixture,flan_collection_uncovered_expression,direct terms where identified; Article 4 for uncovered expression
flan,niv2_fsopt_data__task1106_ted_translation_ar_it.parquet,25000,4954233,990846.6,niv2_fsopt,,,,,,,,,,,,,flan_submixture,flan_collection_uncovered_expression,direct terms where identified; Article 4 for uncovered expression
flan,niv2_fsopt_data__task1107_ted_translation_ar_pl.parquet,25000,4524349,904869.8,niv2_fsopt,,,,,,,,,,,,,flan_submixture,flan_collection_uncovered_expression,direct terms where identified; Article 4 for uncovered expression
flan,niv2_fsopt_data__task1108_ted_translation_ar_fa.parquet,25000,6146192,1229238.4,niv2_fsopt,,,,,,,,,,,,,flan_submixture,flan_collection_uncovered_expression,direct terms where identified; Article 4 for uncovered expression
flan,niv2_fsopt_data__task1109_ted_translation_ar_pt.parquet,25000,4006362,801272.4,niv2_fsopt,,,,,,,,,,,,,flan_submixture,flan_collection_uncovered_expression,direct terms where identified; Article 4 for uncovered expression
flan,niv2_fsopt_data__task110_logic2text_sentence_generation.parquet,25000,20168650,4033730.0,niv2_fsopt,,,,,,,,,,,,,flan_submixture,flan_collection_uncovered_expression,direct terms where identified; Article 4 for uncovered expression
flan,niv2_fsopt_data__task1110_ted_translation_he_gl.parquet,25000,5492908,1098581.6,niv2_fsopt,,,,,,,,,,,,,flan_submixture,flan_collection_uncovered_expression,direct terms where identified; Article 4 for uncovered expression
flan,niv2_fsopt_data__task1111_ted_translation_he_it.parquet,25000,4789108,957821.6,niv2_fsopt,,,,,,,,,,,,,flan_submixture,flan_collection_uncovered_expression,direct terms where identified; Article 4 for uncovered expression
flan,niv2_fsopt_data__task1112_ted_translation_he_pl.parquet,25000,8344937,1668987.4,niv2_fsopt,,,,,,,,,,,,,flan_submixture,flan_collection_uncovered_expression,direct terms where identified; Article 4 for uncovered expression
flan,niv2_fsopt_data__task1113_ted_translation_he_fa.parquet,25000,5726121,1145224.2,niv2_fsopt,,,,,,,,,,,,,flan_submixture,flan_collection_uncovered_expression,direct terms where identified; Article 4 for uncovered expression
flan,niv2_fsopt_data__task1114_ted_translation_he_pt.parquet,25000,4560983,912196.6,niv2_fsopt,,,,,,,,,,,,,flan_submixture,flan_collection_uncovered_expression,direct terms where identified; Article 4 for uncovered expression
flan,niv2_fsopt_data__task1115_alt_ja_id_translation.parquet,25000,6469491,1293898.2,niv2_fsopt,,,,,,,,,,,,,flan_submixture,flan_collection_uncovered_expression,direct terms where identified; Article 4 for uncovered expression
flan,niv2_fsopt_data__task1116_alt_id_ja_translation.parquet,25000,6864933,1372986.6,niv2_fsopt,,,,,,,,,,,,,flan_submixture,flan_collection_uncovered_expression,direct terms where identified; Article 4 for uncovered expression
flan,niv2_fsopt_data__task1117_alt_ja_id_answer_generation.parquet,25000,7266817,1453363.4,niv2_fsopt,,,,,,,,,,,,,flan_submixture,flan_collection_uncovered_expression,direct terms where identified; Article 4 for uncovered expression
flan,niv2_fsopt_data__task1118_alt_ja_fil_translation.parquet,25000,7360395,1472079.0,niv2_fsopt,,,,,,,,,,,,,flan_submixture,flan_collection_uncovered_expression,direct terms where identified; Article 4 for uncovered expression
flan,niv2_fsopt_data__task1119_alt_fil_ja_translation.parquet,25000,7727479,1545495.8,niv2_fsopt,,,,,,,,,,,,,flan_submixture,flan_collection_uncovered_expression,direct terms where identified; Article 4 for uncovered expression
flan,niv2_fsopt_data__task111_asset_sentence_simplification.parquet,19990,5326160,1065232.0,niv2_fsopt,,,,,,,,,,,,,flan_submixture,flan_collection_uncovered_expression,direct terms where identified; Article 4 for uncovered expression
flan,niv2_fsopt_data__task1120_alt_ja_fil_answer_generation.parquet,25000,7973409,1594681.8,niv2_fsopt,,,,,,,,,,,,,flan_submixture,flan_collection_uncovered_expression,direct terms where identified; Article 4 for uncovered expression
flan,niv2_fsopt_data__task1121_alt_ja_khm_translation.parquet,25000,8750542,1750108.4,niv2_fsopt,,,,,,,,,,,,,flan_submixture,flan_collection_uncovered_expression,direct terms where identified; Article 4 for uncovered expression
flan,niv2_fsopt_data__task1122_alt_khm_ja_translation.parquet,25000,9158656,1831731.2,niv2_fsopt,,,,,,,,,,,,,flan_submixture,flan_collection_uncovered_expression,direct terms where identified; Article 4 for uncovered expression
flan,niv2_fsopt_data__task1123_alt_ja_khm_answer_generation.parquet,25000,9342187,1868437.4,niv2_fsopt,,,,,,,,,,,,,flan_submixture,flan_collection_uncovered_expression,direct terms where identified; Article 4 for uncovered expression
flan,niv2_fsopt_data__task1124_alt_ja_lo_translation.parquet,25000,8998199,1799639.8,niv2_fsopt,,,,,,,,,,,,,flan_submixture,flan_collection_uncovered_expression,direct terms where identified; Article 4 for uncovered expression
flan,niv2_fsopt_data__task1125_alt_lo_ja_translation.parquet,25000,9263696,1852739.2,niv2_fsopt,,,,,,,,,,,,,flan_submixture,flan_collection_uncovered_expression,direct terms where identified; Article 4 for uncovered expression
flan,niv2_fsopt_data__task1126_alt_ja_lo_answer_generation.parquet,25000,9460762,1892152.4,niv2_fsopt,,,,,,,,,,,,,flan_submixture,flan_collection_uncovered_expression,direct terms where identified; Article 4 for uncovered expression
flan,niv2_fsopt_data__task1127_alt_ja_th_translation.parquet,25000,7460217,1492043.4,niv2_fsopt,,,,,,,,,,,,,flan_submixture,flan_collection_uncovered_expression,direct terms where identified; Article 4 for uncovered expression
flan,niv2_fsopt_data__task1128_alt_th_ja_translation.parquet,25000,7809081,1561816.2,niv2_fsopt,,,,,,,,,,,,,flan_submixture,flan_collection_uncovered_expression,direct terms where identified; Article 4 for uncovered expression
flan,niv2_fsopt_data__task1129_alt_ja_th_answer_generation.parquet,25000,7929798,1585959.6,niv2_fsopt,,,,,,,,,,,,,flan_submixture,flan_collection_uncovered_expression,direct terms where identified; Article 4 for uncovered expression
flan,niv2_fsopt_data__task112_asset_simple_sentence_identification.parquet,25000,6605682,1321136.4,niv2_fsopt,,,,,,,,,,,,,flan_submixture,flan_collection_uncovered_expression,direct terms where identified; Article 4 for uncovered expression
flan,niv2_fsopt_data__task1130_xcsr_vi_commonsense_mc_classification.parquet,9920,2277625,455525.0,niv2_fsopt,,,,,,,,,,,,,flan_submixture,flan_collection_uncovered_expression,direct terms where identified; Article 4 for uncovered expression
flan,niv2_fsopt_data__task1131_xcsr_es_commonsense_mc_classification.parquet,9920,2112075,422415.0,niv2_fsopt,,,,,,,,,,,,,flan_submixture,flan_collection_uncovered_expression,direct terms where identified; Article 4 for uncovered expression
flan,niv2_fsopt_data__task1132_xcsr_ur_commonsense_mc_classification.parquet,9920,2268840,453768.0,niv2_fsopt,,,,,,,,,,,,,flan_submixture,flan_collection_uncovered_expression,direct terms where identified; Article 4 for uncovered expression
flan,niv2_fsopt_data__task1133_xcsr_nl_commonsense_mc_classification.parquet,9930,2194510,438902.0,niv2_fsopt,,,,,,,,,,,,,flan_submixture,flan_collection_uncovered_expression,direct terms where identified; Article 4 for uncovered expression
flan,niv2_fsopt_data__task1134_xcsr_hi_commonsense_mc_classification.parquet,9930,2146320,429264.0,niv2_fsopt,,,,,,,,,,,,,flan_submixture,flan_collection_uncovered_expression,direct terms where identified; Article 4 for uncovered expression
flan,niv2_fsopt_data__task1135_xcsr_en_commonsense_mc_classification.parquet,9925,1906455,381291.0,niv2_fsopt,,,,,,,,,,,,,flan_submixture,flan_collection_uncovered_expression,direct terms where identified; Article 4 for uncovered expression
flan,niv2_fsopt_data__task1136_xcsr_fr_commonsense_mc_classification.parquet,9930,2210230,442046.0,niv2_fsopt,,,,,,,,,,,,,flan_submixture,flan_collection_uncovered_expression,direct terms where identified; Article 4 for uncovered expression
flan,niv2_fsopt_data__task1137_xcsr_pt_commonsense_mc_classification.parquet,9930,2144675,428935.0,niv2_fsopt,,,,,,,,,,,,,flan_submixture,flan_collection_uncovered_expression,direct terms where identified; Article 4 for uncovered expression
flan,niv2_fsopt_data__task1138_xcsr_de_commonsense_mc_classification.parquet,9930,2134470,426894.0,niv2_fsopt,,,,,,,,,,,,,flan_submixture,flan_collection_uncovered_expression,direct terms where identified; Article 4 for uncovered expression
flan,niv2_fsopt_data__task1139_xcsr_ru_commonsense_mc_classification.parquet,9925,2159560,431912.0,niv2_fsopt,,,,,,,,,,,,,flan_submixture,flan_collection_uncovered_expression,direct terms where identified; Article 4 for uncovered expression
flan,niv2_fsopt_data__task113_count_frequency_of_letter.parquet,25000,3118932,623786.4,niv2_fsopt,,,,,,,,,,,,,flan_submixture,flan_collection_uncovered_expression,direct terms where identified; Article 4 for uncovered expression
flan,niv2_fsopt_data__task1140_xcsr_pl_commonsense_mc_classification.parquet,9920,2319120,463824.0,niv2_fsopt,,,,,,,,,,,,,flan_submixture,flan_collection_uncovered_expression,direct terms where identified; Article 4 for uncovered expression
flan,niv2_fsopt_data__task1141_xcsr_zh_commonsense_mc_classification.parquet,9925,2024740,404948.0,niv2_fsopt,,,,,,,,,,,,,flan_submixture,flan_collection_uncovered_expression,direct terms where identified; Article 4 for uncovered expression
flan,niv2_fsopt_data__task1142_xcsr_ar_commonsense_mc_classification.parquet,9925,2393620,478724.0,niv2_fsopt,,,,,,,,,,,,,flan_submixture,flan_collection_uncovered_expression,direct terms where identified; Article 4 for uncovered expression
flan,niv2_fsopt_data__task1143_xcsr_it_commonsense_mc_classification.parquet,9930,2140050,428010.0,niv2_fsopt,,,,,,,,,,,,,flan_submixture,flan_collection_uncovered_expression,direct terms where identified; Article 4 for uncovered expression
flan,niv2_fsopt_data__task1144_xcsr_sw_commonsense_mc_classification.parquet,9930,2423235,484647.0,niv2_fsopt,,,,,,,,,,,,,flan_submixture,flan_collection_uncovered_expression,direct terms where identified; Article 4 for uncovered expression
flan,niv2_fsopt_data__task1145_xcsr_jap_commonsense_mc_classification.parquet,9925,2243780,448756.0,niv2_fsopt,,,,,,,,,,,,,flan_submixture,flan_collection_uncovered_expression,direct terms where identified; Article 4 for uncovered expression
flan,niv2_fsopt_data__task1146_country_capital.parquet,2310,167590,33518.0,niv2_fsopt,,,,,,,,,,,,,flan_submixture,flan_collection_uncovered_expression,direct terms where identified; Article 4 for uncovered expression
flan,niv2_fsopt_data__task1147_country_currency.parquet,2320,160985,32197.0,niv2_fsopt,,,,,,,,,,,,,flan_submixture,flan_collection_uncovered_expression,direct terms where identified; Article 4 for uncovered expression
flan,niv2_fsopt_data__task1148_maximum_ascii_value.parquet,2000,300595,60119.0,niv2_fsopt,,,,,,,,,,,,,flan_submixture,flan_collection_uncovered_expression,direct terms where identified; Article 4 for uncovered expression
flan,niv2_fsopt_data__task1149_item_check_edible.parquet,1185,94445,18889.0,niv2_fsopt,,,,,,,,,,,,,flan_submixture,flan_collection_uncovered_expression,direct terms where identified; Article 4 for uncovered expression
flan,niv2_fsopt_data__task114_is_the_given_word_longest.parquet,25000,4553366,910673.2,niv2_fsopt,,,,,,,,,,,,,flan_submixture,flan_collection_uncovered_expression,direct terms where identified; Article 4 for uncovered expression
flan,niv2_fsopt_data__task1150_delete_max_min.parquet,1500,761080,152216.0,niv2_fsopt,,,,,,,,,,,,,flan_submixture,flan_collection_uncovered_expression,direct terms where identified; Article 4 for uncovered expression
flan,niv2_fsopt_data__task1151_swap_max_min.parquet,2000,984820,196964.0,niv2_fsopt,,,,,,,,,,,,,flan_submixture,flan_collection_uncovered_expression,direct terms where identified; Article 4 for uncovered expression
flan,niv2_fsopt_data__task1152_bard_analogical_reasoning_causation.parquet,2040,296755,59351.0,niv2_fsopt,,,,,,,,,,,,,flan_submixture,flan_collection_uncovered_expression,direct terms where identified; Article 4 for uncovered expression
flan,niv2_fsopt_data__task1153_bard_analogical_reasoning_affordance.parquet,20175,3510450,702090.0,niv2_fsopt,,,,,,,,,,,,,flan_submixture,flan_collection_uncovered_expression,direct terms where identified; Article 4 for uncovered expression
flan,niv2_fsopt_data__task1154_bard_analogical_reasoning_travel.parquet,8040,1126940,225388.0,niv2_fsopt,,,,,,,,,,,,,flan_submixture,flan_collection_uncovered_expression,direct terms where identified; Article 4 for uncovered expression
flan,niv2_fsopt_data__task1155_bard_analogical_reasoning_trash_or_treasure.parquet,5460,980440,196088.0,niv2_fsopt,,,,,,,,,,,,,flan_submixture,flan_collection_uncovered_expression,direct terms where identified; Article 4 for uncovered expression
flan,niv2_fsopt_data__task1156_bard_analogical_reasoning_tools.parquet,6575,913340,182668.0,niv2_fsopt,,,,,,,,,,,,,flan_submixture,flan_collection_uncovered_expression,direct terms where identified; Article 4 for uncovered expression
flan,niv2_fsopt_data__task1157_bard_analogical_reasoning_rooms_for_containers.parquet,9665,1281060,256212.0,niv2_fsopt,,,,,,,,,,,,,flan_submixture,flan_collection_uncovered_expression,direct terms where identified; Article 4 for uncovered expression
flan,niv2_fsopt_data__task1158_bard_analogical_reasoning_manipulating_items.parquet,3760,561925,112385.0,niv2_fsopt,,,,,,,,,,,,,flan_submixture,flan_collection_uncovered_expression,direct terms where identified; Article 4 for uncovered expression
flan,niv2_fsopt_data__task1159_bard_analogical_reasoning_containers.parquet,6975,938655,187731.0,niv2_fsopt,,,,,,,,,,,,,flan_submixture,flan_collection_uncovered_expression,direct terms where identified; Article 4 for uncovered expression
flan,niv2_fsopt_data__task115_help_advice_classification.parquet,25000,6154796,1230959.2,niv2_fsopt,,,,,,,,,,,,,flan_submixture,flan_collection_uncovered_expression,direct terms where identified; Article 4 for uncovered expression
flan,niv2_fsopt_data__task1161_coda19_title_generation.parquet,25000,24448385,4889677.0,niv2_fsopt,,,,,,,,,,,,,flan_submixture,flan_collection_uncovered_expression,direct terms where identified; Article 4 for uncovered expression
flan,niv2_fsopt_data__task1162_coda19_title_classification.parquet,25000,24182256,4836451.2,niv2_fsopt,,,,,,,,,,,,,flan_submixture,flan_collection_uncovered_expression,direct terms where identified; Article 4 for uncovered expression
flan,niv2_fsopt_data__task1163_coda19_section_classification.parquet,25000,6537393,1307478.6,niv2_fsopt,,,,,,,,,,,,,flan_submixture,flan_collection_uncovered_expression,direct terms where identified; Article 4 for uncovered expression
flan,niv2_fsopt_data__task1164_coda19_section_correction_classification.parquet,25000,7692934,1538586.8,niv2_fsopt,,,,,,,,,,,,,flan_submixture,flan_collection_uncovered_expression,direct terms where identified; Article 4 for uncovered expression
flan,niv2_fsopt_data__task1167_penn_treebank_coarse_pos_tagging.parquet,25000,16140934,3228186.8,niv2_fsopt,,,,,,,,,,,,,flan_submixture,flan_collection_uncovered_expression,direct terms where identified; Article 4 for uncovered expression
flan,niv2_fsopt_data__task1168_brown_coarse_pos_tagging.parquet,25000,15255079,3051015.8,niv2_fsopt,,,,,,,,,,,,,flan_submixture,flan_collection_uncovered_expression,direct terms where identified; Article 4 for uncovered expression
flan,niv2_fsopt_data__task1168_xcopa_commonsense_reasoning_ht.parquet,5970,1261015,252203.0,niv2_fsopt,,,,,,,,,,,,,flan_submixture,flan_collection_uncovered_expression,direct terms where identified; Article 4 for uncovered expression
flan,niv2_fsopt_data__task1169_xcopa_commonsense_cause_effect_ht.parquet,5965,904215,180843.0,niv2_fsopt,,,,,,,,,,,,,flan_submixture,flan_collection_uncovered_expression,direct terms where identified; Article 4 for uncovered expression
flan,niv2_fsopt_data__task116_com2sense_commonsense_reasoning.parquet,19480,2916590,583318.0,niv2_fsopt,,,,,,,,,,,,,flan_submixture,flan_collection_uncovered_expression,direct terms where identified; Article 4 for uncovered expression
flan,niv2_fsopt_data__task1170_xcopa_commonsense_reasoning_id.parquet,5970,1191350,238270.0,niv2_fsopt,,,,,,,,,,,,,flan_submixture,flan_collection_uncovered_expression,direct terms where identified; Article 4 for uncovered expression
flan,niv2_fsopt_data__task1171_xcopa_commonsense_cause_effect_id.parquet,5960,851485,170297.0,niv2_fsopt,,,,,,,,,,,,,flan_submixture,flan_collection_uncovered_expression,direct terms where identified; Article 4 for uncovered expression
flan,niv2_fsopt_data__task1172_xcopa_commonsense_reasoning_it.parquet,5970,1219110,243822.0,niv2_fsopt,,,,,,,,,,,,,flan_submixture,flan_collection_uncovered_expression,direct terms where identified; Article 4 for uncovered expression
flan,niv2_fsopt_data__task1173_xcopa_commonsense_cause_effect_it.parquet,5970,879975,175995.0,niv2_fsopt,,,,,,,,,,,,,flan_submixture,flan_collection_uncovered_expression,direct terms where identified; Article 4 for uncovered expression
flan,niv2_fsopt_data__task1174_xcopa_commonsense_reasoning_sw.parquet,5970,1308065,261613.0,niv2_fsopt,,,,,,,,,,,,,flan_submixture,flan_collection_uncovered_expression,direct terms where identified; Article 4 for uncovered expression
flan,niv2_fsopt_data__task1175_xcopa_commonsense_cause_effect_sw.parquet,5970,946365,189273.0,niv2_fsopt,,,,,,,,,,,,,flan_submixture,flan_collection_uncovered_expression,direct terms where identified; Article 4 for uncovered expression
flan,niv2_fsopt_data__task1176_xcopa_commonsense_reasoning_ta.parquet,5970,1283770,256754.0,niv2_fsopt,,,,,,,,,,,,,flan_submixture,flan_collection_uncovered_expression,direct terms where identified; Article 4 for uncovered expression
flan,niv2_fsopt_data__task1177_xcopa_commonsense_cause_effect_ta.parquet,5970,905970,181194.0,niv2_fsopt,,,,,,,,,,,,,flan_submixture,flan_collection_uncovered_expression,direct terms where identified; Article 4 for uncovered expression
flan,niv2_fsopt_data__task1178_xcopa_commonsense_reasoning_th.parquet,5970,1163575,232715.0,niv2_fsopt,,,,,,,,,,,,,flan_submixture,flan_collection_uncovered_expression,direct terms where identified; Article 4 for uncovered expression
flan,niv2_fsopt_data__task1179_xcopa_commonsense_cause_effect_th.parquet,5970,828380,165676.0,niv2_fsopt,,,,,,,,,,,,,flan_submixture,flan_collection_uncovered_expression,direct terms where identified; Article 4 for uncovered expression
flan,niv2_fsopt_data__task117_spl_translation_en_de.parquet,3580,1149220,229844.0,niv2_fsopt,,,,,,,,,,,,,flan_submixture,flan_collection_uncovered_expression,direct terms where identified; Article 4 for uncovered expression
flan,niv2_fsopt_data__task1180_xcopa_commonsense_reasoning_tr.parquet,5970,1200990,240198.0,niv2_fsopt,,,,,,,,,,,,,flan_submixture,flan_collection_uncovered_expression,direct terms where identified; Article 4 for uncovered expression
flan,niv2_fsopt_data__task1181_xcopa_commonsense_cause_effect_tr.parquet,5970,857570,171514.0,niv2_fsopt,,,,,,,,,,,,,flan_submixture,flan_collection_uncovered_expression,direct terms where identified; Article 4 for uncovered expression
flan,niv2_fsopt_data__task1182_xcopa_commonsense_reasoning_vi.parquet,5965,1198580,239716.0,niv2_fsopt,,,,,,,,,,,,,flan_submixture,flan_collection_uncovered_expression,direct terms where identified; Article 4 for uncovered expression
flan,niv2_fsopt_data__task1183_xcopa_commonsense_cause_effect_vi.parquet,5960,860880,172176.0,niv2_fsopt,,,,,,,,,,,,,flan_submixture,flan_collection_uncovered_expression,direct terms where identified; Article 4 for uncovered expression
flan,niv2_fsopt_data__task1184_xcopa_commonsense_reasoning_zh.parquet,5970,1132110,226422.0,niv2_fsopt,,,,,,,,,,,,,flan_submixture,flan_collection_uncovered_expression,direct terms where identified; Article 4 for uncovered expression
flan,niv2_fsopt_data__task1185_xcopa_commonsense_cause_effect_zh.parquet,5970,815050,163010.0,niv2_fsopt,,,,,,,,,,,,,flan_submixture,flan_collection_uncovered_expression,direct terms where identified; Article 4 for uncovered expression
flan,niv2_fsopt_data__task1186_nne_hrngo_classification.parquet,25000,4451336,890267.2,niv2_fsopt,,,,,,,,,,,,,flan_submixture,flan_collection_uncovered_expression,direct terms where identified; Article 4 for uncovered expression
flan,niv2_fsopt_data__task1187_politifact_classification.parquet,25000,5299962,1059992.4,niv2_fsopt,,,,,,,,,,,,,flan_submixture,flan_collection_uncovered_expression,direct terms where identified; Article 4 for uncovered expression
flan,niv2_fsopt_data__task1188_count_max_freq_char.parquet,1955,290950,58190.0,niv2_fsopt,,,,,,,,,,,,,flan_submixture,flan_collection_uncovered_expression,direct terms where identified; Article 4 for uncovered expression
flan,niv2_fsopt_data__task1189_check_char_in_string.parquet,1960,260540,52108.0,niv2_fsopt,,,,,,,,,,,,,flan_submixture,flan_collection_uncovered_expression,direct terms where identified; Article 4 for uncovered expression
flan,niv2_fsopt_data__task118_semeval_2019_task10_open_vocabulary_mathematical_answer_generation.parquet,2430,1093145,218629.0,niv2_fsopt,,,,,,,,,,,,,flan_submixture,flan_collection_uncovered_expression,direct terms where identified; Article 4 for uncovered expression
flan,niv2_fsopt_data__task1190_add_integer_to_list.parquet,1960,1104000,220800.0,niv2_fsopt,,,,,,,,,,,,,flan_submixture,flan_collection_uncovered_expression,direct terms where identified; Article 4 for uncovered expression
flan,niv2_fsopt_data__task1191_food_veg_nonveg.parquet,1010,95055,19011.0,niv2_fsopt,,,,,,,,,,,,,flan_submixture,flan_collection_uncovered_expression,direct terms where identified; Article 4 for uncovered expression
flan,niv2_fsopt_data__task1192_food_flavor_profile.parquet,2170,178220,35644.0,niv2_fsopt,,,,,,,,,,,,,flan_submixture,flan_collection_uncovered_expression,direct terms where identified; Article 4 for uncovered expression
flan,niv2_fsopt_data__task1193_food_course_classification.parquet,2200,197345,39469.0,niv2_fsopt,,,,,,,,,,,,,flan_submixture,flan_collection_uncovered_expression,direct terms where identified; Article 4 for uncovered expression
flan,niv2_fsopt_data__task1194_kth_largest_element.parquet,2000,651795,130359.0,niv2_fsopt,,,,,,,,,,,,,flan_submixture,flan_collection_uncovered_expression,direct terms where identified; Article 4 for uncovered expression
flan,niv2_fsopt_data__task1195_disflqa_disfluent_to_fluent_conversion.parquet,25000,3576293,715258.6,niv2_fsopt,,,,,,,,,,,,,flan_submixture,flan_collection_uncovered_expression,direct terms where identified; Article 4 for uncovered expression
flan,niv2_fsopt_data__task1196_atomic_classification_oeffect.parquet,25000,6294000,1258800.0,niv2_fsopt,,,,,,,,,,,,,flan_submixture,flan_collection_uncovered_expression,direct terms where identified; Article 4 for uncovered expression
flan,niv2_fsopt_data__task1197_atomic_classification_oreact.parquet,25000,6706954,1341390.8,niv2_fsopt,,,,,,,,,,,,,flan_submixture,flan_collection_uncovered_expression,direct terms where identified; Article 4 for uncovered expression
flan,niv2_fsopt_data__task1198_atomic_classification_owant.parquet,25000,6754160,1350832.0,niv2_fsopt,,,,,,,,,,,,,flan_submixture,flan_collection_uncovered_expression,direct terms where identified; Article 4 for uncovered expression
flan,niv2_fsopt_data__task1199_atomic_classification_xattr.parquet,25000,7277607,1455521.4,niv2_fsopt,,,,,,,,,,,,,flan_submixture,flan_collection_uncovered_expression,direct terms where identified; Article 4 for uncovered expression
flan,niv2_fsopt_data__task119_semeval_2019_task10_geometric_mathematical_answer_generation.parquet,1310,488035,97607.0,niv2_fsopt,,,,,,,,,,,,,flan_submixture,flan_collection_uncovered_expression,direct terms where identified; Article 4 for uncovered expression
flan,niv2_fsopt_data__task1200_atomic_classification_xeffect.parquet,25000,5868027,1173605.4,niv2_fsopt,,,,,,,,,,,,,flan_submixture,flan_collection_uncovered_expression,direct terms where identified; Article 4 for uncovered expression
flan,niv2_fsopt_data__task1201_atomic_classification_xintent.parquet,25000,6437959,1287591.8,niv2_fsopt,,,,,,,,,,,,,flan_submixture,flan_collection_uncovered_expression,direct terms where identified; Article 4 for uncovered expression
flan,niv2_fsopt_data__task1202_atomic_classification_xneed.parquet,25000,6664750,1332950.0,niv2_fsopt,,,,,,,,,,,,,flan_submixture,flan_collection_uncovered_expression,direct terms where identified; Article 4 for uncovered expression
flan,niv2_fsopt_data__task1203_atomic_classification_xreact.parquet,25000,6472900,1294580.0,niv2_fsopt,,,,,,,,,,,,,flan_submixture,flan_collection_uncovered_expression,direct terms where identified; Article 4 for uncovered expression
flan,niv2_fsopt_data__task1204_atomic_classification_hinderedby.parquet,25000,6487845,1297569.0,niv2_fsopt,,,,,,,,,,,,,flan_submixture,flan_collection_uncovered_expression,direct terms where identified; Article 4 for uncovered expression
flan,niv2_fsopt_data__task1205_atomic_classification_isafter.parquet,25000,5229021,1045804.2,niv2_fsopt,,,,,,,,,,,,,flan_submixture,flan_collection_uncovered_expression,direct terms where identified; Article 4 for uncovered expression
flan,niv2_fsopt_data__task1206_atomic_classification_isbefore.parquet,25000,5296566,1059313.2,niv2_fsopt,,,,,,,,,,,,,flan_submixture,flan_collection_uncovered_expression,direct terms where identified; Article 4 for uncovered expression
flan,niv2_fsopt_data__task1207_atomic_classification_atlocation.parquet,25000,5091392,1018278.4,niv2_fsopt,,,,,,,,,,,,,flan_submixture,flan_collection_uncovered_expression,direct terms where identified; Article 4 for uncovered expression
flan,niv2_fsopt_data__task1208_atomic_classification_xreason.parquet,7315,1711650,342330.0,niv2_fsopt,,,,,,,,,,,,,flan_submixture,flan_collection_uncovered_expression,direct terms where identified; Article 4 for uncovered expression
flan,niv2_fsopt_data__task1209_atomic_classification_objectuse.parquet,25000,6066463,1213292.6,niv2_fsopt,,,,,,,,,,,,,flan_submixture,flan_collection_uncovered_expression,direct terms where identified; Article 4 for uncovered expression
flan,niv2_fsopt_data__task120_zest_text_modification.parquet,1410,439635,87927.0,niv2_fsopt,,,,,,,,,,,,,flan_submixture,flan_collection_uncovered_expression,direct terms where identified; Article 4 for uncovered expression
flan,niv2_fsopt_data__task1210_atomic_classification_madeupof.parquet,25000,5029076,1005815.2,niv2_fsopt,,,,,,,,,,,,,flan_submixture,flan_collection_uncovered_expression,direct terms where identified; Article 4 for uncovered expression
flan,niv2_fsopt_data__task1211_atomic_classification_hassubevent.parquet,25000,5474408,1094881.6,niv2_fsopt,,,,,,,,,,,,,flan_submixture,flan_collection_uncovered_expression,direct terms where identified; Article 4 for uncovered expression
flan,niv2_fsopt_data__task1212_atomic_classification_hasproperty.parquet,25000,6606554,1321310.8,niv2_fsopt,,,,,,,,,,,,,flan_submixture,flan_collection_uncovered_expression,direct terms where identified; Article 4 for uncovered expression
flan,niv2_fsopt_data__task1213_atomic_classification_desires.parquet,25000,5542053,1108410.6,niv2_fsopt,,,,,,,,,,,,,flan_submixture,flan_collection_uncovered_expression,direct terms where identified; Article 4 for uncovered expression
flan,niv2_fsopt_data__task1214_atomic_classification_xwant.parquet,25000,6562113,1312422.6,niv2_fsopt,,,,,,,,,,,,,flan_submixture,flan_collection_uncovered_expression,direct terms where identified; Article 4 for uncovered expression
flan,niv2_fsopt_data__task1215_atomic_classification_capableof.parquet,25000,5903830,1180766.0,niv2_fsopt,,,,,,,,,,,,,flan_submixture,flan_collection_uncovered_expression,direct terms where identified; Article 4 for uncovered expression
flan,niv2_fsopt_data__task1216_atomic_classification_causes.parquet,6990,1343915,268783.0,niv2_fsopt,,,,,,,,,,,,,flan_submixture,flan_collection_uncovered_expression,direct terms where identified; Article 4 for uncovered expression
flan,niv2_fsopt_data__task1217_atomic_answer_generation.parquet,25000,2943301,588660.2,niv2_fsopt,,,,,,,,,,,,,flan_submixture,flan_collection_uncovered_expression,direct terms where identified; Article 4 for uncovered expression
flan,niv2_fsopt_data__task1218_ted_translation_en_ja.parquet,25000,4258008,851601.6,niv2_fsopt,,,,,,,,,,,,,flan_submixture,flan_collection_uncovered_expression,direct terms where identified; Article 4 for uncovered expression
flan,niv2_fsopt_data__task1219_ted_translation_en_es.parquet,25000,4446005,889201.0,niv2_fsopt,,,,,,,,,,,,,flan_submixture,flan_collection_uncovered_expression,direct terms where identified; Article 4 for uncovered expression
flan,niv2_fsopt_data__task121_zest_text_modification.parquet,1270,542700,108540.0,niv2_fsopt,,,,,,,,,,,,,flan_submixture,flan_collection_uncovered_expression,direct terms where identified; Article 4 for uncovered expression
flan,niv2_fsopt_data__task1220_ted_translation_en_ar.parquet,25000,4428105,885621.0,niv2_fsopt,,,,,,,,,,,,,flan_submixture,flan_collection_uncovered_expression,direct terms where identified; Article 4 for uncovered expression
flan,niv2_fsopt_data__task1221_ted_translation_en_he.parquet,25000,4710523,942104.6,niv2_fsopt,,,,,,,,,,,,,flan_submixture,flan_collection_uncovered_expression,direct terms where identified; Article 4 for uncovered expression
flan,niv2_fsopt_data__task1222_ted_translation_ja_en.parquet,25000,4153996,830799.2,niv2_fsopt,,,,,,,,,,,,,flan_submixture,flan_collection_uncovered_expression,direct terms where identified; Article 4 for uncovered expression
flan,niv2_fsopt_data__task1223_ted_translation_ja_es.parquet,25000,4864849,972969.8,niv2_fsopt,,,,,,,,,,,,,flan_submixture,flan_collection_uncovered_expression,direct terms where identified; Article 4 for uncovered expression
flan,niv2_fsopt_data__task1224_ted_translation_ja_ar.parquet,25000,4351950,870390.0,niv2_fsopt,,,,,,,,,,,,,flan_submixture,flan_collection_uncovered_expression,direct terms where identified; Article 4 for uncovered expression
flan,niv2_fsopt_data__task1225_ted_translation_ja_he.parquet,25000,4655767,931153.4,niv2_fsopt,,,,,,,,,,,,,flan_submixture,flan_collection_uncovered_expression,direct terms where identified; Article 4 for uncovered expression
flan,niv2_fsopt_data__task1226_ted_translation_es_en.parquet,25000,4392663,878532.6,niv2_fsopt,,,,,,,,,,,,,flan_submixture,flan_collection_uncovered_expression,direct terms where identified; Article 4 for uncovered expression
flan,niv2_fsopt_data__task1227_ted_translation_es_ja.parquet,25000,4729488,945897.6,niv2_fsopt,,,,,,,,,,,,,flan_submixture,flan_collection_uncovered_expression,direct terms where identified; Article 4 for uncovered expression
flan,niv2_fsopt_data__task1228_ted_translation_es_ar.parquet,25000,5347102,1069420.4,niv2_fsopt,,,,,,,,,,,,,flan_submixture,flan_collection_uncovered_expression,direct terms where identified; Article 4 for uncovered expression
flan,niv2_fsopt_data__task1229_ted_translation_es_he.parquet,25000,4746025,949205.0,niv2_fsopt,,,,,,,,,,,,,flan_submixture,flan_collection_uncovered_expression,direct terms where identified; Article 4 for uncovered expression
flan,niv2_fsopt_data__task122_conala_list_index_addition.parquet,25000,12644247,2528849.4,niv2_fsopt,,,,,,,,,,,,,flan_submixture,flan_collection_uncovered_expression,direct terms where identified; Article 4 for uncovered expression
flan,niv2_fsopt_data__task1230_ted_translation_ar_en.parquet,25000,4478077,895615.4,niv2_fsopt,,,,,,,,,,,,,flan_submixture,flan_collection_uncovered_expression,direct terms where identified; Article 4 for uncovered expression
flan,niv2_fsopt_data__task1231_ted_translation_ar_ja.parquet,25000,4310944,862188.8,niv2_fsopt,,,,,,,,,,,,,flan_submixture,flan_collection_uncovered_expression,direct terms where identified; Article 4 for uncovered expression
flan,niv2_fsopt_data__task1232_ted_translation_ar_es.parquet,25000,5230941,1046188.2,niv2_fsopt,,,,,,,,,,,,,flan_submixture,flan_collection_uncovered_expression,direct terms where identified; Article 4 for uncovered expression
flan,niv2_fsopt_data__task1233_ted_translation_ar_he.parquet,25000,5445621,1089124.2,niv2_fsopt,,,,,,,,,,,,,flan_submixture,flan_collection_uncovered_expression,direct terms where identified; Article 4 for uncovered expression
flan,niv2_fsopt_data__task1234_ted_translation_he_en.parquet,25000,4679736,935947.2,niv2_fsopt,,,,,,,,,,,,,flan_submixture,flan_collection_uncovered_expression,direct terms where identified; Article 4 for uncovered expression
flan,niv2_fsopt_data__task1235_ted_translation_he_ja.parquet,25000,4517980,903596.0,niv2_fsopt,,,,,,,,,,,,,flan_submixture,flan_collection_uncovered_expression,direct terms where identified; Article 4 for uncovered expression
flan,niv2_fsopt_data__task1236_ted_translation_he_es.parquet,25000,4738268,947653.6,niv2_fsopt,,,,,,,,,,,,,flan_submixture,flan_collection_uncovered_expression,direct terms where identified; Article 4 for uncovered expression
flan,niv2_fsopt_data__task1237_ted_translation_he_ar.parquet,25000,5357931,1071586.2,niv2_fsopt,,,,,,,,,,,,,flan_submixture,flan_collection_uncovered_expression,direct terms where identified; Article 4 for uncovered expression
flan,niv2_fsopt_data__task1238_ted_translation_gl_en.parquet,25000,4104234,820846.8,niv2_fsopt,,,,,,,,,,,,,flan_submixture,flan_collection_uncovered_expression,direct terms where identified; Article 4 for uncovered expression
flan,niv2_fsopt_data__task1239_ted_translation_gl_ja.parquet,25000,4012611,802522.2,niv2_fsopt,,,,,,,,,,,,,flan_submixture,flan_collection_uncovered_expression,direct terms where identified; Article 4 for uncovered expression
flan,niv2_fsopt_data__task123_conala_sort_dictionary.parquet,25000,12722393,2544478.6,niv2_fsopt,,,,,,,,,,,,,flan_submixture,flan_collection_uncovered_expression,direct terms where identified; Article 4 for uncovered expression
flan,niv2_fsopt_data__task1240_ted_translation_gl_es.parquet,25000,3935336,787067.2,niv2_fsopt,,,,,,,,,,,,,flan_submixture,flan_collection_uncovered_expression,direct terms where identified; Article 4 for uncovered expression
flan,niv2_fsopt_data__task1241_ted_translation_gl_ar.parquet,25000,4377426,875485.2,niv2_fsopt,,,,,,,,,,,,,flan_submixture,flan_collection_uncovered_expression,direct terms where identified; Article 4 for uncovered expression
flan,niv2_fsopt_data__task1242_ted_translation_gl_he.parquet,25000,5496221,1099244.2,niv2_fsopt,,,,,,,,,,,,,flan_submixture,flan_collection_uncovered_expression,direct terms where identified; Article 4 for uncovered expression
flan,niv2_fsopt_data__task1243_ted_translation_gl_it.parquet,25000,4364590,872918.0,niv2_fsopt,,,,,,,,,,,,,flan_submixture,flan_collection_uncovered_expression,direct terms where identified; Article 4 for uncovered expression
flan,niv2_fsopt_data__task1244_ted_translation_gl_pl.parquet,25000,4594882,918976.4,niv2_fsopt,,,,,,,,,,,,,flan_submixture,flan_collection_uncovered_expression,direct terms where identified; Article 4 for uncovered expression
flan,niv2_fsopt_data__task1245_ted_translation_gl_fa.parquet,25000,5324470,1064894.0,niv2_fsopt,,,,,,,,,,,,,flan_submixture,flan_collection_uncovered_expression,direct terms where identified; Article 4 for uncovered expression
flan,niv2_fsopt_data__task1246_ted_translation_gl_pt.parquet,25000,4502388,900477.6,niv2_fsopt,,,,,,,,,,,,,flan_submixture,flan_collection_uncovered_expression,direct terms where identified; Article 4 for uncovered expression
flan,niv2_fsopt_data__task1247_ted_translation_it_en.parquet,25000,4517645,903529.0,niv2_fsopt,,,,,,,,,,,,,flan_submixture,flan_collection_uncovered_expression,direct terms where identified; Article 4 for uncovered expression
flan,niv2_fsopt_data__task1248_ted_translation_it_ja.parquet,25000,4388699,877739.8,niv2_fsopt,,,,,,,,,,,,,flan_submixture,flan_collection_uncovered_expression,direct terms where identified; Article 4 for uncovered expression
flan,niv2_fsopt_data__task1249_ted_translation_it_es.parquet,25000,4239020,847804.0,niv2_fsopt,,,,,,,,,,,,,flan_submixture,flan_collection_uncovered_expression,direct terms where identified; Article 4 for uncovered expression
flan,niv2_fsopt_data__task124_conala_pair_averages.parquet,25000,7916090,1583218.0,niv2_fsopt,,,,,,,,,,,,,flan_submixture,flan_collection_uncovered_expression,direct terms where identified; Article 4 for uncovered expression
flan,niv2_fsopt_data__task1250_ted_translation_it_ar.parquet,25000,4914691,982938.2,niv2_fsopt,,,,,,,,,,,,,flan_submixture,flan_collection_uncovered_expression,direct terms where identified; Article 4 for uncovered expression
flan,niv2_fsopt_data__task1251_ted_translation_it_he.parquet,25000,4706955,941391.0,niv2_fsopt,,,,,,,,,,,,,flan_submixture,flan_collection_uncovered_expression,direct terms where identified; Article 4 for uncovered expression
flan,niv2_fsopt_data__task1252_ted_translation_it_gl.parquet,25000,4370291,874058.2,niv2_fsopt,,,,,,,,,,,,,flan_submixture,flan_collection_uncovered_expression,direct terms where identified; Article 4 for uncovered expression
flan,niv2_fsopt_data__task1253_ted_translation_it_pl.parquet,25000,4496338,899267.6,niv2_fsopt,,,,,,,,,,,,,flan_submixture,flan_collection_uncovered_expression,direct terms where identified; Article 4 for uncovered expression
flan,niv2_fsopt_data__task1254_ted_translation_it_fa.parquet,25000,4548006,909601.2,niv2_fsopt,,,,,,,,,,,,,flan_submixture,flan_collection_uncovered_expression,direct terms where identified; Article 4 for uncovered expression
flan,niv2_fsopt_data__task1255_ted_translation_it_pt.parquet,25000,4665794,933158.8,niv2_fsopt,,,,,,,,,,,,,flan_submixture,flan_collection_uncovered_expression,direct terms where identified; Article 4 for uncovered expression
flan,niv2_fsopt_data__task1256_ted_translation_pl_en.parquet,25000,4418463,883692.6,niv2_fsopt,,,,,,,,,,,,,flan_submixture,flan_collection_uncovered_expression,direct terms where identified; Article 4 for uncovered expression
flan,niv2_fsopt_data__task1257_ted_translation_pl_ja.parquet,25000,4108197,821639.4,niv2_fsopt,,,,,,,,,,,,,flan_submixture,flan_collection_uncovered_expression,direct terms where identified; Article 4 for uncovered expression
flan,niv2_fsopt_data__task1258_ted_translation_pl_es.parquet,25000,4315603,863120.6,niv2_fsopt,,,,,,,,,,,,,flan_submixture,flan_collection_uncovered_expression,direct terms where identified; Article 4 for uncovered expression
flan,niv2_fsopt_data__task1259_ted_translation_pl_ar.parquet,25000,4571441,914288.2,niv2_fsopt,,,,,,,,,,,,,flan_submixture,flan_collection_uncovered_expression,direct terms where identified; Article 4 for uncovered expression
flan,niv2_fsopt_data__task125_conala_pair_differences.parquet,25000,5920444,1184088.8,niv2_fsopt,,,,,,,,,,,,,flan_submixture,flan_collection_uncovered_expression,direct terms where identified; Article 4 for uncovered expression
flan,niv2_fsopt_data__task1260_ted_translation_pl_he.parquet,25000,8382695,1676539.0,niv2_fsopt,,,,,,,,,,,,,flan_submixture,flan_collection_uncovered_expression,direct terms where identified; Article 4 for uncovered expression
flan,niv2_fsopt_data__task1261_ted_translation_pl_gl.parquet,25000,4600025,920005.0,niv2_fsopt,,,,,,,,,,,,,flan_submixture,flan_collection_uncovered_expression,direct terms where identified; Article 4 for uncovered expression
flan,niv2_fsopt_data__task1262_ted_translation_pl_it.parquet,25000,4495202,899040.4,niv2_fsopt,,,,,,,,,,,,,flan_submixture,flan_collection_uncovered_expression,direct terms where identified; Article 4 for uncovered expression
flan,niv2_fsopt_data__task1263_ted_translation_pl_fa.parquet,25000,5451459,1090291.8,niv2_fsopt,,,,,,,,,,,,,flan_submixture,flan_collection_uncovered_expression,direct terms where identified; Article 4 for uncovered expression
flan,niv2_fsopt_data__task1264_ted_translation_pl_pt.parquet,25000,4123935,824787.0,niv2_fsopt,,,,,,,,,,,,,flan_submixture,flan_collection_uncovered_expression,direct terms where identified; Article 4 for uncovered expression
flan,niv2_fsopt_data__task1265_ted_translation_fa_en.parquet,25000,5221910,1044382.0,niv2_fsopt,,,,,,,,,,,,,flan_submixture,flan_collection_uncovered_expression,direct terms where identified; Article 4 for uncovered expression
flan,niv2_fsopt_data__task1266_ted_translation_fa_ja.parquet,25000,4980492,996098.4,niv2_fsopt,,,,,,,,,,,,,flan_submixture,flan_collection_uncovered_expression,direct terms where identified; Article 4 for uncovered expression
flan,niv2_fsopt_data__task1267_ted_translation_fa_es.parquet,25000,5105256,1021051.2,niv2_fsopt,,,,,,,,,,,,,flan_submixture,flan_collection_uncovered_expression,direct terms where identified; Article 4 for uncovered expression
flan,niv2_fsopt_data__task1268_ted_translation_fa_ar.parquet,25000,6079055,1215811.0,niv2_fsopt,,,,,,,,,,,,,flan_submixture,flan_collection_uncovered_expression,direct terms where identified; Article 4 for uncovered expression
flan,niv2_fsopt_data__task1269_ted_translation_fa_he.parquet,25000,5723009,1144601.8,niv2_fsopt,,,,,,,,,,,,,flan_submixture,flan_collection_uncovered_expression,direct terms where identified; Article 4 for uncovered expression
flan,niv2_fsopt_data__task126_scan_structured_text_generation_command_action_all.parquet,25000,11431415,2286283.0,niv2_fsopt,,,,,,,,,,,,,flan_submixture,flan_collection_uncovered_expression,direct terms where identified; Article 4 for uncovered expression
flan,niv2_fsopt_data__task1270_ted_translation_fa_gl.parquet,25000,5196716,1039343.2,niv2_fsopt,,,,,,,,,,,,,flan_submixture,flan_collection_uncovered_expression,direct terms where identified; Article 4 for uncovered expression
flan,niv2_fsopt_data__task1271_ted_translation_fa_it.parquet,25000,4617833,923566.6,niv2_fsopt,,,,,,,,,,,,,flan_submixture,flan_collection_uncovered_expression,direct terms where identified; Article 4 for uncovered expression
flan,niv2_fsopt_data__task1272_ted_translation_fa_pl.parquet,25000,5429982,1085996.4,niv2_fsopt,,,,,,,,,,,,,flan_submixture,flan_collection_uncovered_expression,direct terms where identified; Article 4 for uncovered expression
flan,niv2_fsopt_data__task1273_ted_translation_fa_pt.parquet,25000,4473483,894696.6,niv2_fsopt,,,,,,,,,,,,,flan_submixture,flan_collection_uncovered_expression,direct terms where identified; Article 4 for uncovered expression
flan,niv2_fsopt_data__task1274_ted_translation_pt_en.parquet,25000,4813523,962704.6,niv2_fsopt,,,,,,,,,,,,,flan_submixture,flan_collection_uncovered_expression,direct terms where identified; Article 4 for uncovered expression
flan,niv2_fsopt_data__task1275_ted_translation_pt_ja.parquet,25000,3743772,748754.4,niv2_fsopt,,,,,,,,,,,,,flan_submixture,flan_collection_uncovered_expression,direct terms where identified; Article 4 for uncovered expression
flan,niv2_fsopt_data__task1276_ted_translation_pt_es.parquet,25000,4070707,814141.4,niv2_fsopt,,,,,,,,,,,,,flan_submixture,flan_collection_uncovered_expression,direct terms where identified; Article 4 for uncovered expression
flan,niv2_fsopt_data__task1277_ted_translation_pt_ar.parquet,25000,3954155,790831.0,niv2_fsopt,,,,,,,,,,,,,flan_submixture,flan_collection_uncovered_expression,direct terms where identified; Article 4 for uncovered expression
flan,niv2_fsopt_data__task1278_ted_translation_pt_he.parquet,25000,4529471,905894.2,niv2_fsopt,,,,,,,,,,,,,flan_submixture,flan_collection_uncovered_expression,direct terms where identified; Article 4 for uncovered expression
flan,niv2_fsopt_data__task1279_ted_translation_pt_gl.parquet,25000,4461882,892376.4,niv2_fsopt,,,,,,,,,,,,,flan_submixture,flan_collection_uncovered_expression,direct terms where identified; Article 4 for uncovered expression
flan,niv2_fsopt_data__task127_scan_long_text_generation_action_command_all.parquet,25000,11460025,2292005.0,niv2_fsopt,,,,,,,,,,,,,flan_submixture,flan_collection_uncovered_expression,direct terms where identified; Article 4 for uncovered expression
flan,niv2_fsopt_data__task1280_ted_translation_pt_it.parquet,25000,4712699,942539.8,niv2_fsopt,,,,,,,,,,,,,flan_submixture,flan_collection_uncovered_expression,direct terms where identified; Article 4 for uncovered expression
flan,niv2_fsopt_data__task1281_ted_translation_pt_pl.parquet,25000,4058160,811632.0,niv2_fsopt,,,,,,,,,,,,,flan_submixture,flan_collection_uncovered_expression,direct terms where identified; Article 4 for uncovered expression
flan,niv2_fsopt_data__task1282_ted_translation_pt_fa.parquet,25000,4471149,894229.8,niv2_fsopt,,,,,,,,,,,,,flan_submixture,flan_collection_uncovered_expression,direct terms where identified; Article 4 for uncovered expression
flan,niv2_fsopt_data__task1283_hrngo_quality_classification.parquet,25000,4195480,839096.0,niv2_fsopt,,,,,,,,,,,,,flan_submixture,flan_collection_uncovered_expression,direct terms where identified; Article 4 for uncovered expression
flan,niv2_fsopt_data__task1284_hrngo_informativeness_classification.parquet,17765,3049000,609800.0,niv2_fsopt,,,,,,,,,,,,,flan_submixture,flan_collection_uncovered_expression,direct terms where identified; Article 4 for uncovered expression
flan,niv2_fsopt_data__task1285_kpa_keypoint_matching.parquet,25000,5373317,1074663.4,niv2_fsopt,,,,,,,,,,,,,flan_submixture,flan_collection_uncovered_expression,direct terms where identified; Article 4 for uncovered expression
flan,niv2_fsopt_data__task1286_openbookqa_question_answering.parquet,25000,4376695,875339.0,niv2_fsopt,,,,,,,,,,,,,flan_submixture,flan_collection_uncovered_expression,direct terms where identified; Article 4 for uncovered expression
flan,niv2_fsopt_data__task1287_glue_qqp_paraphrasing.parquet,25000,4117489,823497.8,niv2_fsopt,,,,,,,,,,,,,flan_submixture,flan_collection_uncovered_expression,direct terms where identified; Article 4 for uncovered expression
flan,niv2_fsopt_data__task1288_glue_mrpc_paraphrasing.parquet,25000,5329194,1065838.8,niv2_fsopt,,,,,,,,,,,,,flan_submixture,flan_collection_uncovered_expression,direct terms where identified; Article 4 for uncovered expression
flan,niv2_fsopt_data__task1289_trec_classification.parquet,25000,4921759,984351.8,niv2_fsopt,,,,,,,,,,,,,flan_submixture,flan_collection_uncovered_expression,direct terms where identified; Article 4 for uncovered expression
flan,niv2_fsopt_data__task128_scan_structured_text_generation_command_action_short.parquet,25000,10635739,2127147.8,niv2_fsopt,,,,,,,,,,,,,flan_submixture,flan_collection_uncovered_expression,direct terms where identified; Article 4 for uncovered expression
flan,niv2_fsopt_data__task1290_xsum_summarization.parquet,25000,31116341,6223268.2,niv2_fsopt,,,,,,,,,,,,,flan_submixture,flan_collection_uncovered_expression,direct terms where identified; Article 4 for uncovered expression
flan,niv2_fsopt_data__task1291_multi_news_summarization.parquet,6825,26424360,5284872.0,niv2_fsopt,,,,,,,,,,,,,flan_submixture,flan_collection_uncovered_expression,direct terms where identified; Article 4 for uncovered expression
flan,niv2_fsopt_data__task1294_wiki_qa_answer_verification.parquet,21940,4047345,809469.0,niv2_fsopt,,,,,,,,,,,,,flan_submixture,flan_collection_uncovered_expression,direct terms where identified; Article 4 for uncovered expression
flan,niv2_fsopt_data__task1295_adversarial_qa_question_answering.parquet,25000,11910122,2382024.4,niv2_fsopt,,,,,,,,,,,,,flan_submixture,flan_collection_uncovered_expression,direct terms where identified; Article 4 for uncovered expression
flan,niv2_fsopt_data__task1296_wiki_hop_question_answering.parquet,25000,67391918,13478383.6,niv2_fsopt,,,,,,,,,,,,,flan_submixture,flan_collection_uncovered_expression,direct terms where identified; Article 4 for uncovered expression
flan,niv2_fsopt_data__task1297_qasc_question_answering.parquet,25000,7099257,1419851.4,niv2_fsopt,,,,,,,,,,,,,flan_submixture,flan_collection_uncovered_expression,direct terms where identified; Article 4 for uncovered expression
flan,niv2_fsopt_data__task129_scan_long_text_generation_action_command_short.parquet,25000,10661238,2132247.6,niv2_fsopt,,,,,,,,,,,,,flan_submixture,flan_collection_uncovered_expression,direct terms where identified; Article 4 for uncovered expression
flan,niv2_fsopt_data__task130_scan_structured_text_generation_command_action_long.parquet,25000,14664003,2932800.6,niv2_fsopt,,,,,,,,,,,,,flan_submixture,flan_collection_uncovered_expression,direct terms where identified; Article 4 for uncovered expression
flan,niv2_fsopt_data__task1314_country_abbreviation.parquet,2370,177400,35480.0,niv2_fsopt,,,,,,,,,,,,,flan_submixture,flan_collection_uncovered_expression,direct terms where identified; Article 4 for uncovered expression
flan,niv2_fsopt_data__task1315_find_range_array.parquet,1995,592630,118526.0,niv2_fsopt,,,,,,,,,,,,,flan_submixture,flan_collection_uncovered_expression,direct terms where identified; Article 4 for uncovered expression
flan,niv2_fsopt_data__task1316_remove_duplicates_string.parquet,2000,272010,54402.0,niv2_fsopt,,,,,,,,,,,,,flan_submixture,flan_collection_uncovered_expression,direct terms where identified; Article 4 for uncovered expression
flan,niv2_fsopt_data__task1317_country_calling_code.parquet,2730,277250,55450.0,niv2_fsopt,,,,,,,,,,,,,flan_submixture,flan_collection_uncovered_expression,direct terms where identified; Article 4 for uncovered expression
flan,niv2_fsopt_data__task1318_country_national_dish.parquet,1630,174100,34820.0,niv2_fsopt,,,,,,,,,,,,,flan_submixture,flan_collection_uncovered_expression,direct terms where identified; Article 4 for uncovered expression
flan,niv2_fsopt_data__task1319_country_by_barcode_prefix.parquet,1010,143655,28731.0,niv2_fsopt,,,,,,,,,,,,,flan_submixture,flan_collection_uncovered_expression,direct terms where identified; Article 4 for uncovered expression
flan,niv2_fsopt_data__task131_scan_long_text_generation_action_command_long.parquet,18355,10736025,2147205.0,niv2_fsopt,,,,,,,,,,,,,flan_submixture,flan_collection_uncovered_expression,direct terms where identified; Article 4 for uncovered expression
flan,niv2_fsopt_data__task1320_country_domain_tld.parquet,2520,293805,58761.0,niv2_fsopt,,,,,,,,,,,,,flan_submixture,flan_collection_uncovered_expression,direct terms where identified; Article 4 for uncovered expression
flan,niv2_fsopt_data__task1321_country_continent.parquet,2370,172435,34487.0,niv2_fsopt,,,,,,,,,,,,,flan_submixture,flan_collection_uncovered_expression,direct terms where identified; Article 4 for uncovered expression
flan,niv2_fsopt_data__task1322_country_government_type.parquet,2370,297275,59455.0,niv2_fsopt,,,,,,,,,,,,,flan_submixture,flan_collection_uncovered_expression,direct terms where identified; Article 4 for uncovered expression
flan,niv2_fsopt_data__task1323_open_subtitles_hi_en_translation.parquet,25000,2589394,517878.8,niv2_fsopt,,,,,,,,,,,,,flan_submixture,flan_collection_uncovered_expression,direct terms where identified; Article 4 for uncovered expression
flan,niv2_fsopt_data__task1324_open_subtitles_te_en_translation.parquet,25000,3695940,739188.0,niv2_fsopt,,,,,,,,,,,,,flan_submixture,flan_collection_uncovered_expression,direct terms where identified; Article 4 for uncovered expression
flan,niv2_fsopt_data__task1325_qa_zre_question_generation_on_subject_relation.parquet,25000,6941304,1388260.8,niv2_fsopt,,,,,,,,,,,,,flan_submixture,flan_collection_uncovered_expression,direct terms where identified; Article 4 for uncovered expression
flan,niv2_fsopt_data__task1326_qa_zre_question_generation_from_answer.parquet,25000,5575755,1115151.0,niv2_fsopt,,,,,,,,,,,,,flan_submixture,flan_collection_uncovered_expression,direct terms where identified; Article 4 for uncovered expression
flan,niv2_fsopt_data__task1327_qa_zre_answer_generation_from_question.parquet,25000,5382160,1076432.0,niv2_fsopt,,,,,,,,,,,,,flan_submixture,flan_collection_uncovered_expression,direct terms where identified; Article 4 for uncovered expression
flan,niv2_fsopt_data__task1328_qa_zre_relation_generation_from_question.parquet,25000,8905125,1781025.0,niv2_fsopt,,,,,,,,,,,,,flan_submixture,flan_collection_uncovered_expression,direct terms where identified; Article 4 for uncovered expression
flan,niv2_fsopt_data__task1329_open_subtitles_en_hi_translation.parquet,25000,2112891,422578.2,niv2_fsopt,,,,,,,,,,,,,flan_submixture,flan_collection_uncovered_expression,direct terms where identified; Article 4 for uncovered expression
flan,niv2_fsopt_data__task132_dais_text_modification.parquet,25000,2996411,599282.2,niv2_fsopt,,,,,,,,,,,,,flan_submixture,flan_collection_uncovered_expression,direct terms where identified; Article 4 for uncovered expression
flan,niv2_fsopt_data__task1330_open_subtitles_en_te_translation.parquet,25000,2971925,594385.0,niv2_fsopt,,,,,,,,,,,,,flan_submixture,flan_collection_uncovered_expression,direct terms where identified; Article 4 for uncovered expression
flan,niv2_fsopt_data__task1331_reverse_array.parquet,1960,1057555,211511.0,niv2_fsopt,,,,,,,,,,,,,flan_submixture,flan_collection_uncovered_expression,direct terms where identified; Article 4 for uncovered expression
flan,niv2_fsopt_data__task1332_check_leap_year.parquet,2000,315405,63081.0,niv2_fsopt,,,,,,,,,,,,,flan_submixture,flan_collection_uncovered_expression,direct terms where identified; Article 4 for uncovered expression
flan,niv2_fsopt_data__task1333_check_validity_date_ddmmyyyy.parquet,1770,500540,100108.0,niv2_fsopt,,,,,,,,,,,,,flan_submixture,flan_collection_uncovered_expression,direct terms where identified; Article 4 for uncovered expression
flan,niv2_fsopt_data__task1334_sqac_answer_generation.parquet,25000,21795349,4359069.8,niv2_fsopt,,,,,,,,,,,,,flan_submixture,flan_collection_uncovered_expression,direct terms where identified; Article 4 for uncovered expression
flan,niv2_fsopt_data__task1335_sqac_question_generation.parquet,25000,23845135,4769027.0,niv2_fsopt,,,,,,,,,,,,,flan_submixture,flan_collection_uncovered_expression,direct terms where identified; Article 4 for uncovered expression
flan,niv2_fsopt_data__task1336_peixian_equity_evaluation_corpus_gender_classifier.parquet,25000,2523559,504711.8,niv2_fsopt,,,,,,,,,,,,,flan_submixture,flan_collection_uncovered_expression,direct terms where identified; Article 4 for uncovered expression
flan,niv2_fsopt_data__task1338_peixian_equity_evaluation_corpus_sentiment_classifier.parquet,25000,3013974,602794.8,niv2_fsopt,,,,,,,,,,,,,flan_submixture,flan_collection_uncovered_expression,direct terms where identified; Article 4 for uncovered expression
flan,niv2_fsopt_data__task1339_peixian_equity_evaluation_corpus_text_completion.parquet,17730,2905310,581062.0,niv2_fsopt,,,,,,,,,,,,,flan_submixture,flan_collection_uncovered_expression,direct terms where identified; Article 4 for uncovered expression
flan,niv2_fsopt_data__task133_winowhy_reason_plausibility_detection.parquet,25000,10549996,2109999.2,niv2_fsopt,,,,,,,,,,,,,flan_submixture,flan_collection_uncovered_expression,direct terms where identified; Article 4 for uncovered expression
flan,niv2_fsopt_data__task1340_msr_text_compression_compression.parquet,25000,5668018,1133603.6,niv2_fsopt,,,,,,,,,,,,,flan_submixture,flan_collection_uncovered_expression,direct terms where identified; Article 4 for uncovered expression
flan,niv2_fsopt_data__task1341_msr_text_classification.parquet,1730,306330,61266.0,niv2_fsopt,,,,,,,,,,,,,flan_submixture,flan_collection_uncovered_expression,direct terms where identified; Article 4 for uncovered expression
flan,niv2_fsopt_data__task1344_glue_entailment_classification.parquet,24795,7354360,1470872.0,niv2_fsopt,,,,,,,,,,,,,flan_submixture,flan_collection_uncovered_expression,direct terms where identified; Article 4 for uncovered expression
flan,niv2_fsopt_data__task1345_glue_qqp_question_paraprashing.parquet,25000,3604973,720994.6,niv2_fsopt,,,,,,,,,,,,,flan_submixture,flan_collection_uncovered_expression,direct terms where identified; Article 4 for uncovered expression
flan,niv2_fsopt_data__task1346_glue_cola_grammatical_correctness_classification.parquet,25000,2978299,595659.8,niv2_fsopt,,,,,,,,,,,,,flan_submixture,flan_collection_uncovered_expression,direct terms where identified; Article 4 for uncovered expression
flan,niv2_fsopt_data__task1347_glue_sts-b_similarity_classification.parquet,25000,5867513,1173502.6,niv2_fsopt,,,,,,,,,,,,,flan_submixture,flan_collection_uncovered_expression,direct terms where identified; Article 4 for uncovered expression
flan,niv2_fsopt_data__task134_winowhy_reason_generation.parquet,2730,1064230,212846.0,niv2_fsopt,,,,,,,,,,,,,flan_submixture,flan_collection_uncovered_expression,direct terms where identified; Article 4 for uncovered expression
flan,niv2_fsopt_data__task1350_opus100_translation_en_gu.parquet,1970,539315,107863.0,niv2_fsopt,,,,,,,,,,,,,flan_submixture,flan_collection_uncovered_expression,direct terms where identified; Article 4 for uncovered expression
flan,niv2_fsopt_data__task1351_opus100_translation_gu_en.parquet,1950,598295,119659.0,niv2_fsopt,,,,,,,,,,,,,flan_submixture,flan_collection_uncovered_expression,direct terms where identified; Article 4 for uncovered expression
flan,niv2_fsopt_data__task1352_hind_encorp_translation_hi_en.parquet,2000,599225,119845.0,niv2_fsopt,,,,,,,,,,,,,flan_submixture,flan_collection_uncovered_expression,direct terms where identified; Article 4 for uncovered expression
flan,niv2_fsopt_data__task1353_hind_encorp_translation_en_hi.parquet,2010,636625,127325.0,niv2_fsopt,,,,,,,,,,,,,flan_submixture,flan_collection_uncovered_expression,direct terms where identified; Article 4 for uncovered expression
flan,niv2_fsopt_data__task1354_sent_comp_classification.parquet,9990,2171195,434239.0,niv2_fsopt,,,,,,,,,,,,,flan_submixture,flan_collection_uncovered_expression,direct terms where identified; Article 4 for uncovered expression
flan,niv2_fsopt_data__task1355_sent_comp_summarization.parquet,9990,1924915,384983.0,niv2_fsopt,,,,,,,,,,,,,flan_submixture,flan_collection_uncovered_expression,direct terms where identified; Article 4 for uncovered expression
flan,niv2_fsopt_data__task1356_xlsum_title_generation.parquet,25000,36660603,7332120.6,niv2_fsopt,,,,,,,,,,,,,flan_submixture,flan_collection_uncovered_expression,direct terms where identified; Article 4 for uncovered expression
flan,niv2_fsopt_data__task1357_xlsum_summary_generation.parquet,25000,40536320,8107264.0,niv2_fsopt,,,,,,,,,,,,,flan_submixture,flan_collection_uncovered_expression,direct terms where identified; Article 4 for uncovered expression
flan,niv2_fsopt_data__task1358_xlsum_title_generation.parquet,25000,4864452,972890.4,niv2_fsopt,,,,,,,,,,,,,flan_submixture,flan_collection_uncovered_expression,direct terms where identified; Article 4 for uncovered expression
flan,niv2_fsopt_data__task1359_numer_sense_answer_generation.parquet,25000,3066445,613289.0,niv2_fsopt,,,,,,,,,,,,,flan_submixture,flan_collection_uncovered_expression,direct terms where identified; Article 4 for uncovered expression
flan,niv2_fsopt_data__task135_winowhy_wrong_reason_generation.parquet,2725,759200,151840.0,niv2_fsopt,,,,,,,,,,,,,flan_submixture,flan_collection_uncovered_expression,direct terms where identified; Article 4 for uncovered expression
flan,niv2_fsopt_data__task1360_numer_sense_multiple_choice_qa_generation.parquet,25000,4416298,883259.6,niv2_fsopt,,,,,,,,,,,,,flan_submixture,flan_collection_uncovered_expression,direct terms where identified; Article 4 for uncovered expression
flan,niv2_fsopt_data__task1361_movierationales_classification.parquet,19475,44712520,8942504.0,niv2_fsopt,,,,,,,,,,,,,flan_submixture,flan_collection_uncovered_expression,direct terms where identified; Article 4 for uncovered expression
flan,niv2_fsopt_data__task1364_hans_answer_generation.parquet,25000,3865783,773156.6,niv2_fsopt,,,,,,,,,,,,,flan_submixture,flan_collection_uncovered_expression,direct terms where identified; Article 4 for uncovered expression
flan,niv2_fsopt_data__task1365_opustedtalks_translation.parquet,25000,8187093,1637418.6,niv2_fsopt,,,,,,,,,,,,,flan_submixture,flan_collection_uncovered_expression,direct terms where identified; Article 4 for uncovered expression
flan,niv2_fsopt_data__task1366_healthfact_classification.parquet,2300,5088695,1017739.0,niv2_fsopt,,,,,,,,,,,,,flan_submixture,flan_collection_uncovered_expression,direct terms where identified; Article 4 for uncovered expression
flan,niv2_fsopt_data__task1367_opustedtalks_translation.parquet,3330,1006790,201358.0,niv2_fsopt,,,,,,,,,,,,,flan_submixture,flan_collection_uncovered_expression,direct terms where identified; Article 4 for uncovered expression
flan,niv2_fsopt_data__task1368_healthfact_sentence_generation.parquet,25000,43308349,8661669.8,niv2_fsopt,,,,,,,,,,,,,flan_submixture,flan_collection_uncovered_expression,direct terms where identified; Article 4 for uncovered expression
flan,niv2_fsopt_data__task1369_healthfact_sentence_generation.parquet,25000,48941727,9788345.4,niv2_fsopt,,,,,,,,,,,,,flan_submixture,flan_collection_uncovered_expression,direct terms where identified; Article 4 for uncovered expression
flan,niv2_fsopt_data__task136_winowhy_knowledge_categorization.parquet,2670,1018715,203743.0,niv2_fsopt,,,,,,,,,,,,,flan_submixture,flan_collection_uncovered_expression,direct terms where identified; Article 4 for uncovered expression
flan,niv2_fsopt_data__task1378_quarel_correct_answer_generation.parquet,7975,1787265,357453.0,niv2_fsopt,,,,,,,,,,,,,flan_submixture,flan_collection_uncovered_expression,direct terms where identified; Article 4 for uncovered expression
flan,niv2_fsopt_data__task1379_quarel_incorrect_answer_generation.parquet,7975,1754095,350819.0,niv2_fsopt,,,,,,,,,,,,,flan_submixture,flan_collection_uncovered_expression,direct terms where identified; Article 4 for uncovered expression
flan,niv2_fsopt_data__task1380_quarel_correct_option_generation.parquet,7980,1733730,346746.0,niv2_fsopt,,,,,,,,,,,,,flan_submixture,flan_collection_uncovered_expression,direct terms where identified; Article 4 for uncovered expression
flan,niv2_fsopt_data__task1381_quarel_incorrect_option_generation.parquet,7980,1682775,336555.0,niv2_fsopt,,,,,,,,,,,,,flan_submixture,flan_collection_uncovered_expression,direct terms where identified; Article 4 for uncovered expression
flan,niv2_fsopt_data__task1382_quarel_write_correct_answer.parquet,7980,1385230,277046.0,niv2_fsopt,,,,,,,,,,,,,flan_submixture,flan_collection_uncovered_expression,direct terms where identified; Article 4 for uncovered expression
flan,niv2_fsopt_data__task1383_quarel_write_incorrect_answer.parquet,7970,1645215,329043.0,niv2_fsopt,,,,,,,,,,,,,flan_submixture,flan_collection_uncovered_expression,direct terms where identified; Article 4 for uncovered expression
flan,niv2_fsopt_data__task1384_deal_or_no_dialog_classification.parquet,25000,6598148,1319629.6,niv2_fsopt,,,,,,,,,,,,,flan_submixture,flan_collection_uncovered_expression,direct terms where identified; Article 4 for uncovered expression
flan,niv2_fsopt_data__task1385_anli_r1_entailment.parquet,9895,3755755,751151.0,niv2_fsopt,,,,,,,,,,,,,flan_submixture,flan_collection_uncovered_expression,direct terms where identified; Article 4 for uncovered expression
flan,niv2_fsopt_data__task1386_anli_r2_entailment.parquet,9925,3814135,762827.0,niv2_fsopt,,,,,,,,,,,,,flan_submixture,flan_collection_uncovered_expression,direct terms where identified; Article 4 for uncovered expression
flan,niv2_fsopt_data__task1387_anli_r3_entailment.parquet,11925,4503015,900603.0,niv2_fsopt,,,,,,,,,,,,,flan_submixture,flan_collection_uncovered_expression,direct terms where identified; Article 4 for uncovered expression
flan,niv2_fsopt_data__task1388_cb_entailment.parquet,3010,1009575,201915.0,niv2_fsopt,,,,,,,,,,,,,flan_submixture,flan_collection_uncovered_expression,direct terms where identified; Article 4 for uncovered expression
flan,niv2_fsopt_data__task1389_hellaswag_completion.parquet,25000,15390756,3078151.2,niv2_fsopt,,,,,,,,,,,,,flan_submixture,flan_collection_uncovered_expression,direct terms where identified; Article 4 for uncovered expression
flan,niv2_fsopt_data__task1390_wscfixed_coreference.parquet,6480,1371845,274369.0,niv2_fsopt,,,,,,,,,,,,,flan_submixture,flan_collection_uncovered_expression,direct terms where identified; Article 4 for uncovered expression
flan,niv2_fsopt_data__task1391_winogrande_easy_answer_generation.parquet,25000,3988014,797602.8,niv2_fsopt,,,,,,,,,,,,,flan_submixture,flan_collection_uncovered_expression,direct terms where identified; Article 4 for uncovered expression
flan,niv2_fsopt_data__task1392_superglue_multirc_answer_verification.parquet,25000,22851311,4570262.2,niv2_fsopt,,,,,,,,,,,,,flan_submixture,flan_collection_uncovered_expression,direct terms where identified; Article 4 for uncovered expression
flan,niv2_fsopt_data__task1393_superglue_copa_text_completion.parquet,4960,979465,195893.0,niv2_fsopt,,,,,,,,,,,,,flan_submixture,flan_collection_uncovered_expression,direct terms where identified; Article 4 for uncovered expression
flan,niv2_fsopt_data__task1394_meta_woz_task_classification.parquet,2240,1340635,268127.0,niv2_fsopt,,,,,,,,,,,,,flan_submixture,flan_collection_uncovered_expression,direct terms where identified; Article 4 for uncovered expression
flan,niv2_fsopt_data__task1395_europa_ecdc_tm_en_sv_translation.parquet,24220,4833245,966649.0,niv2_fsopt,,,,,,,,,,,,,flan_submixture,flan_collection_uncovered_expression,direct terms where identified; Article 4 for uncovered expression
flan,niv2_fsopt_data__task1396_europa_ecdc_tm_en_de_translation.parquet,24555,4702795,940559.0,niv2_fsopt,,,,,,,,,,,,,flan_submixture,flan_collection_uncovered_expression,direct terms where identified; Article 4 for uncovered expression
flan,niv2_fsopt_data__task1397_europa_ecdc_tm_fr_en_translation.parquet,24430,4611500,922300.0,niv2_fsopt,,,,,,,,,,,,,flan_submixture,flan_collection_uncovered_expression,direct terms where identified; Article 4 for uncovered expression
flan,niv2_fsopt_data__task1398_obqa_question_generation.parquet,9450,1485910,297182.0,niv2_fsopt,,,,,,,,,,,,,flan_submixture,flan_collection_uncovered_expression,direct terms where identified; Article 4 for uncovered expression
flan,niv2_fsopt_data__task1399_obqa_answer_generation.parquet,17680,3083355,616671.0,niv2_fsopt,,,,,,,,,,,,,flan_submixture,flan_collection_uncovered_expression,direct terms where identified; Article 4 for uncovered expression
flan,niv2_fsopt_data__task1400_obqa_incorrect_answer_generation.parquet,17675,2903620,580724.0,niv2_fsopt,,,,,,,,,,,,,flan_submixture,flan_collection_uncovered_expression,direct terms where identified; Article 4 for uncovered expression
flan,niv2_fsopt_data__task1401_obqa_sentence_generation.parquet,17570,2909220,581844.0,niv2_fsopt,,,,,,,,,,,,,flan_submixture,flan_collection_uncovered_expression,direct terms where identified; Article 4 for uncovered expression
flan,niv2_fsopt_data__task1402_clue_question_generation.parquet,5000,5173945,1034789.0,niv2_fsopt,,,,,,,,,,,,,flan_submixture,flan_collection_uncovered_expression,direct terms where identified; Article 4 for uncovered expression
flan,niv2_fsopt_data__task1403_check_validity_date_mmddyyyy.parquet,1960,567160,113432.0,niv2_fsopt,,,,,,,,,,,,,flan_submixture,flan_collection_uncovered_expression,direct terms where identified; Article 4 for uncovered expression
flan,niv2_fsopt_data__task1404_date_conversion.parquet,1960,394960,78992.0,niv2_fsopt,,,,,,,,,,,,,flan_submixture,flan_collection_uncovered_expression,direct terms where identified; Article 4 for uncovered expression
flan,niv2_fsopt_data__task1405_find_median.parquet,1955,813270,162654.0,niv2_fsopt,,,,,,,,,,,,,flan_submixture,flan_collection_uncovered_expression,direct terms where identified; Article 4 for uncovered expression
flan,niv2_fsopt_data__task1406_kth_smallest_element.parquet,1960,637160,127432.0,niv2_fsopt,,,,,,,,,,,,,flan_submixture,flan_collection_uncovered_expression,direct terms where identified; Article 4 for uncovered expression
flan,niv2_fsopt_data__task1407_dart_question_generation.parquet,25000,8873383,1774676.6,niv2_fsopt,,,,,,,,,,,,,flan_submixture,flan_collection_uncovered_expression,direct terms where identified; Article 4 for uncovered expression
flan,niv2_fsopt_data__task1408_dart_similarity_classification.parquet,25000,6690493,1338098.6,niv2_fsopt,,,,,,,,,,,,,flan_submixture,flan_collection_uncovered_expression,direct terms where identified; Article 4 for uncovered expression
flan,niv2_fsopt_data__task1409_dart_text_generation.parquet,25000,8065906,1613181.2,niv2_fsopt,,,,,,,,,,,,,flan_submixture,flan_collection_uncovered_expression,direct terms where identified; Article 4 for uncovered expression
flan,niv2_fsopt_data__task1410_dart_relationship_extraction.parquet,25000,8165674,1633134.8,niv2_fsopt,,,,,,,,,,,,,flan_submixture,flan_collection_uncovered_expression,direct terms where identified; Article 4 for uncovered expression
flan,niv2_fsopt_data__task1411_dart_subject_identification.parquet,25000,4161408,832281.6,niv2_fsopt,,,,,,,,,,,,,flan_submixture,flan_collection_uncovered_expression,direct terms where identified; Article 4 for uncovered expression
flan,niv2_fsopt_data__task1413_dart_object_identification.parquet,25000,4197376,839475.2,niv2_fsopt,,,,,,,,,,,,,flan_submixture,flan_collection_uncovered_expression,direct terms where identified; Article 4 for uncovered expression
flan,niv2_fsopt_data__task1415_youtube_caption_corrections_grammar_correction.parquet,25000,38664535,7732907.0,niv2_fsopt,,,,,,,,,,,,,flan_submixture,flan_collection_uncovered_expression,direct terms where identified; Article 4 for uncovered expression
flan,niv2_fsopt_data__task1416_youtube_caption_corrections_incorrect_grammar_classification.parquet,25000,48428795,9685759.0,niv2_fsopt,,,,,,,,,,,,,flan_submixture,flan_collection_uncovered_expression,direct terms where identified; Article 4 for uncovered expression
flan,niv2_fsopt_data__task1418_bless_semantic_relation_classification.parquet,23435,6478325,1295665.0,niv2_fsopt,,,,,,,,,,,,,flan_submixture,flan_collection_uncovered_expression,direct terms where identified; Article 4 for uncovered expression
flan,niv2_fsopt_data__task1419_mathqa_gain.parquet,25000,9564946,1912989.2,niv2_fsopt,,,,,,,,,,,,,flan_submixture,flan_collection_uncovered_expression,direct terms where identified; Article 4 for uncovered expression
flan,niv2_fsopt_data__task141_odd-man-out_classification_category.parquet,25000,3405202,681040.4,niv2_fsopt,,,,,,,,,,,,,flan_submixture,flan_collection_uncovered_expression,direct terms where identified; Article 4 for uncovered expression
flan,niv2_fsopt_data__task1420_mathqa_general.parquet,25000,8219730,1643946.0,niv2_fsopt,,,,,,,,,,,,,flan_submixture,flan_collection_uncovered_expression,direct terms where identified; Article 4 for uncovered expression
flan,niv2_fsopt_data__task1421_mathqa_other.parquet,22695,7659985,1531997.0,niv2_fsopt,,,,,,,,,,,,,flan_submixture,flan_collection_uncovered_expression,direct terms where identified; Article 4 for uncovered expression
flan,niv2_fsopt_data__task1422_mathqa_physics.parquet,25000,7924783,1584956.6,niv2_fsopt,,,,,,,,,,,,,flan_submixture,flan_collection_uncovered_expression,direct terms where identified; Article 4 for uncovered expression
flan,niv2_fsopt_data__task1423_mathqa_geometry.parquet,25000,7830909,1566181.8,niv2_fsopt,,,,,,,,,,,,,flan_submixture,flan_collection_uncovered_expression,direct terms where identified; Article 4 for uncovered expression
flan,niv2_fsopt_data__task1424_mathqa_probability.parquet,5720,1584780,316956.0,niv2_fsopt,,,,,,,,,,,,,flan_submixture,flan_collection_uncovered_expression,direct terms where identified; Article 4 for uncovered expression
flan,niv2_fsopt_data__task1425_country_iso_numeric.parquet,2470,276385,55277.0,niv2_fsopt,,,,,,,,,,,,,flan_submixture,flan_collection_uncovered_expression,direct terms where identified; Article 4 for uncovered expression
flan,niv2_fsopt_data__task1426_country_independence_year.parquet,1895,227380,45476.0,niv2_fsopt,,,,,,,,,,,,,flan_submixture,flan_collection_uncovered_expression,direct terms where identified; Article 4 for uncovered expression
flan,niv2_fsopt_data__task1427_country_region_in_world.parquet,2370,388075,77615.0,niv2_fsopt,,,,,,,,,,,,,flan_submixture,flan_collection_uncovered_expression,direct terms where identified; Article 4 for uncovered expression
flan,niv2_fsopt_data__task1428_country_surface_area.parquet,2370,267380,53476.0,niv2_fsopt,,,,,,,,,,,,,flan_submixture,flan_collection_uncovered_expression,direct terms where identified; Article 4 for uncovered expression
flan,niv2_fsopt_data__task1429_evalution_semantic_relation_classification.parquet,7925,2244835,448967.0,niv2_fsopt,,,,,,,,,,,,,flan_submixture,flan_collection_uncovered_expression,direct terms where identified; Article 4 for uncovered expression
flan,niv2_fsopt_data__task142_odd-man-out_classification_no_category.parquet,25000,2917059,583411.8,niv2_fsopt,,,,,,,,,,,,,flan_submixture,flan_collection_uncovered_expression,direct terms where identified; Article 4 for uncovered expression
flan,niv2_fsopt_data__task1431_head_qa_answer_generation.parquet,25000,7655700,1531140.0,niv2_fsopt,,,,,,,,,,,,,flan_submixture,flan_collection_uncovered_expression,direct terms where identified; Article 4 for uncovered expression
flan,niv2_fsopt_data__task1432_head_qa_language_translation_en_to_es.parquet,25000,5506124,1101224.8,niv2_fsopt,,,,,,,,,,,,,flan_submixture,flan_collection_uncovered_expression,direct terms where identified; Article 4 for uncovered expression
flan,niv2_fsopt_data__task1433_head_qa_language_translation_es_to_en.parquet,25000,5128685,1025737.0,niv2_fsopt,,,,,,,,,,,,,flan_submixture,flan_collection_uncovered_expression,direct terms where identified; Article 4 for uncovered expression
flan,niv2_fsopt_data__task1434_head_qa_classification.parquet,25000,7666500,1533300.0,niv2_fsopt,,,,,,,,,,,,,flan_submixture,flan_collection_uncovered_expression,direct terms where identified; Article 4 for uncovered expression
flan,niv2_fsopt_data__task1435_ro_sts_parallel_language_translation_ro_to_en.parquet,25000,4106844,821368.8,niv2_fsopt,,,,,,,,,,,,,flan_submixture,flan_collection_uncovered_expression,direct terms where identified; Article 4 for uncovered expression
flan,niv2_fsopt_data__task1436_ro_sts_parallel_language_translation_en_to_ro.parquet,25000,3973326,794665.2,niv2_fsopt,,,,,,,,,,,,,flan_submixture,flan_collection_uncovered_expression,direct terms where identified; Article 4 for uncovered expression
flan,niv2_fsopt_data__task1437_doqa_cooking_question_generation.parquet,7530,5648895,1129779.0,niv2_fsopt,,,,,,,,,,,,,flan_submixture,flan_collection_uncovered_expression,direct terms where identified; Article 4 for uncovered expression
flan,niv2_fsopt_data__task1438_doqa_cooking_answer_generation.parquet,2840,2022535,404507.0,niv2_fsopt,,,,,,,,,,,,,flan_submixture,flan_collection_uncovered_expression,direct terms where identified; Article 4 for uncovered expression
flan,niv2_fsopt_data__task1439_doqa_cooking_isanswerable.parquet,25000,19937334,3987466.8,niv2_fsopt,,,,,,,,,,,,,flan_submixture,flan_collection_uncovered_expression,direct terms where identified; Article 4 for uncovered expression
flan,niv2_fsopt_data__task143_odd-man-out_classification_generate_category.parquet,25000,6262804,1252560.8,niv2_fsopt,,,,,,,,,,,,,flan_submixture,flan_collection_uncovered_expression,direct terms where identified; Article 4 for uncovered expression
flan,niv2_fsopt_data__task1440_doqa_movies_question_generation.parquet,2725,1917205,383441.0,niv2_fsopt,,,,,,,,,,,,,flan_submixture,flan_collection_uncovered_expression,direct terms where identified; Article 4 for uncovered expression
flan,niv2_fsopt_data__task1441_doqa_movies_answer_generation.parquet,1230,965380,193076.0,niv2_fsopt,,,,,,,,,,,,,flan_submixture,flan_collection_uncovered_expression,direct terms where identified; Article 4 for uncovered expression
flan,niv2_fsopt_data__task1442_doqa_movies_isanswerable.parquet,18785,13306875,2661375.0,niv2_fsopt,,,,,,,,,,,,,flan_submixture,flan_collection_uncovered_expression,direct terms where identified; Article 4 for uncovered expression
flan,niv2_fsopt_data__task1443_string_to_number.parquet,25000,4536558,907311.6,niv2_fsopt,,,,,,,,,,,,,flan_submixture,flan_collection_uncovered_expression,direct terms where identified; Article 4 for uncovered expression
flan,niv2_fsopt_data__task1444_round_power_of_two.parquet,25000,12096347,2419269.4,niv2_fsopt,,,,,,,,,,,,,flan_submixture,flan_collection_uncovered_expression,direct terms where identified; Article 4 for uncovered expression
flan,niv2_fsopt_data__task1445_closest_integers.parquet,25000,4467662,893532.4,niv2_fsopt,,,,,,,,,,,,,flan_submixture,flan_collection_uncovered_expression,direct terms where identified; Article 4 for uncovered expression
flan,niv2_fsopt_data__task1446_farthest_integers.parquet,25000,4693424,938684.8,niv2_fsopt,,,,,,,,,,,,,flan_submixture,flan_collection_uncovered_expression,direct terms where identified; Article 4 for uncovered expression
flan,niv2_fsopt_data__task1447_drug_extraction_ade.parquet,25000,4468309,893661.8,niv2_fsopt,,,,,,,,,,,,,flan_submixture,flan_collection_uncovered_expression,direct terms where identified; Article 4 for uncovered expression
flan,niv2_fsopt_data__task1448_disease_entity_extraction_ncbi_dataset.parquet,1510,297850,59570.0,niv2_fsopt,,,,,,,,,,,,,flan_submixture,flan_collection_uncovered_expression,direct terms where identified; Article 4 for uncovered expression
flan,niv2_fsopt_data__task1449_disease_entity_extraction_bc5cdr_dataset.parquet,770,157165,31433.0,niv2_fsopt,,,,,,,,,,,,,flan_submixture,flan_collection_uncovered_expression,direct terms where identified; Article 4 for uncovered expression
flan,niv2_fsopt_data__task144_subjqa_question_answering.parquet,6530,4938375,987675.0,niv2_fsopt,,,,,,,,,,,,,flan_submixture,flan_collection_uncovered_expression,direct terms where identified; Article 4 for uncovered expression
flan,niv2_fsopt_data__task1451_drug_dose_extraction.parquet,2220,489600,97920.0,niv2_fsopt,,,,,,,,,,,,,flan_submixture,flan_collection_uncovered_expression,direct terms where identified; Article 4 for uncovered expression
flan,niv2_fsopt_data__task1452_location_entity_extraction_btc_corpus.parquet,1750,297440,59488.0,niv2_fsopt,,,,,,,,,,,,,flan_submixture,flan_collection_uncovered_expression,direct terms where identified; Article 4 for uncovered expression
flan,niv2_fsopt_data__task1453_person_entity_extraction_btc_corpus.parquet,2610,446360,89272.0,niv2_fsopt,,,,,,,,,,,,,flan_submixture,flan_collection_uncovered_expression,direct terms where identified; Article 4 for uncovered expression
flan,niv2_fsopt_data__task145_afs_argument_similarity_death_penalty.parquet,20000,5996720,1199344.0,niv2_fsopt,,,,,,,,,,,,,flan_submixture,flan_collection_uncovered_expression,direct terms where identified; Article 4 for uncovered expression
flan,niv2_fsopt_data__task146_afs_argument_similarity_gun_control.parquet,19985,6154355,1230871.0,niv2_fsopt,,,,,,,,,,,,,flan_submixture,flan_collection_uncovered_expression,direct terms where identified; Article 4 for uncovered expression
flan,niv2_fsopt_data__task1479_organization_entity_extraction_btc_corpus.parquet,2000,326255,65251.0,niv2_fsopt,,,,,,,,,,,,,flan_submixture,flan_collection_uncovered_expression,direct terms where identified; Article 4 for uncovered expression
flan,niv2_fsopt_data__task147_afs_argument_similarity_gay_marriage.parquet,15325,4605350,921070.0,niv2_fsopt,,,,,,,,,,,,,flan_submixture,flan_collection_uncovered_expression,direct terms where identified; Article 4 for uncovered expression
flan,niv2_fsopt_data__task1480_gene_extraction_jnlpba_dataset.parquet,12000,2219370,443874.0,niv2_fsopt,,,,,,,,,,,,,flan_submixture,flan_collection_uncovered_expression,direct terms where identified; Article 4 for uncovered expression
flan,niv2_fsopt_data__task1481_gene_extraction_bc2gm_dataset.parquet,10620,2009685,401937.0,niv2_fsopt,,,,,,,,,,,,,flan_submixture,flan_collection_uncovered_expression,direct terms where identified; Article 4 for uncovered expression
flan,niv2_fsopt_data__task1482_gene_extraction_chemprot_dataset.parquet,2780,462980,92596.0,niv2_fsopt,,,,,,,,,,,,,flan_submixture,flan_collection_uncovered_expression,direct terms where identified; Article 4 for uncovered expression
flan,niv2_fsopt_data__task1483_chemical_extraction_chemprot_dataset.parquet,2840,468290,93658.0,niv2_fsopt,,,,,,,,,,,,,flan_submixture,flan_collection_uncovered_expression,direct terms where identified; Article 4 for uncovered expression
flan,niv2_fsopt_data__task1484_gene_extraction_linnaeus_dataset.parquet,1410,279620,55924.0,niv2_fsopt,,,,,,,,,,,,,flan_submixture,flan_collection_uncovered_expression,direct terms where identified; Article 4 for uncovered expression
flan,niv2_fsopt_data__task1485_organ_extraction_anem_dataset.parquet,1400,255155,51031.0,niv2_fsopt,,,,,,,,,,,,,flan_submixture,flan_collection_uncovered_expression,direct terms where identified; Article 4 for uncovered expression
flan,niv2_fsopt_data__task1486_cell_extraction_anem_dataset.parquet,1230,261700,52340.0,niv2_fsopt,,,,,,,,,,,,,flan_submixture,flan_collection_uncovered_expression,direct terms where identified; Article 4 for uncovered expression
flan,niv2_fsopt_data__task1487_organism_substance_extraction_anem_dataset.parquet,1050,202980,40596.0,niv2_fsopt,,,,,,,,,,,,,flan_submixture,flan_collection_uncovered_expression,direct terms where identified; Article 4 for uncovered expression
flan,niv2_fsopt_data__task1488_sarcasmdetection_headline_classification.parquet,5040,846640,169328.0,niv2_fsopt,,,,,,,,,,,,,flan_submixture,flan_collection_uncovered_expression,direct terms where identified; Article 4 for uncovered expression
flan,niv2_fsopt_data__task148_afs_argument_quality_gay_marriage.parquet,12610,2733090,546618.0,niv2_fsopt,,,,,,,,,,,,,flan_submixture,flan_collection_uncovered_expression,direct terms where identified; Article 4 for uncovered expression
flan,niv2_fsopt_data__task1495_adverse_drug_event_classification.parquet,19975,4190895,838179.0,niv2_fsopt,,,,,,,,,,,,,flan_submixture,flan_collection_uncovered_expression,direct terms where identified; Article 4 for uncovered expression
flan,niv2_fsopt_data__task1498_24hour_to_12hour_clock.parquet,1960,604370,120874.0,niv2_fsopt,,,,,,,,,,,,,flan_submixture,flan_collection_uncovered_expression,direct terms where identified; Article 4 for uncovered expression
flan,niv2_fsopt_data__task1499_dstc3_summarization.parquet,22585,21709085,4341817.0,niv2_fsopt,,,,,,,,,,,,,flan_submixture,flan_collection_uncovered_expression,direct terms where identified; Article 4 for uncovered expression
flan,niv2_fsopt_data__task149_afs_argument_quality_death_penalty.parquet,18650,3554470,710894.0,niv2_fsopt,,,,,,,,,,,,,flan_submixture,flan_collection_uncovered_expression,direct terms where identified; Article 4 for uncovered expression
flan,niv2_fsopt_data__task1500_dstc3_classification.parquet,9505,8776525,1755305.0,niv2_fsopt,,,,,,,,,,,,,flan_submixture,flan_collection_uncovered_expression,direct terms where identified; Article 4 for uncovered expression
flan,niv2_fsopt_data__task1501_dstc3_answer_generation.parquet,14485,14087045,2817409.0,niv2_fsopt,,,,,,,,,,,,,flan_submixture,flan_collection_uncovered_expression,direct terms where identified; Article 4 for uncovered expression
flan,niv2_fsopt_data__task1505_root09_semantic_relation_classification.parquet,25000,3998509,799701.8,niv2_fsopt,,,,,,,,,,,,,flan_submixture,flan_collection_uncovered_expression,direct terms where identified; Article 4 for uncovered expression
flan,niv2_fsopt_data__task1506_celebrity_minimal_dob_span.parquet,2290,594215,118843.0,niv2_fsopt,,,,,,,,,,,,,flan_submixture,flan_collection_uncovered_expression,direct terms where identified; Article 4 for uncovered expression
flan,niv2_fsopt_data__task1507_boolean_temporal_reasoning.parquet,25000,8327387,1665477.4,niv2_fsopt,,,,,,,,,,,,,flan_submixture,flan_collection_uncovered_expression,direct terms where identified; Article 4 for uncovered expression
flan,niv2_fsopt_data__task1508_wordnet_antonyms.parquet,25000,1931243,386248.6,niv2_fsopt,,,,,,,,,,,,,flan_submixture,flan_collection_uncovered_expression,direct terms where identified; Article 4 for uncovered expression
flan,niv2_fsopt_data__task1509_evalution_antonyms.parquet,5510,486180,97236.0,niv2_fsopt,,,,,,,,,,,,,flan_submixture,flan_collection_uncovered_expression,direct terms where identified; Article 4 for uncovered expression
flan,niv2_fsopt_data__task150_afs_argument_quality_gun_control.parquet,21355,4253715,850743.0,niv2_fsopt,,,,,,,,,,,,,flan_submixture,flan_collection_uncovered_expression,direct terms where identified; Article 4 for uncovered expression
flan,niv2_fsopt_data__task1510_evalution_relation_extraction.parquet,25000,3972948,794589.6,niv2_fsopt,,,,,,,,,,,,,flan_submixture,flan_collection_uncovered_expression,direct terms where identified; Article 4 for uncovered expression
flan,niv2_fsopt_data__task1514_flores_translation_entone.parquet,23075,4193420,838684.0,niv2_fsopt,,,,,,,,,,,,,flan_submixture,flan_collection_uncovered_expression,direct terms where identified; Article 4 for uncovered expression
flan,niv2_fsopt_data__task1515_imppres_longtextgeneration.parquet,2360,438330,87666.0,niv2_fsopt,,,,,,,,,,,,,flan_submixture,flan_collection_uncovered_expression,direct terms where identified; Article 4 for uncovered expression
flan,niv2_fsopt_data__task1516_imppres_naturallanguageinference.parquet,7090,1412705,282541.0,niv2_fsopt,,,,,,,,,,,,,flan_submixture,flan_collection_uncovered_expression,direct terms where identified; Article 4 for uncovered expression
flan,niv2_fsopt_data__task1517_limit_classfication.parquet,19950,4466350,893270.0,niv2_fsopt,,,,,,,,,,,,,flan_submixture,flan_collection_uncovered_expression,direct terms where identified; Article 4 for uncovered expression
flan,niv2_fsopt_data__task1518_limit_answer_generation.parquet,9960,2115360,423072.0,niv2_fsopt,,,,,,,,,,,,,flan_submixture,flan_collection_uncovered_expression,direct terms where identified; Article 4 for uncovered expression
flan,niv2_fsopt_data__task1519_qa_srl_question_generation.parquet,3430,1167780,233556.0,niv2_fsopt,,,,,,,,,,,,,flan_submixture,flan_collection_uncovered_expression,direct terms where identified; Article 4 for uncovered expression
flan,niv2_fsopt_data__task151_tomqa_find_location_easy_clean.parquet,25000,7230705,1446141.0,niv2_fsopt,,,,,,,,,,,,,flan_submixture,flan_collection_uncovered_expression,direct terms where identified; Article 4 for uncovered expression
flan,niv2_fsopt_data__task1520_qa_srl_answer_generation.parquet,8340,2093875,418775.0,niv2_fsopt,,,,,,,,,,,,,flan_submixture,flan_collection_uncovered_expression,direct terms where identified; Article 4 for uncovered expression
flan,niv2_fsopt_data__task1529_scitail1.1_classification.parquet,25000,6028736,1205747.2,niv2_fsopt,,,,,,,,,,,,,flan_submixture,flan_collection_uncovered_expression,direct terms where identified; Article 4 for uncovered expression
flan,niv2_fsopt_data__task152_tomqa_find_location_easy_noise.parquet,25000,7961878,1592375.6,niv2_fsopt,,,,,,,,,,,,,flan_submixture,flan_collection_uncovered_expression,direct terms where identified; Article 4 for uncovered expression
flan,niv2_fsopt_data__task1530_scitail1.1_sentence_generation.parquet,4550,714595,142919.0,niv2_fsopt,,,,,,,,,,,,,flan_submixture,flan_collection_uncovered_expression,direct terms where identified; Article 4 for uncovered expression
flan,niv2_fsopt_data__task1531_daily_dialog_type_classification.parquet,4970,809315,161863.0,niv2_fsopt,,,,,,,,,,,,,flan_submixture,flan_collection_uncovered_expression,direct terms where identified; Article 4 for uncovered expression
flan,niv2_fsopt_data__task1532_daily_dialog_emotion_classification.parquet,25000,15158653,3031730.6,niv2_fsopt,,,,,,,,,,,,,flan_submixture,flan_collection_uncovered_expression,direct terms where identified; Article 4 for uncovered expression
flan,niv2_fsopt_data__task1533_daily_dialog_formal_classification.parquet,25000,13431926,2686385.2,niv2_fsopt,,,,,,,,,,,,,flan_submixture,flan_collection_uncovered_expression,direct terms where identified; Article 4 for uncovered expression
flan,niv2_fsopt_data__task1534_daily_dialog_question_classification.parquet,25000,11487009,2297401.8,niv2_fsopt,,,,,,,,,,,,,flan_submixture,flan_collection_uncovered_expression,direct terms where identified; Article 4 for uncovered expression
flan,niv2_fsopt_data__task1535_daily_dialog_uniqueness_classification.parquet,10990,5896535,1179307.0,niv2_fsopt,,,,,,,,,,,,,flan_submixture,flan_collection_uncovered_expression,direct terms where identified; Article 4 for uncovered expression
flan,niv2_fsopt_data__task1536_daily_dialog_happiness_classification.parquet,25000,11356302,2271260.4,niv2_fsopt,,,,,,,,,,,,,flan_submixture,flan_collection_uncovered_expression,direct terms where identified; Article 4 for uncovered expression
flan,niv2_fsopt_data__task1537_tamil_offenseval_dravidian_classification.parquet,3500,723440,144688.0,niv2_fsopt,,,,,,,,,,,,,flan_submixture,flan_collection_uncovered_expression,direct terms where identified; Article 4 for uncovered expression
flan,niv2_fsopt_data__task1538_malayalam_offenseval_dravidian_classification.parquet,3500,780000,156000.0,niv2_fsopt,,,,,,,,,,,,,flan_submixture,flan_collection_uncovered_expression,direct terms where identified; Article 4 for uncovered expression
flan,niv2_fsopt_data__task1539_kannada_offenseval_dravidian_classification.parquet,8000,1679600,335920.0,niv2_fsopt,,,,,,,,,,,,,flan_submixture,flan_collection_uncovered_expression,direct terms where identified; Article 4 for uncovered expression
flan,niv2_fsopt_data__task153_tomqa_find_location_hard_clean.parquet,25000,14399862,2879972.4,niv2_fsopt,,,,,,,,,,,,,flan_submixture,flan_collection_uncovered_expression,direct terms where identified; Article 4 for uncovered expression
flan,niv2_fsopt_data__task1540_parsed_pdfs_summarization.parquet,25000,14319934,2863986.8,niv2_fsopt,,,,,,,,,,,,,flan_submixture,flan_collection_uncovered_expression,direct terms where identified; Article 4 for uncovered expression
flan,niv2_fsopt_data__task1541_agnews_classification.parquet,25000,7623910,1524782.0,niv2_fsopt,,,,,,,,,,,,,flan_submixture,flan_collection_uncovered_expression,direct terms where identified; Article 4 for uncovered expression
flan,niv2_fsopt_data__task1542_every_ith_element_from_starting.parquet,25000,10000956,2000191.2,niv2_fsopt,,,,,,,,,,,,,flan_submixture,flan_collection_uncovered_expression,direct terms where identified; Article 4 for uncovered expression
flan,niv2_fsopt_data__task1543_conll2002_parts_of_speech_tagging_answer_generation.parquet,25000,6266570,1253314.0,niv2_fsopt,,,,,,,,,,,,,flan_submixture,flan_collection_uncovered_expression,direct terms where identified; Article 4 for uncovered expression
flan,niv2_fsopt_data__task1544_conll2002_named_entity_recognition_answer_generation.parquet,25000,5434945,1086989.0,niv2_fsopt,,,,,,,,,,,,,flan_submixture,flan_collection_uncovered_expression,direct terms where identified; Article 4 for uncovered expression
flan,niv2_fsopt_data__task1545_conll2002_person_name_extraction_answer_generation.parquet,25000,4643261,928652.2,niv2_fsopt,,,,,,,,,,,,,flan_submixture,flan_collection_uncovered_expression,direct terms where identified; Article 4 for uncovered expression
flan,niv2_fsopt_data__task1546_conll2002_location_name_extraction_answer_generation.parquet,25000,4482402,896480.4,niv2_fsopt,,,,,,,,,,,,,flan_submixture,flan_collection_uncovered_expression,direct terms where identified; Article 4 for uncovered expression
flan,niv2_fsopt_data__task1548_wiqa_binary_classification.parquet,5915,2041215,408243.0,niv2_fsopt,,,,,,,,,,,,,flan_submixture,flan_collection_uncovered_expression,direct terms where identified; Article 4 for uncovered expression
flan,niv2_fsopt_data__task1549_wiqa_answer_generation_missing_step.parquet,920,378690,75738.0,niv2_fsopt,,,,,,,,,,,,,flan_submixture,flan_collection_uncovered_expression,direct terms where identified; Article 4 for uncovered expression
flan,niv2_fsopt_data__task154_tomqa_find_location_hard_noise.parquet,25000,15716540,3143308.0,niv2_fsopt,,,,,,,,,,,,,flan_submixture,flan_collection_uncovered_expression,direct terms where identified; Article 4 for uncovered expression
flan,niv2_fsopt_data__task1551_every_ith_element_from_kth_element.parquet,25000,8328545,1665709.0,niv2_fsopt,,,,,,,,,,,,,flan_submixture,flan_collection_uncovered_expression,direct terms where identified; Article 4 for uncovered expression
flan,niv2_fsopt_data__task1552_scitail_question_generation.parquet,25000,3431805,686361.0,niv2_fsopt,,,,,,,,,,,,,flan_submixture,flan_collection_uncovered_expression,direct terms where identified; Article 4 for uncovered expression
flan,niv2_fsopt_data__task1553_cnn_dailymail_summarization.parquet,9245,21428845,4285769.0,niv2_fsopt,,,,,,,,,,,,,flan_submixture,flan_collection_uncovered_expression,direct terms where identified; Article 4 for uncovered expression
flan,niv2_fsopt_data__task1554_scitail_classification.parquet,25000,5698537,1139707.4,niv2_fsopt,,,,,,,,,,,,,flan_submixture,flan_collection_uncovered_expression,direct terms where identified; Article 4 for uncovered expression
flan,niv2_fsopt_data__task1555_scitail_answer_generation.parquet,25000,4021074,804214.8,niv2_fsopt,,,,,,,,,,,,,flan_submixture,flan_collection_uncovered_expression,direct terms where identified; Article 4 for uncovered expression
flan,niv2_fsopt_data__task1556_scitail_passage_generation.parquet,25000,4180481,836096.2,niv2_fsopt,,,,,,,,,,,,,flan_submixture,flan_collection_uncovered_expression,direct terms where identified; Article 4 for uncovered expression
flan,niv2_fsopt_data__task1557_jfleg_answer_generation.parquet,7540,1196875,239375.0,niv2_fsopt,,,,,,,,,,,,,flan_submixture,flan_collection_uncovered_expression,direct terms where identified; Article 4 for uncovered expression
flan,niv2_fsopt_data__task1558_jfleg_incorrect_answer_generation.parquet,7535,1230345,246069.0,niv2_fsopt,,,,,,,,,,,,,flan_submixture,flan_collection_uncovered_expression,direct terms where identified; Article 4 for uncovered expression
flan,niv2_fsopt_data__task1559_blimp_binary_classification.parquet,9995,1479380,295876.0,niv2_fsopt,,,,,,,,,,,,,flan_submixture,flan_collection_uncovered_expression,direct terms where identified; Article 4 for uncovered expression
flan,niv2_fsopt_data__task155_count_nouns_verbs.parquet,25000,3276181,655236.2,niv2_fsopt,,,,,,,,,,,,,flan_submixture,flan_collection_uncovered_expression,direct terms where identified; Article 4 for uncovered expression
flan,niv2_fsopt_data__task1560_blimp_binary_classification.parquet,10000,2191335,438267.0,niv2_fsopt,,,,,,,,,,,,,flan_submixture,flan_collection_uncovered_expression,direct terms where identified; Article 4 for uncovered expression
flan,niv2_fsopt_data__task1561_clickbait_new_bg_summarization.parquet,4635,6458335,1291667.0,niv2_fsopt,,,,,,,,,,,,,flan_submixture,flan_collection_uncovered_expression,direct terms where identified; Article 4 for uncovered expression
flan,niv2_fsopt_data__task1562_zest_text_modification.parquet,1420,439090,87818.0,niv2_fsopt,,,,,,,,,,,,,flan_submixture,flan_collection_uncovered_expression,direct terms where identified; Article 4 for uncovered expression
flan,niv2_fsopt_data__task1566_propara_structured_text_generation.parquet,2000,663965,132793.0,niv2_fsopt,,,,,,,,,,,,,flan_submixture,flan_collection_uncovered_expression,direct terms where identified; Article 4 for uncovered expression
flan,niv2_fsopt_data__task1567_propara_question_generation.parquet,2000,660230,132046.0,niv2_fsopt,,,,,,,,,,,,,flan_submixture,flan_collection_uncovered_expression,direct terms where identified; Article 4 for uncovered expression
flan,niv2_fsopt_data__task1568_propara_classification.parquet,1620,643815,128763.0,niv2_fsopt,,,,,,,,,,,,,flan_submixture,flan_collection_uncovered_expression,direct terms where identified; Article 4 for uncovered expression
flan,niv2_fsopt_data__task1569_cmrc2018_question_generation.parquet,1900,2432635,486527.0,niv2_fsopt,,,,,,,,,,,,,flan_submixture,flan_collection_uncovered_expression,direct terms where identified; Article 4 for uncovered expression
flan,niv2_fsopt_data__task156_codah_classification_adversarial.parquet,25000,7092529,1418505.8,niv2_fsopt,,,,,,,,,,,,,flan_submixture,flan_collection_uncovered_expression,direct terms where identified; Article 4 for uncovered expression
flan,niv2_fsopt_data__task1570_cmrc2018_answer_generation.parquet,2000,2756415,551283.0,niv2_fsopt,,,,,,,,,,,,,flan_submixture,flan_collection_uncovered_expression,direct terms where identified; Article 4 for uncovered expression
flan,niv2_fsopt_data__task1571_cmrc2018_answer_generation_starting_index.parquet,2000,2636375,527275.0,niv2_fsopt,,,,,,,,,,,,,flan_submixture,flan_collection_uncovered_expression,direct terms where identified; Article 4 for uncovered expression
flan,niv2_fsopt_data__task1572_samsum_summary.parquet,2000,1017850,203570.0,niv2_fsopt,,,,,,,,,,,,,flan_submixture,flan_collection_uncovered_expression,direct terms where identified; Article 4 for uncovered expression
flan,niv2_fsopt_data__task1573_samsum_classification.parquet,3080,540060,108012.0,niv2_fsopt,,,,,,,,,,,,,flan_submixture,flan_collection_uncovered_expression,direct terms where identified; Article 4 for uncovered expression
flan,niv2_fsopt_data__task1579_gigaword_incorrect_summarization.parquet,19320,3263070,652614.0,niv2_fsopt,,,,,,,,,,,,,flan_submixture,flan_collection_uncovered_expression,direct terms where identified; Article 4 for uncovered expression
flan,niv2_fsopt_data__task157_count_vowels_and_consonants.parquet,25000,4341648,868329.6,niv2_fsopt,,,,,,,,,,,,,flan_submixture,flan_collection_uncovered_expression,direct terms where identified; Article 4 for uncovered expression
flan,niv2_fsopt_data__task1580_eqasc-perturbed_question_generation.parquet,8220,845990,169198.0,niv2_fsopt,,,,,,,,,,,,,flan_submixture,flan_collection_uncovered_expression,direct terms where identified; Article 4 for uncovered expression
flan,niv2_fsopt_data__task1581_eqasc-perturbed_answer_generation.parquet,8190,1027755,205551.0,niv2_fsopt,,,,,,,,,,,,,flan_submixture,flan_collection_uncovered_expression,direct terms where identified; Article 4 for uncovered expression
flan,niv2_fsopt_data__task1582_bless_hypernym_generation.parquet,1590,162675,32535.0,niv2_fsopt,,,,,,,,,,,,,flan_submixture,flan_collection_uncovered_expression,direct terms where identified; Article 4 for uncovered expression
flan,niv2_fsopt_data__task1583_bless_meronym_classification.parquet,14805,1899320,379864.0,niv2_fsopt,,,,,,,,,,,,,flan_submixture,flan_collection_uncovered_expression,direct terms where identified; Article 4 for uncovered expression
flan,niv2_fsopt_data__task1584_evalution_meronym_classification.parquet,10775,1574395,314879.0,niv2_fsopt,,,,,,,,,,,,,flan_submixture,flan_collection_uncovered_expression,direct terms where identified; Article 4 for uncovered expression
flan,niv2_fsopt_data__task1585_root09_hypernym_generation.parquet,5630,563115,112623.0,niv2_fsopt,,,,,,,,,,,,,flan_submixture,flan_collection_uncovered_expression,direct terms where identified; Article 4 for uncovered expression
flan,niv2_fsopt_data__task1586_scifact_title_generation.parquet,25000,22902718,4580543.6,niv2_fsopt,,,,,,,,,,,,,flan_submixture,flan_collection_uncovered_expression,direct terms where identified; Article 4 for uncovered expression
flan,niv2_fsopt_data__task1587_scifact_classification.parquet,25000,22594504,4518900.8,niv2_fsopt,,,,,,,,,,,,,flan_submixture,flan_collection_uncovered_expression,direct terms where identified; Article 4 for uncovered expression
flan,niv2_fsopt_data__task1588_tecla_classification.parquet,9410,19508305,3901661.0,niv2_fsopt,,,,,,,,,,,,,flan_submixture,flan_collection_uncovered_expression,direct terms where identified; Article 4 for uncovered expression
flan,niv2_fsopt_data__task1589_scifact_classification.parquet,15750,14810715,2962143.0,niv2_fsopt,,,,,,,,,,,,,flan_submixture,flan_collection_uncovered_expression,direct terms where identified; Article 4 for uncovered expression
flan,niv2_fsopt_data__task158_count_frequency_of_words.parquet,20465,2950555,590111.0,niv2_fsopt,,,,,,,,,,,,,flan_submixture,flan_collection_uncovered_expression,direct terms where identified; Article 4 for uncovered expression
flan,niv2_fsopt_data__task1590_diplomacy_text_generation.parquet,1580,871615,174323.0,niv2_fsopt,,,,,,,,,,,,,flan_submixture,flan_collection_uncovered_expression,direct terms where identified; Article 4 for uncovered expression
flan,niv2_fsopt_data__task1591_allocine_classification.parquet,19960,13004195,2600839.0,niv2_fsopt,,,,,,,,,,,,,flan_submixture,flan_collection_uncovered_expression,direct terms where identified; Article 4 for uncovered expression
flan,niv2_fsopt_data__task1592_yahoo_answers_topics_classfication.parquet,9935,1787415,357483.0,niv2_fsopt,,,,,,,,,,,,,flan_submixture,flan_collection_uncovered_expression,direct terms where identified; Article 4 for uncovered expression
flan,niv2_fsopt_data__task1593_yahoo_answers_topics_classification.parquet,9925,4389815,877963.0,niv2_fsopt,,,,,,,,,,,,,flan_submixture,flan_collection_uncovered_expression,direct terms where identified; Article 4 for uncovered expression
flan,niv2_fsopt_data__task1594_yahoo_answers_topics_question_generation.parquet,21610,9328225,1865645.0,niv2_fsopt,,,,,,,,,,,,,flan_submixture,flan_collection_uncovered_expression,direct terms where identified; Article 4 for uncovered expression
flan,niv2_fsopt_data__task1595_event2mind_text_generation_1.parquet,25000,3241227,648245.4,niv2_fsopt,,,,,,,,,,,,,flan_submixture,flan_collection_uncovered_expression,direct terms where identified; Article 4 for uncovered expression
flan,niv2_fsopt_data__task1596_event2mind_text_generation_2.parquet,25000,3298027,659605.4,niv2_fsopt,,,,,,,,,,,,,flan_submixture,flan_collection_uncovered_expression,direct terms where identified; Article 4 for uncovered expression
flan,niv2_fsopt_data__task1597_nyc_slot_filling.parquet,25000,5564103,1112820.6,niv2_fsopt,,,,,,,,,,,,,flan_submixture,flan_collection_uncovered_expression,direct terms where identified; Article 4 for uncovered expression
flan,niv2_fsopt_data__task1598_nyc_long_text_generation.parquet,25000,5414719,1082943.8,niv2_fsopt,,,,,,,,,,,,,flan_submixture,flan_collection_uncovered_expression,direct terms where identified; Article 4 for uncovered expression
flan,niv2_fsopt_data__task1599_smcalflow_classification.parquet,25000,4346773,869354.6,niv2_fsopt,,,,,,,,,,,,,flan_submixture,flan_collection_uncovered_expression,direct terms where identified; Article 4 for uncovered expression
flan,niv2_fsopt_data__task159_check_frequency_of_words_in_sentence_pair.parquet,25000,4900158,980031.6,niv2_fsopt,,,,,,,,,,,,,flan_submixture,flan_collection_uncovered_expression,direct terms where identified; Article 4 for uncovered expression
flan,niv2_fsopt_data__task1600_smcalflow_sentence_generation.parquet,10285,1866800,373360.0,niv2_fsopt,,,,,,,,,,,,,flan_submixture,flan_collection_uncovered_expression,direct terms where identified; Article 4 for uncovered expression
flan,niv2_fsopt_data__task1601_webquestions_answer_generation.parquet,25000,3695856,739171.2,niv2_fsopt,,,,,,,,,,,,,flan_submixture,flan_collection_uncovered_expression,direct terms where identified; Article 4 for uncovered expression
flan,niv2_fsopt_data__task1602_webquestion_question_genreation.parquet,25000,3741689,748337.8,niv2_fsopt,,,,,,,,,,,,,flan_submixture,flan_collection_uncovered_expression,direct terms where identified; Article 4 for uncovered expression
flan,niv2_fsopt_data__task1603_smcalflow_sentence_generation.parquet,25000,3756467,751293.4,niv2_fsopt,,,,,,,,,,,,,flan_submixture,flan_collection_uncovered_expression,direct terms where identified; Article 4 for uncovered expression
flan,niv2_fsopt_data__task1604_ethos_text_classification.parquet,9975,1317135,263427.0,niv2_fsopt,,,,,,,,,,,,,flan_submixture,flan_collection_uncovered_expression,direct terms where identified; Article 4 for uncovered expression
flan,niv2_fsopt_data__task1605_ethos_text_classification.parquet,2905,460060,92012.0,niv2_fsopt,,,,,,,,,,,,,flan_submixture,flan_collection_uncovered_expression,direct terms where identified; Article 4 for uncovered expression
flan,niv2_fsopt_data__task1606_ethos_text_classification.parquet,1860,272360,54472.0,niv2_fsopt,,,,,,,,,,,,,flan_submixture,flan_collection_uncovered_expression,direct terms where identified; Article 4 for uncovered expression
flan,niv2_fsopt_data__task1607_ethos_text_classification.parquet,1710,309390,61878.0,niv2_fsopt,,,,,,,,,,,,,flan_submixture,flan_collection_uncovered_expression,direct terms where identified; Article 4 for uncovered expression
flan,niv2_fsopt_data__task1608_xquad_en_answer_generation.parquet,11850,6192095,1238419.0,niv2_fsopt,,,,,,,,,,,,,flan_submixture,flan_collection_uncovered_expression,direct terms where identified; Article 4 for uncovered expression
flan,niv2_fsopt_data__task1609_xquad_en_question_generation.parquet,2400,1167780,233556.0,niv2_fsopt,,,,,,,,,,,,,flan_submixture,flan_collection_uncovered_expression,direct terms where identified; Article 4 for uncovered expression
flan,niv2_fsopt_data__task160_replace_letter_in_a_sentence.parquet,25000,4263228,852645.6,niv2_fsopt,,,,,,,,,,,,,flan_submixture,flan_collection_uncovered_expression,direct terms where identified; Article 4 for uncovered expression
flan,niv2_fsopt_data__task1610_xquad_es_answer_generation.parquet,11830,7540890,1508178.0,niv2_fsopt,,,,,,,,,,,,,flan_submixture,flan_collection_uncovered_expression,direct terms where identified; Article 4 for uncovered expression
flan,niv2_fsopt_data__task1611_xquad_es_question_generation.parquet,2400,1405315,281063.0,niv2_fsopt,,,,,,,,,,,,,flan_submixture,flan_collection_uncovered_expression,direct terms where identified; Article 4 for uncovered expression
flan,niv2_fsopt_data__task1612_sick_label_classification.parquet,18000,3916385,783277.0,niv2_fsopt,,,,,,,,,,,,,flan_submixture,flan_collection_uncovered_expression,direct terms where identified; Article 4 for uncovered expression
flan,niv2_fsopt_data__task1613_sick_given_category_generate_sentence.parquet,10820,2155370,431074.0,niv2_fsopt,,,,,,,,,,,,,flan_submixture,flan_collection_uncovered_expression,direct terms where identified; Article 4 for uncovered expression
flan,niv2_fsopt_data__task1614_sick_text_modify.parquet,8680,1303865,260773.0,niv2_fsopt,,,,,,,,,,,,,flan_submixture,flan_collection_uncovered_expression,direct terms where identified; Article 4 for uncovered expression
flan,niv2_fsopt_data__task1615_sick_tclassify_b_relation_a.parquet,17965,4192630,838526.0,niv2_fsopt,,,,,,,,,,,,,flan_submixture,flan_collection_uncovered_expression,direct terms where identified; Article 4 for uncovered expression
flan,niv2_fsopt_data__task1616_cc_alligned_translate_eng_tel.parquet,25000,3714099,742819.8,niv2_fsopt,,,,,,,,,,,,,flan_submixture,flan_collection_uncovered_expression,direct terms where identified; Article 4 for uncovered expression
flan,niv2_fsopt_data__task1617_cc_alligned_translate_tel_eng.parquet,25000,3737202,747440.4,niv2_fsopt,,,,,,,,,,,,,flan_submixture,flan_collection_uncovered_expression,direct terms where identified; Article 4 for uncovered expression
flan,niv2_fsopt_data__task1618_cc_alligned_classify_tel_eng.parquet,25000,2648017,529603.4,niv2_fsopt,,,,,,,,,,,,,flan_submixture,flan_collection_uncovered_expression,direct terms where identified; Article 4 for uncovered expression
flan,niv2_fsopt_data__task1619_menyo20k-mt_en_yo_translation.parquet,25000,10429853,2085970.6,niv2_fsopt,,,,,,,,,,,,,flan_submixture,flan_collection_uncovered_expression,direct terms where identified; Article 4 for uncovered expression
flan,niv2_fsopt_data__task161_count_words_containing_letter.parquet,25000,3514851,702970.2,niv2_fsopt,,,,,,,,,,,,,flan_submixture,flan_collection_uncovered_expression,direct terms where identified; Article 4 for uncovered expression
flan,niv2_fsopt_data__task1620_menyo20k-mt_yo_en_translation.parquet,25000,11871144,2374228.8,niv2_fsopt,,,,,,,,,,,,,flan_submixture,flan_collection_uncovered_expression,direct terms where identified; Article 4 for uncovered expression
flan,niv2_fsopt_data__task1621_menyo20k-mt_en_yo_language_identification.parquet,25000,5239750,1047950.0,niv2_fsopt,,,,,,,,,,,,,flan_submixture,flan_collection_uncovered_expression,direct terms where identified; Article 4 for uncovered expression
flan,niv2_fsopt_data__task1622_disfl_qa_text_modication.parquet,19945,3321805,664361.0,niv2_fsopt,,,,,,,,,,,,,flan_submixture,flan_collection_uncovered_expression,direct terms where identified; Article 4 for uncovered expression
flan,niv2_fsopt_data__task1623_disfl_qa_disfluent_question_classification.parquet,14795,2024710,404942.0,niv2_fsopt,,,,,,,,,,,,,flan_submixture,flan_collection_uncovered_expression,direct terms where identified; Article 4 for uncovered expression
flan,niv2_fsopt_data__task1624_disfl_qa_question_yesno_classification.parquet,14995,9230000,1846000.0,niv2_fsopt,,,,,,,,,,,,,flan_submixture,flan_collection_uncovered_expression,direct terms where identified; Article 4 for uncovered expression
flan,niv2_fsopt_data__task1625_disfl_qa_asnwer_generation.parquet,14995,9622950,1924590.0,niv2_fsopt,,,,,,,,,,,,,flan_submixture,flan_collection_uncovered_expression,direct terms where identified; Article 4 for uncovered expression
flan,niv2_fsopt_data__task1626_copa_hr_question_answering.parquet,9950,3122390,624478.0,niv2_fsopt,,,,,,,,,,,,,flan_submixture,flan_collection_uncovered_expression,direct terms where identified; Article 4 for uncovered expression
flan,niv2_fsopt_data__task1627_copa_hr_classification.parquet,9950,2145230,429046.0,niv2_fsopt,,,,,,,,,,,,,flan_submixture,flan_collection_uncovered_expression,direct terms where identified; Article 4 for uncovered expression
flan,niv2_fsopt_data__task1628_copa_hr_question_answering.parquet,9940,3335160,667032.0,niv2_fsopt,,,,,,,,,,,,,flan_submixture,flan_collection_uncovered_expression,direct terms where identified; Article 4 for uncovered expression
flan,niv2_fsopt_data__task1629_copa_hr_classification.parquet,9950,1858780,371756.0,niv2_fsopt,,,,,,,,,,,,,flan_submixture,flan_collection_uncovered_expression,direct terms where identified; Article 4 for uncovered expression
flan,niv2_fsopt_data__task162_count_words_starting_with_letter.parquet,25000,4007750,801550.0,niv2_fsopt,,,,,,,,,,,,,flan_submixture,flan_collection_uncovered_expression,direct terms where identified; Article 4 for uncovered expression
flan,niv2_fsopt_data__task1630_openpi_classification.parquet,7970,2339730,467946.0,niv2_fsopt,,,,,,,,,,,,,flan_submixture,flan_collection_uncovered_expression,direct terms where identified; Article 4 for uncovered expression
flan,niv2_fsopt_data__task1631_openpi_answer_generation.parquet,25000,4043545,808709.0,niv2_fsopt,,,,,,,,,,,,,flan_submixture,flan_collection_uncovered_expression,direct terms where identified; Article 4 for uncovered expression
flan,niv2_fsopt_data__task1637_doqa2.1_cooking_text_summarization.parquet,4000,1502275,300455.0,niv2_fsopt,,,,,,,,,,,,,flan_submixture,flan_collection_uncovered_expression,direct terms where identified; Article 4 for uncovered expression
flan,niv2_fsopt_data__task1638_doqa2.1_movies_text_summarization.parquet,3880,1519730,303946.0,niv2_fsopt,,,,,,,,,,,,,flan_submixture,flan_collection_uncovered_expression,direct terms where identified; Article 4 for uncovered expression
flan,niv2_fsopt_data__task1639_doqa2.1_travel_text_summarization.parquet,3840,1841690,368338.0,niv2_fsopt,,,,,,,,,,,,,flan_submixture,flan_collection_uncovered_expression,direct terms where identified; Article 4 for uncovered expression
flan,niv2_fsopt_data__task163_count_words_ending_with_letter.parquet,25000,3785477,757095.4,niv2_fsopt,,,,,,,,,,,,,flan_submixture,flan_collection_uncovered_expression,direct terms where identified; Article 4 for uncovered expression
flan,niv2_fsopt_data__task1640_aqa1.0_answerable_unanswerable_question_classification.parquet,25000,12864925,2572985.0,niv2_fsopt,,,,,,,,,,,,,flan_submixture,flan_collection_uncovered_expression,direct terms where identified; Article 4 for uncovered expression
flan,niv2_fsopt_data__task1645_medical_question_pair_dataset_text_classification.parquet,25000,6372803,1274560.6,niv2_fsopt,,,,,,,,,,,,,flan_submixture,flan_collection_uncovered_expression,direct terms where identified; Article 4 for uncovered expression
flan,niv2_fsopt_data__task1646_dataset_card_for_catalonia_independence_corpus_text_classification.parquet,25000,7382057,1476411.4,niv2_fsopt,,,,,,,,,,,,,flan_submixture,flan_collection_uncovered_expression,direct terms where identified; Article 4 for uncovered expression
flan,niv2_fsopt_data__task1647_opus_books_en-pt_translation.parquet,13950,3157230,631446.0,niv2_fsopt,,,,,,,,,,,,,flan_submixture,flan_collection_uncovered_expression,direct terms where identified; Article 4 for uncovered expression
flan,niv2_fsopt_data__task1648_opus_books_en-sv_translation.parquet,14975,4031835,806367.0,niv2_fsopt,,,,,,,,,,,,,flan_submixture,flan_collection_uncovered_expression,direct terms where identified; Article 4 for uncovered expression
flan,niv2_fsopt_data__task1649_opus_books_en-no_translation.parquet,7990,1854445,370889.0,niv2_fsopt,,,,,,,,,,,,,flan_submixture,flan_collection_uncovered_expression,direct terms where identified; Article 4 for uncovered expression
flan,niv2_fsopt_data__task164_mcscript_question_answering_text.parquet,25000,15538022,3107604.4,niv2_fsopt,,,,,,,,,,,,,flan_submixture,flan_collection_uncovered_expression,direct terms where identified; Article 4 for uncovered expression
flan,niv2_fsopt_data__task1650_opus_books_en-fi_translation.parquet,14915,3736790,747358.0,niv2_fsopt,,,,,,,,,,,,,flan_submixture,flan_collection_uncovered_expression,direct terms where identified; Article 4 for uncovered expression
flan,niv2_fsopt_data__task1651_opus_books_en-es__translation.parquet,15000,3846365,769273.0,niv2_fsopt,,,,,,,,,,,,,flan_submixture,flan_collection_uncovered_expression,direct terms where identified; Article 4 for uncovered expression
flan,niv2_fsopt_data__task1652_opus_books_ca-en_translation.parquet,15000,3876625,775325.0,niv2_fsopt,,,,,,,,,,,,,flan_submixture,flan_collection_uncovered_expression,direct terms where identified; Article 4 for uncovered expression
flan,niv2_fsopt_data__task1654_mkb_translation.parquet,1480,258965,51793.0,niv2_fsopt,,,,,,,,,,,,,flan_submixture,flan_collection_uncovered_expression,direct terms where identified; Article 4 for uncovered expression
flan,niv2_fsopt_data__task1655_mkb_translation.parquet,1500,255475,51095.0,niv2_fsopt,,,,,,,,,,,,,flan_submixture,flan_collection_uncovered_expression,direct terms where identified; Article 4 for uncovered expression
flan,niv2_fsopt_data__task1656_gooaq_answer_generation.parquet,1100,112135,22427.0,niv2_fsopt,,,,,,,,,,,,,flan_submixture,flan_collection_uncovered_expression,direct terms where identified; Article 4 for uncovered expression
flan,niv2_fsopt_data__task1657_gooaq_question_generation.parquet,1040,212990,42598.0,niv2_fsopt,,,,,,,,,,,,,flan_submixture,flan_collection_uncovered_expression,direct terms where identified; Article 4 for uncovered expression
flan,niv2_fsopt_data__task1658_billsum_summarization.parquet,14945,50381650,10076330.0,niv2_fsopt,,,,,,,,,,,,,flan_submixture,flan_collection_uncovered_expression,direct terms where identified; Article 4 for uncovered expression
flan,niv2_fsopt_data__task1659_title_generation.parquet,25000,19767954,3953590.8,niv2_fsopt,,,,,,,,,,,,,flan_submixture,flan_collection_uncovered_expression,direct terms where identified; Article 4 for uncovered expression
flan,niv2_fsopt_data__task165_mcscript_question_answering_commonsense.parquet,25000,16328446,3265689.2,niv2_fsopt,,,,,,,,,,,,,flan_submixture,flan_collection_uncovered_expression,direct terms where identified; Article 4 for uncovered expression
flan,niv2_fsopt_data__task1660_super_glue_question_generation.parquet,18930,9772055,1954411.0,niv2_fsopt,,,,,,,,,,,,,flan_submixture,flan_collection_uncovered_expression,direct terms where identified; Article 4 for uncovered expression
flan,niv2_fsopt_data__task1661_super_glue_classification.parquet,25000,13264614,2652922.8,niv2_fsopt,,,,,,,,,,,,,flan_submixture,flan_collection_uncovered_expression,direct terms where identified; Article 4 for uncovered expression
flan,niv2_fsopt_data__task1662_cedr_ru_classification.parquet,25000,4798495,959699.0,niv2_fsopt,,,,,,,,,,,,,flan_submixture,flan_collection_uncovered_expression,direct terms where identified; Article 4 for uncovered expression
flan,niv2_fsopt_data__task1663_cedr_ru_incorrect_classification.parquet,25000,4450253,890050.6,niv2_fsopt,,,,,,,,,,,,,flan_submixture,flan_collection_uncovered_expression,direct terms where identified; Article 4 for uncovered expression
flan,niv2_fsopt_data__task1664_winobias_text_generation.parquet,3875,818615,163723.0,niv2_fsopt,,,,,,,,,,,,,flan_submixture,flan_collection_uncovered_expression,direct terms where identified; Article 4 for uncovered expression
flan,niv2_fsopt_data__task1665_trainglecopa_question_generation.parquet,1000,194005,38801.0,niv2_fsopt,,,,,,,,,,,,,flan_submixture,flan_collection_uncovered_expression,direct terms where identified; Article 4 for uncovered expression
flan,niv2_fsopt_data__task1666_cail2018_answer_generation.parquet,9745,8749030,1749806.0,niv2_fsopt,,,,,,,,,,,,,flan_submixture,flan_collection_uncovered_expression,direct terms where identified; Article 4 for uncovered expression
flan,niv2_fsopt_data__task1667_cail2018_answer_generation.parquet,9880,9585070,1917014.0,niv2_fsopt,,,,,,,,,,,,,flan_submixture,flan_collection_uncovered_expression,direct terms where identified; Article 4 for uncovered expression
flan,niv2_fsopt_data__task1669_md_gender_bias_text_modification.parquet,10000,1500920,300184.0,niv2_fsopt,,,,,,,,,,,,,flan_submixture,flan_collection_uncovered_expression,direct terms where identified; Article 4 for uncovered expression
flan,niv2_fsopt_data__task166_clariq_sentence_generation.parquet,2320,365740,73148.0,niv2_fsopt,,,,,,,,,,,,,flan_submixture,flan_collection_uncovered_expression,direct terms where identified; Article 4 for uncovered expression
flan,niv2_fsopt_data__task1670_md_gender_bias_text_modification.parquet,9995,1499570,299914.0,niv2_fsopt,,,,,,,,,,,,,flan_submixture,flan_collection_uncovered_expression,direct terms where identified; Article 4 for uncovered expression
flan,niv2_fsopt_data__task1676_xquad-ca_translation.parquet,11780,1927845,385569.0,niv2_fsopt,,,,,,,,,,,,,flan_submixture,flan_collection_uncovered_expression,direct terms where identified; Article 4 for uncovered expression
flan,niv2_fsopt_data__task1677_xquad-ca_translation.parquet,11800,1944085,388817.0,niv2_fsopt,,,,,,,,,,,,,flan_submixture,flan_collection_uncovered_expression,direct terms where identified; Article 4 for uncovered expression
flan,niv2_fsopt_data__task1678_mathqa_answer_selection.parquet,25000,8220096,1644019.2,niv2_fsopt,,,,,,,,,,,,,flan_submixture,flan_collection_uncovered_expression,direct terms where identified; Article 4 for uncovered expression
flan,niv2_fsopt_data__task167_strategyqa_question_generation.parquet,23530,8692325,1738465.0,niv2_fsopt,,,,,,,,,,,,,flan_submixture,flan_collection_uncovered_expression,direct terms where identified; Article 4 for uncovered expression
flan,niv2_fsopt_data__task1685_menyo20k_translation.parquet,25000,6880544,1376108.8,niv2_fsopt,,,,,,,,,,,,,flan_submixture,flan_collection_uncovered_expression,direct terms where identified; Article 4 for uncovered expression
flan,niv2_fsopt_data__task1686_menyo20k_translation.parquet,25000,6784282,1356856.4,niv2_fsopt,,,,,,,,,,,,,flan_submixture,flan_collection_uncovered_expression,direct terms where identified; Article 4 for uncovered expression
flan,niv2_fsopt_data__task1689_qed_amara_translation.parquet,25000,4046625,809325.0,niv2_fsopt,,,,,,,,,,,,,flan_submixture,flan_collection_uncovered_expression,direct terms where identified; Article 4 for uncovered expression
flan,niv2_fsopt_data__task168_strategyqa_question_decomposition.parquet,25000,19441555,3888311.0,niv2_fsopt,,,,,,,,,,,,,flan_submixture,flan_collection_uncovered_expression,direct terms where identified; Article 4 for uncovered expression
flan,niv2_fsopt_data__task1690_qed_amara_translation.parquet,25000,3672217,734443.4,niv2_fsopt,,,,,,,,,,,,,flan_submixture,flan_collection_uncovered_expression,direct terms where identified; Article 4 for uncovered expression
flan,niv2_fsopt_data__task1691_qed_amara_translation.parquet,25000,3737469,747493.8,niv2_fsopt,,,,,,,,,,,,,flan_submixture,flan_collection_uncovered_expression,direct terms where identified; Article 4 for uncovered expression
flan,niv2_fsopt_data__task1692_qed_amara_translation.parquet,25000,3714072,742814.4,niv2_fsopt,,,,,,,,,,,,,flan_submixture,flan_collection_uncovered_expression,direct terms where identified; Article 4 for uncovered expression
flan,niv2_fsopt_data__task169_strategyqa_sentence_generation.parquet,25000,7582891,1516578.2,niv2_fsopt,,,,,,,,,,,,,flan_submixture,flan_collection_uncovered_expression,direct terms where identified; Article 4 for uncovered expression
flan,niv2_fsopt_data__task1703_ljspeech_textmodification.parquet,4990,1129940,225988.0,niv2_fsopt,,,,,,,,,,,,,flan_submixture,flan_collection_uncovered_expression,direct terms where identified; Article 4 for uncovered expression
flan,niv2_fsopt_data__task1704_ljspeech_textmodification.parquet,4990,878450,175690.0,niv2_fsopt,,,,,,,,,,,,,flan_submixture,flan_collection_uncovered_expression,direct terms where identified; Article 4 for uncovered expression
flan,niv2_fsopt_data__task1705_ljspeech_classification.parquet,1000,153005,30601.0,niv2_fsopt,,,,,,,,,,,,,flan_submixture,flan_collection_uncovered_expression,direct terms where identified; Article 4 for uncovered expression
flan,niv2_fsopt_data__task1706_ljspeech_classification.parquet,1000,149855,29971.0,niv2_fsopt,,,,,,,,,,,,,flan_submixture,flan_collection_uncovered_expression,direct terms where identified; Article 4 for uncovered expression
flan,niv2_fsopt_data__task1711_poki_text_generation.parquet,25000,6977688,1395537.6,niv2_fsopt,,,,,,,,,,,,,flan_submixture,flan_collection_uncovered_expression,direct terms where identified; Article 4 for uncovered expression
flan,niv2_fsopt_data__task1712_poki_classification.parquet,25000,7232859,1446571.8,niv2_fsopt,,,,,,,,,,,,,flan_submixture,flan_collection_uncovered_expression,direct terms where identified; Article 4 for uncovered expression
flan,niv2_fsopt_data__task1713_convai3_sentence_generation.parquet,1820,292130,58426.0,niv2_fsopt,,,,,,,,,,,,,flan_submixture,flan_collection_uncovered_expression,direct terms where identified; Article 4 for uncovered expression
flan,niv2_fsopt_data__task1714_convai3_sentence_generation.parquet,22945,5231905,1046381.0,niv2_fsopt,,,,,,,,,,,,,flan_submixture,flan_collection_uncovered_expression,direct terms where identified; Article 4 for uncovered expression
flan,niv2_fsopt_data__task171_spl_translation_en_es.parquet,3590,1121705,224341.0,niv2_fsopt,,,,,,,,,,,,,flan_submixture,flan_collection_uncovered_expression,direct terms where identified; Article 4 for uncovered expression
flan,niv2_fsopt_data__task1726_mathqa_correct_answer_generation.parquet,25000,4836335,967267.0,niv2_fsopt,,,,,,,,,,,,,flan_submixture,flan_collection_uncovered_expression,direct terms where identified; Article 4 for uncovered expression
flan,niv2_fsopt_data__task1727_wiqa_what_is_the_effect.parquet,25000,8809153,1761830.6,niv2_fsopt,,,,,,,,,,,,,flan_submixture,flan_collection_uncovered_expression,direct terms where identified; Article 4 for uncovered expression
flan,niv2_fsopt_data__task1728_web_nlg_data_to_text.parquet,25000,6582238,1316447.6,niv2_fsopt,,,,,,,,,,,,,flan_submixture,flan_collection_uncovered_expression,direct terms where identified; Article 4 for uncovered expression
flan,niv2_fsopt_data__task1729_personachat_generate_next.parquet,25000,13327184,2665436.8,niv2_fsopt,,,,,,,,,,,,,flan_submixture,flan_collection_uncovered_expression,direct terms where identified; Article 4 for uncovered expression
flan,niv2_fsopt_data__task172_spl_translation_en_fa.parquet,3580,1172695,234539.0,niv2_fsopt,,,,,,,,,,,,,flan_submixture,flan_collection_uncovered_expression,direct terms where identified; Article 4 for uncovered expression
flan,niv2_fsopt_data__task1730_personachat_choose_next.parquet,25000,16447952,3289590.4,niv2_fsopt,,,,,,,,,,,,,flan_submixture,flan_collection_uncovered_expression,direct terms where identified; Article 4 for uncovered expression
flan,niv2_fsopt_data__task1731_quartz_question_answering.parquet,25000,6083673,1216734.6,niv2_fsopt,,,,,,,,,,,,,flan_submixture,flan_collection_uncovered_expression,direct terms where identified; Article 4 for uncovered expression
flan,niv2_fsopt_data__task173_spl_translation_en_it.parquet,3560,1124190,224838.0,niv2_fsopt,,,,,,,,,,,,,flan_submixture,flan_collection_uncovered_expression,direct terms where identified; Article 4 for uncovered expression
flan,niv2_fsopt_data__task174_spl_translation_en_ja.parquet,3580,1108610,221722.0,niv2_fsopt,,,,,,,,,,,,,flan_submixture,flan_collection_uncovered_expression,direct terms where identified; Article 4 for uncovered expression
flan,niv2_fsopt_data__task175_spl_translation_en_pl.parquet,3590,1163245,232649.0,niv2_fsopt,,,,,,,,,,,,,flan_submixture,flan_collection_uncovered_expression,direct terms where identified; Article 4 for uncovered expression
flan,niv2_fsopt_data__task176_break_decompose_questions.parquet,25000,19177556,3835511.2,niv2_fsopt,,,,,,,,,,,,,flan_submixture,flan_collection_uncovered_expression,direct terms where identified; Article 4 for uncovered expression
flan,niv2_fsopt_data__task177_para-nmt_paraphrasing.parquet,25000,4064381,812876.2,niv2_fsopt,,,,,,,,,,,,,flan_submixture,flan_collection_uncovered_expression,direct terms where identified; Article 4 for uncovered expression
flan,niv2_fsopt_data__task178_quartz_question_answering.parquet,25000,7139047,1427809.4,niv2_fsopt,,,,,,,,,,,,,flan_submixture,flan_collection_uncovered_expression,direct terms where identified; Article 4 for uncovered expression
flan,niv2_fsopt_data__task179_participant_extraction.parquet,4225,990580,198116.0,niv2_fsopt,,,,,,,,,,,,,flan_submixture,flan_collection_uncovered_expression,direct terms where identified; Article 4 for uncovered expression
flan,niv2_fsopt_data__task180_intervention_extraction.parquet,4225,1190300,238060.0,niv2_fsopt,,,,,,,,,,,,,flan_submixture,flan_collection_uncovered_expression,direct terms where identified; Article 4 for uncovered expression
flan,niv2_fsopt_data__task181_outcome_extraction.parquet,4230,1310880,262176.0,niv2_fsopt,,,,,,,,,,,,,flan_submixture,flan_collection_uncovered_expression,direct terms where identified; Article 4 for uncovered expression
flan,niv2_fsopt_data__task182_duorc_question_generation.parquet,25000,43816011,8763202.2,niv2_fsopt,,,,,,,,,,,,,flan_submixture,flan_collection_uncovered_expression,direct terms where identified; Article 4 for uncovered expression
flan,niv2_fsopt_data__task183_rhyme_generation.parquet,9985,759535,151907.0,niv2_fsopt,,,,,,,,,,,,,flan_submixture,flan_collection_uncovered_expression,direct terms where identified; Article 4 for uncovered expression
flan,niv2_fsopt_data__task184_break_generate_question.parquet,25000,18995096,3799019.2,niv2_fsopt,,,,,,,,,,,,,flan_submixture,flan_collection_uncovered_expression,direct terms where identified; Article 4 for uncovered expression
flan,niv2_fsopt_data__task184_snli_entailment_to_neutral_text_modification.parquet,25000,5954383,1190876.6,niv2_fsopt,,,,,,,,,,,,,flan_submixture,flan_collection_uncovered_expression,direct terms where identified; Article 4 for uncovered expression
flan,niv2_fsopt_data__task185_snli_contradiction_to_neutral_text_modification.parquet,25000,6068964,1213792.8,niv2_fsopt,,,,,,,,,,,,,flan_submixture,flan_collection_uncovered_expression,direct terms where identified; Article 4 for uncovered expression
flan,niv2_fsopt_data__task186_snli_contradiction_to_entailment_text_modification.parquet,25000,5574967,1114993.4,niv2_fsopt,,,,,,,,,,,,,flan_submixture,flan_collection_uncovered_expression,direct terms where identified; Article 4 for uncovered expression
flan,niv2_fsopt_data__task187_snli_entailment_to_contradiction_text_modification.parquet,25000,5510353,1102070.6,niv2_fsopt,,,,,,,,,,,,,flan_submixture,flan_collection_uncovered_expression,direct terms where identified; Article 4 for uncovered expression
flan,niv2_fsopt_data__task188_snli_neutral_to_entailment_text_modification.parquet,25000,5608661,1121732.2,niv2_fsopt,,,,,,,,,,,,,flan_submixture,flan_collection_uncovered_expression,direct terms where identified; Article 4 for uncovered expression
flan,niv2_fsopt_data__task189_snli_neutral_to_contradiction_text_modification.parquet,25000,5518376,1103675.2,niv2_fsopt,,,,,,,,,,,,,flan_submixture,flan_collection_uncovered_expression,direct terms where identified; Article 4 for uncovered expression
flan,niv2_fsopt_data__task190_snli_classification.parquet,25000,4942163,988432.6,niv2_fsopt,,,,,,,,,,,,,flan_submixture,flan_collection_uncovered_expression,direct terms where identified; Article 4 for uncovered expression
flan,niv2_fsopt_data__task193_duorc_question_generation.parquet,25000,38619256,7723851.2,niv2_fsopt,,,,,,,,,,,,,flan_submixture,flan_collection_uncovered_expression,direct terms where identified; Article 4 for uncovered expression
flan,niv2_fsopt_data__task194_duorc_answer_generation.parquet,25000,45266583,9053316.6,niv2_fsopt,,,,,,,,,,,,,flan_submixture,flan_collection_uncovered_expression,direct terms where identified; Article 4 for uncovered expression
flan,niv2_fsopt_data__task195_sentiment140_classification.parquet,25000,3439910,687982.0,niv2_fsopt,,,,,,,,,,,,,flan_submixture,flan_collection_uncovered_expression,direct terms where identified; Article 4 for uncovered expression
flan,niv2_fsopt_data__task196_sentiment140_answer_generation.parquet,25000,4419159,883831.8,niv2_fsopt,,,,,,,,,,,,,flan_submixture,flan_collection_uncovered_expression,direct terms where identified; Article 4 for uncovered expression
flan,niv2_fsopt_data__task197_mnli_domain_answer_generation.parquet,25000,5522840,1104568.0,niv2_fsopt,,,,,,,,,,,,,flan_submixture,flan_collection_uncovered_expression,direct terms where identified; Article 4 for uncovered expression
flan,niv2_fsopt_data__task198_mnli_domain_classification.parquet,25000,9415269,1883053.8,niv2_fsopt,,,,,,,,,,,,,flan_submixture,flan_collection_uncovered_expression,direct terms where identified; Article 4 for uncovered expression
flan,niv2_fsopt_data__task199_mnli_classification.parquet,25000,5182776,1036555.2,niv2_fsopt,,,,,,,,,,,,,flan_submixture,flan_collection_uncovered_expression,direct terms where identified; Article 4 for uncovered expression
flan,niv2_fsopt_data__task200_mnli_entailment_classification.parquet,25000,7870872,1574174.4,niv2_fsopt,,,,,,,,,,,,,flan_submixture,flan_collection_uncovered_expression,direct terms where identified; Article 4 for uncovered expression
flan,niv2_fsopt_data__task201_mnli_neutral_classification.parquet,25000,9127808,1825561.6,niv2_fsopt,,,,,,,,,,,,,flan_submixture,flan_collection_uncovered_expression,direct terms where identified; Article 4 for uncovered expression
flan,niv2_fsopt_data__task202_mnli_contradiction_classification.parquet,25000,7320839,1464167.8,niv2_fsopt,,,,,,,,,,,,,flan_submixture,flan_collection_uncovered_expression,direct terms where identified; Article 4 for uncovered expression
flan,niv2_fsopt_data__task203_mnli_sentence_generation.parquet,25000,7584549,1516909.8,niv2_fsopt,,,,,,,,,,,,,flan_submixture,flan_collection_uncovered_expression,direct terms where identified; Article 4 for uncovered expression
flan,niv2_fsopt_data__task204_mnli_same_genre_classification.parquet,25000,9644004,1928800.8,niv2_fsopt,,,,,,,,,,,,,flan_submixture,flan_collection_uncovered_expression,direct terms where identified; Article 4 for uncovered expression
flan,niv2_fsopt_data__task205_remove_even_elements.parquet,25000,5578840,1115768.0,niv2_fsopt,,,,,,,,,,,,,flan_submixture,flan_collection_uncovered_expression,direct terms where identified; Article 4 for uncovered expression
flan,niv2_fsopt_data__task206_collatz_conjecture.parquet,25000,5725501,1145100.2,niv2_fsopt,,,,,,,,,,,,,flan_submixture,flan_collection_uncovered_expression,direct terms where identified; Article 4 for uncovered expression
flan,niv2_fsopt_data__task207_max_element_lists.parquet,25000,10500328,2100065.6,niv2_fsopt,,,,,,,,,,,,,flan_submixture,flan_collection_uncovered_expression,direct terms where identified; Article 4 for uncovered expression
flan,niv2_fsopt_data__task208_combinations_of_list.parquet,25000,9162924,1832584.8,niv2_fsopt,,,,,,,,,,,,,flan_submixture,flan_collection_uncovered_expression,direct terms where identified; Article 4 for uncovered expression
flan,niv2_fsopt_data__task209_stancedetection_classification.parquet,15250,2071785,414357.0,niv2_fsopt,,,,,,,,,,,,,flan_submixture,flan_collection_uncovered_expression,direct terms where identified; Article 4 for uncovered expression
flan,niv2_fsopt_data__task210_logic2text_structured_text_generation.parquet,25000,22386499,4477299.8,niv2_fsopt,,,,,,,,,,,,,flan_submixture,flan_collection_uncovered_expression,direct terms where identified; Article 4 for uncovered expression
flan,niv2_fsopt_data__task211_logic2text_classification.parquet,25000,22214103,4442820.6,niv2_fsopt,,,,,,,,,,,,,flan_submixture,flan_collection_uncovered_expression,direct terms where identified; Article 4 for uncovered expression
flan,niv2_fsopt_data__task212_logic2text_classification.parquet,25000,25751855,5150371.0,niv2_fsopt,,,,,,,,,,,,,flan_submixture,flan_collection_uncovered_expression,direct terms where identified; Article 4 for uncovered expression
flan,niv2_fsopt_data__task213_rocstories_correct_ending_classification.parquet,25000,8645085,1729017.0,niv2_fsopt,,,,,,,,,,,,,flan_submixture,flan_collection_uncovered_expression,direct terms where identified; Article 4 for uncovered expression
flan,niv2_fsopt_data__task214_rocstories_incorrect_ending_classification.parquet,25000,8644116,1728823.2,niv2_fsopt,,,,,,,,,,,,,flan_submixture,flan_collection_uncovered_expression,direct terms where identified; Article 4 for uncovered expression
flan,niv2_fsopt_data__task215_rocstories_incorrect_answer_generation.parquet,25000,6993523,1398704.6,niv2_fsopt,,,,,,,,,,,,,flan_submixture,flan_collection_uncovered_expression,direct terms where identified; Article 4 for uncovered expression
flan,niv2_fsopt_data__task216_rocstories_correct_answer_generation.parquet,25000,6684208,1336841.6,niv2_fsopt,,,,,,,,,,,,,flan_submixture,flan_collection_uncovered_expression,direct terms where identified; Article 4 for uncovered expression
flan,niv2_fsopt_data__task217_rocstories_ordering_answer_generation.parquet,25000,8012716,1602543.2,niv2_fsopt,,,,,,,,,,,,,flan_submixture,flan_collection_uncovered_expression,direct terms where identified; Article 4 for uncovered expression
flan,niv2_fsopt_data__task218_rocstories_swap_order_answer_generation.parquet,25000,8391017,1678203.4,niv2_fsopt,,,,,,,,,,,,,flan_submixture,flan_collection_uncovered_expression,direct terms where identified; Article 4 for uncovered expression
flan,niv2_fsopt_data__task219_rocstories_title_answer_generation.parquet,25000,7191605,1438321.0,niv2_fsopt,,,,,,,,,,,,,flan_submixture,flan_collection_uncovered_expression,direct terms where identified; Article 4 for uncovered expression
flan,niv2_fsopt_data__task220_rocstories_title_classification.parquet,25000,7806021,1561204.2,niv2_fsopt,,,,,,,,,,,,,flan_submixture,flan_collection_uncovered_expression,direct terms where identified; Article 4 for uncovered expression
flan,niv2_fsopt_data__task221_rocstories_two_choice_classification.parquet,25000,8818700,1763740.0,niv2_fsopt,,,,,,,,,,,,,flan_submixture,flan_collection_uncovered_expression,direct terms where identified; Article 4 for uncovered expression
flan,niv2_fsopt_data__task222_rocstories_two_chioce_slotting_classification.parquet,25000,10645651,2129130.2,niv2_fsopt,,,,,,,,,,,,,flan_submixture,flan_collection_uncovered_expression,direct terms where identified; Article 4 for uncovered expression
flan,niv2_fsopt_data__task223_quartz_explanation_generation.parquet,25000,5848698,1169739.6,niv2_fsopt,,,,,,,,,,,,,flan_submixture,flan_collection_uncovered_expression,direct terms where identified; Article 4 for uncovered expression
flan,niv2_fsopt_data__task224_scruples_anecdotes_ethical_judgment.parquet,20530,20958100,4191620.0,niv2_fsopt,,,,,,,,,,,,,flan_submixture,flan_collection_uncovered_expression,direct terms where identified; Article 4 for uncovered expression
flan,niv2_fsopt_data__task225_english_language_answer_generation.parquet,3950,2815350,563070.0,niv2_fsopt,,,,,,,,,,,,,flan_submixture,flan_collection_uncovered_expression,direct terms where identified; Article 4 for uncovered expression
flan,niv2_fsopt_data__task226_english_language_answer_relevance_classification.parquet,4780,2906470,581294.0,niv2_fsopt,,,,,,,,,,,,,flan_submixture,flan_collection_uncovered_expression,direct terms where identified; Article 4 for uncovered expression
flan,niv2_fsopt_data__task227_clariq_classification.parquet,25000,4167087,833417.4,niv2_fsopt,,,,,,,,,,,,,flan_submixture,flan_collection_uncovered_expression,direct terms where identified; Article 4 for uncovered expression
flan,niv2_fsopt_data__task228_arc_answer_generation_easy.parquet,25000,6428707,1285741.4,niv2_fsopt,,,,,,,,,,,,,flan_submixture,flan_collection_uncovered_expression,direct terms where identified; Article 4 for uncovered expression
flan,niv2_fsopt_data__task229_arc_answer_generation_hard.parquet,25000,7149081,1429816.2,niv2_fsopt,,,,,,,,,,,,,flan_submixture,flan_collection_uncovered_expression,direct terms where identified; Article 4 for uncovered expression
flan,niv2_fsopt_data__task230_iirc_passage_classification.parquet,25000,56402717,11280543.4,niv2_fsopt,,,,,,,,,,,,,flan_submixture,flan_collection_uncovered_expression,direct terms where identified; Article 4 for uncovered expression
flan,niv2_fsopt_data__task231_iirc_link_classification.parquet,25000,23098797,4619759.4,niv2_fsopt,,,,,,,,,,,,,flan_submixture,flan_collection_uncovered_expression,direct terms where identified; Article 4 for uncovered expression
flan,niv2_fsopt_data__task232_iirc_link_number_classification.parquet,25000,20772892,4154578.4,niv2_fsopt,,,,,,,,,,,,,flan_submixture,flan_collection_uncovered_expression,direct terms where identified; Article 4 for uncovered expression
flan,niv2_fsopt_data__task233_iirc_link_exists_classification.parquet,25000,21397991,4279598.2,niv2_fsopt,,,,,,,,,,,,,flan_submixture,flan_collection_uncovered_expression,direct terms where identified; Article 4 for uncovered expression
flan,niv2_fsopt_data__task234_iirc_passage_line_answer_generation.parquet,25000,22878803,4575760.6,niv2_fsopt,,,,,,,,,,,,,flan_submixture,flan_collection_uncovered_expression,direct terms where identified; Article 4 for uncovered expression
flan,niv2_fsopt_data__task235_iirc_question_from_subtext_answer_generation.parquet,25000,8805990,1761198.0,niv2_fsopt,,,,,,,,,,,,,flan_submixture,flan_collection_uncovered_expression,direct terms where identified; Article 4 for uncovered expression
flan,niv2_fsopt_data__task236_iirc_question_from_passage_answer_generation.parquet,25000,23974106,4794821.2,niv2_fsopt,,,,,,,,,,,,,flan_submixture,flan_collection_uncovered_expression,direct terms where identified; Article 4 for uncovered expression
flan,niv2_fsopt_data__task237_iirc_answer_from_subtext_answer_generation.parquet,25000,7998475,1599695.0,niv2_fsopt,,,,,,,,,,,,,flan_submixture,flan_collection_uncovered_expression,direct terms where identified; Article 4 for uncovered expression
flan,niv2_fsopt_data__task238_iirc_answer_from_passage_answer_generation.parquet,25000,22693467,4538693.4,niv2_fsopt,,,,,,,,,,,,,flan_submixture,flan_collection_uncovered_expression,direct terms where identified; Article 4 for uncovered expression
flan,niv2_fsopt_data__task243_count_elements_in_set_intersection.parquet,9980,3016650,603330.0,niv2_fsopt,,,,,,,,,,,,,flan_submixture,flan_collection_uncovered_expression,direct terms where identified; Article 4 for uncovered expression
flan,niv2_fsopt_data__task244_count_elements_in_set_union.parquet,10000,3385515,677103.0,niv2_fsopt,,,,,,,,,,,,,flan_submixture,flan_collection_uncovered_expression,direct terms where identified; Article 4 for uncovered expression
flan,niv2_fsopt_data__task245_check_presence_in_set_intersection.parquet,25000,8439630,1687926.0,niv2_fsopt,,,,,,,,,,,,,flan_submixture,flan_collection_uncovered_expression,direct terms where identified; Article 4 for uncovered expression
flan,niv2_fsopt_data__task249_enhanced_wsc_pronoun_disambiguation.parquet,6840,1413380,282676.0,niv2_fsopt,,,,,,,,,,,,,flan_submixture,flan_collection_uncovered_expression,direct terms where identified; Article 4 for uncovered expression
flan,niv2_fsopt_data__task250_spl_translation_en_ar.parquet,3580,1191970,238394.0,niv2_fsopt,,,,,,,,,,,,,flan_submixture,flan_collection_uncovered_expression,direct terms where identified; Article 4 for uncovered expression
flan,niv2_fsopt_data__task251_spl_translation_en_fi.parquet,3590,1225900,245180.0,niv2_fsopt,,,,,,,,,,,,,flan_submixture,flan_collection_uncovered_expression,direct terms where identified; Article 4 for uncovered expression
flan,niv2_fsopt_data__task252_spl_translation_en_tr.parquet,3575,1169125,233825.0,niv2_fsopt,,,,,,,,,,,,,flan_submixture,flan_collection_uncovered_expression,direct terms where identified; Article 4 for uncovered expression
flan,niv2_fsopt_data__task253_spl_translation_en_zh.parquet,3575,1142195,228439.0,niv2_fsopt,,,,,,,,,,,,,flan_submixture,flan_collection_uncovered_expression,direct terms where identified; Article 4 for uncovered expression
flan,niv2_fsopt_data__task254_spl_translation_fi_en.parquet,3620,1241805,248361.0,niv2_fsopt,,,,,,,,,,,,,flan_submixture,flan_collection_uncovered_expression,direct terms where identified; Article 4 for uncovered expression
flan,niv2_fsopt_data__task255_spl_translation_it_en.parquet,3620,1185070,237014.0,niv2_fsopt,,,,,,,,,,,,,flan_submixture,flan_collection_uncovered_expression,direct terms where identified; Article 4 for uncovered expression
flan,niv2_fsopt_data__task256_spl_translation_de_en.parquet,3630,1198665,239733.0,niv2_fsopt,,,,,,,,,,,,,flan_submixture,flan_collection_uncovered_expression,direct terms where identified; Article 4 for uncovered expression
flan,niv2_fsopt_data__task257_spl_translation_ar_en.parquet,3650,1214620,242924.0,niv2_fsopt,,,,,,,,,,,,,flan_submixture,flan_collection_uncovered_expression,direct terms where identified; Article 4 for uncovered expression
flan,niv2_fsopt_data__task258_spl_translation_fa_en.parquet,3640,1229805,245961.0,niv2_fsopt,,,,,,,,,,,,,flan_submixture,flan_collection_uncovered_expression,direct terms where identified; Article 4 for uncovered expression
flan,niv2_fsopt_data__task259_spl_translation_tr_en.parquet,3670,1201730,240346.0,niv2_fsopt,,,,,,,,,,,,,flan_submixture,flan_collection_uncovered_expression,direct terms where identified; Article 4 for uncovered expression
flan,niv2_fsopt_data__task260_spl_translation_zh_en.parquet,3640,1169000,233800.0,niv2_fsopt,,,,,,,,,,,,,flan_submixture,flan_collection_uncovered_expression,direct terms where identified; Article 4 for uncovered expression
flan,niv2_fsopt_data__task261_spl_translation_es_en.parquet,3640,1177630,235526.0,niv2_fsopt,,,,,,,,,,,,,flan_submixture,flan_collection_uncovered_expression,direct terms where identified; Article 4 for uncovered expression
flan,niv2_fsopt_data__task262_spl_translation_ja_en.parquet,3595,1158860,231772.0,niv2_fsopt,,,,,,,,,,,,,flan_submixture,flan_collection_uncovered_expression,direct terms where identified; Article 4 for uncovered expression
flan,niv2_fsopt_data__task263_spl_translation_pl_en.parquet,3640,1219215,243843.0,niv2_fsopt,,,,,,,,,,,,,flan_submixture,flan_collection_uncovered_expression,direct terms where identified; Article 4 for uncovered expression
flan,niv2_fsopt_data__task267_concatenate_and_reverse_all_elements_from_index_i_to_j.parquet,25000,9779552,1955910.4,niv2_fsopt,,,,,,,,,,,,,flan_submixture,flan_collection_uncovered_expression,direct terms where identified; Article 4 for uncovered expression
flan,niv2_fsopt_data__task268_casehold_legal_answer_generation.parquet,25000,28724231,5744846.2,niv2_fsopt,,,,,,,,,,,,,flan_submixture,flan_collection_uncovered_expression,direct terms where identified; Article 4 for uncovered expression
flan,niv2_fsopt_data__task269_csrg_counterfactual_story_generation.parquet,25000,12767116,2553423.2,niv2_fsopt,,,,,,,,,,,,,flan_submixture,flan_collection_uncovered_expression,direct terms where identified; Article 4 for uncovered expression
flan,niv2_fsopt_data__task270_csrg_counterfactual_context_generation.parquet,25000,13099413,2619882.6,niv2_fsopt,,,,,,,,,,,,,flan_submixture,flan_collection_uncovered_expression,direct terms where identified; Article 4 for uncovered expression
flan,niv2_fsopt_data__task271_europarl_translation.parquet,25000,4888923,977784.6,niv2_fsopt,,,,,,,,,,,,,flan_submixture,flan_collection_uncovered_expression,direct terms where identified; Article 4 for uncovered expression
flan,niv2_fsopt_data__task272_europarl_translation.parquet,25000,4821151,964230.2,niv2_fsopt,,,,,,,,,,,,,flan_submixture,flan_collection_uncovered_expression,direct terms where identified; Article 4 for uncovered expression
flan,niv2_fsopt_data__task273_europarl_classification.parquet,25000,4648785,929757.0,niv2_fsopt,,,,,,,,,,,,,flan_submixture,flan_collection_uncovered_expression,direct terms where identified; Article 4 for uncovered expression
flan,niv2_fsopt_data__task274_overruling_legal_classification.parquet,23945,5754110,1150822.0,niv2_fsopt,,,,,,,,,,,,,flan_submixture,flan_collection_uncovered_expression,direct terms where identified; Article 4 for uncovered expression
flan,niv2_fsopt_data__task275_enhanced_wsc_paraphrase_generation.parquet,11780,3965480,793096.0,niv2_fsopt,,,,,,,,,,,,,flan_submixture,flan_collection_uncovered_expression,direct terms where identified; Article 4 for uncovered expression
flan,niv2_fsopt_data__task276_enhanced_wsc_classification.parquet,14570,5001905,1000381.0,niv2_fsopt,,,,,,,,,,,,,flan_submixture,flan_collection_uncovered_expression,direct terms where identified; Article 4 for uncovered expression
flan,niv2_fsopt_data__task277_stereoset_sentence_generation_stereotype.parquet,9900,1272930,254586.0,niv2_fsopt,,,,,,,,,,,,,flan_submixture,flan_collection_uncovered_expression,direct terms where identified; Article 4 for uncovered expression
flan,niv2_fsopt_data__task278_stereoset_sentence_generation_antistereotype.parquet,7370,1019595,203919.0,niv2_fsopt,,,,,,,,,,,,,flan_submixture,flan_collection_uncovered_expression,direct terms where identified; Article 4 for uncovered expression
flan,niv2_fsopt_data__task279_stereoset_classification_stereotype.parquet,25000,4632036,926407.2,niv2_fsopt,,,,,,,,,,,,,flan_submixture,flan_collection_uncovered_expression,direct terms where identified; Article 4 for uncovered expression
flan,niv2_fsopt_data__task280_stereoset_classification_stereotype_type.parquet,25000,4394514,878902.8,niv2_fsopt,,,,,,,,,,,,,flan_submixture,flan_collection_uncovered_expression,direct terms where identified; Article 4 for uncovered expression
flan,niv2_fsopt_data__task281_points_of_correspondence.parquet,14750,6192420,1238484.0,niv2_fsopt,,,,,,,,,,,,,flan_submixture,flan_collection_uncovered_expression,direct terms where identified; Article 4 for uncovered expression
flan,niv2_fsopt_data__task282_scruples_event_time.parquet,11120,11212415,2242483.0,niv2_fsopt,,,,,,,,,,,,,flan_submixture,flan_collection_uncovered_expression,direct terms where identified; Article 4 for uncovered expression
flan,niv2_fsopt_data__task286_olid_offense_judgment.parquet,25000,5402814,1080562.8,niv2_fsopt,,,,,,,,,,,,,flan_submixture,flan_collection_uncovered_expression,direct terms where identified; Article 4 for uncovered expression
flan,niv2_fsopt_data__task287_casehold_legal_incorrect_answer_generation.parquet,25000,30716446,6143289.2,niv2_fsopt,,,,,,,,,,,,,flan_submixture,flan_collection_uncovered_expression,direct terms where identified; Article 4 for uncovered expression
flan,niv2_fsopt_data__task288_gigaword_summarization.parquet,19330,3675795,735159.0,niv2_fsopt,,,,,,,,,,,,,flan_submixture,flan_collection_uncovered_expression,direct terms where identified; Article 4 for uncovered expression
flan,niv2_fsopt_data__task289_gigaword_summarization.parquet,25000,5486603,1097320.6,niv2_fsopt,,,,,,,,,,,,,flan_submixture,flan_collection_uncovered_expression,direct terms where identified; Article 4 for uncovered expression
flan,niv2_fsopt_data__task290_tellmewhy_question_answerability.parquet,25000,6371092,1274218.4,niv2_fsopt,,,,,,,,,,,,,flan_submixture,flan_collection_uncovered_expression,direct terms where identified; Article 4 for uncovered expression
flan,niv2_fsopt_data__task291_semeval_2020_task4_commonsense_validation.parquet,25000,3441412,688282.4,niv2_fsopt,,,,,,,,,,,,,flan_submixture,flan_collection_uncovered_expression,direct terms where identified; Article 4 for uncovered expression
flan,niv2_fsopt_data__task292_storycommonsense_character_text_generation.parquet,25000,6423420,1284684.0,niv2_fsopt,,,,,,,,,,,,,flan_submixture,flan_collection_uncovered_expression,direct terms where identified; Article 4 for uncovered expression
flan,niv2_fsopt_data__task293_storycommonsense_emotion_text_generation.parquet,25000,6325997,1265199.4,niv2_fsopt,,,,,,,,,,,,,flan_submixture,flan_collection_uncovered_expression,direct terms where identified; Article 4 for uncovered expression
flan,niv2_fsopt_data__task294_storycommonsense_motiv_text_generation.parquet,25000,6476537,1295307.4,niv2_fsopt,,,,,,,,,,,,,flan_submixture,flan_collection_uncovered_expression,direct terms where identified; Article 4 for uncovered expression
flan,niv2_fsopt_data__task295_semeval_2020_task4_commonsense_reasoning.parquet,25000,5439528,1087905.6,niv2_fsopt,,,,,,,,,,,,,flan_submixture,flan_collection_uncovered_expression,direct terms where identified; Article 4 for uncovered expression
flan,niv2_fsopt_data__task296_storycloze_correct_end_classification.parquet,18825,5679085,1135817.0,niv2_fsopt,,,,,,,,,,,,,flan_submixture,flan_collection_uncovered_expression,direct terms where identified; Article 4 for uncovered expression
flan,niv2_fsopt_data__task297_storycloze_incorrect_end_classification.parquet,18815,6159080,1231816.0,niv2_fsopt,,,,,,,,,,,,,flan_submixture,flan_collection_uncovered_expression,direct terms where identified; Article 4 for uncovered expression
flan,niv2_fsopt_data__task298_storycloze_correct_end_classification.parquet,25000,6813750,1362750.0,niv2_fsopt,,,,,,,,,,,,,flan_submixture,flan_collection_uncovered_expression,direct terms where identified; Article 4 for uncovered expression
flan,niv2_fsopt_data__task299_storycloze_sentence_generation.parquet,25000,7120305,1424061.0,niv2_fsopt,,,,,,,,,,,,,flan_submixture,flan_collection_uncovered_expression,direct terms where identified; Article 4 for uncovered expression
flan,niv2_fsopt_data__task300_storycloze_order_generation.parquet,25000,7688813,1537762.6,niv2_fsopt,,,,,,,,,,,,,flan_submixture,flan_collection_uncovered_expression,direct terms where identified; Article 4 for uncovered expression
flan,niv2_fsopt_data__task301_record_question_generation.parquet,25000,17744995,3548999.0,niv2_fsopt,,,,,,,,,,,,,flan_submixture,flan_collection_uncovered_expression,direct terms where identified; Article 4 for uncovered expression
flan,niv2_fsopt_data__task302_record_classification.parquet,25000,20884812,4176962.4,niv2_fsopt,,,,,,,,,,,,,flan_submixture,flan_collection_uncovered_expression,direct terms where identified; Article 4 for uncovered expression
flan,niv2_fsopt_data__task303_record_incorrect_answer_generation.parquet,25000,18502101,3700420.2,niv2_fsopt,,,,,,,,,,,,,flan_submixture,flan_collection_uncovered_expression,direct terms where identified; Article 4 for uncovered expression
flan,niv2_fsopt_data__task304_numeric_fused_head_resolution.parquet,25000,16231691,3246338.2,niv2_fsopt,,,,,,,,,,,,,flan_submixture,flan_collection_uncovered_expression,direct terms where identified; Article 4 for uncovered expression
flan,niv2_fsopt_data__task305_jeopardy_answer_generation_normal.parquet,25000,4694364,938872.8,niv2_fsopt,,,,,,,,,,,,,flan_submixture,flan_collection_uncovered_expression,direct terms where identified; Article 4 for uncovered expression
flan,niv2_fsopt_data__task306_jeopardy_answer_generation_double.parquet,25000,4374175,874835.0,niv2_fsopt,,,,,,,,,,,,,flan_submixture,flan_collection_uncovered_expression,direct terms where identified; Article 4 for uncovered expression
flan,niv2_fsopt_data__task307_jeopardy_answer_generation_final.parquet,25000,4916698,983339.6,niv2_fsopt,,,,,,,,,,,,,flan_submixture,flan_collection_uncovered_expression,direct terms where identified; Article 4 for uncovered expression
flan,niv2_fsopt_data__task308_jeopardy_answer_generation_all.parquet,25000,4679793,935958.6,niv2_fsopt,,,,,,,,,,,,,flan_submixture,flan_collection_uncovered_expression,direct terms where identified; Article 4 for uncovered expression
flan,niv2_fsopt_data__task312_europarl_sv_en_translation.parquet,25000,5887593,1177518.6,niv2_fsopt,,,,,,,,,,,,,flan_submixture,flan_collection_uncovered_expression,direct terms where identified; Article 4 for uncovered expression
flan,niv2_fsopt_data__task313_europarl_en_sv_translation.parquet,25000,5890997,1178199.4,niv2_fsopt,,,,,,,,,,,,,flan_submixture,flan_collection_uncovered_expression,direct terms where identified; Article 4 for uncovered expression
flan,niv2_fsopt_data__task314_europarl_sv-en_classification.parquet,25000,6161255,1232251.0,niv2_fsopt,,,,,,,,,,,,,flan_submixture,flan_collection_uncovered_expression,direct terms where identified; Article 4 for uncovered expression
flan,niv2_fsopt_data__task315_europarl_sv-en_language_identification.parquet,25000,4181878,836375.6,niv2_fsopt,,,,,,,,,,,,,flan_submixture,flan_collection_uncovered_expression,direct terms where identified; Article 4 for uncovered expression
flan,niv2_fsopt_data__task316_crows-pairs_classification_stereotype.parquet,25000,4695249,939049.8,niv2_fsopt,,,,,,,,,,,,,flan_submixture,flan_collection_uncovered_expression,direct terms where identified; Article 4 for uncovered expression
flan,niv2_fsopt_data__task317_crows-pairs_classification_stereotype_type.parquet,14995,2442940,488588.0,niv2_fsopt,,,,,,,,,,,,,flan_submixture,flan_collection_uncovered_expression,direct terms where identified; Article 4 for uncovered expression
flan,niv2_fsopt_data__task318_stereoset_classification_gender.parquet,7230,1555980,311196.0,niv2_fsopt,,,,,,,,,,,,,flan_submixture,flan_collection_uncovered_expression,direct terms where identified; Article 4 for uncovered expression
flan,niv2_fsopt_data__task319_stereoset_classification_profession.parquet,24745,5146350,1029270.0,niv2_fsopt,,,,,,,,,,,,,flan_submixture,flan_collection_uncovered_expression,direct terms where identified; Article 4 for uncovered expression
flan,niv2_fsopt_data__task320_stereoset_classification_race.parquet,25000,5001751,1000350.2,niv2_fsopt,,,,,,,,,,,,,flan_submixture,flan_collection_uncovered_expression,direct terms where identified; Article 4 for uncovered expression
flan,niv2_fsopt_data__task321_stereoset_classification_religion.parquet,2280,440580,88116.0,niv2_fsopt,,,,,,,,,,,,,flan_submixture,flan_collection_uncovered_expression,direct terms where identified; Article 4 for uncovered expression
flan,niv2_fsopt_data__task322_jigsaw_classification_threat.parquet,25000,5319128,1063825.6,niv2_fsopt,,,,,,,,,,,,,flan_submixture,flan_collection_uncovered_expression,direct terms where identified; Article 4 for uncovered expression
flan,niv2_fsopt_data__task323_jigsaw_classification_sexually_explicit.parquet,25000,6028179,1205635.8,niv2_fsopt,,,,,,,,,,,,,flan_submixture,flan_collection_uncovered_expression,direct terms where identified; Article 4 for uncovered expression
flan,niv2_fsopt_data__task324_jigsaw_classification_disagree.parquet,3875,1367600,273520.0,niv2_fsopt,,,,,,,,,,,,,flan_submixture,flan_collection_uncovered_expression,direct terms where identified; Article 4 for uncovered expression
flan,niv2_fsopt_data__task325_jigsaw_classification_identity_attack.parquet,25000,6478967,1295793.4,niv2_fsopt,,,,,,,,,,,,,flan_submixture,flan_collection_uncovered_expression,direct terms where identified; Article 4 for uncovered expression
flan,niv2_fsopt_data__task326_jigsaw_classification_obscene.parquet,25000,6201240,1240248.0,niv2_fsopt,,,,,,,,,,,,,flan_submixture,flan_collection_uncovered_expression,direct terms where identified; Article 4 for uncovered expression
flan,niv2_fsopt_data__task328_jigsaw_classification_insult.parquet,25000,5055056,1011011.2,niv2_fsopt,,,,,,,,,,,,,flan_submixture,flan_collection_uncovered_expression,direct terms where identified; Article 4 for uncovered expression
flan,niv2_fsopt_data__task329_gap_classification.parquet,25000,10436270,2087254.0,niv2_fsopt,,,,,,,,,,,,,flan_submixture,flan_collection_uncovered_expression,direct terms where identified; Article 4 for uncovered expression
flan,niv2_fsopt_data__task330_gap_answer_generation.parquet,25000,8779575,1755915.0,niv2_fsopt,,,,,,,,,,,,,flan_submixture,flan_collection_uncovered_expression,direct terms where identified; Article 4 for uncovered expression
flan,niv2_fsopt_data__task331_gap_incorrect_answer_generation.parquet,25000,9541644,1908328.8,niv2_fsopt,,,,,,,,,,,,,flan_submixture,flan_collection_uncovered_expression,direct terms where identified; Article 4 for uncovered expression
flan,niv2_fsopt_data__task332_tellmewhy_answer_generation.parquet,9760,2800675,560135.0,niv2_fsopt,,,,,,,,,,,,,flan_submixture,flan_collection_uncovered_expression,direct terms where identified; Article 4 for uncovered expression
flan,niv2_fsopt_data__task339_record_answer_generation.parquet,25000,18003063,3600612.6,niv2_fsopt,,,,,,,,,,,,,flan_submixture,flan_collection_uncovered_expression,direct terms where identified; Article 4 for uncovered expression
flan,niv2_fsopt_data__task340_winomt_classification_gender_pro.parquet,15755,2495900,499180.0,niv2_fsopt,,,,,,,,,,,,,flan_submixture,flan_collection_uncovered_expression,direct terms where identified; Article 4 for uncovered expression
flan,niv2_fsopt_data__task341_winomt_classification_gender_anti.parquet,15770,2478975,495795.0,niv2_fsopt,,,,,,,,,,,,,flan_submixture,flan_collection_uncovered_expression,direct terms where identified; Article 4 for uncovered expression
flan,niv2_fsopt_data__task342_winomt_classification_profession_pro.parquet,15755,2474145,494829.0,niv2_fsopt,,,,,,,,,,,,,flan_submixture,flan_collection_uncovered_expression,direct terms where identified; Article 4 for uncovered expression
flan,niv2_fsopt_data__task343_winomt_classification_profession_anti.parquet,15770,2493390,498678.0,niv2_fsopt,,,,,,,,,,,,,flan_submixture,flan_collection_uncovered_expression,direct terms where identified; Article 4 for uncovered expression
flan,niv2_fsopt_data__task344_hybridqa_answer_generation.parquet,25000,3517255,703451.0,niv2_fsopt,,,,,,,,,,,,,flan_submixture,flan_collection_uncovered_expression,direct terms where identified; Article 4 for uncovered expression
flan,niv2_fsopt_data__task345_hybridqa_answer_generation.parquet,25000,11295547,2259109.4,niv2_fsopt,,,,,,,,,,,,,flan_submixture,flan_collection_uncovered_expression,direct terms where identified; Article 4 for uncovered expression
flan,niv2_fsopt_data__task346_hybridqa_classification.parquet,25000,11514814,2302962.8,niv2_fsopt,,,,,,,,,,,,,flan_submixture,flan_collection_uncovered_expression,direct terms where identified; Article 4 for uncovered expression
flan,niv2_fsopt_data__task347_hybridqa_incorrect_answer_generation.parquet,25000,11795888,2359177.6,niv2_fsopt,,,,,,,,,,,,,flan_submixture,flan_collection_uncovered_expression,direct terms where identified; Article 4 for uncovered expression
flan,niv2_fsopt_data__task350_winomt_classification_gender_identifiability_pro.parquet,25000,4141557,828311.4,niv2_fsopt,,,,,,,,,,,,,flan_submixture,flan_collection_uncovered_expression,direct terms where identified; Article 4 for uncovered expression
flan,niv2_fsopt_data__task351_winomt_classification_gender_identifiability_anti.parquet,25000,4163914,832782.8,niv2_fsopt,,,,,,,,,,,,,flan_submixture,flan_collection_uncovered_expression,direct terms where identified; Article 4 for uncovered expression
flan,niv2_fsopt_data__task352_coda-19_classification.parquet,2750,2549970,509994.0,niv2_fsopt,,,,,,,,,,,,,flan_submixture,flan_collection_uncovered_expression,direct terms where identified; Article 4 for uncovered expression
flan,niv2_fsopt_data__task353_casino_classification_negotiation_elicit_pref.parquet,7500,2743650,548730.0,niv2_fsopt,,,,,,,,,,,,,flan_submixture,flan_collection_uncovered_expression,direct terms where identified; Article 4 for uncovered expression
flan,niv2_fsopt_data__task354_casino_classification_negotiation_no_need.parquet,3840,1599415,319883.0,niv2_fsopt,,,,,,,,,,,,,flan_submixture,flan_collection_uncovered_expression,direct terms where identified; Article 4 for uncovered expression
flan,niv2_fsopt_data__task355_casino_classification_negotiation_other_need.parquet,8135,3661165,732233.0,niv2_fsopt,,,,,,,,,,,,,flan_submixture,flan_collection_uncovered_expression,direct terms where identified; Article 4 for uncovered expression
flan,niv2_fsopt_data__task356_casino_classification_negotiation_self_need.parquet,19240,8018005,1603601.0,niv2_fsopt,,,,,,,,,,,,,flan_submixture,flan_collection_uncovered_expression,direct terms where identified; Article 4 for uncovered expression
flan,niv2_fsopt_data__task357_casino_classification_negotiation_small_talk.parquet,20755,8274490,1654898.0,niv2_fsopt,,,,,,,,,,,,,flan_submixture,flan_collection_uncovered_expression,direct terms where identified; Article 4 for uncovered expression
flan,niv2_fsopt_data__task358_casino_classification_negotiation_uv_part.parquet,2580,1309120,261824.0,niv2_fsopt,,,,,,,,,,,,,flan_submixture,flan_collection_uncovered_expression,direct terms where identified; Article 4 for uncovered expression
flan,niv2_fsopt_data__task359_casino_classification_negotiation_vouch_fair.parquet,8740,3752830,750566.0,niv2_fsopt,,,,,,,,,,,,,flan_submixture,flan_collection_uncovered_expression,direct terms where identified; Article 4 for uncovered expression
flan,niv2_fsopt_data__task360_spolin_yesand_response_generation.parquet,25000,7913972,1582794.4,niv2_fsopt,,,,,,,,,,,,,flan_submixture,flan_collection_uncovered_expression,direct terms where identified; Article 4 for uncovered expression
flan,niv2_fsopt_data__task361_spolin_yesand_prompt_response_classification.parquet,25000,8656194,1731238.8,niv2_fsopt,,,,,,,,,,,,,flan_submixture,flan_collection_uncovered_expression,direct terms where identified; Article 4 for uncovered expression
flan,niv2_fsopt_data__task362_spolin_yesand_prompt_response_sub_classification.parquet,25000,8959719,1791943.8,niv2_fsopt,,,,,,,,,,,,,flan_submixture,flan_collection_uncovered_expression,direct terms where identified; Article 4 for uncovered expression
flan,niv2_fsopt_data__task363_sst2_polarity_classification.parquet,25000,3533552,706710.4,niv2_fsopt,,,,,,,,,,,,,flan_submixture,flan_collection_uncovered_expression,direct terms where identified; Article 4 for uncovered expression
flan,niv2_fsopt_data__task364_regard_social_impact_classification.parquet,2770,549420,109884.0,niv2_fsopt,,,,,,,,,,,,,flan_submixture,flan_collection_uncovered_expression,direct terms where identified; Article 4 for uncovered expression
flan,niv2_fsopt_data__task365_synthetic_remove_vowels.parquet,25000,3053268,610653.6,niv2_fsopt,,,,,,,,,,,,,flan_submixture,flan_collection_uncovered_expression,direct terms where identified; Article 4 for uncovered expression
flan,niv2_fsopt_data__task366_synthetic_return_primes.parquet,25000,7575040,1515008.0,niv2_fsopt,,,,,,,,,,,,,flan_submixture,flan_collection_uncovered_expression,direct terms where identified; Article 4 for uncovered expression
flan,niv2_fsopt_data__task367_synthetic_remove_floats.parquet,25000,5592602,1118520.4,niv2_fsopt,,,,,,,,,,,,,flan_submixture,flan_collection_uncovered_expression,direct terms where identified; Article 4 for uncovered expression
flan,niv2_fsopt_data__task368_synthetic_even_or_odd_calculation.parquet,25000,6910005,1382001.0,niv2_fsopt,,,,,,,,,,,,,flan_submixture,flan_collection_uncovered_expression,direct terms where identified; Article 4 for uncovered expression
flan,niv2_fsopt_data__task369_synthetic_remove_odds.parquet,25000,5031465,1006293.0,niv2_fsopt,,,,,,,,,,,,,flan_submixture,flan_collection_uncovered_expression,direct terms where identified; Article 4 for uncovered expression
flan,niv2_fsopt_data__task370_synthetic_remove_divisible_by_3.parquet,25000,4979677,995935.4,niv2_fsopt,,,,,,,,,,,,,flan_submixture,flan_collection_uncovered_expression,direct terms where identified; Article 4 for uncovered expression
flan,niv2_fsopt_data__task371_synthetic_product_of_list.parquet,25000,9982527,1996505.4,niv2_fsopt,,,,,,,,,,,,,flan_submixture,flan_collection_uncovered_expression,direct terms where identified; Article 4 for uncovered expression
flan,niv2_fsopt_data__task372_synthetic_palindrome_numbers.parquet,25000,9079294,1815858.8,niv2_fsopt,,,,,,,,,,,,,flan_submixture,flan_collection_uncovered_expression,direct terms where identified; Article 4 for uncovered expression
flan,niv2_fsopt_data__task373_synthetic_round_tens_place.parquet,25000,6730642,1346128.4,niv2_fsopt,,,,,,,,,,,,,flan_submixture,flan_collection_uncovered_expression,direct terms where identified; Article 4 for uncovered expression
flan,niv2_fsopt_data__task374_synthetic_pos_or_neg_calculation.parquet,25000,6404275,1280855.0,niv2_fsopt,,,,,,,,,,,,,flan_submixture,flan_collection_uncovered_expression,direct terms where identified; Article 4 for uncovered expression
flan,niv2_fsopt_data__task375_classify_type_of_sentence_in_debate.parquet,4000,1480030,296006.0,niv2_fsopt,,,,,,,,,,,,,flan_submixture,flan_collection_uncovered_expression,direct terms where identified; Article 4 for uncovered expression
flan,niv2_fsopt_data__task376_reverse_order_of_words.parquet,25000,2948482,589696.4,niv2_fsopt,,,,,,,,,,,,,flan_submixture,flan_collection_uncovered_expression,direct terms where identified; Article 4 for uncovered expression
flan,niv2_fsopt_data__task377_remove_words_of_given_length.parquet,25000,4510633,902126.6,niv2_fsopt,,,,,,,,,,,,,flan_submixture,flan_collection_uncovered_expression,direct terms where identified; Article 4 for uncovered expression
flan,niv2_fsopt_data__task378_reverse_words_of_given_length.parquet,25000,5297265,1059453.0,niv2_fsopt,,,,,,,,,,,,,flan_submixture,flan_collection_uncovered_expression,direct terms where identified; Article 4 for uncovered expression
flan,niv2_fsopt_data__task379_agnews_topic_classification.parquet,25000,6927609,1385521.8,niv2_fsopt,,,,,,,,,,,,,flan_submixture,flan_collection_uncovered_expression,direct terms where identified; Article 4 for uncovered expression
flan,niv2_fsopt_data__task382_hybridqa_answer_generation.parquet,25000,11297180,2259436.0,niv2_fsopt,,,,,,,,,,,,,flan_submixture,flan_collection_uncovered_expression,direct terms where identified; Article 4 for uncovered expression
flan,niv2_fsopt_data__task383_matres_classification.parquet,19170,6129240,1225848.0,niv2_fsopt,,,,,,,,,,,,,flan_submixture,flan_collection_uncovered_expression,direct terms where identified; Article 4 for uncovered expression
flan,niv2_fsopt_data__task384_socialiqa_question_classification.parquet,25000,5291407,1058281.4,niv2_fsopt,,,,,,,,,,,,,flan_submixture,flan_collection_uncovered_expression,direct terms where identified; Article 4 for uncovered expression
flan,niv2_fsopt_data__task385_socialiqa_incorrect_answer_generation.parquet,25000,6402075,1280415.0,niv2_fsopt,,,,,,,,,,,,,flan_submixture,flan_collection_uncovered_expression,direct terms where identified; Article 4 for uncovered expression
flan,niv2_fsopt_data__task386_semeval_2018_task3_irony_detection.parquet,18245,3455085,691017.0,niv2_fsopt,,,,,,,,,,,,,flan_submixture,flan_collection_uncovered_expression,direct terms where identified; Article 4 for uncovered expression
flan,niv2_fsopt_data__task387_semeval_2018_task3_irony_classification.parquet,10290,2252640,450528.0,niv2_fsopt,,,,,,,,,,,,,flan_submixture,flan_collection_uncovered_expression,direct terms where identified; Article 4 for uncovered expression
flan,niv2_fsopt_data__task388_torque_token_classification.parquet,22665,7267785,1453557.0,niv2_fsopt,,,,,,,,,,,,,flan_submixture,flan_collection_uncovered_expression,direct terms where identified; Article 4 for uncovered expression
flan,niv2_fsopt_data__task389_torque_generate_temporal_question.parquet,22670,6606070,1321214.0,niv2_fsopt,,,,,,,,,,,,,flan_submixture,flan_collection_uncovered_expression,direct terms where identified; Article 4 for uncovered expression
flan,niv2_fsopt_data__task390_torque_text_span_selection.parquet,25000,8707513,1741502.6,niv2_fsopt,,,,,,,,,,,,,flan_submixture,flan_collection_uncovered_expression,direct terms where identified; Article 4 for uncovered expression
flan,niv2_fsopt_data__task391_causal_relationship.parquet,22820,3185385,637077.0,niv2_fsopt,,,,,,,,,,,,,flan_submixture,flan_collection_uncovered_expression,direct terms where identified; Article 4 for uncovered expression
flan,niv2_fsopt_data__task392_inverse_causal_relationship.parquet,25000,3437950,687590.0,niv2_fsopt,,,,,,,,,,,,,flan_submixture,flan_collection_uncovered_expression,direct terms where identified; Article 4 for uncovered expression
flan,niv2_fsopt_data__task393_plausible_result_generation.parquet,1000,133275,26655.0,niv2_fsopt,,,,,,,,,,,,,flan_submixture,flan_collection_uncovered_expression,direct terms where identified; Article 4 for uncovered expression
flan,niv2_fsopt_data__task394_persianqa_question_generation.parquet,9905,9195605,1839121.0,niv2_fsopt,,,,,,,,,,,,,flan_submixture,flan_collection_uncovered_expression,direct terms where identified; Article 4 for uncovered expression
flan,niv2_fsopt_data__task395_persianqa_answer_generation.parquet,25000,24677978,4935595.6,niv2_fsopt,,,,,,,,,,,,,flan_submixture,flan_collection_uncovered_expression,direct terms where identified; Article 4 for uncovered expression
flan,niv2_fsopt_data__task396_persianqa_classification.parquet,25000,23519368,4703873.6,niv2_fsopt,,,,,,,,,,,,,flan_submixture,flan_collection_uncovered_expression,direct terms where identified; Article 4 for uncovered expression
flan,niv2_fsopt_data__task400_paws_paraphrase_classification.parquet,25000,6480151,1296030.2,niv2_fsopt,,,,,,,,,,,,,flan_submixture,flan_collection_uncovered_expression,direct terms where identified; Article 4 for uncovered expression
flan,niv2_fsopt_data__task401_numeric_fused_head_reference.parquet,25000,10349131,2069826.2,niv2_fsopt,,,,,,,,,,,,,flan_submixture,flan_collection_uncovered_expression,direct terms where identified; Article 4 for uncovered expression
flan,niv2_fsopt_data__task402_grailqa_paraphrase_generation.parquet,25000,16636535,3327307.0,niv2_fsopt,,,,,,,,,,,,,flan_submixture,flan_collection_uncovered_expression,direct terms where identified; Article 4 for uncovered expression
flan,niv2_fsopt_data__task403_creak_commonsense_inference.parquet,25000,5048505,1009701.0,niv2_fsopt,,,,,,,,,,,,,flan_submixture,flan_collection_uncovered_expression,direct terms where identified; Article 4 for uncovered expression
flan,niv2_fsopt_data__task404_grailqa_paraphrase_validation.parquet,12085,2255120,451024.0,niv2_fsopt,,,,,,,,,,,,,flan_submixture,flan_collection_uncovered_expression,direct terms where identified; Article 4 for uncovered expression
flan,niv2_fsopt_data__task405_narrativeqa_question_generation.parquet,15685,30318175,6063635.0,niv2_fsopt,,,,,,,,,,,,,flan_submixture,flan_collection_uncovered_expression,direct terms where identified; Article 4 for uncovered expression
flan,niv2_fsopt_data__task406_mickey_fr_sentence_perturbation_generation.parquet,25000,4679149,935829.8,niv2_fsopt,,,,,,,,,,,,,flan_submixture,flan_collection_uncovered_expression,direct terms where identified; Article 4 for uncovered expression
flan,niv2_fsopt_data__task407_mickey_hi_sentence_perturbation_generation.parquet,25000,4845620,969124.0,niv2_fsopt,,,,,,,,,,,,,flan_submixture,flan_collection_uncovered_expression,direct terms where identified; Article 4 for uncovered expression
flan,niv2_fsopt_data__task408_mickey_it_sentence_perturbation_generation.parquet,25000,4771835,954367.0,niv2_fsopt,,,,,,,,,,,,,flan_submixture,flan_collection_uncovered_expression,direct terms where identified; Article 4 for uncovered expression
flan,niv2_fsopt_data__task409_mickey_nl_sentence_perturbation_generation.parquet,25000,4783356,956671.2,niv2_fsopt,,,,,,,,,,,,,flan_submixture,flan_collection_uncovered_expression,direct terms where identified; Article 4 for uncovered expression
flan,niv2_fsopt_data__task410_mickey_ru_sentence_perturbation_generation.parquet,25000,4525654,905130.8,niv2_fsopt,,,,,,,,,,,,,flan_submixture,flan_collection_uncovered_expression,direct terms where identified; Article 4 for uncovered expression
flan,niv2_fsopt_data__task411_mickey_vi_sentence_perturbation_generation.parquet,25000,4743979,948795.8,niv2_fsopt,,,,,,,,,,,,,flan_submixture,flan_collection_uncovered_expression,direct terms where identified; Article 4 for uncovered expression
flan,niv2_fsopt_data__task412_mickey_zh_sentence_perturbation_generation.parquet,25000,4156476,831295.2,niv2_fsopt,,,,,,,,,,,,,flan_submixture,flan_collection_uncovered_expression,direct terms where identified; Article 4 for uncovered expression
flan,niv2_fsopt_data__task413_mickey_en_sentence_perturbation_generation.parquet,25000,4388386,877677.2,niv2_fsopt,,,,,,,,,,,,,flan_submixture,flan_collection_uncovered_expression,direct terms where identified; Article 4 for uncovered expression
flan,niv2_fsopt_data__task414_mickey_ar_sentence_perturbation_generation.parquet,25000,6376950,1275390.0,niv2_fsopt,,,,,,,,,,,,,flan_submixture,flan_collection_uncovered_expression,direct terms where identified; Article 4 for uncovered expression
flan,niv2_fsopt_data__task415_mickey_bg_sentence_perturbation_generation.parquet,25000,5449300,1089860.0,niv2_fsopt,,,,,,,,,,,,,flan_submixture,flan_collection_uncovered_expression,direct terms where identified; Article 4 for uncovered expression
flan,niv2_fsopt_data__task416_mickey_de_sentence_perturbation_generation.parquet,25000,4853342,970668.4,niv2_fsopt,,,,,,,,,,,,,flan_submixture,flan_collection_uncovered_expression,direct terms where identified; Article 4 for uncovered expression
flan,niv2_fsopt_data__task417_mickey_es_sentence_perturbation_generation.parquet,25000,4623656,924731.2,niv2_fsopt,,,,,,,,,,,,,flan_submixture,flan_collection_uncovered_expression,direct terms where identified; Article 4 for uncovered expression
flan,niv2_fsopt_data__task418_persent_title_generation.parquet,25000,28689319,5737863.8,niv2_fsopt,,,,,,,,,,,,,flan_submixture,flan_collection_uncovered_expression,direct terms where identified; Article 4 for uncovered expression
flan,niv2_fsopt_data__task419_persent_answer_generation.parquet,25000,26290000,5258000.0,niv2_fsopt,,,,,,,,,,,,,flan_submixture,flan_collection_uncovered_expression,direct terms where identified; Article 4 for uncovered expression
flan,niv2_fsopt_data__task420_persent_document_sentiment_classification.parquet,25000,27274529,5454905.8,niv2_fsopt,,,,,,,,,,,,,flan_submixture,flan_collection_uncovered_expression,direct terms where identified; Article 4 for uncovered expression
flan,niv2_fsopt_data__task421_persent_sentence_sentiment_classification.parquet,25000,8056823,1611364.6,niv2_fsopt,,,,,,,,,,,,,flan_submixture,flan_collection_uncovered_expression,direct terms where identified; Article 4 for uncovered expression
flan,niv2_fsopt_data__task422_persent_sentence_sentiment_verification.parquet,25000,6483090,1296618.0,niv2_fsopt,,,,,,,,,,,,,flan_submixture,flan_collection_uncovered_expression,direct terms where identified; Article 4 for uncovered expression
flan,niv2_fsopt_data__task423_persent_document_sentiment_verification.parquet,25000,26063698,5212739.6,niv2_fsopt,,,,,,,,,,,,,flan_submixture,flan_collection_uncovered_expression,direct terms where identified; Article 4 for uncovered expression
flan,niv2_fsopt_data__task424_hindienglish_corpora_hi_en_translation.parquet,25000,6929442,1385888.4,niv2_fsopt,,,,,,,,,,,,,flan_submixture,flan_collection_uncovered_expression,direct terms where identified; Article 4 for uncovered expression
flan,niv2_fsopt_data__task425_hindienglish_corpora_en_hi_translation.parquet,25000,6372244,1274448.8,niv2_fsopt,,,,,,,,,,,,,flan_submixture,flan_collection_uncovered_expression,direct terms where identified; Article 4 for uncovered expression
flan,niv2_fsopt_data__task426_hindienglish_corpora_hi-en_classification.parquet,25000,7627601,1525520.2,niv2_fsopt,,,,,,,,,,,,,flan_submixture,flan_collection_uncovered_expression,direct terms where identified; Article 4 for uncovered expression
flan,niv2_fsopt_data__task427_hindienglish_corpora_hi-en_language_identification.parquet,25000,4627750,925550.0,niv2_fsopt,,,,,,,,,,,,,flan_submixture,flan_collection_uncovered_expression,direct terms where identified; Article 4 for uncovered expression
flan,niv2_fsopt_data__task428_senteval_inversion.parquet,25000,3727290,745458.0,niv2_fsopt,,,,,,,,,,,,,flan_submixture,flan_collection_uncovered_expression,direct terms where identified; Article 4 for uncovered expression
flan,niv2_fsopt_data__task429_senteval_tense.parquet,25000,3461445,692289.0,niv2_fsopt,,,,,,,,,,,,,flan_submixture,flan_collection_uncovered_expression,direct terms where identified; Article 4 for uncovered expression
flan,niv2_fsopt_data__task430_senteval_subject_count.parquet,25000,3338757,667751.4,niv2_fsopt,,,,,,,,,,,,,flan_submixture,flan_collection_uncovered_expression,direct terms where identified; Article 4 for uncovered expression
flan,niv2_fsopt_data__task431_senteval_object_count.parquet,25000,3381862,676372.4,niv2_fsopt,,,,,,,,,,,,,flan_submixture,flan_collection_uncovered_expression,direct terms where identified; Article 4 for uncovered expression
flan,niv2_fsopt_data__task432_alt_en_hi_translation.parquet,25000,6732671,1346534.2,niv2_fsopt,,,,,,,,,,,,,flan_submixture,flan_collection_uncovered_expression,direct terms where identified; Article 4 for uncovered expression
flan,niv2_fsopt_data__task433_alt_hi_en_translation.parquet,25000,7225294,1445058.8,niv2_fsopt,,,,,,,,,,,,,flan_submixture,flan_collection_uncovered_expression,direct terms where identified; Article 4 for uncovered expression
flan,niv2_fsopt_data__task434_alt_en_hi_answer_generation.parquet,25000,6971017,1394203.4,niv2_fsopt,,,,,,,,,,,,,flan_submixture,flan_collection_uncovered_expression,direct terms where identified; Article 4 for uncovered expression
flan,niv2_fsopt_data__task435_alt_en_ja_translation.parquet,25000,6672488,1334497.6,niv2_fsopt,,,,,,,,,,,,,flan_submixture,flan_collection_uncovered_expression,direct terms where identified; Article 4 for uncovered expression
flan,niv2_fsopt_data__task436_alt_ja_en_translation.parquet,25000,7104580,1420916.0,niv2_fsopt,,,,,,,,,,,,,flan_submixture,flan_collection_uncovered_expression,direct terms where identified; Article 4 for uncovered expression
flan,niv2_fsopt_data__task437_alt_en_ja_answer_generation.parquet,25000,6998743,1399748.6,niv2_fsopt,,,,,,,,,,,,,flan_submixture,flan_collection_uncovered_expression,direct terms where identified; Article 4 for uncovered expression
flan,niv2_fsopt_data__task438_eng_guj_parallel_corpus_en_gu_translation.parquet,25000,4717966,943593.2,niv2_fsopt,,,,,,,,,,,,,flan_submixture,flan_collection_uncovered_expression,direct terms where identified; Article 4 for uncovered expression
flan,niv2_fsopt_data__task439_eng_guj_parallel_corpus_gu_en_translation.parquet,25000,4899760,979952.0,niv2_fsopt,,,,,,,,,,,,,flan_submixture,flan_collection_uncovered_expression,direct terms where identified; Article 4 for uncovered expression
flan,niv2_fsopt_data__task440_eng_guj_parallel_corpus_gu-en_classification.parquet,25000,4835464,967092.8,niv2_fsopt,,,,,,,,,,,,,flan_submixture,flan_collection_uncovered_expression,direct terms where identified; Article 4 for uncovered expression
flan,niv2_fsopt_data__task441_eng_guj_parallel_corpus_gu-en_language_identification.parquet,25000,3774227,754845.4,niv2_fsopt,,,,,,,,,,,,,flan_submixture,flan_collection_uncovered_expression,direct terms where identified; Article 4 for uncovered expression
flan,niv2_fsopt_data__task442_com_qa_paraphrase_question_generation.parquet,17955,2875620,575124.0,niv2_fsopt,,,,,,,,,,,,,flan_submixture,flan_collection_uncovered_expression,direct terms where identified; Article 4 for uncovered expression
flan,niv2_fsopt_data__task443_com_qa_ans_question_generation.parquet,21530,2233725,446745.0,niv2_fsopt,,,,,,,,,,,,,flan_submixture,flan_collection_uncovered_expression,direct terms where identified; Article 4 for uncovered expression
flan,niv2_fsopt_data__task444_com_qa_question_paraphrases_answer_generation.parquet,15635,2313380,462676.0,niv2_fsopt,,,,,,,,,,,,,flan_submixture,flan_collection_uncovered_expression,direct terms where identified; Article 4 for uncovered expression
flan,niv2_fsopt_data__task446_opus_paracrawl_en_so_translation.parquet,25000,8092450,1618490.0,niv2_fsopt,,,,,,,,,,,,,flan_submixture,flan_collection_uncovered_expression,direct terms where identified; Article 4 for uncovered expression
flan,niv2_fsopt_data__task447_opus_paracrawl_classification.parquet,25000,4474899,894979.8,niv2_fsopt,,,,,,,,,,,,,flan_submixture,flan_collection_uncovered_expression,direct terms where identified; Article 4 for uncovered expression
flan,niv2_fsopt_data__task448_opus_paracrawl_en_tl_translation.parquet,25000,6418510,1283702.0,niv2_fsopt,,,,,,,,,,,,,flan_submixture,flan_collection_uncovered_expression,direct terms where identified; Article 4 for uncovered expression
flan,niv2_fsopt_data__task449_opus_paracrawl_ig_en_translation.parquet,25000,5199576,1039915.2,niv2_fsopt,,,,,,,,,,,,,flan_submixture,flan_collection_uncovered_expression,direct terms where identified; Article 4 for uncovered expression
flan,niv2_fsopt_data__task450_opus_paracrawl_so_en_translation.parquet,25000,8373731,1674746.2,niv2_fsopt,,,,,,,,,,,,,flan_submixture,flan_collection_uncovered_expression,direct terms where identified; Article 4 for uncovered expression
flan,niv2_fsopt_data__task451_opus_paracrawl_tl_en_translation.parquet,25000,6400547,1280109.4,niv2_fsopt,,,,,,,,,,,,,flan_submixture,flan_collection_uncovered_expression,direct terms where identified; Article 4 for uncovered expression
flan,niv2_fsopt_data__task452_opus_paracrawl_en_ig_translation.parquet,25000,5202918,1040583.6,niv2_fsopt,,,,,,,,,,,,,flan_submixture,flan_collection_uncovered_expression,direct terms where identified; Article 4 for uncovered expression
flan,niv2_fsopt_data__task453_swag_answer_generation.parquet,25000,3443869,688773.8,niv2_fsopt,,,,,,,,,,,,,flan_submixture,flan_collection_uncovered_expression,direct terms where identified; Article 4 for uncovered expression
flan,niv2_fsopt_data__task454_swag_incorrect_answer_generation.parquet,25000,3299994,659998.8,niv2_fsopt,,,,,,,,,,,,,flan_submixture,flan_collection_uncovered_expression,direct terms where identified; Article 4 for uncovered expression
flan,niv2_fsopt_data__task455_swag_context_generation.parquet,25000,3654895,730979.0,niv2_fsopt,,,,,,,,,,,,,flan_submixture,flan_collection_uncovered_expression,direct terms where identified; Article 4 for uncovered expression
flan,niv2_fsopt_data__task456_matres_intention_classification.parquet,25000,7873952,1574790.4,niv2_fsopt,,,,,,,,,,,,,flan_submixture,flan_collection_uncovered_expression,direct terms where identified; Article 4 for uncovered expression
flan,niv2_fsopt_data__task457_matres_conditional_classification.parquet,6280,1988155,397631.0,niv2_fsopt,,,,,,,,,,,,,flan_submixture,flan_collection_uncovered_expression,direct terms where identified; Article 4 for uncovered expression
flan,niv2_fsopt_data__task458_matres_negation_classification.parquet,7725,2195405,439081.0,niv2_fsopt,,,,,,,,,,,,,flan_submixture,flan_collection_uncovered_expression,direct terms where identified; Article 4 for uncovered expression
flan,niv2_fsopt_data__task459_matres_static_classification.parquet,980,241320,48264.0,niv2_fsopt,,,,,,,,,,,,,flan_submixture,flan_collection_uncovered_expression,direct terms where identified; Article 4 for uncovered expression
flan,niv2_fsopt_data__task460_qasper_answer_generation.parquet,25000,9731150,1946230.0,niv2_fsopt,,,,,,,,,,,,,flan_submixture,flan_collection_uncovered_expression,direct terms where identified; Article 4 for uncovered expression
flan,niv2_fsopt_data__task461_qasper_question_generation.parquet,25000,10759014,2151802.8,niv2_fsopt,,,,,,,,,,,,,flan_submixture,flan_collection_uncovered_expression,direct terms where identified; Article 4 for uncovered expression
flan,niv2_fsopt_data__task462_qasper_classification.parquet,13365,5810895,1162179.0,niv2_fsopt,,,,,,,,,,,,,flan_submixture,flan_collection_uncovered_expression,direct terms where identified; Article 4 for uncovered expression
flan,niv2_fsopt_data__task463_parsinlu_entailment_classification.parquet,25000,7025962,1405192.4,niv2_fsopt,,,,,,,,,,,,,flan_submixture,flan_collection_uncovered_expression,direct terms where identified; Article 4 for uncovered expression
flan,niv2_fsopt_data__task464_parsinlu_entailment_sentence_generation.parquet,25000,7085025,1417005.0,niv2_fsopt,,,,,,,,,,,,,flan_submixture,flan_collection_uncovered_expression,direct terms where identified; Article 4 for uncovered expression
flan,niv2_fsopt_data__task465_parsinlu_qqp_classification.parquet,25000,4890663,978132.6,niv2_fsopt,,,,,,,,,,,,,flan_submixture,flan_collection_uncovered_expression,direct terms where identified; Article 4 for uncovered expression
flan,niv2_fsopt_data__task466_parsinlu_qqp_text_modification.parquet,11320,1662805,332561.0,niv2_fsopt,,,,,,,,,,,,,flan_submixture,flan_collection_uncovered_expression,direct terms where identified; Article 4 for uncovered expression
flan,niv2_fsopt_data__task467_parsinlu_rc_answer_generation.parquet,12900,7597705,1519541.0,niv2_fsopt,,,,,,,,,,,,,flan_submixture,flan_collection_uncovered_expression,direct terms where identified; Article 4 for uncovered expression
flan,niv2_fsopt_data__task468_parsinlu_rc_question_generation.parquet,12615,6818590,1363718.0,niv2_fsopt,,,,,,,,,,,,,flan_submixture,flan_collection_uncovered_expression,direct terms where identified; Article 4 for uncovered expression
flan,niv2_fsopt_data__task469_mrqa_answer_generation.parquet,25000,24566108,4913221.6,niv2_fsopt,,,,,,,,,,,,,flan_submixture,flan_collection_uncovered_expression,direct terms where identified; Article 4 for uncovered expression
flan,niv2_fsopt_data__task470_mrqa_question_generation.parquet,25000,18248182,3649636.4,niv2_fsopt,,,,,,,,,,,,,flan_submixture,flan_collection_uncovered_expression,direct terms where identified; Article 4 for uncovered expression
flan,niv2_fsopt_data__task471_haspart_answer_generation.parquet,25000,3814119,762823.8,niv2_fsopt,,,,,,,,,,,,,flan_submixture,flan_collection_uncovered_expression,direct terms where identified; Article 4 for uncovered expression
flan,niv2_fsopt_data__task472_haspart_classification.parquet,25000,4476929,895385.8,niv2_fsopt,,,,,,,,,,,,,flan_submixture,flan_collection_uncovered_expression,direct terms where identified; Article 4 for uncovered expression
flan,niv2_fsopt_data__task473_parsinlu_mc_classification.parquet,24540,5418180,1083636.0,niv2_fsopt,,,,,,,,,,,,,flan_submixture,flan_collection_uncovered_expression,direct terms where identified; Article 4 for uncovered expression
flan,niv2_fsopt_data__task474_parsinlu_mc_classification.parquet,24395,3815025,763005.0,niv2_fsopt,,,,,,,,,,,,,flan_submixture,flan_collection_uncovered_expression,direct terms where identified; Article 4 for uncovered expression
flan,niv2_fsopt_data__task476_cls_english_books_classification.parquet,19835,10928110,2185622.0,niv2_fsopt,,,,,,,,,,,,,flan_submixture,flan_collection_uncovered_expression,direct terms where identified; Article 4 for uncovered expression
flan,niv2_fsopt_data__task477_cls_english_dvd_classification.parquet,19640,11208255,2241651.0,niv2_fsopt,,,,,,,,,,,,,flan_submixture,flan_collection_uncovered_expression,direct terms where identified; Article 4 for uncovered expression
flan,niv2_fsopt_data__task478_cls_english_music_classification.parquet,19695,9265615,1853123.0,niv2_fsopt,,,,,,,,,,,,,flan_submixture,flan_collection_uncovered_expression,direct terms where identified; Article 4 for uncovered expression
flan,niv2_fsopt_data__task479_cls_german_books_classification.parquet,19945,12309330,2461866.0,niv2_fsopt,,,,,,,,,,,,,flan_submixture,flan_collection_uncovered_expression,direct terms where identified; Article 4 for uncovered expression
flan,niv2_fsopt_data__task480_cls_german_dvd_classification.parquet,19925,11638945,2327789.0,niv2_fsopt,,,,,,,,,,,,,flan_submixture,flan_collection_uncovered_expression,direct terms where identified; Article 4 for uncovered expression
flan,niv2_fsopt_data__task481_cls_german_music_classification.parquet,19910,12974790,2594958.0,niv2_fsopt,,,,,,,,,,,,,flan_submixture,flan_collection_uncovered_expression,direct terms where identified; Article 4 for uncovered expression
flan,niv2_fsopt_data__task482_cls_french_books_classification.parquet,19645,9992710,1998542.0,niv2_fsopt,,,,,,,,,,,,,flan_submixture,flan_collection_uncovered_expression,direct terms where identified; Article 4 for uncovered expression
flan,niv2_fsopt_data__task483_cls_french_dvd_classification.parquet,19675,9348915,1869783.0,niv2_fsopt,,,,,,,,,,,,,flan_submixture,flan_collection_uncovered_expression,direct terms where identified; Article 4 for uncovered expression
flan,niv2_fsopt_data__task484_cls_french_music_classification.parquet,19040,10235480,2047096.0,niv2_fsopt,,,,,,,,,,,,,flan_submixture,flan_collection_uncovered_expression,direct terms where identified; Article 4 for uncovered expression
flan,niv2_fsopt_data__task485_cls_japanese_books_classification.parquet,19970,9274620,1854924.0,niv2_fsopt,,,,,,,,,,,,,flan_submixture,flan_collection_uncovered_expression,direct terms where identified; Article 4 for uncovered expression
flan,niv2_fsopt_data__task486_cls_japanese_dvd_classification.parquet,19960,9465775,1893155.0,niv2_fsopt,,,,,,,,,,,,,flan_submixture,flan_collection_uncovered_expression,direct terms where identified; Article 4 for uncovered expression
flan,niv2_fsopt_data__task487_cls_japanese_music_classification.parquet,19730,9922030,1984406.0,niv2_fsopt,,,,,,,,,,,,,flan_submixture,flan_collection_uncovered_expression,direct terms where identified; Article 4 for uncovered expression
flan,niv2_fsopt_data__task488_extract_all_alphabetical_elements_from_list_in_order.parquet,25000,6830205,1366041.0,niv2_fsopt,,,,,,,,,,,,,flan_submixture,flan_collection_uncovered_expression,direct terms where identified; Article 4 for uncovered expression
flan,niv2_fsopt_data__task489_mwsc_question_generation.parquet,1000,332885,66577.0,niv2_fsopt,,,,,,,,,,,,,flan_submixture,flan_collection_uncovered_expression,direct terms where identified; Article 4 for uncovered expression
flan,niv2_fsopt_data__task490_mwsc_options_generation.parquet,1000,238360,47672.0,niv2_fsopt,,,,,,,,,,,,,flan_submixture,flan_collection_uncovered_expression,direct terms where identified; Article 4 for uncovered expression
flan,niv2_fsopt_data__task491_mwsc_answer_generation.parquet,1000,325900,65180.0,niv2_fsopt,,,,,,,,,,,,,flan_submixture,flan_collection_uncovered_expression,direct terms where identified; Article 4 for uncovered expression
flan,niv2_fsopt_data__task492_mwsc_incorrect_answer_generation.parquet,1000,328025,65605.0,niv2_fsopt,,,,,,,,,,,,,flan_submixture,flan_collection_uncovered_expression,direct terms where identified; Article 4 for uncovered expression
flan,niv2_fsopt_data__task495_semeval_headline_classification.parquet,25000,4361967,872393.4,niv2_fsopt,,,,,,,,,,,,,flan_submixture,flan_collection_uncovered_expression,direct terms where identified; Article 4 for uncovered expression
flan,niv2_fsopt_data__task496_semeval_answer_generation.parquet,25000,4749803,949960.6,niv2_fsopt,,,,,,,,,,,,,flan_submixture,flan_collection_uncovered_expression,direct terms where identified; Article 4 for uncovered expression
flan,niv2_fsopt_data__task497_extract_all_numbers_from_list_in_order.parquet,25000,8429780,1685956.0,niv2_fsopt,,,,,,,,,,,,,flan_submixture,flan_collection_uncovered_expression,direct terms where identified; Article 4 for uncovered expression
flan,niv2_fsopt_data__task498_scruples_anecdotes_whoiswrong_classification.parquet,25000,25518275,5103655.0,niv2_fsopt,,,,,,,,,,,,,flan_submixture,flan_collection_uncovered_expression,direct terms where identified; Article 4 for uncovered expression
flan,niv2_fsopt_data__task499_extract_and_add_all_numbers_from_list.parquet,25000,5298420,1059684.0,niv2_fsopt,,,,,,,,,,,,,flan_submixture,flan_collection_uncovered_expression,direct terms where identified; Article 4 for uncovered expression
flan,niv2_fsopt_data__task500_scruples_anecdotes_title_generation.parquet,25000,27461181,5492236.2,niv2_fsopt,,,,,,,,,,,,,flan_submixture,flan_collection_uncovered_expression,direct terms where identified; Article 4 for uncovered expression
flan,niv2_fsopt_data__task501_scruples_anecdotes_post_type_verification.parquet,25000,31505750,6301150.0,niv2_fsopt,,,,,,,,,,,,,flan_submixture,flan_collection_uncovered_expression,direct terms where identified; Article 4 for uncovered expression
flan,niv2_fsopt_data__task502_scruples_anecdotes_whoiswrong_verification.parquet,25000,25675042,5135008.4,niv2_fsopt,,,,,,,,,,,,,flan_submixture,flan_collection_uncovered_expression,direct terms where identified; Article 4 for uncovered expression
flan,niv2_fsopt_data__task503_scruples_anecdotes_isanswerable.parquet,5970,5646650,1129330.0,niv2_fsopt,,,,,,,,,,,,,flan_submixture,flan_collection_uncovered_expression,direct terms where identified; Article 4 for uncovered expression
flan,niv2_fsopt_data__task504_count_all_alphabetical_elements_in_list.parquet,25000,7540769,1508153.8,niv2_fsopt,,,,,,,,,,,,,flan_submixture,flan_collection_uncovered_expression,direct terms where identified; Article 4 for uncovered expression
flan,niv2_fsopt_data__task505_count_all_numerical_elements_in_list.parquet,25000,7534288,1506857.6,niv2_fsopt,,,,,,,,,,,,,flan_submixture,flan_collection_uncovered_expression,direct terms where identified; Article 4 for uncovered expression
flan,niv2_fsopt_data__task506_position_of_all_alphabetical_elements_in_list.parquet,25000,9753860,1950772.0,niv2_fsopt,,,,,,,,,,,,,flan_submixture,flan_collection_uncovered_expression,direct terms where identified; Article 4 for uncovered expression
flan,niv2_fsopt_data__task507_position_of_all_numerical_elements_in_list.parquet,25000,9987116,1997423.2,niv2_fsopt,,,,,,,,,,,,,flan_submixture,flan_collection_uncovered_expression,direct terms where identified; Article 4 for uncovered expression
flan,niv2_fsopt_data__task508_scruples_dilemmas_more_ethical_isidentifiable.parquet,25000,4320722,864144.4,niv2_fsopt,,,,,,,,,,,,,flan_submixture,flan_collection_uncovered_expression,direct terms where identified; Article 4 for uncovered expression
flan,niv2_fsopt_data__task509_collate_of_all_alphabetical_and_numerical_elements_in_list_separately.parquet,25000,13239826,2647965.2,niv2_fsopt,,,,,,,,,,,,,flan_submixture,flan_collection_uncovered_expression,direct terms where identified; Article 4 for uncovered expression
flan,niv2_fsopt_data__task510_reddit_tifu_title_summarization.parquet,25000,22801771,4560354.2,niv2_fsopt,,,,,,,,,,,,,flan_submixture,flan_collection_uncovered_expression,direct terms where identified; Article 4 for uncovered expression
flan,niv2_fsopt_data__task511_reddit_tifu_long_text_summarization.parquet,25000,30032330,6006466.0,niv2_fsopt,,,,,,,,,,,,,flan_submixture,flan_collection_uncovered_expression,direct terms where identified; Article 4 for uncovered expression
flan,niv2_fsopt_data__task513_argument_stance_classification.parquet,1670,256570,51314.0,niv2_fsopt,,,,,,,,,,,,,flan_submixture,flan_collection_uncovered_expression,direct terms where identified; Article 4 for uncovered expression
flan,niv2_fsopt_data__task514_argument_consequence_classification.parquet,1715,284880,56976.0,niv2_fsopt,,,,,,,,,,,,,flan_submixture,flan_collection_uncovered_expression,direct terms where identified; Article 4 for uncovered expression
flan,niv2_fsopt_data__task515_senteval_odd_word_out.parquet,25000,3798672,759734.4,niv2_fsopt,,,,,,,,,,,,,flan_submixture,flan_collection_uncovered_expression,direct terms where identified; Article 4 for uncovered expression
flan,niv2_fsopt_data__task516_senteval_conjoints_inversion.parquet,25000,4082503,816500.6,niv2_fsopt,,,,,,,,,,,,,flan_submixture,flan_collection_uncovered_expression,direct terms where identified; Article 4 for uncovered expression
flan,niv2_fsopt_data__task519_aquamuse_question_generation.parquet,9570,3854120,770824.0,niv2_fsopt,,,,,,,,,,,,,flan_submixture,flan_collection_uncovered_expression,direct terms where identified; Article 4 for uncovered expression
flan,niv2_fsopt_data__task520_aquamuse_answer_given_in_passage.parquet,9990,4269970,853994.0,niv2_fsopt,,,,,,,,,,,,,flan_submixture,flan_collection_uncovered_expression,direct terms where identified; Article 4 for uncovered expression
flan,niv2_fsopt_data__task521_trivia_question_classification.parquet,25000,12039866,2407973.2,niv2_fsopt,,,,,,,,,,,,,flan_submixture,flan_collection_uncovered_expression,direct terms where identified; Article 4 for uncovered expression
flan,niv2_fsopt_data__task522_news_editorial_summary.parquet,1580,4765480,953096.0,niv2_fsopt,,,,,,,,,,,,,flan_submixture,flan_collection_uncovered_expression,direct terms where identified; Article 4 for uncovered expression
flan,niv2_fsopt_data__task523_find_if_numbers_or_alphabets_are_more_in_list.parquet,25000,9527988,1905597.6,niv2_fsopt,,,,,,,,,,,,,flan_submixture,flan_collection_uncovered_expression,direct terms where identified; Article 4 for uncovered expression
flan,niv2_fsopt_data__task524_parsinlu_food_aspect_classification.parquet,12170,3988585,797717.0,niv2_fsopt,,,,,,,,,,,,,flan_submixture,flan_collection_uncovered_expression,direct terms where identified; Article 4 for uncovered expression
flan,niv2_fsopt_data__task525_parsinlu_movie_aspect_classification.parquet,11240,4383295,876659.0,niv2_fsopt,,,,,,,,,,,,,flan_submixture,flan_collection_uncovered_expression,direct terms where identified; Article 4 for uncovered expression
flan,niv2_fsopt_data__task526_parsinlu_movie_overal_classification.parquet,5010,1354445,270889.0,niv2_fsopt,,,,,,,,,,,,,flan_submixture,flan_collection_uncovered_expression,direct terms where identified; Article 4 for uncovered expression
flan,niv2_fsopt_data__task527_parsinlu_food_overal_classification.parquet,10070,2102860,420572.0,niv2_fsopt,,,,,,,,,,,,,flan_submixture,flan_collection_uncovered_expression,direct terms where identified; Article 4 for uncovered expression
flan,niv2_fsopt_data__task528_parsinlu_movie_aspect_detection.parquet,2590,715445,143089.0,niv2_fsopt,,,,,,,,,,,,,flan_submixture,flan_collection_uncovered_expression,direct terms where identified; Article 4 for uncovered expression
flan,niv2_fsopt_data__task529_parsinlu_food_aspect_detection.parquet,14900,3165540,633108.0,niv2_fsopt,,,,,,,,,,,,,flan_submixture,flan_collection_uncovered_expression,direct terms where identified; Article 4 for uncovered expression
flan,niv2_fsopt_data__task530_europarl_en_es_translation.parquet,25000,6669690,1333938.0,niv2_fsopt,,,,,,,,,,,,,flan_submixture,flan_collection_uncovered_expression,direct terms where identified; Article 4 for uncovered expression
flan,niv2_fsopt_data__task531_europarl_es_en_translation.parquet,25000,5844970,1168994.0,niv2_fsopt,,,,,,,,,,,,,flan_submixture,flan_collection_uncovered_expression,direct terms where identified; Article 4 for uncovered expression
flan,niv2_fsopt_data__task532_europarl_en-es_classification.parquet,25000,6141251,1228250.2,niv2_fsopt,,,,,,,,,,,,,flan_submixture,flan_collection_uncovered_expression,direct terms where identified; Article 4 for uncovered expression
flan,niv2_fsopt_data__task533_europarl_es-en_language_identification.parquet,25000,4274445,854889.0,niv2_fsopt,,,,,,,,,,,,,flan_submixture,flan_collection_uncovered_expression,direct terms where identified; Article 4 for uncovered expression
flan,niv2_fsopt_data__task534_farstail_entailment.parquet,25000,8249810,1649962.0,niv2_fsopt,,,,,,,,,,,,,flan_submixture,flan_collection_uncovered_expression,direct terms where identified; Article 4 for uncovered expression
flan,niv2_fsopt_data__task535_alt_translation_ch_en.parquet,6000,1278995,255799.0,niv2_fsopt,,,,,,,,,,,,,flan_submixture,flan_collection_uncovered_expression,direct terms where identified; Article 4 for uncovered expression
flan,niv2_fsopt_data__task536_alt_translation_vi_en.parquet,6000,1479920,295984.0,niv2_fsopt,,,,,,,,,,,,,flan_submixture,flan_collection_uncovered_expression,direct terms where identified; Article 4 for uncovered expression
flan,niv2_fsopt_data__task537_alt_translation_th_en.parquet,5995,1368995,273799.0,niv2_fsopt,,,,,,,,,,,,,flan_submixture,flan_collection_uncovered_expression,direct terms where identified; Article 4 for uncovered expression
flan,niv2_fsopt_data__task538_alt_translation_bu_en.parquet,6000,2059340,411868.0,niv2_fsopt,,,,,,,,,,,,,flan_submixture,flan_collection_uncovered_expression,direct terms where identified; Article 4 for uncovered expression
flan,niv2_fsopt_data__task539_alt_translation_ma_en.parquet,5985,1267190,253438.0,niv2_fsopt,,,,,,,,,,,,,flan_submixture,flan_collection_uncovered_expression,direct terms where identified; Article 4 for uncovered expression
flan,niv2_fsopt_data__task540_alt_translation_la_en.parquet,6000,2007020,401404.0,niv2_fsopt,,,,,,,,,,,,,flan_submixture,flan_collection_uncovered_expression,direct terms where identified; Article 4 for uncovered expression
flan,niv2_fsopt_data__task541_alt_translation_kh_en.parquet,5995,1807610,361522.0,niv2_fsopt,,,,,,,,,,,,,flan_submixture,flan_collection_uncovered_expression,direct terms where identified; Article 4 for uncovered expression
flan,niv2_fsopt_data__task542_alt_translation_ja_en.parquet,6000,1446115,289223.0,niv2_fsopt,,,,,,,,,,,,,flan_submixture,flan_collection_uncovered_expression,direct terms where identified; Article 4 for uncovered expression
flan,niv2_fsopt_data__task543_alt_translation_bh_en.parquet,5990,1304710,260942.0,niv2_fsopt,,,,,,,,,,,,,flan_submixture,flan_collection_uncovered_expression,direct terms where identified; Article 4 for uncovered expression
flan,niv2_fsopt_data__task544_alt_translation_hi_en.parquet,6000,1272315,254463.0,niv2_fsopt,,,,,,,,,,,,,flan_submixture,flan_collection_uncovered_expression,direct terms where identified; Article 4 for uncovered expression
flan,niv2_fsopt_data__task545_alt_translation_fi_en.parquet,5990,1428150,285630.0,niv2_fsopt,,,,,,,,,,,,,flan_submixture,flan_collection_uncovered_expression,direct terms where identified; Article 4 for uncovered expression
flan,niv2_fsopt_data__task546_alt_translation_bg_en.parquet,6000,1482090,296418.0,niv2_fsopt,,,,,,,,,,,,,flan_submixture,flan_collection_uncovered_expression,direct terms where identified; Article 4 for uncovered expression
flan,niv2_fsopt_data__task547_alt_translation_entk_en.parquet,6000,1235010,247002.0,niv2_fsopt,,,,,,,,,,,,,flan_submixture,flan_collection_uncovered_expression,direct terms where identified; Article 4 for uncovered expression
flan,niv2_fsopt_data__task548_alt_translation_en_ch.parquet,5995,1465600,293120.0,niv2_fsopt,,,,,,,,,,,,,flan_submixture,flan_collection_uncovered_expression,direct terms where identified; Article 4 for uncovered expression
flan,niv2_fsopt_data__task549_alt_translation_en_vi.parquet,5980,1429610,285922.0,niv2_fsopt,,,,,,,,,,,,,flan_submixture,flan_collection_uncovered_expression,direct terms where identified; Article 4 for uncovered expression
flan,niv2_fsopt_data__task550_discofuse_sentence_generation.parquet,5995,1195390,239078.0,niv2_fsopt,,,,,,,,,,,,,flan_submixture,flan_collection_uncovered_expression,direct terms where identified; Article 4 for uncovered expression
flan,niv2_fsopt_data__task551_alt_translation_en_th.parquet,6000,1403365,280673.0,niv2_fsopt,,,,,,,,,,,,,flan_submixture,flan_collection_uncovered_expression,direct terms where identified; Article 4 for uncovered expression
flan,niv2_fsopt_data__task552_alt_translation_en_bu.parquet,6000,2246555,449311.0,niv2_fsopt,,,,,,,,,,,,,flan_submixture,flan_collection_uncovered_expression,direct terms where identified; Article 4 for uncovered expression
flan,niv2_fsopt_data__task553_alt_translation_en_ma.parquet,6000,1435855,287171.0,niv2_fsopt,,,,,,,,,,,,,flan_submixture,flan_collection_uncovered_expression,direct terms where identified; Article 4 for uncovered expression
flan,niv2_fsopt_data__task554_alt_translation_en_la.parquet,6000,1827030,365406.0,niv2_fsopt,,,,,,,,,,,,,flan_submixture,flan_collection_uncovered_expression,direct terms where identified; Article 4 for uncovered expression
flan,niv2_fsopt_data__task555_alt_translation_en_kh.parquet,5995,1886295,377259.0,niv2_fsopt,,,,,,,,,,,,,flan_submixture,flan_collection_uncovered_expression,direct terms where identified; Article 4 for uncovered expression
flan,niv2_fsopt_data__task556_alt_translation_en_ja.parquet,5990,1309585,261917.0,niv2_fsopt,,,,,,,,,,,,,flan_submixture,flan_collection_uncovered_expression,direct terms where identified; Article 4 for uncovered expression
flan,niv2_fsopt_data__task557_alt_translation_en_ba.parquet,6000,1289525,257905.0,niv2_fsopt,,,,,,,,,,,,,flan_submixture,flan_collection_uncovered_expression,direct terms where identified; Article 4 for uncovered expression
flan,niv2_fsopt_data__task558_alt_translation_en_hi.parquet,6000,1343250,268650.0,niv2_fsopt,,,,,,,,,,,,,flan_submixture,flan_collection_uncovered_expression,direct terms where identified; Article 4 for uncovered expression
flan,niv2_fsopt_data__task559_alt_translation_en_fi.parquet,5990,1632915,326583.0,niv2_fsopt,,,,,,,,,,,,,flan_submixture,flan_collection_uncovered_expression,direct terms where identified; Article 4 for uncovered expression
flan,niv2_fsopt_data__task560_alt_translation_en_entk.parquet,5990,1345610,269122.0,niv2_fsopt,,,,,,,,,,,,,flan_submixture,flan_collection_uncovered_expression,direct terms where identified; Article 4 for uncovered expression
flan,niv2_fsopt_data__task561_alt_translation_en_bg.parquet,6000,1315010,263002.0,niv2_fsopt,,,,,,,,,,,,,flan_submixture,flan_collection_uncovered_expression,direct terms where identified; Article 4 for uncovered expression
flan,niv2_fsopt_data__task562_alt_language_identification.parquet,5460,1285400,257080.0,niv2_fsopt,,,,,,,,,,,,,flan_submixture,flan_collection_uncovered_expression,direct terms where identified; Article 4 for uncovered expression
flan,niv2_fsopt_data__task563_discofuse_answer_generation.parquet,9995,2056625,411325.0,niv2_fsopt,,,,,,,,,,,,,flan_submixture,flan_collection_uncovered_expression,direct terms where identified; Article 4 for uncovered expression
flan,niv2_fsopt_data__task564_discofuse_classification.parquet,9985,3556625,711325.0,niv2_fsopt,,,,,,,,,,,,,flan_submixture,flan_collection_uncovered_expression,direct terms where identified; Article 4 for uncovered expression
flan,niv2_fsopt_data__task565_circa_answer_generation.parquet,25000,2738191,547638.2,niv2_fsopt,,,,,,,,,,,,,flan_submixture,flan_collection_uncovered_expression,direct terms where identified; Article 4 for uncovered expression
flan,niv2_fsopt_data__task566_circa_classification.parquet,25000,3958950,791790.0,niv2_fsopt,,,,,,,,,,,,,flan_submixture,flan_collection_uncovered_expression,direct terms where identified; Article 4 for uncovered expression
flan,niv2_fsopt_data__task567_circa_text_generation.parquet,25000,4351238,870247.6,niv2_fsopt,,,,,,,,,,,,,flan_submixture,flan_collection_uncovered_expression,direct terms where identified; Article 4 for uncovered expression
flan,niv2_fsopt_data__task568_circa_question_generation.parquet,25000,2992903,598580.6,niv2_fsopt,,,,,,,,,,,,,flan_submixture,flan_collection_uncovered_expression,direct terms where identified; Article 4 for uncovered expression
flan,niv2_fsopt_data__task569_recipe_nlg_text_generation.parquet,25000,13376800,2675360.0,niv2_fsopt,,,,,,,,,,,,,flan_submixture,flan_collection_uncovered_expression,direct terms where identified; Article 4 for uncovered expression
flan,niv2_fsopt_data__task570_recipe_nlg_ner_generation.parquet,25000,8538458,1707691.6,niv2_fsopt,,,,,,,,,,,,,flan_submixture,flan_collection_uncovered_expression,direct terms where identified; Article 4 for uncovered expression
flan,niv2_fsopt_data__task571_recipe_nlg_ner_generation.parquet,25000,10610373,2122074.6,niv2_fsopt,,,,,,,,,,,,,flan_submixture,flan_collection_uncovered_expression,direct terms where identified; Article 4 for uncovered expression
flan,niv2_fsopt_data__task572_recipe_nlg_text_generation.parquet,25000,10614810,2122962.0,niv2_fsopt,,,,,,,,,,,,,flan_submixture,flan_collection_uncovered_expression,direct terms where identified; Article 4 for uncovered expression
flan,niv2_fsopt_data__task573_air_dialogue_classification.parquet,25000,14335080,2867016.0,niv2_fsopt,,,,,,,,,,,,,flan_submixture,flan_collection_uncovered_expression,direct terms where identified; Article 4 for uncovered expression
flan,niv2_fsopt_data__task574_air_dialogue_sentence_generation.parquet,25000,14247055,2849411.0,niv2_fsopt,,,,,,,,,,,,,flan_submixture,flan_collection_uncovered_expression,direct terms where identified; Article 4 for uncovered expression
flan,niv2_fsopt_data__task575_air_dialogue_classification.parquet,25000,3012844,602568.8,niv2_fsopt,,,,,,,,,,,,,flan_submixture,flan_collection_uncovered_expression,direct terms where identified; Article 4 for uncovered expression
flan,niv2_fsopt_data__task576_curiosity_dialogs_answer_generation.parquet,25000,8984995,1796999.0,niv2_fsopt,,,,,,,,,,,,,flan_submixture,flan_collection_uncovered_expression,direct terms where identified; Article 4 for uncovered expression
flan,niv2_fsopt_data__task577_curiosity_dialogs_classification.parquet,25000,3765691,753138.2,niv2_fsopt,,,,,,,,,,,,,flan_submixture,flan_collection_uncovered_expression,direct terms where identified; Article 4 for uncovered expression
flan,niv2_fsopt_data__task578_curiosity_dialogs_answer_generation.parquet,25000,20883304,4176660.8,niv2_fsopt,,,,,,,,,,,,,flan_submixture,flan_collection_uncovered_expression,direct terms where identified; Article 4 for uncovered expression
flan,niv2_fsopt_data__task579_socialiqa_classification.parquet,25000,6389796,1277959.2,niv2_fsopt,,,,,,,,,,,,,flan_submixture,flan_collection_uncovered_expression,direct terms where identified; Article 4 for uncovered expression
flan,niv2_fsopt_data__task580_socialiqa_answer_generation.parquet,25000,6447638,1289527.6,niv2_fsopt,,,,,,,,,,,,,flan_submixture,flan_collection_uncovered_expression,direct terms where identified; Article 4 for uncovered expression
flan,niv2_fsopt_data__task581_socialiqa_question_generation.parquet,25000,4259461,851892.2,niv2_fsopt,,,,,,,,,,,,,flan_submixture,flan_collection_uncovered_expression,direct terms where identified; Article 4 for uncovered expression
flan,niv2_fsopt_data__task582_naturalquestion_answer_generation.parquet,25000,3662760,732552.0,niv2_fsopt,,,,,,,,,,,,,flan_submixture,flan_collection_uncovered_expression,direct terms where identified; Article 4 for uncovered expression
flan,niv2_fsopt_data__task583_udeps_eng_coarse_pos_tagging.parquet,25000,19275004,3855000.8,niv2_fsopt,,,,,,,,,,,,,flan_submixture,flan_collection_uncovered_expression,direct terms where identified; Article 4 for uncovered expression
flan,niv2_fsopt_data__task584_udeps_eng_fine_pos_tagging.parquet,25000,15010203,3002040.6,niv2_fsopt,,,,,,,,,,,,,flan_submixture,flan_collection_uncovered_expression,direct terms where identified; Article 4 for uncovered expression
flan,niv2_fsopt_data__task585_preposition_classification.parquet,9260,1482655,296531.0,niv2_fsopt,,,,,,,,,,,,,flan_submixture,flan_collection_uncovered_expression,direct terms where identified; Article 4 for uncovered expression
flan,niv2_fsopt_data__task591_sciq_answer_generation.parquet,25000,2365700,473140.0,niv2_fsopt,,,,,,,,,,,,,flan_submixture,flan_collection_uncovered_expression,direct terms where identified; Article 4 for uncovered expression
flan,niv2_fsopt_data__task592_sciq_incorrect_answer_generation.parquet,25000,3318113,663622.6,niv2_fsopt,,,,,,,,,,,,,flan_submixture,flan_collection_uncovered_expression,direct terms where identified; Article 4 for uncovered expression
flan,niv2_fsopt_data__task593_sciq_explanation_generation.parquet,25000,4835653,967130.6,niv2_fsopt,,,,,,,,,,,,,flan_submixture,flan_collection_uncovered_expression,direct terms where identified; Article 4 for uncovered expression
flan,niv2_fsopt_data__task594_sciq_question_generation.parquet,25000,8155436,1631087.2,niv2_fsopt,,,,,,,,,,,,,flan_submixture,flan_collection_uncovered_expression,direct terms where identified; Article 4 for uncovered expression
flan,niv2_fsopt_data__task595_mocha_answer_generation.parquet,25000,7590256,1518051.2,niv2_fsopt,,,,,,,,,,,,,flan_submixture,flan_collection_uncovered_expression,direct terms where identified; Article 4 for uncovered expression
flan,niv2_fsopt_data__task596_mocha_question_generation.parquet,25000,6328206,1265641.2,niv2_fsopt,,,,,,,,,,,,,flan_submixture,flan_collection_uncovered_expression,direct terms where identified; Article 4 for uncovered expression
flan,niv2_fsopt_data__task597_cuad_answer_generation.parquet,180,638105,127621.0,niv2_fsopt,,,,,,,,,,,,,flan_submixture,flan_collection_uncovered_expression,direct terms where identified; Article 4 for uncovered expression
flan,niv2_fsopt_data__task598_cuad_answer_generation.parquet,175,616580,123316.0,niv2_fsopt,,,,,,,,,,,,,flan_submixture,flan_collection_uncovered_expression,direct terms where identified; Article 4 for uncovered expression
flan,niv2_fsopt_data__task599_cuad_question_generation.parquet,195,691440,138288.0,niv2_fsopt,,,,,,,,,,,,,flan_submixture,flan_collection_uncovered_expression,direct terms where identified; Article 4 for uncovered expression
flan,niv2_fsopt_data__task600_find_the_longest_common_substring_in_two_strings.parquet,25000,3420683,684136.6,niv2_fsopt,,,,,,,,,,,,,flan_submixture,flan_collection_uncovered_expression,direct terms where identified; Article 4 for uncovered expression
flan,niv2_fsopt_data__task601_flores_translation_sntoen.parquet,12970,3021265,604253.0,niv2_fsopt,,,,,,,,,,,,,flan_submixture,flan_collection_uncovered_expression,direct terms where identified; Article 4 for uncovered expression
flan,niv2_fsopt_data__task602_wikitext-103_answer_generation.parquet,840,908735,181747.0,niv2_fsopt,,,,,,,,,,,,,flan_submixture,flan_collection_uncovered_expression,direct terms where identified; Article 4 for uncovered expression
flan,niv2_fsopt_data__task603_wikitext-103_fill_in_the_blank.parquet,2235,2593585,518717.0,niv2_fsopt,,,,,,,,,,,,,flan_submixture,flan_collection_uncovered_expression,direct terms where identified; Article 4 for uncovered expression
flan,niv2_fsopt_data__task604_flores_translation_entosn.parquet,16580,3739975,747995.0,niv2_fsopt,,,,,,,,,,,,,flan_submixture,flan_collection_uncovered_expression,direct terms where identified; Article 4 for uncovered expression
flan,niv2_fsopt_data__task605_find_the_longest_common_subsequence_in_two_lists.parquet,25000,21200510,4240102.0,niv2_fsopt,,,,,,,,,,,,,flan_submixture,flan_collection_uncovered_expression,direct terms where identified; Article 4 for uncovered expression
flan,niv2_fsopt_data__task606_sum_of_all_numbers_in_list_between_positions_i_and_j.parquet,25000,9077804,1815560.8,niv2_fsopt,,,,,,,,,,,,,flan_submixture,flan_collection_uncovered_expression,direct terms where identified; Article 4 for uncovered expression
flan,niv2_fsopt_data__task607_sbic_intentional_offense_binary_classification.parquet,17310,3630705,726141.0,niv2_fsopt,,,,,,,,,,,,,flan_submixture,flan_collection_uncovered_expression,direct terms where identified; Article 4 for uncovered expression
flan,niv2_fsopt_data__task608_sbic_sexual_offense_binary_classification.parquet,25000,4962001,992400.2,niv2_fsopt,,,,,,,,,,,,,flan_submixture,flan_collection_uncovered_expression,direct terms where identified; Article 4 for uncovered expression
flan,niv2_fsopt_data__task609_sbic_potentially_offense_binary_classification.parquet,25000,5349020,1069804.0,niv2_fsopt,,,,,,,,,,,,,flan_submixture,flan_collection_uncovered_expression,direct terms where identified; Article 4 for uncovered expression
flan,niv2_fsopt_data__task610_conllpp_ner.parquet,25000,9363686,1872737.2,niv2_fsopt,,,,,,,,,,,,,flan_submixture,flan_collection_uncovered_expression,direct terms where identified; Article 4 for uncovered expression
flan,niv2_fsopt_data__task611_mutual_multi_turn_dialogue.parquet,25000,16914136,3382827.2,niv2_fsopt,,,,,,,,,,,,,flan_submixture,flan_collection_uncovered_expression,direct terms where identified; Article 4 for uncovered expression
flan,niv2_fsopt_data__task612_yorubabbc_classification.parquet,19060,3311525,662305.0,niv2_fsopt,,,,,,,,,,,,,flan_submixture,flan_collection_uncovered_expression,direct terms where identified; Article 4 for uncovered expression
flan,niv2_fsopt_data__task613_politifact_text_generation.parquet,25000,3987447,797489.4,niv2_fsopt,,,,,,,,,,,,,flan_submixture,flan_collection_uncovered_expression,direct terms where identified; Article 4 for uncovered expression
flan,niv2_fsopt_data__task614_glucose_cause_event_detection.parquet,25000,8576133,1715226.6,niv2_fsopt,,,,,,,,,,,,,flan_submixture,flan_collection_uncovered_expression,direct terms where identified; Article 4 for uncovered expression
flan,niv2_fsopt_data__task615_moviesqa_answer_generation.parquet,25000,3093076,618615.2,niv2_fsopt,,,,,,,,,,,,,flan_submixture,flan_collection_uncovered_expression,direct terms where identified; Article 4 for uncovered expression
flan,niv2_fsopt_data__task616_cola_classification.parquet,25000,3625774,725154.8,niv2_fsopt,,,,,,,,,,,,,flan_submixture,flan_collection_uncovered_expression,direct terms where identified; Article 4 for uncovered expression
flan,niv2_fsopt_data__task619_ohsumed_abstract_title_generation.parquet,12590,8330930,1666186.0,niv2_fsopt,,,,,,,,,,,,,flan_submixture,flan_collection_uncovered_expression,direct terms where identified; Article 4 for uncovered expression
flan,niv2_fsopt_data__task620_ohsumed_medical_subject_headings_answer_generation.parquet,12590,8228185,1645637.0,niv2_fsopt,,,,,,,,,,,,,flan_submixture,flan_collection_uncovered_expression,direct terms where identified; Article 4 for uncovered expression
flan,niv2_fsopt_data__task621_ohsumed_yes_no_numerical_answer_generation.parquet,11350,7575550,1515110.0,niv2_fsopt,,,,,,,,,,,,,flan_submixture,flan_collection_uncovered_expression,direct terms where identified; Article 4 for uncovered expression
flan,niv2_fsopt_data__task622_replace_alphabets_in_a_list_by_their_position_in_english_alphabet.parquet,25000,13686965,2737393.0,niv2_fsopt,,,,,,,,,,,,,flan_submixture,flan_collection_uncovered_expression,direct terms where identified; Article 4 for uncovered expression
flan,niv2_fsopt_data__task623_ohsumed_yes_no_answer_generation.parquet,4000,3068235,613647.0,niv2_fsopt,,,,,,,,,,,,,flan_submixture,flan_collection_uncovered_expression,direct terms where identified; Article 4 for uncovered expression
flan,niv2_fsopt_data__task624_ohsumed_question_answering.parquet,12620,9939575,1987915.0,niv2_fsopt,,,,,,,,,,,,,flan_submixture,flan_collection_uncovered_expression,direct terms where identified; Article 4 for uncovered expression
flan,niv2_fsopt_data__task625_xlwic_true_or_false_answer_generation.parquet,1440,266180,53236.0,niv2_fsopt,,,,,,,,,,,,,flan_submixture,flan_collection_uncovered_expression,direct terms where identified; Article 4 for uncovered expression
flan,niv2_fsopt_data__task626_xlwic_sentence_based_on_given_word_sentence_generation.parquet,2670,377715,75543.0,niv2_fsopt,,,,,,,,,,,,,flan_submixture,flan_collection_uncovered_expression,direct terms where identified; Article 4 for uncovered expression
flan,niv2_fsopt_data__task627_xlwic_word_with_same_meaning_sentence_generation.parquet,1560,335700,67140.0,niv2_fsopt,,,,,,,,,,,,,flan_submixture,flan_collection_uncovered_expression,direct terms where identified; Article 4 for uncovered expression
flan,niv2_fsopt_data__task628_xlwic_word_with_different_meaning_sentence_generation.parquet,390,96220,19244.0,niv2_fsopt,,,,,,,,,,,,,flan_submixture,flan_collection_uncovered_expression,direct terms where identified; Article 4 for uncovered expression
flan,niv2_fsopt_data__task629_dbpedia_14_classification.parquet,25000,8923165,1784633.0,niv2_fsopt,,,,,,,,,,,,,flan_submixture,flan_collection_uncovered_expression,direct terms where identified; Article 4 for uncovered expression
flan,niv2_fsopt_data__task630_dbpedia_14_classification.parquet,10000,3729150,745830.0,niv2_fsopt,,,,,,,,,,,,,flan_submixture,flan_collection_uncovered_expression,direct terms where identified; Article 4 for uncovered expression
flan,niv2_fsopt_data__task631_dbpedia_14_incorrect_answer_generation.parquet,18565,6586985,1317397.0,niv2_fsopt,,,,,,,,,,,,,flan_submixture,flan_collection_uncovered_expression,direct terms where identified; Article 4 for uncovered expression
flan,niv2_fsopt_data__task632_dbpedia_14_classification.parquet,19980,6466355,1293271.0,niv2_fsopt,,,,,,,,,,,,,flan_submixture,flan_collection_uncovered_expression,direct terms where identified; Article 4 for uncovered expression
flan,niv2_fsopt_data__task633_dbpedia_14_answer_generation.parquet,25000,8713022,1742604.4,niv2_fsopt,,,,,,,,,,,,,flan_submixture,flan_collection_uncovered_expression,direct terms where identified; Article 4 for uncovered expression
flan,niv2_fsopt_data__task636_extract_and_sort_unique_alphabets_in_a_list.parquet,25000,9295604,1859120.8,niv2_fsopt,,,,,,,,,,,,,flan_submixture,flan_collection_uncovered_expression,direct terms where identified; Article 4 for uncovered expression
flan,niv2_fsopt_data__task637_extract_and_sort_unique_digits_in_a_list.parquet,25000,5608150,1121630.0,niv2_fsopt,,,,,,,,,,,,,flan_submixture,flan_collection_uncovered_expression,direct terms where identified; Article 4 for uncovered expression
flan,niv2_fsopt_data__task638_multi_woz_classification.parquet,25000,18938178,3787635.6,niv2_fsopt,,,,,,,,,,,,,flan_submixture,flan_collection_uncovered_expression,direct terms where identified; Article 4 for uncovered expression
flan,niv2_fsopt_data__task639_multi_woz_user_utterance_generation.parquet,1780,295320,59064.0,niv2_fsopt,,,,,,,,,,,,,flan_submixture,flan_collection_uncovered_expression,direct terms where identified; Article 4 for uncovered expression
flan,niv2_fsopt_data__task640_esnli_classification.parquet,1000,195780,39156.0,niv2_fsopt,,,,,,,,,,,,,flan_submixture,flan_collection_uncovered_expression,direct terms where identified; Article 4 for uncovered expression
flan,niv2_fsopt_data__task641_esnli_classification.parquet,1975,318965,63793.0,niv2_fsopt,,,,,,,,,,,,,flan_submixture,flan_collection_uncovered_expression,direct terms where identified; Article 4 for uncovered expression
flan,niv2_fsopt_data__task642_esnli_classification.parquet,3000,475575,95115.0,niv2_fsopt,,,,,,,,,,,,,flan_submixture,flan_collection_uncovered_expression,direct terms where identified; Article 4 for uncovered expression
flan,niv2_fsopt_data__task643_refresd_classification.parquet,4000,1150460,230092.0,niv2_fsopt,,,,,,,,,,,,,flan_submixture,flan_collection_uncovered_expression,direct terms where identified; Article 4 for uncovered expression
flan,niv2_fsopt_data__task644_refresd_translation.parquet,3670,819070,163814.0,niv2_fsopt,,,,,,,,,,,,,flan_submixture,flan_collection_uncovered_expression,direct terms where identified; Article 4 for uncovered expression
flan,niv2_fsopt_data__task645_summarization.parquet,19980,3070270,614054.0,niv2_fsopt,,,,,,,,,,,,,flan_submixture,flan_collection_uncovered_expression,direct terms where identified; Article 4 for uncovered expression
flan,niv2_fsopt_data__task646_answer_generation.parquet,1165,208885,41777.0,niv2_fsopt,,,,,,,,,,,,,flan_submixture,flan_collection_uncovered_expression,direct terms where identified; Article 4 for uncovered expression
flan,niv2_fsopt_data__task647_answer_generation.parquet,2420,286895,57379.0,niv2_fsopt,,,,,,,,,,,,,flan_submixture,flan_collection_uncovered_expression,direct terms where identified; Article 4 for uncovered expression
flan,niv2_fsopt_data__task648_answer_generation.parquet,2810,378495,75699.0,niv2_fsopt,,,,,,,,,,,,,flan_submixture,flan_collection_uncovered_expression,direct terms where identified; Article 4 for uncovered expression
flan,niv2_fsopt_data__task650_opus100_ar_en_translation.parquet,25000,3454358,690871.6,niv2_fsopt,,,,,,,,,,,,,flan_submixture,flan_collection_uncovered_expression,direct terms where identified; Article 4 for uncovered expression
flan,niv2_fsopt_data__task651_opus100_en_ar_translation.parquet,25000,3767762,753552.4,niv2_fsopt,,,,,,,,,,,,,flan_submixture,flan_collection_uncovered_expression,direct terms where identified; Article 4 for uncovered expression
flan,niv2_fsopt_data__task652_parsinlu_en_fa_translation.parquet,21190,3089895,617979.0,niv2_fsopt,,,,,,,,,,,,,flan_submixture,flan_collection_uncovered_expression,direct terms where identified; Article 4 for uncovered expression
flan,niv2_fsopt_data__task653_parsinlu_fa_en_translation.parquet,21215,3150570,630114.0,niv2_fsopt,,,,,,,,,,,,,flan_submixture,flan_collection_uncovered_expression,direct terms where identified; Article 4 for uncovered expression
flan,niv2_fsopt_data__task654_bible_fa_en_translation.parquet,25000,5588390,1117678.0,niv2_fsopt,,,,,,,,,,,,,flan_submixture,flan_collection_uncovered_expression,direct terms where identified; Article 4 for uncovered expression
flan,niv2_fsopt_data__task655_bible_en_fa_translation.parquet,25000,5618153,1123630.6,niv2_fsopt,,,,,,,,,,,,,flan_submixture,flan_collection_uncovered_expression,direct terms where identified; Article 4 for uncovered expression
flan,niv2_fsopt_data__task656_quran_en_fa_translation.parquet,25000,7576653,1515330.6,niv2_fsopt,,,,,,,,,,,,,flan_submixture,flan_collection_uncovered_expression,direct terms where identified; Article 4 for uncovered expression
flan,niv2_fsopt_data__task657_quran_fa_en_translation.parquet,25000,6233064,1246612.8,niv2_fsopt,,,,,,,,,,,,,flan_submixture,flan_collection_uncovered_expression,direct terms where identified; Article 4 for uncovered expression
flan,niv2_fsopt_data__task658_tep_en_fa_translation.parquet,25000,3218124,643624.8,niv2_fsopt,,,,,,,,,,,,,flan_submixture,flan_collection_uncovered_expression,direct terms where identified; Article 4 for uncovered expression
flan,niv2_fsopt_data__task659_tep_fa_en_translation.parquet,25000,2893062,578612.4,niv2_fsopt,,,,,,,,,,,,,flan_submixture,flan_collection_uncovered_expression,direct terms where identified; Article 4 for uncovered expression
flan,niv2_fsopt_data__task660_mizan_fa_en_translation.parquet,25000,4529525,905905.0,niv2_fsopt,,,,,,,,,,,,,flan_submixture,flan_collection_uncovered_expression,direct terms where identified; Article 4 for uncovered expression
flan,niv2_fsopt_data__task661_mizan_en_fa_translation.parquet,25000,4507326,901465.2,niv2_fsopt,,,,,,,,,,,,,flan_submixture,flan_collection_uncovered_expression,direct terms where identified; Article 4 for uncovered expression
flan,niv2_fsopt_data__task662_global_voices_fa_en_translation.parquet,25000,4840932,968186.4,niv2_fsopt,,,,,,,,,,,,,flan_submixture,flan_collection_uncovered_expression,direct terms where identified; Article 4 for uncovered expression
flan,niv2_fsopt_data__task663_global_voices_en_fa_translation.parquet,25000,4629067,925813.4,niv2_fsopt,,,,,,,,,,,,,flan_submixture,flan_collection_uncovered_expression,direct terms where identified; Article 4 for uncovered expression
flan,niv2_fsopt_data__task668_extreme_abstract_summarization.parquet,25000,16740387,3348077.4,niv2_fsopt,,,,,,,,,,,,,flan_submixture,flan_collection_uncovered_expression,direct terms where identified; Article 4 for uncovered expression
flan,niv2_fsopt_data__task669_ambigqa_answer_generation.parquet,25000,3815031,763006.2,niv2_fsopt,,,,,,,,,,,,,flan_submixture,flan_collection_uncovered_expression,direct terms where identified; Article 4 for uncovered expression
flan,niv2_fsopt_data__task670_ambigqa_question_generation.parquet,25000,4122543,824508.6,niv2_fsopt,,,,,,,,,,,,,flan_submixture,flan_collection_uncovered_expression,direct terms where identified; Article 4 for uncovered expression
flan,niv2_fsopt_data__task671_ambigqa_text_generation.parquet,25000,5084606,1016921.2,niv2_fsopt,,,,,,,,,,,,,flan_submixture,flan_collection_uncovered_expression,direct terms where identified; Article 4 for uncovered expression
flan,niv2_fsopt_data__task672_nummersense.parquet,25000,2426548,485309.6,niv2_fsopt,,,,,,,,,,,,,flan_submixture,flan_collection_uncovered_expression,direct terms where identified; Article 4 for uncovered expression
flan,niv2_fsopt_data__task673_google_wellformed_query_classification.parquet,25000,3794421,758884.2,niv2_fsopt,,,,,,,,,,,,,flan_submixture,flan_collection_uncovered_expression,direct terms where identified; Article 4 for uncovered expression
flan,niv2_fsopt_data__task674_google_wellformed_query_sentence_generation.parquet,23015,5157475,1031495.0,niv2_fsopt,,,,,,,,,,,,,flan_submixture,flan_collection_uncovered_expression,direct terms where identified; Article 4 for uncovered expression
flan,niv2_fsopt_data__task675_google_wellformed_query_sentence_generation.parquet,23360,5117375,1023475.0,niv2_fsopt,,,,,,,,,,,,,flan_submixture,flan_collection_uncovered_expression,direct terms where identified; Article 4 for uncovered expression
flan,niv2_fsopt_data__task676_ollie_relationship_answer_generation.parquet,25000,5113269,1022653.8,niv2_fsopt,,,,,,,,,,,,,flan_submixture,flan_collection_uncovered_expression,direct terms where identified; Article 4 for uncovered expression
flan,niv2_fsopt_data__task677_ollie_sentence_answer_generation.parquet,25000,4991237,998247.4,niv2_fsopt,,,,,,,,,,,,,flan_submixture,flan_collection_uncovered_expression,direct terms where identified; Article 4 for uncovered expression
flan,niv2_fsopt_data__task678_ollie_actual_relationship_answer_generation.parquet,25000,4186390,837278.0,niv2_fsopt,,,,,,,,,,,,,flan_submixture,flan_collection_uncovered_expression,direct terms where identified; Article 4 for uncovered expression
flan,niv2_fsopt_data__task679_hope_edi_english_text_classification.parquet,25000,3714972,742994.4,niv2_fsopt,,,,,,,,,,,,,flan_submixture,flan_collection_uncovered_expression,direct terms where identified; Article 4 for uncovered expression
flan,niv2_fsopt_data__task680_hope_edi_tamil_text_classification.parquet,25000,3720281,744056.2,niv2_fsopt,,,,,,,,,,,,,flan_submixture,flan_collection_uncovered_expression,direct terms where identified; Article 4 for uncovered expression
flan,niv2_fsopt_data__task681_hope_edi_malayalam_text_classification.parquet,19685,3268910,653782.0,niv2_fsopt,,,,,,,,,,,,,flan_submixture,flan_collection_uncovered_expression,direct terms where identified; Article 4 for uncovered expression
flan,niv2_fsopt_data__task682_online_privacy_policy_text_classification.parquet,6605,1880945,376189.0,niv2_fsopt,,,,,,,,,,,,,flan_submixture,flan_collection_uncovered_expression,direct terms where identified; Article 4 for uncovered expression
flan,niv2_fsopt_data__task683_online_privacy_policy_text_purpose_answer_generation.parquet,25000,3940891,788178.2,niv2_fsopt,,,,,,,,,,,,,flan_submixture,flan_collection_uncovered_expression,direct terms where identified; Article 4 for uncovered expression
flan,niv2_fsopt_data__task684_online_privacy_policy_text_information_type_generation.parquet,25000,4284205,856841.0,niv2_fsopt,,,,,,,,,,,,,flan_submixture,flan_collection_uncovered_expression,direct terms where identified; Article 4 for uncovered expression
flan,niv2_fsopt_data__task738_perspectrum_classification.parquet,25000,4062169,812433.8,niv2_fsopt,,,,,,,,,,,,,flan_submixture,flan_collection_uncovered_expression,direct terms where identified; Article 4 for uncovered expression
flan,niv2_fsopt_data__task739_lhoestq_question_generation.parquet,1165,836375,167275.0,niv2_fsopt,,,,,,,,,,,,,flan_submixture,flan_collection_uncovered_expression,direct terms where identified; Article 4 for uncovered expression
flan,niv2_fsopt_data__task740_lhoestq_answer_generation_quantity.parquet,1180,663755,132751.0,niv2_fsopt,,,,,,,,,,,,,flan_submixture,flan_collection_uncovered_expression,direct terms where identified; Article 4 for uncovered expression
flan,niv2_fsopt_data__task741_lhoestq_answer_generation_place.parquet,1160,716760,143352.0,niv2_fsopt,,,,,,,,,,,,,flan_submixture,flan_collection_uncovered_expression,direct terms where identified; Article 4 for uncovered expression
flan,niv2_fsopt_data__task742_lhoestq_answer_generation_frequency.parquet,1030,629265,125853.0,niv2_fsopt,,,,,,,,,,,,,flan_submixture,flan_collection_uncovered_expression,direct terms where identified; Article 4 for uncovered expression
flan,niv2_fsopt_data__task743_eurlex_summarization.parquet,6460,7916875,1583375.0,niv2_fsopt,,,,,,,,,,,,,flan_submixture,flan_collection_uncovered_expression,direct terms where identified; Article 4 for uncovered expression
flan,niv2_fsopt_data__task744_eurlex_classification.parquet,9750,7703045,1540609.0,niv2_fsopt,,,,,,,,,,,,,flan_submixture,flan_collection_uncovered_expression,direct terms where identified; Article 4 for uncovered expression
flan,niv2_fsopt_data__task745_ai2_arithmetic_questions_arithmetic.parquet,3780,841535,168307.0,niv2_fsopt,,,,,,,,,,,,,flan_submixture,flan_collection_uncovered_expression,direct terms where identified; Article 4 for uncovered expression
flan,niv2_fsopt_data__task747_glucose_cause_emotion_detection.parquet,25000,9761227,1952245.4,niv2_fsopt,,,,,,,,,,,,,flan_submixture,flan_collection_uncovered_expression,direct terms where identified; Article 4 for uncovered expression
flan,niv2_fsopt_data__task748_glucose_reverse_cause_event_detection.parquet,25000,8395264,1679052.8,niv2_fsopt,,,,,,,,,,,,,flan_submixture,flan_collection_uncovered_expression,direct terms where identified; Article 4 for uncovered expression
flan,niv2_fsopt_data__task749_glucose_reverse_cause_emotion_detection.parquet,25000,8633595,1726719.0,niv2_fsopt,,,,,,,,,,,,,flan_submixture,flan_collection_uncovered_expression,direct terms where identified; Article 4 for uncovered expression
flan,niv2_fsopt_data__task750_aqua_multiple_choice_answering.parquet,25000,8983465,1796693.0,niv2_fsopt,,,,,,,,,,,,,flan_submixture,flan_collection_uncovered_expression,direct terms where identified; Article 4 for uncovered expression
flan,niv2_fsopt_data__task751_svamp_subtraction_question_answering.parquet,5310,1045355,209071.0,niv2_fsopt,,,,,,,,,,,,,flan_submixture,flan_collection_uncovered_expression,direct terms where identified; Article 4 for uncovered expression
flan,niv2_fsopt_data__task752_svamp_multiplication_question_answering.parquet,1080,214765,42953.0,niv2_fsopt,,,,,,,,,,,,,flan_submixture,flan_collection_uncovered_expression,direct terms where identified; Article 4 for uncovered expression
flan,niv2_fsopt_data__task753_svamp_addition_question_answering.parquet,1950,427395,85479.0,niv2_fsopt,,,,,,,,,,,,,flan_submixture,flan_collection_uncovered_expression,direct terms where identified; Article 4 for uncovered expression
flan,niv2_fsopt_data__task754_svamp_common-division_question_answering.parquet,1650,315155,63031.0,niv2_fsopt,,,,,,,,,,,,,flan_submixture,flan_collection_uncovered_expression,direct terms where identified; Article 4 for uncovered expression
flan,niv2_fsopt_data__task755_find_longest_substring_and_replace_its_sorted_lowercase_version_in_both_lists.parquet,25000,7103080,1420616.0,niv2_fsopt,,,,,,,,,,,,,flan_submixture,flan_collection_uncovered_expression,direct terms where identified; Article 4 for uncovered expression
flan,niv2_fsopt_data__task756_find_longert_substring_and_return_all_unique_alphabets_in_it.parquet,25000,5493213,1098642.6,niv2_fsopt,,,,,,,,,,,,,flan_submixture,flan_collection_uncovered_expression,direct terms where identified; Article 4 for uncovered expression
flan,niv2_fsopt_data__task757_msr_sqa_question_generation.parquet,3985,6016155,1203231.0,niv2_fsopt,,,,,,,,,,,,,flan_submixture,flan_collection_uncovered_expression,direct terms where identified; Article 4 for uncovered expression
flan,niv2_fsopt_data__task758_msr_sqa_question_answer_generation.parquet,3975,6252050,1250410.0,niv2_fsopt,,,,,,,,,,,,,flan_submixture,flan_collection_uncovered_expression,direct terms where identified; Article 4 for uncovered expression
flan,niv2_fsopt_data__task759_msr_sqa_incorrect_answer_generation.parquet,3975,6242270,1248454.0,niv2_fsopt,,,,,,,,,,,,,flan_submixture,flan_collection_uncovered_expression,direct terms where identified; Article 4 for uncovered expression
flan,niv2_fsopt_data__task760_msr_sqa_long_text_generation.parquet,230,712355,142471.0,niv2_fsopt,,,,,,,,,,,,,flan_submixture,flan_collection_uncovered_expression,direct terms where identified; Article 4 for uncovered expression
flan,niv2_fsopt_data__task762_emea_fr_sk_translation.parquet,4365,830560,166112.0,niv2_fsopt,,,,,,,,,,,,,flan_submixture,flan_collection_uncovered_expression,direct terms where identified; Article 4 for uncovered expression
flan,niv2_fsopt_data__task763_emea_es_lt_translation.parquet,1870,385580,77116.0,niv2_fsopt,,,,,,,,,,,,,flan_submixture,flan_collection_uncovered_expression,direct terms where identified; Article 4 for uncovered expression
flan,niv2_fsopt_data__task764_emea_bg_el_classification.parquet,1630,370630,74126.0,niv2_fsopt,,,,,,,,,,,,,flan_submixture,flan_collection_uncovered_expression,direct terms where identified; Article 4 for uncovered expression
flan,niv2_fsopt_data__task765_emea_bg_el_translation.parquet,1400,390935,78187.0,niv2_fsopt,,,,,,,,,,,,,flan_submixture,flan_collection_uncovered_expression,direct terms where identified; Article 4 for uncovered expression
flan,niv2_fsopt_data__task766_craigslist_bargains_classification.parquet,2000,1502465,300493.0,niv2_fsopt,,,,,,,,,,,,,flan_submixture,flan_collection_uncovered_expression,direct terms where identified; Article 4 for uncovered expression
flan,niv2_fsopt_data__task767_craigslist_bargains_classification.parquet,12000,8839765,1767953.0,niv2_fsopt,,,,,,,,,,,,,flan_submixture,flan_collection_uncovered_expression,direct terms where identified; Article 4 for uncovered expression
flan,niv2_fsopt_data__task768_qed_text_span_selection.parquet,1960,978745,195749.0,niv2_fsopt,,,,,,,,,,,,,flan_submixture,flan_collection_uncovered_expression,direct terms where identified; Article 4 for uncovered expression
flan,niv2_fsopt_data__task769_qed_summarization.parquet,10000,4354930,870986.0,niv2_fsopt,,,,,,,,,,,,,flan_submixture,flan_collection_uncovered_expression,direct terms where identified; Article 4 for uncovered expression
flan,niv2_fsopt_data__task770_pawsx_english_text_modification.parquet,2510,531790,106358.0,niv2_fsopt,,,,,,,,,,,,,flan_submixture,flan_collection_uncovered_expression,direct terms where identified; Article 4 for uncovered expression
flan,niv2_fsopt_data__task771_pawsx_korean_text_modification.parquet,2500,618555,123711.0,niv2_fsopt,,,,,,,,,,,,,flan_submixture,flan_collection_uncovered_expression,direct terms where identified; Article 4 for uncovered expression
flan,niv2_fsopt_data__task772_pawsx_french_text_modification.parquet,2500,587110,117422.0,niv2_fsopt,,,,,,,,,,,,,flan_submixture,flan_collection_uncovered_expression,direct terms where identified; Article 4 for uncovered expression
flan,niv2_fsopt_data__task773_pawsx_spanish_text_modification.parquet,2500,568880,113776.0,niv2_fsopt,,,,,,,,,,,,,flan_submixture,flan_collection_uncovered_expression,direct terms where identified; Article 4 for uncovered expression
flan,niv2_fsopt_data__task774_pawsx_german_text_modification.parquet,2500,563505,112701.0,niv2_fsopt,,,,,,,,,,,,,flan_submixture,flan_collection_uncovered_expression,direct terms where identified; Article 4 for uncovered expression
flan,niv2_fsopt_data__task775_pawsx_chinese_text_modification.parquet,2500,539350,107870.0,niv2_fsopt,,,,,,,,,,,,,flan_submixture,flan_collection_uncovered_expression,direct terms where identified; Article 4 for uncovered expression
flan,niv2_fsopt_data__task776_pawsx_japanese_text_modification.parquet,2500,586735,117347.0,niv2_fsopt,,,,,,,,,,,,,flan_submixture,flan_collection_uncovered_expression,direct terms where identified; Article 4 for uncovered expression
flan,niv2_fsopt_data__task777_pawsx_english_korean_translation.parquet,2500,568610,113722.0,niv2_fsopt,,,,,,,,,,,,,flan_submixture,flan_collection_uncovered_expression,direct terms where identified; Article 4 for uncovered expression
flan,niv2_fsopt_data__task778_pawsx_english_french_translation.parquet,2500,568220,113644.0,niv2_fsopt,,,,,,,,,,,,,flan_submixture,flan_collection_uncovered_expression,direct terms where identified; Article 4 for uncovered expression
flan,niv2_fsopt_data__task779_pawsx_english_spanish_translation.parquet,2500,548455,109691.0,niv2_fsopt,,,,,,,,,,,,,flan_submixture,flan_collection_uncovered_expression,direct terms where identified; Article 4 for uncovered expression
flan,niv2_fsopt_data__task780_pawsx_english_german_translation.parquet,2500,546670,109334.0,niv2_fsopt,,,,,,,,,,,,,flan_submixture,flan_collection_uncovered_expression,direct terms where identified; Article 4 for uncovered expression
flan,niv2_fsopt_data__task781_pawsx_english_chinese_translation.parquet,2500,532465,106493.0,niv2_fsopt,,,,,,,,,,,,,flan_submixture,flan_collection_uncovered_expression,direct terms where identified; Article 4 for uncovered expression
flan,niv2_fsopt_data__task782_pawsx_english_japanese_translation.parquet,2500,561515,112303.0,niv2_fsopt,,,,,,,,,,,,,flan_submixture,flan_collection_uncovered_expression,direct terms where identified; Article 4 for uncovered expression
flan,niv2_fsopt_data__task783_pawsx_korean_english_translation.parquet,2490,581065,116213.0,niv2_fsopt,,,,,,,,,,,,,flan_submixture,flan_collection_uncovered_expression,direct terms where identified; Article 4 for uncovered expression
flan,niv2_fsopt_data__task784_pawsx_korean_french_translation.parquet,2490,609955,121991.0,niv2_fsopt,,,,,,,,,,,,,flan_submixture,flan_collection_uncovered_expression,direct terms where identified; Article 4 for uncovered expression
flan,niv2_fsopt_data__task785_pawsx_korean_spanish_translation.parquet,2490,602890,120578.0,niv2_fsopt,,,,,,,,,,,,,flan_submixture,flan_collection_uncovered_expression,direct terms where identified; Article 4 for uncovered expression
flan,niv2_fsopt_data__task786_pawsx_korean_german_translation.parquet,2490,596465,119293.0,niv2_fsopt,,,,,,,,,,,,,flan_submixture,flan_collection_uncovered_expression,direct terms where identified; Article 4 for uncovered expression
flan,niv2_fsopt_data__task787_pawsx_korean_chinese_translation.parquet,2490,583255,116651.0,niv2_fsopt,,,,,,,,,,,,,flan_submixture,flan_collection_uncovered_expression,direct terms where identified; Article 4 for uncovered expression
flan,niv2_fsopt_data__task788_pawsx_korean_japanese_translation.parquet,2490,612245,122449.0,niv2_fsopt,,,,,,,,,,,,,flan_submixture,flan_collection_uncovered_expression,direct terms where identified; Article 4 for uncovered expression
flan,niv2_fsopt_data__task789_pawsx_french_english_translation.parquet,2490,560790,112158.0,niv2_fsopt,,,,,,,,,,,,,flan_submixture,flan_collection_uncovered_expression,direct terms where identified; Article 4 for uncovered expression
flan,niv2_fsopt_data__task790_pawsx_french_korean_translation.parquet,2490,593320,118664.0,niv2_fsopt,,,,,,,,,,,,,flan_submixture,flan_collection_uncovered_expression,direct terms where identified; Article 4 for uncovered expression
flan,niv2_fsopt_data__task791_pawsx_french_spanish_translation.parquet,2490,579995,115999.0,niv2_fsopt,,,,,,,,,,,,,flan_submixture,flan_collection_uncovered_expression,direct terms where identified; Article 4 for uncovered expression
flan,niv2_fsopt_data__task792_pawsx_french_german_translation.parquet,2490,570840,114168.0,niv2_fsopt,,,,,,,,,,,,,flan_submixture,flan_collection_uncovered_expression,direct terms where identified; Article 4 for uncovered expression
flan,niv2_fsopt_data__task793_pawsx_french_chinese_translation.parquet,2490,559295,111859.0,niv2_fsopt,,,,,,,,,,,,,flan_submixture,flan_collection_uncovered_expression,direct terms where identified; Article 4 for uncovered expression
flan,niv2_fsopt_data__task794_pawsx_french_japanese_translation.parquet,2490,583700,116740.0,niv2_fsopt,,,,,,,,,,,,,flan_submixture,flan_collection_uncovered_expression,direct terms where identified; Article 4 for uncovered expression
flan,niv2_fsopt_data__task795_pawsx_spanish_english_translation.parquet,2490,551160,110232.0,niv2_fsopt,,,,,,,,,,,,,flan_submixture,flan_collection_uncovered_expression,direct terms where identified; Article 4 for uncovered expression
flan,niv2_fsopt_data__task796_pawsx_spanish_korean_translation.parquet,2490,585675,117135.0,niv2_fsopt,,,,,,,,,,,,,flan_submixture,flan_collection_uncovered_expression,direct terms where identified; Article 4 for uncovered expression
flan,niv2_fsopt_data__task797_pawsx_spanish_french_translation.parquet,2490,577455,115491.0,niv2_fsopt,,,,,,,,,,,,,flan_submixture,flan_collection_uncovered_expression,direct terms where identified; Article 4 for uncovered expression
flan,niv2_fsopt_data__task798_pawsx_spanish_german_translation.parquet,2485,564820,112964.0,niv2_fsopt,,,,,,,,,,,,,flan_submixture,flan_collection_uncovered_expression,direct terms where identified; Article 4 for uncovered expression
flan,niv2_fsopt_data__task799_pawsx_spanish_chinese_translation.parquet,2490,551080,110216.0,niv2_fsopt,,,,,,,,,,,,,flan_submixture,flan_collection_uncovered_expression,direct terms where identified; Article 4 for uncovered expression
flan,niv2_fsopt_data__task800_pawsx_spanish_japanese_translation.parquet,2490,583560,116712.0,niv2_fsopt,,,,,,,,,,,,,flan_submixture,flan_collection_uncovered_expression,direct terms where identified; Article 4 for uncovered expression
flan,niv2_fsopt_data__task801_pawsx_german_english_translation.parquet,2490,547915,109583.0,niv2_fsopt,,,,,,,,,,,,,flan_submixture,flan_collection_uncovered_expression,direct terms where identified; Article 4 for uncovered expression
flan,niv2_fsopt_data__task802_pawsx_german_korean_translation.parquet,2490,585115,117023.0,niv2_fsopt,,,,,,,,,,,,,flan_submixture,flan_collection_uncovered_expression,direct terms where identified; Article 4 for uncovered expression
flan,niv2_fsopt_data__task803_pawsx_german_french_translation.parquet,2490,577740,115548.0,niv2_fsopt,,,,,,,,,,,,,flan_submixture,flan_collection_uncovered_expression,direct terms where identified; Article 4 for uncovered expression
flan,niv2_fsopt_data__task804_pawsx_german_spanish_translation.parquet,2480,563755,112751.0,niv2_fsopt,,,,,,,,,,,,,flan_submixture,flan_collection_uncovered_expression,direct terms where identified; Article 4 for uncovered expression
flan,niv2_fsopt_data__task805_pawsx_german_chinese_translation.parquet,2485,549960,109992.0,niv2_fsopt,,,,,,,,,,,,,flan_submixture,flan_collection_uncovered_expression,direct terms where identified; Article 4 for uncovered expression
flan,niv2_fsopt_data__task806_pawsx_german_japanese_translation.parquet,2490,576945,115389.0,niv2_fsopt,,,,,,,,,,,,,flan_submixture,flan_collection_uncovered_expression,direct terms where identified; Article 4 for uncovered expression
flan,niv2_fsopt_data__task807_pawsx_chinese_english_translation.parquet,2490,538550,107710.0,niv2_fsopt,,,,,,,,,,,,,flan_submixture,flan_collection_uncovered_expression,direct terms where identified; Article 4 for uncovered expression
flan,niv2_fsopt_data__task808_pawsx_chinese_korean_translation.parquet,2490,577330,115466.0,niv2_fsopt,,,,,,,,,,,,,flan_submixture,flan_collection_uncovered_expression,direct terms where identified; Article 4 for uncovered expression
flan,niv2_fsopt_data__task809_pawsx_chinese_french_translation.parquet,2490,567840,113568.0,niv2_fsopt,,,,,,,,,,,,,flan_submixture,flan_collection_uncovered_expression,direct terms where identified; Article 4 for uncovered expression
flan,niv2_fsopt_data__task810_pawsx_chinese_spanish_translation.parquet,2490,553495,110699.0,niv2_fsopt,,,,,,,,,,,,,flan_submixture,flan_collection_uncovered_expression,direct terms where identified; Article 4 for uncovered expression
flan,niv2_fsopt_data__task811_pawsx_chinese_german_translation.parquet,2490,551595,110319.0,niv2_fsopt,,,,,,,,,,,,,flan_submixture,flan_collection_uncovered_expression,direct terms where identified; Article 4 for uncovered expression
flan,niv2_fsopt_data__task812_pawsx_chinese_japanese_translation.parquet,2490,562890,112578.0,niv2_fsopt,,,,,,,,,,,,,flan_submixture,flan_collection_uncovered_expression,direct terms where identified; Article 4 for uncovered expression
flan,niv2_fsopt_data__task813_pawsx_japanese_english_translation.parquet,2490,560135,112027.0,niv2_fsopt,,,,,,,,,,,,,flan_submixture,flan_collection_uncovered_expression,direct terms where identified; Article 4 for uncovered expression
flan,niv2_fsopt_data__task814_pawsx_japanese_korean_translation.parquet,2490,598130,119626.0,niv2_fsopt,,,,,,,,,,,,,flan_submixture,flan_collection_uncovered_expression,direct terms where identified; Article 4 for uncovered expression
flan,niv2_fsopt_data__task815_pawsx_japanese_french_translation.parquet,2490,590540,118108.0,niv2_fsopt,,,,,,,,,,,,,flan_submixture,flan_collection_uncovered_expression,direct terms where identified; Article 4 for uncovered expression
flan,niv2_fsopt_data__task816_pawsx_japanese_spanish_translation.parquet,2490,581395,116279.0,niv2_fsopt,,,,,,,,,,,,,flan_submixture,flan_collection_uncovered_expression,direct terms where identified; Article 4 for uncovered expression
flan,niv2_fsopt_data__task817_pawsx_japanese_german_translation.parquet,2490,578650,115730.0,niv2_fsopt,,,,,,,,,,,,,flan_submixture,flan_collection_uncovered_expression,direct terms where identified; Article 4 for uncovered expression
flan,niv2_fsopt_data__task818_pawsx_japanese_chinese_translation.parquet,2480,560505,112101.0,niv2_fsopt,,,,,,,,,,,,,flan_submixture,flan_collection_uncovered_expression,direct terms where identified; Article 4 for uncovered expression
flan,niv2_fsopt_data__task819_pec_sentiment_classification.parquet,760,144030,28806.0,niv2_fsopt,,,,,,,,,,,,,flan_submixture,flan_collection_uncovered_expression,direct terms where identified; Article 4 for uncovered expression
flan,niv2_fsopt_data__task820_protoqa_answer_generation.parquet,25000,2661377,532275.4,niv2_fsopt,,,,,,,,,,,,,flan_submixture,flan_collection_uncovered_expression,direct terms where identified; Article 4 for uncovered expression
flan,niv2_fsopt_data__task821_protoqa_question_generation.parquet,25000,3179027,635805.4,niv2_fsopt,,,,,,,,,,,,,flan_submixture,flan_collection_uncovered_expression,direct terms where identified; Article 4 for uncovered expression
flan,niv2_fsopt_data__task823_peixian-rtgender_sentiment_analysis.parquet,25000,6095123,1219024.6,niv2_fsopt,,,,,,,,,,,,,flan_submixture,flan_collection_uncovered_expression,direct terms where identified; Article 4 for uncovered expression
flan,niv2_fsopt_data__task827_copa_commonsense_reasoning.parquet,9955,1805295,361059.0,niv2_fsopt,,,,,,,,,,,,,flan_submixture,flan_collection_uncovered_expression,direct terms where identified; Article 4 for uncovered expression
flan,niv2_fsopt_data__task828_copa_commonsense_cause_effect.parquet,9960,1334990,266998.0,niv2_fsopt,,,,,,,,,,,,,flan_submixture,flan_collection_uncovered_expression,direct terms where identified; Article 4 for uncovered expression
flan,niv2_fsopt_data__task829_giga_fren_translation.parquet,9935,1329615,265923.0,niv2_fsopt,,,,,,,,,,,,,flan_submixture,flan_collection_uncovered_expression,direct terms where identified; Article 4 for uncovered expression
flan,niv2_fsopt_data__task830_poleval2019_mt_translation.parquet,9685,1115430,223086.0,niv2_fsopt,,,,,,,,,,,,,flan_submixture,flan_collection_uncovered_expression,direct terms where identified; Article 4 for uncovered expression
flan,niv2_fsopt_data__task831_giga_fren_classification.parquet,9890,1575085,315017.0,niv2_fsopt,,,,,,,,,,,,,flan_submixture,flan_collection_uncovered_expression,direct terms where identified; Article 4 for uncovered expression
flan,niv2_fsopt_data__task832_poleval2019_mt_classification.parquet,9775,1608225,321645.0,niv2_fsopt,,,,,,,,,,,,,flan_submixture,flan_collection_uncovered_expression,direct terms where identified; Article 4 for uncovered expression
flan,niv2_fsopt_data__task833_poem_sentiment_classification.parquet,2840,266710,53342.0,niv2_fsopt,,,,,,,,,,,,,flan_submixture,flan_collection_uncovered_expression,direct terms where identified; Article 4 for uncovered expression
flan,niv2_fsopt_data__task834_mathdataset_classification.parquet,25000,7563961,1512792.2,niv2_fsopt,,,,,,,,,,,,,flan_submixture,flan_collection_uncovered_expression,direct terms where identified; Article 4 for uncovered expression
flan,niv2_fsopt_data__task835_mathdataset_answer_generation.parquet,25000,7254386,1450877.2,niv2_fsopt,,,,,,,,,,,,,flan_submixture,flan_collection_uncovered_expression,direct terms where identified; Article 4 for uncovered expression
flan,niv2_fsopt_data__task836_viquiquad_question_generation.parquet,24745,18577090,3715418.0,niv2_fsopt,,,,,,,,,,,,,flan_submixture,flan_collection_uncovered_expression,direct terms where identified; Article 4 for uncovered expression
flan,niv2_fsopt_data__task837_viquiquad_answer_generation.parquet,24740,18358310,3671662.0,niv2_fsopt,,,,,,,,,,,,,flan_submixture,flan_collection_uncovered_expression,direct terms where identified; Article 4 for uncovered expression
flan,niv2_fsopt_data__task838_cdt_classification.parquet,16965,2752780,550556.0,niv2_fsopt,,,,,,,,,,,,,flan_submixture,flan_collection_uncovered_expression,direct terms where identified; Article 4 for uncovered expression
flan,niv2_fsopt_data__task839_cdt_classification.parquet,25000,4831461,966292.2,niv2_fsopt,,,,,,,,,,,,,flan_submixture,flan_collection_uncovered_expression,direct terms where identified; Article 4 for uncovered expression
flan,niv2_fsopt_data__task840_para_pdt_en_es_translation.parquet,25000,4316459,863291.8,niv2_fsopt,,,,,,,,,,,,,flan_submixture,flan_collection_uncovered_expression,direct terms where identified; Article 4 for uncovered expression
flan,niv2_fsopt_data__task841_para_pdt_de_en_translation.parquet,25000,3952009,790401.8,niv2_fsopt,,,,,,,,,,,,,flan_submixture,flan_collection_uncovered_expression,direct terms where identified; Article 4 for uncovered expression
flan,niv2_fsopt_data__task842_para_pdt_cs_en_translation.parquet,25000,23469507,4693901.4,niv2_fsopt,,,,,,,,,,,,,flan_submixture,flan_collection_uncovered_expression,direct terms where identified; Article 4 for uncovered expression
flan,niv2_fsopt_data__task843_financial_phrasebank_classification.parquet,18045,3117990,623598.0,niv2_fsopt,,,,,,,,,,,,,flan_submixture,flan_collection_uncovered_expression,direct terms where identified; Article 4 for uncovered expression
flan,niv2_fsopt_data__task844_financial_phrasebank_classification.parquet,25000,4787492,957498.4,niv2_fsopt,,,,,,,,,,,,,flan_submixture,flan_collection_uncovered_expression,direct terms where identified; Article 4 for uncovered expression
flan,niv2_fsopt_data__task845_pubmedqa_question_generation.parquet,25000,30976909,6195381.8,niv2_fsopt,,,,,,,,,,,,,flan_submixture,flan_collection_uncovered_expression,direct terms where identified; Article 4 for uncovered expression
flan,niv2_fsopt_data__task846_pubmedqa_classification.parquet,25000,7708242,1541648.4,niv2_fsopt,,,,,,,,,,,,,flan_submixture,flan_collection_uncovered_expression,direct terms where identified; Article 4 for uncovered expression
flan,niv2_fsopt_data__task847_pubmedqa_question_generation.parquet,25000,27223347,5444669.4,niv2_fsopt,,,,,,,,,,,,,flan_submixture,flan_collection_uncovered_expression,direct terms where identified; Article 4 for uncovered expression
flan,niv2_fsopt_data__task848_pubmedqa_classification.parquet,25000,24331634,4866326.8,niv2_fsopt,,,,,,,,,,,,,flan_submixture,flan_collection_uncovered_expression,direct terms where identified; Article 4 for uncovered expression
flan,niv2_fsopt_data__task849_pubmedqa_answer_generation.parquet,25000,28796596,5759319.2,niv2_fsopt,,,,,,,,,,,,,flan_submixture,flan_collection_uncovered_expression,direct terms where identified; Article 4 for uncovered expression
flan,niv2_fsopt_data__task850_synthetic_longest_palindrome.parquet,25000,3069161,613832.2,niv2_fsopt,,,,,,,,,,,,,flan_submixture,flan_collection_uncovered_expression,direct terms where identified; Article 4 for uncovered expression
flan,niv2_fsopt_data__task851_synthetic_multiply_evens.parquet,25000,12510940,2502188.0,niv2_fsopt,,,,,,,,,,,,,flan_submixture,flan_collection_uncovered_expression,direct terms where identified; Article 4 for uncovered expression
flan,niv2_fsopt_data__task852_synthetic_multiply_odds.parquet,25000,12775788,2555157.6,niv2_fsopt,,,,,,,,,,,,,flan_submixture,flan_collection_uncovered_expression,direct terms where identified; Article 4 for uncovered expression
flan,niv2_fsopt_data__task853_hippocorpus_long_text_generation.parquet,1040,1084895,216979.0,niv2_fsopt,,,,,,,,,,,,,flan_submixture,flan_collection_uncovered_expression,direct terms where identified; Article 4 for uncovered expression
flan,niv2_fsopt_data__task854_hippocorpus_classification.parquet,1200,1255740,251148.0,niv2_fsopt,,,,,,,,,,,,,flan_submixture,flan_collection_uncovered_expression,direct terms where identified; Article 4 for uncovered expression
flan,niv2_fsopt_data__task855_conv_ai_2_classification.parquet,1190,1044655,208931.0,niv2_fsopt,,,,,,,,,,,,,flan_submixture,flan_collection_uncovered_expression,direct terms where identified; Article 4 for uncovered expression
flan,niv2_fsopt_data__task856_conv_ai_2_classification.parquet,1180,303075,60615.0,niv2_fsopt,,,,,,,,,,,,,flan_submixture,flan_collection_uncovered_expression,direct terms where identified; Article 4 for uncovered expression
flan,niv2_fsopt_data__task857_inquisitive_question_generation.parquet,1605,311765,62353.0,niv2_fsopt,,,,,,,,,,,,,flan_submixture,flan_collection_uncovered_expression,direct terms where identified; Article 4 for uncovered expression
flan,niv2_fsopt_data__task858_inquisitive_span_detection.parquet,1620,330075,66015.0,niv2_fsopt,,,,,,,,,,,,,flan_submixture,flan_collection_uncovered_expression,direct terms where identified; Article 4 for uncovered expression
flan,niv2_fsopt_data__task859_prost_question_generation.parquet,940,136850,27370.0,niv2_fsopt,,,,,,,,,,,,,flan_submixture,flan_collection_uncovered_expression,direct terms where identified; Article 4 for uncovered expression
flan,niv2_fsopt_data__task860_prost_mcq_generation.parquet,2040,537260,107452.0,niv2_fsopt,,,,,,,,,,,,,flan_submixture,flan_collection_uncovered_expression,direct terms where identified; Article 4 for uncovered expression
flan,niv2_fsopt_data__task861_asdiv_addsub_question_answering.parquet,8460,1523320,304664.0,niv2_fsopt,,,,,,,,,,,,,flan_submixture,flan_collection_uncovered_expression,direct terms where identified; Article 4 for uncovered expression
flan,niv2_fsopt_data__task861_prost_mcq_answers_generation.parquet,970,289725,57945.0,niv2_fsopt,,,,,,,,,,,,,flan_submixture,flan_collection_uncovered_expression,direct terms where identified; Article 4 for uncovered expression
flan,niv2_fsopt_data__task862_asdiv_multidiv_question_answering.parquet,3780,716335,143267.0,niv2_fsopt,,,,,,,,,,,,,flan_submixture,flan_collection_uncovered_expression,direct terms where identified; Article 4 for uncovered expression
flan,niv2_fsopt_data__task863_asdiv_multiop_question_answering.parquet,2750,574200,114840.0,niv2_fsopt,,,,,,,,,,,,,flan_submixture,flan_collection_uncovered_expression,direct terms where identified; Article 4 for uncovered expression
flan,niv2_fsopt_data__task864_asdiv_singleop_question_answering.parquet,9380,1717755,343551.0,niv2_fsopt,,,,,,,,,,,,,flan_submixture,flan_collection_uncovered_expression,direct terms where identified; Article 4 for uncovered expression
flan,niv2_fsopt_data__task865_mawps_addsub_question_answering.parquet,11675,2278375,455675.0,niv2_fsopt,,,,,,,,,,,,,flan_submixture,flan_collection_uncovered_expression,direct terms where identified; Article 4 for uncovered expression
flan,niv2_fsopt_data__task866_mawps_multidiv_question_answering.parquet,5970,1031470,206294.0,niv2_fsopt,,,,,,,,,,,,,flan_submixture,flan_collection_uncovered_expression,direct terms where identified; Article 4 for uncovered expression
flan,niv2_fsopt_data__task867_mawps_multiop_question_answering.parquet,7795,1551610,310322.0,niv2_fsopt,,,,,,,,,,,,,flan_submixture,flan_collection_uncovered_expression,direct terms where identified; Article 4 for uncovered expression
flan,niv2_fsopt_data__task868_cfq_mcd1_explanation_to_sql.parquet,3980,3856530,771306.0,niv2_fsopt,,,,,,,,,,,,,flan_submixture,flan_collection_uncovered_expression,direct terms where identified; Article 4 for uncovered expression
flan,niv2_fsopt_data__task868_mawps_singleop_question_answering.parquet,9575,1746185,349237.0,niv2_fsopt,,,,,,,,,,,,,flan_submixture,flan_collection_uncovered_expression,direct terms where identified; Article 4 for uncovered expression
flan,niv2_fsopt_data__task869_cfq_mcd1_sql_to_explanation.parquet,1980,1729930,345986.0,niv2_fsopt,,,,,,,,,,,,,flan_submixture,flan_collection_uncovered_expression,direct terms where identified; Article 4 for uncovered expression
flan,niv2_fsopt_data__task872_opus_xhosanavy_translation_eng_xhosa.parquet,25000,5206626,1041325.2,niv2_fsopt,,,,,,,,,,,,,flan_submixture,flan_collection_uncovered_expression,direct terms where identified; Article 4 for uncovered expression
flan,niv2_fsopt_data__task873_opus_xhosanavy_translation_xhosa_eng.parquet,25000,5333958,1066791.6,niv2_fsopt,,,,,,,,,,,,,flan_submixture,flan_collection_uncovered_expression,direct terms where identified; Article 4 for uncovered expression
flan,niv2_fsopt_data__task874_opus_xhosanavy_sr.parquet,1110,149365,29873.0,niv2_fsopt,,,,,,,,,,,,,flan_submixture,flan_collection_uncovered_expression,direct terms where identified; Article 4 for uncovered expression
flan,niv2_fsopt_data__task875_emotion_classification.parquet,25000,3637682,727536.4,niv2_fsopt,,,,,,,,,,,,,flan_submixture,flan_collection_uncovered_expression,direct terms where identified; Article 4 for uncovered expression
flan,niv2_fsopt_data__task877_kde4_translation.parquet,15015,2612260,522452.0,niv2_fsopt,,,,,,,,,,,,,flan_submixture,flan_collection_uncovered_expression,direct terms where identified; Article 4 for uncovered expression
flan,niv2_fsopt_data__task878_kde4_translation.parquet,9315,1773765,354753.0,niv2_fsopt,,,,,,,,,,,,,flan_submixture,flan_collection_uncovered_expression,direct terms where identified; Article 4 for uncovered expression
flan,niv2_fsopt_data__task879_schema_guided_dstc8_classification.parquet,23030,2691055,538211.0,niv2_fsopt,,,,,,,,,,,,,flan_submixture,flan_collection_uncovered_expression,direct terms where identified; Article 4 for uncovered expression
flan,niv2_fsopt_data__task880_schema_guided_dstc8_classification.parquet,13405,2755180,551036.0,niv2_fsopt,,,,,,,,,,,,,flan_submixture,flan_collection_uncovered_expression,direct terms where identified; Article 4 for uncovered expression
flan,niv2_fsopt_data__task881_schema_guided_dstc8_classification.parquet,11580,1488840,297768.0,niv2_fsopt,,,,,,,,,,,,,flan_submixture,flan_collection_uncovered_expression,direct terms where identified; Article 4 for uncovered expression
flan,niv2_fsopt_data__task886_quail_question_generation.parquet,5000,5586625,1117325.0,niv2_fsopt,,,,,,,,,,,,,flan_submixture,flan_collection_uncovered_expression,direct terms where identified; Article 4 for uncovered expression
flan,niv2_fsopt_data__task887_quail_answer_generation.parquet,5000,5681640,1136328.0,niv2_fsopt,,,,,,,,,,,,,flan_submixture,flan_collection_uncovered_expression,direct terms where identified; Article 4 for uncovered expression
flan,niv2_fsopt_data__task890_gcwd_classification.parquet,1980,411110,82222.0,niv2_fsopt,,,,,,,,,,,,,flan_submixture,flan_collection_uncovered_expression,direct terms where identified; Article 4 for uncovered expression
flan,niv2_fsopt_data__task891_gap_coreference_resolution.parquet,1970,624565,124913.0,niv2_fsopt,,,,,,,,,,,,,flan_submixture,flan_collection_uncovered_expression,direct terms where identified; Article 4 for uncovered expression
flan,niv2_fsopt_data__task892_gap_reverse_coreference_resolution.parquet,1925,679455,135891.0,niv2_fsopt,,,,,,,,,,,,,flan_submixture,flan_collection_uncovered_expression,direct terms where identified; Article 4 for uncovered expression
flan,niv2_fsopt_data__task893_gap_fill_the_blank_coreference_resolution.parquet,1000,356280,71256.0,niv2_fsopt,,,,,,,,,,,,,flan_submixture,flan_collection_uncovered_expression,direct terms where identified; Article 4 for uncovered expression
flan,niv2_fsopt_data__task896_miam_language_classification.parquet,25000,2804154,560830.8,niv2_fsopt,,,,,,,,,,,,,flan_submixture,flan_collection_uncovered_expression,direct terms where identified; Article 4 for uncovered expression
flan,niv2_fsopt_data__task897_freebase_qa_topic_question_generation.parquet,25000,3316440,663288.0,niv2_fsopt,,,,,,,,,,,,,flan_submixture,flan_collection_uncovered_expression,direct terms where identified; Article 4 for uncovered expression
flan,niv2_fsopt_data__task898_freebase_qa_answer_generation.parquet,25000,3140239,628047.8,niv2_fsopt,,,,,,,,,,,,,flan_submixture,flan_collection_uncovered_expression,direct terms where identified; Article 4 for uncovered expression
flan,niv2_fsopt_data__task899_freebase_qa_topic_generation.parquet,25000,2947057,589411.4,niv2_fsopt,,,,,,,,,,,,,flan_submixture,flan_collection_uncovered_expression,direct terms where identified; Article 4 for uncovered expression
flan,niv2_fsopt_data__task900_freebase_qa_category_classification.parquet,25000,9129580,1825916.0,niv2_fsopt,,,,,,,,,,,,,flan_submixture,flan_collection_uncovered_expression,direct terms where identified; Article 4 for uncovered expression
flan,niv2_fsopt_data__task901_freebase_qa_category_question_generation.parquet,690,93165,18633.0,niv2_fsopt,,,,,,,,,,,,,flan_submixture,flan_collection_uncovered_expression,direct terms where identified; Article 4 for uncovered expression
flan,niv2_fsopt_data__task910_bianet_classification.parquet,2000,676600,135320.0,niv2_fsopt,,,,,,,,,,,,,flan_submixture,flan_collection_uncovered_expression,direct terms where identified; Article 4 for uncovered expression
flan,niv2_fsopt_data__task911_bianet_translation.parquet,2000,680635,136127.0,niv2_fsopt,,,,,,,,,,,,,flan_submixture,flan_collection_uncovered_expression,direct terms where identified; Article 4 for uncovered expression
flan,niv2_fsopt_data__task912_bianet_classification.parquet,1990,409330,81866.0,niv2_fsopt,,,,,,,,,,,,,flan_submixture,flan_collection_uncovered_expression,direct terms where identified; Article 4 for uncovered expression
flan,niv2_fsopt_data__task913_bianet_translation.parquet,1910,501215,100243.0,niv2_fsopt,,,,,,,,,,,,,flan_submixture,flan_collection_uncovered_expression,direct terms where identified; Article 4 for uncovered expression
flan,niv2_fsopt_data__task914_bianet_translation.parquet,1985,683295,136659.0,niv2_fsopt,,,,,,,,,,,,,flan_submixture,flan_collection_uncovered_expression,direct terms where identified; Article 4 for uncovered expression
flan,niv2_fsopt_data__task919_coqa_incorrect_answer_generation.parquet,1180,1166595,233319.0,niv2_fsopt,,,,,,,,,,,,,flan_submixture,flan_collection_uncovered_expression,direct terms where identified; Article 4 for uncovered expression
flan,niv2_fsopt_data__task921_code_x_glue_information_retreival.parquet,3725,2399945,479989.0,niv2_fsopt,,,,,,,,,,,,,flan_submixture,flan_collection_uncovered_expression,direct terms where identified; Article 4 for uncovered expression
flan,niv2_fsopt_data__task922_event2mind_word_generation.parquet,4350,731885,146377.0,niv2_fsopt,,,,,,,,,,,,,flan_submixture,flan_collection_uncovered_expression,direct terms where identified; Article 4 for uncovered expression
flan,niv2_fsopt_data__task923_event2mind_classifier.parquet,25000,3771262,754252.4,niv2_fsopt,,,,,,,,,,,,,flan_submixture,flan_collection_uncovered_expression,direct terms where identified; Article 4 for uncovered expression
flan,niv2_fsopt_data__task924_event2mind_word_generation.parquet,25000,4980554,996110.8,niv2_fsopt,,,,,,,,,,,,,flan_submixture,flan_collection_uncovered_expression,direct terms where identified; Article 4 for uncovered expression
flan,niv2_fsopt_data__task925_coached_conv_pref_classifier.parquet,4980,2357540,471508.0,niv2_fsopt,,,,,,,,,,,,,flan_submixture,flan_collection_uncovered_expression,direct terms where identified; Article 4 for uncovered expression
flan,niv2_fsopt_data__task926_coached_conv_pref_word_generation.parquet,4960,1504155,300831.0,niv2_fsopt,,,,,,,,,,,,,flan_submixture,flan_collection_uncovered_expression,direct terms where identified; Article 4 for uncovered expression
flan,niv2_fsopt_data__task930_dailydialog_classification.parquet,1995,780560,156112.0,niv2_fsopt,,,,,,,,,,,,,flan_submixture,flan_collection_uncovered_expression,direct terms where identified; Article 4 for uncovered expression
flan,niv2_fsopt_data__task931_dailydialog_classification.parquet,2000,638305,127661.0,niv2_fsopt,,,,,,,,,,,,,flan_submixture,flan_collection_uncovered_expression,direct terms where identified; Article 4 for uncovered expression
flan,niv2_fsopt_data__task932_dailydialog_classification.parquet,2000,521415,104283.0,niv2_fsopt,,,,,,,,,,,,,flan_submixture,flan_collection_uncovered_expression,direct terms where identified; Article 4 for uncovered expression
flan,niv2_fsopt_data__task933_wiki_auto_style_transfer.parquet,17620,4544375,908875.0,niv2_fsopt,,,,,,,,,,,,,flan_submixture,flan_collection_uncovered_expression,direct terms where identified; Article 4 for uncovered expression
flan,niv2_fsopt_data__task934_turk_simplification.parquet,23555,4810910,962182.0,niv2_fsopt,,,,,,,,,,,,,flan_submixture,flan_collection_uncovered_expression,direct terms where identified; Article 4 for uncovered expression
flan,niv2_fsopt_data__task935_defeasible_nli_atomic_classification.parquet,25000,6867619,1373523.8,niv2_fsopt,,,,,,,,,,,,,flan_submixture,flan_collection_uncovered_expression,direct terms where identified; Article 4 for uncovered expression
flan,niv2_fsopt_data__task936_defeasible_nli_snli_classification.parquet,25000,7649318,1529863.6,niv2_fsopt,,,,,,,,,,,,,flan_submixture,flan_collection_uncovered_expression,direct terms where identified; Article 4 for uncovered expression
flan,niv2_fsopt_data__task937_defeasible_nli_social_classification.parquet,25000,5645473,1129094.6,niv2_fsopt,,,,,,,,,,,,,flan_submixture,flan_collection_uncovered_expression,direct terms where identified; Article 4 for uncovered expression
flan,niv2_fsopt_data__task938_copa_hi_commonsense_reasoning.parquet,3580,790100,158020.0,niv2_fsopt,,,,,,,,,,,,,flan_submixture,flan_collection_uncovered_expression,direct terms where identified; Article 4 for uncovered expression
flan,niv2_fsopt_data__task939_copa_hi_commonsense_cause_effect.parquet,3575,534390,106878.0,niv2_fsopt,,,,,,,,,,,,,flan_submixture,flan_collection_uncovered_expression,direct terms where identified; Article 4 for uncovered expression
flan,niv2_fsopt_data__task940_copa_gu_commonsense_reasoning.parquet,3575,924595,184919.0,niv2_fsopt,,,,,,,,,,,,,flan_submixture,flan_collection_uncovered_expression,direct terms where identified; Article 4 for uncovered expression
flan,niv2_fsopt_data__task941_copa_gu_commonsense_cause_effect.parquet,3580,598910,119782.0,niv2_fsopt,,,,,,,,,,,,,flan_submixture,flan_collection_uncovered_expression,direct terms where identified; Article 4 for uncovered expression
flan,niv2_fsopt_data__task942_copa_mr_commonsense_reasoning.parquet,3565,785115,157023.0,niv2_fsopt,,,,,,,,,,,,,flan_submixture,flan_collection_uncovered_expression,direct terms where identified; Article 4 for uncovered expression
flan,niv2_fsopt_data__task943_copa_mr_commonsense_cause_effect.parquet,3575,529445,105889.0,niv2_fsopt,,,,,,,,,,,,,flan_submixture,flan_collection_uncovered_expression,direct terms where identified; Article 4 for uncovered expression
flan,niv2_fsopt_data__task944_wiki_cloze_as_multiple_choice_question_answering.parquet,25000,15640031,3128006.2,niv2_fsopt,,,,,,,,,,,,,flan_submixture,flan_collection_uncovered_expression,direct terms where identified; Article 4 for uncovered expression
flan,niv2_fsopt_data__task945_wiki_cloze_bn_multiple_choice_question_answering.parquet,25000,11417191,2283438.2,niv2_fsopt,,,,,,,,,,,,,flan_submixture,flan_collection_uncovered_expression,direct terms where identified; Article 4 for uncovered expression
flan,niv2_fsopt_data__task946_wiki_cloze_gu_multiple_choice_question_answering.parquet,25000,15160940,3032188.0,niv2_fsopt,,,,,,,,,,,,,flan_submixture,flan_collection_uncovered_expression,direct terms where identified; Article 4 for uncovered expression
flan,niv2_fsopt_data__task947_wiki_cloze_hi_multiple_choice_question_answering.parquet,25000,10902252,2180450.4,niv2_fsopt,,,,,,,,,,,,,flan_submixture,flan_collection_uncovered_expression,direct terms where identified; Article 4 for uncovered expression
flan,niv2_fsopt_data__task948_wiki_cloze_kn_multiple_choice_question_answering.parquet,25000,16606913,3321382.6,niv2_fsopt,,,,,,,,,,,,,flan_submixture,flan_collection_uncovered_expression,direct terms where identified; Article 4 for uncovered expression
flan,niv2_fsopt_data__task949_wiki_cloze_ml_multiple_choice_question_answering.parquet,25000,16704894,3340978.8,niv2_fsopt,,,,,,,,,,,,,flan_submixture,flan_collection_uncovered_expression,direct terms where identified; Article 4 for uncovered expression
flan,niv2_fsopt_data__task950_wiki_cloze_mr_multiple_choice_question_answering.parquet,25000,11305988,2261197.6,niv2_fsopt,,,,,,,,,,,,,flan_submixture,flan_collection_uncovered_expression,direct terms where identified; Article 4 for uncovered expression
flan,niv2_fsopt_data__task951_wiki_cloze_or_multiple_choice_question_answering.parquet,19710,19727455,3945491.0,niv2_fsopt,,,,,,,,,,,,,flan_submixture,flan_collection_uncovered_expression,direct terms where identified; Article 4 for uncovered expression
flan,niv2_fsopt_data__task952_wiki_cloze_pa_multiple_choice_question_answering.parquet,25000,15693243,3138648.6,niv2_fsopt,,,,,,,,,,,,,flan_submixture,flan_collection_uncovered_expression,direct terms where identified; Article 4 for uncovered expression
flan,niv2_fsopt_data__task953_wiki_cloze_ta_multiple_choice_question_answering.parquet,25000,14609162,2921832.4,niv2_fsopt,,,,,,,,,,,,,flan_submixture,flan_collection_uncovered_expression,direct terms where identified; Article 4 for uncovered expression
flan,niv2_fsopt_data__task954_wiki_cloze_te_multiple_choice_question_answering.parquet,25000,16386158,3277231.6,niv2_fsopt,,,,,,,,,,,,,flan_submixture,flan_collection_uncovered_expression,direct terms where identified; Article 4 for uncovered expression
flan,niv2_fsopt_data__task955_wiki_auto_style_transfer.parquet,17610,4292945,858589.0,niv2_fsopt,,,,,,,,,,,,,flan_submixture,flan_collection_uncovered_expression,direct terms where identified; Article 4 for uncovered expression
flan,niv2_fsopt_data__task956_leetcode_420_strong_password_check.parquet,25000,5219889,1043977.8,niv2_fsopt,,,,,,,,,,,,,flan_submixture,flan_collection_uncovered_expression,direct terms where identified; Article 4 for uncovered expression
flan,niv2_fsopt_data__task957_e2e_nlg_text_generation_generate.parquet,21595,4758560,951712.0,niv2_fsopt,,,,,,,,,,,,,flan_submixture,flan_collection_uncovered_expression,direct terms where identified; Article 4 for uncovered expression
flan,niv2_fsopt_data__task958_e2e_nlg_text_generation_parse.parquet,21620,7561535,1512307.0,niv2_fsopt,,,,,,,,,,,,,flan_submixture,flan_collection_uncovered_expression,direct terms where identified; Article 4 for uncovered expression
flan,niv2_fsopt_data__task959_e2e_nlg_text_generation_identify.parquet,1020,205185,41037.0,niv2_fsopt,,,,,,,,,,,,,flan_submixture,flan_collection_uncovered_expression,direct terms where identified; Article 4 for uncovered expression
flan,niv2_fsopt_data__task960_ancora-ca-ner_named_entity_recognition.parquet,1460,1252815,250563.0,niv2_fsopt,,,,,,,,,,,,,flan_submixture,flan_collection_uncovered_expression,direct terms where identified; Article 4 for uncovered expression
flan,niv2_fsopt_data__task961_ancora-ca-ner_text_auto_completion.parquet,1480,359485,71897.0,niv2_fsopt,,,,,,,,,,,,,flan_submixture,flan_collection_uncovered_expression,direct terms where identified; Article 4 for uncovered expression
flan,niv2_fsopt_data__task962_ancora-ca-ner_missing_word_prediction.parquet,1500,331380,66276.0,niv2_fsopt,,,,,,,,,,,,,flan_submixture,flan_collection_uncovered_expression,direct terms where identified; Article 4 for uncovered expression
flan,niv2_fsopt_data__task963_librispeech_asr_next_word_prediction.parquet,1500,171960,34392.0,niv2_fsopt,,,,,,,,,,,,,flan_submixture,flan_collection_uncovered_expression,direct terms where identified; Article 4 for uncovered expression
flan,niv2_fsopt_data__task964_librispeech_asr_text_auto_completion.parquet,1500,346475,69295.0,niv2_fsopt,,,,,,,,,,,,,flan_submixture,flan_collection_uncovered_expression,direct terms where identified; Article 4 for uncovered expression
flan,niv2_fsopt_data__task965_librispeech_asr_missing_word_prediction.parquet,1500,284325,56865.0,niv2_fsopt,,,,,,,,,,,,,flan_submixture,flan_collection_uncovered_expression,direct terms where identified; Article 4 for uncovered expression
flan,niv2_fsopt_data__task966_ruletaker_fact_checking_based_on_given_context.parquet,3000,1143295,228659.0,niv2_fsopt,,,,,,,,,,,,,flan_submixture,flan_collection_uncovered_expression,direct terms where identified; Article 4 for uncovered expression
flan,niv2_fsopt_data__task967_ruletaker_incorrect_fact_generation_based_on_given_paragraph.parquet,2960,904665,180933.0,niv2_fsopt,,,,,,,,,,,,,flan_submixture,flan_collection_uncovered_expression,direct terms where identified; Article 4 for uncovered expression
flan,niv2_fsopt_data__task968_xcopa_commonsense_reasoning_et.parquet,5970,1227360,245472.0,niv2_fsopt,,,,,,,,,,,,,flan_submixture,flan_collection_uncovered_expression,direct terms where identified; Article 4 for uncovered expression
flan,niv2_fsopt_data__task969_xcopa_commonsense_cause_effect_et.parquet,5965,886260,177252.0,niv2_fsopt,,,,,,,,,,,,,flan_submixture,flan_collection_uncovered_expression,direct terms where identified; Article 4 for uncovered expression
flan,niv2_fsopt_data__task970_sherliic_causal_relationship.parquet,23565,3657860,731572.0,niv2_fsopt,,,,,,,,,,,,,flan_submixture,flan_collection_uncovered_expression,direct terms where identified; Article 4 for uncovered expression
flan,niv2_fsopt_data__task976_pib_indian_language_identification.parquet,14660,5262135,1052427.0,niv2_fsopt,,,,,,,,,,,,,flan_submixture,flan_collection_uncovered_expression,direct terms where identified; Article 4 for uncovered expression
flan,niv2_fsopt_data__task977_pib_translation_oriya_urdu.parquet,7370,4466480,893296.0,niv2_fsopt,,,,,,,,,,,,,flan_submixture,flan_collection_uncovered_expression,direct terms where identified; Article 4 for uncovered expression
flan,niv2_fsopt_data__task978_pib_translation_urdu_oriya.parquet,7370,4726975,945395.0,niv2_fsopt,,,,,,,,,,,,,flan_submixture,flan_collection_uncovered_expression,direct terms where identified; Article 4 for uncovered expression
flan,niv2_fsopt_data__task979_pib_translation_malayalam_oriya.parquet,3720,1332220,266444.0,niv2_fsopt,,,,,,,,,,,,,flan_submixture,flan_collection_uncovered_expression,direct terms where identified; Article 4 for uncovered expression
flan,niv2_fsopt_data__task980_pib_translation_oriya_malayalam.parquet,3720,1291895,258379.0,niv2_fsopt,,,,,,,,,,,,,flan_submixture,flan_collection_uncovered_expression,direct terms where identified; Article 4 for uncovered expression
flan,niv2_fsopt_data__task981_pib_translation_bengali_tamil.parquet,14955,3350980,670196.0,niv2_fsopt,,,,,,,,,,,,,flan_submixture,flan_collection_uncovered_expression,direct terms where identified; Article 4 for uncovered expression
flan,niv2_fsopt_data__task982_pib_translation_tamil_bengali.parquet,14960,3519450,703890.0,niv2_fsopt,,,,,,,,,,,,,flan_submixture,flan_collection_uncovered_expression,direct terms where identified; Article 4 for uncovered expression
flan,niv2_fsopt_data__task983_pib_translation_gujarati_marathi.parquet,14960,3656590,731318.0,niv2_fsopt,,,,,,,,,,,,,flan_submixture,flan_collection_uncovered_expression,direct terms where identified; Article 4 for uncovered expression
flan,niv2_fsopt_data__task984_pib_translation_marathi_gujarati.parquet,14955,3404220,680844.0,niv2_fsopt,,,,,,,,,,,,,flan_submixture,flan_collection_uncovered_expression,direct terms where identified; Article 4 for uncovered expression
flan,niv2_fsopt_data__task985_pib_translation_hindi_oriya.parquet,14955,7139390,1427878.0,niv2_fsopt,,,,,,,,,,,,,flan_submixture,flan_collection_uncovered_expression,direct terms where identified; Article 4 for uncovered expression
flan,niv2_fsopt_data__task986_pib_translation_oriya_hindi.parquet,14960,6825685,1365137.0,niv2_fsopt,,,,,,,,,,,,,flan_submixture,flan_collection_uncovered_expression,direct terms where identified; Article 4 for uncovered expression
flan,niv2_fsopt_data__task987_pib_translation_english_oriya.parquet,14960,7658985,1531797.0,niv2_fsopt,,,,,,,,,,,,,flan_submixture,flan_collection_uncovered_expression,direct terms where identified; Article 4 for uncovered expression
flan,niv2_fsopt_data__task988_pib_translation_oriya_english.parquet,14945,8006850,1601370.0,niv2_fsopt,,,,,,,,,,,,,flan_submixture,flan_collection_uncovered_expression,direct terms where identified; Article 4 for uncovered expression
flan,niv2_fsopt_data__task989_pib_translation_marathi_urdu.parquet,14960,3580230,716046.0,niv2_fsopt,,,,,,,,,,,,,flan_submixture,flan_collection_uncovered_expression,direct terms where identified; Article 4 for uncovered expression
flan,niv2_fsopt_data__task990_pib_translation_urdu_marathi.parquet,14955,3696630,739326.0,niv2_fsopt,,,,,,,,,,,,,flan_submixture,flan_collection_uncovered_expression,direct terms where identified; Article 4 for uncovered expression
flan,niv2_fsopt_data__task991_pib_translation_english_tamil.parquet,14955,3161115,632223.0,niv2_fsopt,,,,,,,,,,,,,flan_submixture,flan_collection_uncovered_expression,direct terms where identified; Article 4 for uncovered expression
flan,niv2_fsopt_data__task992_pib_translation_tamil_english.parquet,14945,3006905,601381.0,niv2_fsopt,,,,,,,,,,,,,flan_submixture,flan_collection_uncovered_expression,direct terms where identified; Article 4 for uncovered expression
flan,niv2_fsopt_data__task993_pib_translation_hindi_tamil.parquet,14955,3450860,690172.0,niv2_fsopt,,,,,,,,,,,,,flan_submixture,flan_collection_uncovered_expression,direct terms where identified; Article 4 for uncovered expression
flan,niv2_fsopt_data__task994_pib_translation_tamil_hindi.parquet,14955,3333210,666642.0,niv2_fsopt,,,,,,,,,,,,,flan_submixture,flan_collection_uncovered_expression,direct terms where identified; Article 4 for uncovered expression
flan,niv2_fsopt_data__task995_pib_translation_bengali_english.parquet,14950,3394090,678818.0,niv2_fsopt,,,,,,,,,,,,,flan_submixture,flan_collection_uncovered_expression,direct terms where identified; Article 4 for uncovered expression
flan,niv2_fsopt_data__task996_pib_translation_english_bengali.parquet,14950,4005975,801195.0,niv2_fsopt,,,,,,,,,,,,,flan_submixture,flan_collection_uncovered_expression,direct terms where identified; Article 4 for uncovered expression
flan,niv2_fsopt_data__task997_pib_translation_bengali_oriya.parquet,4860,1797785,359557.0,niv2_fsopt,,,,,,,,,,,,,flan_submixture,flan_collection_uncovered_expression,direct terms where identified; Article 4 for uncovered expression
flan,niv2_fsopt_data__task998_pib_translation_oriya_bengali.parquet,4855,2122060,424412.0,niv2_fsopt,,,,,,,,,,,,,flan_submixture,flan_collection_uncovered_expression,direct terms where identified; Article 4 for uncovered expression
flan,niv2_fsopt_data__task999_pib_translation_malayalam_tamil.parquet,14960,3867290,773458.0,niv2_fsopt,,,,,,,,,,,,,flan_submixture,flan_collection_uncovered_expression,direct terms where identified; Article 4 for uncovered expression
flan,niv2_zsopt_data__task001_quoref_question_generation.parquet,21125,13067190,2613438.0,niv2_zsopt,,,,,,,,,,,,,flan_submixture,flan_collection_uncovered_expression,direct terms where identified; Article 4 for uncovered expression
flan,niv2_zsopt_data__task002_quoref_answer_generation.parquet,25000,13665658,2733131.6,niv2_zsopt,,,,,,,,,,,,,flan_submixture,flan_collection_uncovered_expression,direct terms where identified; Article 4 for uncovered expression
flan,niv2_zsopt_data__task003_mctaco_question_generation_event_duration.parquet,2145,362380,72476.0,niv2_zsopt,,,,,,,,,,,,,flan_submixture,flan_collection_uncovered_expression,direct terms where identified; Article 4 for uncovered expression
flan,niv2_zsopt_data__task004_mctaco_answer_generation_event_duration.parquet,1695,292775,58555.0,niv2_zsopt,,,,,,,,,,,,,flan_submixture,flan_collection_uncovered_expression,direct terms where identified; Article 4 for uncovered expression
flan,niv2_zsopt_data__task005_mctaco_wrong_answer_generation_event_duration.parquet,2150,358455,71691.0,niv2_zsopt,,,,,,,,,,,,,flan_submixture,flan_collection_uncovered_expression,direct terms where identified; Article 4 for uncovered expression
flan,niv2_zsopt_data__task006_mctaco_question_generation_transient_stationary.parquet,935,201230,40246.0,niv2_zsopt,,,,,,,,,,,,,flan_submixture,flan_collection_uncovered_expression,direct terms where identified; Article 4 for uncovered expression
flan,niv2_zsopt_data__task007_mctaco_answer_generation_transient_stationary.parquet,1220,240480,48096.0,niv2_zsopt,,,,,,,,,,,,,flan_submixture,flan_collection_uncovered_expression,direct terms where identified; Article 4 for uncovered expression
flan,niv2_zsopt_data__task008_mctaco_wrong_answer_generation_transient_stationary.parquet,880,177450,35490.0,niv2_zsopt,,,,,,,,,,,,,flan_submixture,flan_collection_uncovered_expression,direct terms where identified; Article 4 for uncovered expression
flan,niv2_zsopt_data__task009_mctaco_question_generation_event_ordering.parquet,1740,291145,58229.0,niv2_zsopt,,,,,,,,,,,,,flan_submixture,flan_collection_uncovered_expression,direct terms where identified; Article 4 for uncovered expression
flan,niv2_zsopt_data__task010_mctaco_answer_generation_event_ordering.parquet,1655,262175,52435.0,niv2_zsopt,,,,,,,,,,,,,flan_submixture,flan_collection_uncovered_expression,direct terms where identified; Article 4 for uncovered expression
flan,niv2_zsopt_data__task011_mctaco_wrong_answer_generation_event_ordering.parquet,1565,272080,54416.0,niv2_zsopt,,,,,,,,,,,,,flan_submixture,flan_collection_uncovered_expression,direct terms where identified; Article 4 for uncovered expression
flan,niv2_zsopt_data__task012_mctaco_question_generation_absolute_timepoint.parquet,1755,301980,60396.0,niv2_zsopt,,,,,,,,,,,,,flan_submixture,flan_collection_uncovered_expression,direct terms where identified; Article 4 for uncovered expression
flan,niv2_zsopt_data__task013_mctaco_answer_generation_absolute_timepoint.parquet,1550,245230,49046.0,niv2_zsopt,,,,,,,,,,,,,flan_submixture,flan_collection_uncovered_expression,direct terms where identified; Article 4 for uncovered expression
flan,niv2_zsopt_data__task014_mctaco_wrong_answer_generation_absolute_timepoint.parquet,1565,289285,57857.0,niv2_zsopt,,,,,,,,,,,,,flan_submixture,flan_collection_uncovered_expression,direct terms where identified; Article 4 for uncovered expression
flan,niv2_zsopt_data__task015_mctaco_question_generation_frequency.parquet,2115,376610,75322.0,niv2_zsopt,,,,,,,,,,,,,flan_submixture,flan_collection_uncovered_expression,direct terms where identified; Article 4 for uncovered expression
flan,niv2_zsopt_data__task016_mctaco_answer_generation_frequency.parquet,1605,287635,57527.0,niv2_zsopt,,,,,,,,,,,,,flan_submixture,flan_collection_uncovered_expression,direct terms where identified; Article 4 for uncovered expression
flan,niv2_zsopt_data__task017_mctaco_wrong_answer_generation_frequency.parquet,2090,362540,72508.0,niv2_zsopt,,,,,,,,,,,,,flan_submixture,flan_collection_uncovered_expression,direct terms where identified; Article 4 for uncovered expression
flan,niv2_zsopt_data__task018_mctaco_temporal_reasoning_presence.parquet,3225,1081025,216205.0,niv2_zsopt,,,,,,,,,,,,,flan_submixture,flan_collection_uncovered_expression,direct terms where identified; Article 4 for uncovered expression
flan,niv2_zsopt_data__task019_mctaco_temporal_reasoning_category.parquet,2045,678805,135761.0,niv2_zsopt,,,,,,,,,,,,,flan_submixture,flan_collection_uncovered_expression,direct terms where identified; Article 4 for uncovered expression
flan,niv2_zsopt_data__task020_mctaco_span_based_question.parquet,1905,237005,47401.0,niv2_zsopt,,,,,,,,,,,,,flan_submixture,flan_collection_uncovered_expression,direct terms where identified; Article 4 for uncovered expression
flan,niv2_zsopt_data__task021_mctaco_grammatical_logical.parquet,1245,159640,31928.0,niv2_zsopt,,,,,,,,,,,,,flan_submixture,flan_collection_uncovered_expression,direct terms where identified; Article 4 for uncovered expression
flan,niv2_zsopt_data__task022_cosmosqa_passage_inappropriate_binary.parquet,645,97365,19473.0,niv2_zsopt,,,,,,,,,,,,,flan_submixture,flan_collection_uncovered_expression,direct terms where identified; Article 4 for uncovered expression
flan,niv2_zsopt_data__task023_cosmosqa_question_generation.parquet,25000,8165778,1633155.6,niv2_zsopt,,,,,,,,,,,,,flan_submixture,flan_collection_uncovered_expression,direct terms where identified; Article 4 for uncovered expression
flan,niv2_zsopt_data__task024_cosmosqa_answer_generation.parquet,25000,5628047,1125609.4,niv2_zsopt,,,,,,,,,,,,,flan_submixture,flan_collection_uncovered_expression,direct terms where identified; Article 4 for uncovered expression
flan,niv2_zsopt_data__task025_cosmosqa_incorrect_answer_generation.parquet,25000,6530751,1306150.2,niv2_zsopt,,,,,,,,,,,,,flan_submixture,flan_collection_uncovered_expression,direct terms where identified; Article 4 for uncovered expression
flan,niv2_zsopt_data__task029_winogrande_full_object.parquet,22500,18673085,3734617.0,niv2_zsopt,,,,,,,,,,,,,flan_submixture,flan_collection_uncovered_expression,direct terms where identified; Article 4 for uncovered expression
flan,niv2_zsopt_data__task030_winogrande_full_person.parquet,25000,9702611,1940522.2,niv2_zsopt,,,,,,,,,,,,,flan_submixture,flan_collection_uncovered_expression,direct terms where identified; Article 4 for uncovered expression
flan,niv2_zsopt_data__task031_winogrande_question_generation_object.parquet,22500,16761550,3352310.0,niv2_zsopt,,,,,,,,,,,,,flan_submixture,flan_collection_uncovered_expression,direct terms where identified; Article 4 for uncovered expression
flan,niv2_zsopt_data__task032_winogrande_question_generation_person.parquet,25000,6506493,1301298.6,niv2_zsopt,,,,,,,,,,,,,flan_submixture,flan_collection_uncovered_expression,direct terms where identified; Article 4 for uncovered expression
flan,niv2_zsopt_data__task033_winogrande_answer_generation.parquet,25000,2862079,572415.8,niv2_zsopt,,,,,,,,,,,,,flan_submixture,flan_collection_uncovered_expression,direct terms where identified; Article 4 for uncovered expression
flan,niv2_zsopt_data__task034_winogrande_question_modification_object.parquet,25000,20791766,4158353.2,niv2_zsopt,,,,,,,,,,,,,flan_submixture,flan_collection_uncovered_expression,direct terms where identified; Article 4 for uncovered expression
flan,niv2_zsopt_data__task035_winogrande_question_modification_person.parquet,25000,10258488,2051697.6,niv2_zsopt,,,,,,,,,,,,,flan_submixture,flan_collection_uncovered_expression,direct terms where identified; Article 4 for uncovered expression
flan,niv2_zsopt_data__task036_qasc_topic_word_to_generate_related_fact.parquet,4610,499130,99826.0,niv2_zsopt,,,,,,,,,,,,,flan_submixture,flan_collection_uncovered_expression,direct terms where identified; Article 4 for uncovered expression
flan,niv2_zsopt_data__task037_qasc_generate_related_fact.parquet,25000,5695897,1139179.4,niv2_zsopt,,,,,,,,,,,,,flan_submixture,flan_collection_uncovered_expression,direct terms where identified; Article 4 for uncovered expression
flan,niv2_zsopt_data__task038_qasc_combined_fact.parquet,25000,5212319,1042463.8,niv2_zsopt,,,,,,,,,,,,,flan_submixture,flan_collection_uncovered_expression,direct terms where identified; Article 4 for uncovered expression
flan,niv2_zsopt_data__task039_qasc_find_overlapping_words.parquet,25000,3047653,609530.6,niv2_zsopt,,,,,,,,,,,,,flan_submixture,flan_collection_uncovered_expression,direct terms where identified; Article 4 for uncovered expression
flan,niv2_zsopt_data__task040_qasc_question_generation.parquet,25000,4696796,939359.2,niv2_zsopt,,,,,,,,,,,,,flan_submixture,flan_collection_uncovered_expression,direct terms where identified; Article 4 for uncovered expression
flan,niv2_zsopt_data__task041_qasc_answer_generation.parquet,25000,3395803,679160.6,niv2_zsopt,,,,,,,,,,,,,flan_submixture,flan_collection_uncovered_expression,direct terms where identified; Article 4 for uncovered expression
flan,niv2_zsopt_data__task042_qasc_incorrect_option_generation.parquet,25000,6168996,1233799.2,niv2_zsopt,,,,,,,,,,,,,flan_submixture,flan_collection_uncovered_expression,direct terms where identified; Article 4 for uncovered expression
flan,niv2_zsopt_data__task043_essential_terms_answering_incomplete_questions.parquet,8520,1993990,398798.0,niv2_zsopt,,,,,,,,,,,,,flan_submixture,flan_collection_uncovered_expression,direct terms where identified; Article 4 for uncovered expression
flan,niv2_zsopt_data__task044_essential_terms_identifying_essential_words.parquet,11170,2740580,548116.0,niv2_zsopt,,,,,,,,,,,,,flan_submixture,flan_collection_uncovered_expression,direct terms where identified; Article 4 for uncovered expression
flan,niv2_zsopt_data__task045_miscellaneous_sentence_paraphrasing.parquet,955,196770,39354.0,niv2_zsopt,,,,,,,,,,,,,flan_submixture,flan_collection_uncovered_expression,direct terms where identified; Article 4 for uncovered expression
flan,niv2_zsopt_data__task046_miscellaneous_question_typing.parquet,25000,15493745,3098749.0,niv2_zsopt,,,,,,,,,,,,,flan_submixture,flan_collection_uncovered_expression,direct terms where identified; Article 4 for uncovered expression
flan,niv2_zsopt_data__task047_miscellaneous_answering_science_questions.parquet,1255,252465,50493.0,niv2_zsopt,,,,,,,,,,,,,flan_submixture,flan_collection_uncovered_expression,direct terms where identified; Article 4 for uncovered expression
flan,niv2_zsopt_data__task048_multirc_question_generation.parquet,3270,1841785,368357.0,niv2_zsopt,,,,,,,,,,,,,flan_submixture,flan_collection_uncovered_expression,direct terms where identified; Article 4 for uncovered expression
flan,niv2_zsopt_data__task049_multirc_questions_needed_to_answer.parquet,25000,15523642,3104728.4,niv2_zsopt,,,,,,,,,,,,,flan_submixture,flan_collection_uncovered_expression,direct terms where identified; Article 4 for uncovered expression
flan,niv2_zsopt_data__task050_multirc_answerability.parquet,25000,3085445,617089.0,niv2_zsopt,,,,,,,,,,,,,flan_submixture,flan_collection_uncovered_expression,direct terms where identified; Article 4 for uncovered expression
flan,niv2_zsopt_data__task051_multirc_correct_answer_single_sentence.parquet,14100,1545095,309019.0,niv2_zsopt,,,,,,,,,,,,,flan_submixture,flan_collection_uncovered_expression,direct terms where identified; Article 4 for uncovered expression
flan,niv2_zsopt_data__task052_multirc_identify_bad_question.parquet,585,262025,52405.0,niv2_zsopt,,,,,,,,,,,,,flan_submixture,flan_collection_uncovered_expression,direct terms where identified; Article 4 for uncovered expression
flan,niv2_zsopt_data__task053_multirc_correct_bad_question.parquet,290,133440,26688.0,niv2_zsopt,,,,,,,,,,,,,flan_submixture,flan_collection_uncovered_expression,direct terms where identified; Article 4 for uncovered expression
flan,niv2_zsopt_data__task054_multirc_write_correct_answer.parquet,18115,9346815,1869363.0,niv2_zsopt,,,,,,,,,,,,,flan_submixture,flan_collection_uncovered_expression,direct terms where identified; Article 4 for uncovered expression
flan,niv2_zsopt_data__task055_multirc_write_incorrect_answer.parquet,18110,10528480,2105696.0,niv2_zsopt,,,,,,,,,,,,,flan_submixture,flan_collection_uncovered_expression,direct terms where identified; Article 4 for uncovered expression
flan,niv2_zsopt_data__task056_multirc_classify_correct_answer.parquet,9090,4796950,959390.0,niv2_zsopt,,,,,,,,,,,,,flan_submixture,flan_collection_uncovered_expression,direct terms where identified; Article 4 for uncovered expression
flan,niv2_zsopt_data__task057_multirc_classify_incorrect_answer.parquet,14575,8578685,1715737.0,niv2_zsopt,,,,,,,,,,,,,flan_submixture,flan_collection_uncovered_expression,direct terms where identified; Article 4 for uncovered expression
flan,niv2_zsopt_data__task058_multirc_question_answering.parquet,18115,11430205,2286041.0,niv2_zsopt,,,,,,,,,,,,,flan_submixture,flan_collection_uncovered_expression,direct terms where identified; Article 4 for uncovered expression
flan,niv2_zsopt_data__task062_bigbench_repeat_copy_logic.parquet,145,11870,2374.0,niv2_zsopt,,,,,,,,,,,,,flan_submixture,flan_collection_uncovered_expression,direct terms where identified; Article 4 for uncovered expression
flan,niv2_zsopt_data__task063_first_i_elements.parquet,25000,4172008,834401.6,niv2_zsopt,,,,,,,,,,,,,flan_submixture,flan_collection_uncovered_expression,direct terms where identified; Article 4 for uncovered expression
flan,niv2_zsopt_data__task064_all_elements_except_first_i.parquet,25000,4764720,952944.0,niv2_zsopt,,,,,,,,,,,,,flan_submixture,flan_collection_uncovered_expression,direct terms where identified; Article 4 for uncovered expression
flan,niv2_zsopt_data__task065_timetravel_consistent_sentence_classification.parquet,25000,5423920,1084784.0,niv2_zsopt,,,,,,,,,,,,,flan_submixture,flan_collection_uncovered_expression,direct terms where identified; Article 4 for uncovered expression
flan,niv2_zsopt_data__task066_timetravel_binary_consistency_classification.parquet,25000,5243353,1048670.6,niv2_zsopt,,,,,,,,,,,,,flan_submixture,flan_collection_uncovered_expression,direct terms where identified; Article 4 for uncovered expression
flan,niv2_zsopt_data__task067_abductivenli_answer_generation.parquet,25000,4086978,817395.6,niv2_zsopt,,,,,,,,,,,,,flan_submixture,flan_collection_uncovered_expression,direct terms where identified; Article 4 for uncovered expression
flan,niv2_zsopt_data__task068_abductivenli_incorrect_answer_generation.parquet,25000,6086209,1217241.8,niv2_zsopt,,,,,,,,,,,,,flan_submixture,flan_collection_uncovered_expression,direct terms where identified; Article 4 for uncovered expression
flan,niv2_zsopt_data__task069_abductivenli_classification.parquet,25000,3496763,699352.6,niv2_zsopt,,,,,,,,,,,,,flan_submixture,flan_collection_uncovered_expression,direct terms where identified; Article 4 for uncovered expression
flan,niv2_zsopt_data__task070_abductivenli_incorrect_classification.parquet,25000,3470901,694180.2,niv2_zsopt,,,,,,,,,,,,,flan_submixture,flan_collection_uncovered_expression,direct terms where identified; Article 4 for uncovered expression
flan,niv2_zsopt_data__task071_abductivenli_answer_generation.parquet,25000,3582009,716401.8,niv2_zsopt,,,,,,,,,,,,,flan_submixture,flan_collection_uncovered_expression,direct terms where identified; Article 4 for uncovered expression
flan,niv2_zsopt_data__task072_abductivenli_answer_generation.parquet,25000,3887593,777518.6,niv2_zsopt,,,,,,,,,,,,,flan_submixture,flan_collection_uncovered_expression,direct terms where identified; Article 4 for uncovered expression
flan,niv2_zsopt_data__task073_commonsenseqa_answer_generation.parquet,6095,952880,190576.0,niv2_zsopt,,,,,,,,,,,,,flan_submixture,flan_collection_uncovered_expression,direct terms where identified; Article 4 for uncovered expression
flan,niv2_zsopt_data__task076_splash_correcting_sql_mistake.parquet,10490,6112195,1222439.0,niv2_zsopt,,,,,,,,,,,,,flan_submixture,flan_collection_uncovered_expression,direct terms where identified; Article 4 for uncovered expression
flan,niv2_zsopt_data__task077_splash_explanation_to_sql.parquet,18015,10086170,2017234.0,niv2_zsopt,,,,,,,,,,,,,flan_submixture,flan_collection_uncovered_expression,direct terms where identified; Article 4 for uncovered expression
flan,niv2_zsopt_data__task078_all_elements_except_last_i.parquet,25000,4760209,952041.8,niv2_zsopt,,,,,,,,,,,,,flan_submixture,flan_collection_uncovered_expression,direct terms where identified; Article 4 for uncovered expression
flan,niv2_zsopt_data__task079_conala_concat_strings.parquet,24965,1879630,375926.0,niv2_zsopt,,,,,,,,,,,,,flan_submixture,flan_collection_uncovered_expression,direct terms where identified; Article 4 for uncovered expression
flan,niv2_zsopt_data__task080_piqa_answer_generation.parquet,25000,2918782,583756.4,niv2_zsopt,,,,,,,,,,,,,flan_submixture,flan_collection_uncovered_expression,direct terms where identified; Article 4 for uncovered expression
flan,niv2_zsopt_data__task081_piqa_wrong_answer_generation.parquet,25000,4988423,997684.6,niv2_zsopt,,,,,,,,,,,,,flan_submixture,flan_collection_uncovered_expression,direct terms where identified; Article 4 for uncovered expression
flan,niv2_zsopt_data__task082_babi_t1_single_supporting_fact_question_generation.parquet,4960,623760,124752.0,niv2_zsopt,,,,,,,,,,,,,flan_submixture,flan_collection_uncovered_expression,direct terms where identified; Article 4 for uncovered expression
flan,niv2_zsopt_data__task083_babi_t1_single_supporting_fact_answer_generation.parquet,4960,705530,141106.0,niv2_zsopt,,,,,,,,,,,,,flan_submixture,flan_collection_uncovered_expression,direct terms where identified; Article 4 for uncovered expression
flan,niv2_zsopt_data__task084_babi_t1_single_supporting_fact_identify_relevant_fact.parquet,4955,760875,152175.0,niv2_zsopt,,,,,,,,,,,,,flan_submixture,flan_collection_uncovered_expression,direct terms where identified; Article 4 for uncovered expression
flan,niv2_zsopt_data__task085_unnatural_addsub_arithmetic.parquet,25000,2776623,555324.6,niv2_zsopt,,,,,,,,,,,,,flan_submixture,flan_collection_uncovered_expression,direct terms where identified; Article 4 for uncovered expression
flan,niv2_zsopt_data__task086_translated_symbol_arithmetic.parquet,25000,3168699,633739.8,niv2_zsopt,,,,,,,,,,,,,flan_submixture,flan_collection_uncovered_expression,direct terms where identified; Article 4 for uncovered expression
flan,niv2_zsopt_data__task087_new_operator_addsub_arithmetic.parquet,25000,3025833,605166.6,niv2_zsopt,,,,,,,,,,,,,flan_submixture,flan_collection_uncovered_expression,direct terms where identified; Article 4 for uncovered expression
flan,niv2_zsopt_data__task088_identify_typo_verification.parquet,25000,4319794,863958.8,niv2_zsopt,,,,,,,,,,,,,flan_submixture,flan_collection_uncovered_expression,direct terms where identified; Article 4 for uncovered expression
flan,niv2_zsopt_data__task089_swap_words_verification.parquet,25000,3168103,633620.6,niv2_zsopt,,,,,,,,,,,,,flan_submixture,flan_collection_uncovered_expression,direct terms where identified; Article 4 for uncovered expression
flan,niv2_zsopt_data__task090_equation_learner_algebra.parquet,21585,4552855,910571.0,niv2_zsopt,,,,,,,,,,,,,flan_submixture,flan_collection_uncovered_expression,direct terms where identified; Article 4 for uncovered expression
flan,niv2_zsopt_data__task091_all_elements_from_index_i_to_j.parquet,25000,4920302,984060.4,niv2_zsopt,,,,,,,,,,,,,flan_submixture,flan_collection_uncovered_expression,direct terms where identified; Article 4 for uncovered expression
flan,niv2_zsopt_data__task092_check_prime_classification.parquet,25000,1880679,376135.8,niv2_zsopt,,,,,,,,,,,,,flan_submixture,flan_collection_uncovered_expression,direct terms where identified; Article 4 for uncovered expression
flan,niv2_zsopt_data__task093_conala_normalize_lists.parquet,25000,3938410,787682.0,niv2_zsopt,,,,,,,,,,,,,flan_submixture,flan_collection_uncovered_expression,direct terms where identified; Article 4 for uncovered expression
flan,niv2_zsopt_data__task094_conala_calculate_mean.parquet,25000,3472905,694581.0,niv2_zsopt,,,,,,,,,,,,,flan_submixture,flan_collection_uncovered_expression,direct terms where identified; Article 4 for uncovered expression
flan,niv2_zsopt_data__task095_conala_max_absolute_value.parquet,24875,4963280,992656.0,niv2_zsopt,,,,,,,,,,,,,flan_submixture,flan_collection_uncovered_expression,direct terms where identified; Article 4 for uncovered expression
flan,niv2_zsopt_data__task096_conala_list_index_subtraction.parquet,24590,4978660,995732.0,niv2_zsopt,,,,,,,,,,,,,flan_submixture,flan_collection_uncovered_expression,direct terms where identified; Article 4 for uncovered expression
flan,niv2_zsopt_data__task097_conala_remove_duplicates.parquet,24920,2558205,511641.0,niv2_zsopt,,,,,,,,,,,,,flan_submixture,flan_collection_uncovered_expression,direct terms where identified; Article 4 for uncovered expression
flan,niv2_zsopt_data__task098_conala_list_intersection.parquet,24990,4565380,913076.0,niv2_zsopt,,,,,,,,,,,,,flan_submixture,flan_collection_uncovered_expression,direct terms where identified; Article 4 for uncovered expression
flan,niv2_zsopt_data__task099_reverse_elements_between_index_i_and_j.parquet,25000,5003840,1000768.0,niv2_zsopt,,,,,,,,,,,,,flan_submixture,flan_collection_uncovered_expression,direct terms where identified; Article 4 for uncovered expression
flan,niv2_zsopt_data__task1000_pib_translation_tamil_malayalam.parquet,7480,912925,182585.0,niv2_zsopt,,,,,,,,,,,,,flan_submixture,flan_collection_uncovered_expression,direct terms where identified; Article 4 for uncovered expression
flan,niv2_zsopt_data__task1001_pib_translation_gujarati_urdu.parquet,7480,1038535,207707.0,niv2_zsopt,,,,,,,,,,,,,flan_submixture,flan_collection_uncovered_expression,direct terms where identified; Article 4 for uncovered expression
flan,niv2_zsopt_data__task1002_pib_translation_urdu_gujarati.parquet,7480,1038730,207746.0,niv2_zsopt,,,,,,,,,,,,,flan_submixture,flan_collection_uncovered_expression,direct terms where identified; Article 4 for uncovered expression
flan,niv2_zsopt_data__task1003_pib_translation_bengali_malayalam.parquet,7480,871450,174290.0,niv2_zsopt,,,,,,,,,,,,,flan_submixture,flan_collection_uncovered_expression,direct terms where identified; Article 4 for uncovered expression
flan,niv2_zsopt_data__task1004_pib_translation_malayalam_bengali.parquet,7480,869530,173906.0,niv2_zsopt,,,,,,,,,,,,,flan_submixture,flan_collection_uncovered_expression,direct terms where identified; Article 4 for uncovered expression
flan,niv2_zsopt_data__task1005_pib_translation_malayalam_punjabi.parquet,7480,1142295,228459.0,niv2_zsopt,,,,,,,,,,,,,flan_submixture,flan_collection_uncovered_expression,direct terms where identified; Article 4 for uncovered expression
flan,niv2_zsopt_data__task1006_pib_translation_punjabi_malayalam.parquet,7480,1144520,228904.0,niv2_zsopt,,,,,,,,,,,,,flan_submixture,flan_collection_uncovered_expression,direct terms where identified; Article 4 for uncovered expression
flan,niv2_zsopt_data__task1007_pib_translation_english_punjabi.parquet,7480,1387160,277432.0,niv2_zsopt,,,,,,,,,,,,,flan_submixture,flan_collection_uncovered_expression,direct terms where identified; Article 4 for uncovered expression
flan,niv2_zsopt_data__task1008_pib_translation_punjabi_english.parquet,7480,1386500,277300.0,niv2_zsopt,,,,,,,,,,,,,flan_submixture,flan_collection_uncovered_expression,direct terms where identified; Article 4 for uncovered expression
flan,niv2_zsopt_data__task1009_pib_translation_bengali_hindi.parquet,7480,808790,161758.0,niv2_zsopt,,,,,,,,,,,,,flan_submixture,flan_collection_uncovered_expression,direct terms where identified; Article 4 for uncovered expression
flan,niv2_zsopt_data__task100_concatenate_all_elements_from_index_i_to_j.parquet,25000,4872417,974483.4,niv2_zsopt,,,,,,,,,,,,,flan_submixture,flan_collection_uncovered_expression,direct terms where identified; Article 4 for uncovered expression
flan,niv2_zsopt_data__task1010_pib_translation_hindi_bengali.parquet,7480,807360,161472.0,niv2_zsopt,,,,,,,,,,,,,flan_submixture,flan_collection_uncovered_expression,direct terms where identified; Article 4 for uncovered expression
flan,niv2_zsopt_data__task1011_pib_translation_hindi_punjabi.parquet,7480,1207415,241483.0,niv2_zsopt,,,,,,,,,,,,,flan_submixture,flan_collection_uncovered_expression,direct terms where identified; Article 4 for uncovered expression
flan,niv2_zsopt_data__task1012_pib_translation_punjabi_hindi.parquet,7480,1208680,241736.0,niv2_zsopt,,,,,,,,,,,,,flan_submixture,flan_collection_uncovered_expression,direct terms where identified; Article 4 for uncovered expression
flan,niv2_zsopt_data__task1013_pib_translation_gujarati_telugu.parquet,7480,1122655,224531.0,niv2_zsopt,,,,,,,,,,,,,flan_submixture,flan_collection_uncovered_expression,direct terms where identified; Article 4 for uncovered expression
flan,niv2_zsopt_data__task1014_pib_translation_telugu_gujarati.parquet,7480,1122775,224555.0,niv2_zsopt,,,,,,,,,,,,,flan_submixture,flan_collection_uncovered_expression,direct terms where identified; Article 4 for uncovered expression
flan,niv2_zsopt_data__task1015_pib_translation_punjabi_tamil.parquet,7480,1147575,229515.0,niv2_zsopt,,,,,,,,,,,,,flan_submixture,flan_collection_uncovered_expression,direct terms where identified; Article 4 for uncovered expression
flan,niv2_zsopt_data__task1016_pib_translation_tamil_punjabi.parquet,7480,1145865,229173.0,niv2_zsopt,,,,,,,,,,,,,flan_submixture,flan_collection_uncovered_expression,direct terms where identified; Article 4 for uncovered expression
flan,niv2_zsopt_data__task1017_pib_translation_hindi_malayalam.parquet,7480,915355,183071.0,niv2_zsopt,,,,,,,,,,,,,flan_submixture,flan_collection_uncovered_expression,direct terms where identified; Article 4 for uncovered expression
flan,niv2_zsopt_data__task1018_pib_translation_malayalam_hindi.parquet,7480,913520,182704.0,niv2_zsopt,,,,,,,,,,,,,flan_submixture,flan_collection_uncovered_expression,direct terms where identified; Article 4 for uncovered expression
flan,niv2_zsopt_data__task1019_pib_translation_oriya_telugu.parquet,895,190215,38043.0,niv2_zsopt,,,,,,,,,,,,,flan_submixture,flan_collection_uncovered_expression,direct terms where identified; Article 4 for uncovered expression
flan,niv2_zsopt_data__task101_reverse_and_concatenate_all_elements_from_index_i_to_j.parquet,25000,5682668,1136533.6,niv2_zsopt,,,,,,,,,,,,,flan_submixture,flan_collection_uncovered_expression,direct terms where identified; Article 4 for uncovered expression
flan,niv2_zsopt_data__task1020_pib_translation_telugu_oriya.parquet,895,186910,37382.0,niv2_zsopt,,,,,,,,,,,,,flan_submixture,flan_collection_uncovered_expression,direct terms where identified; Article 4 for uncovered expression
flan,niv2_zsopt_data__task1021_pib_translation_english_malayalam.parquet,7480,852355,170471.0,niv2_zsopt,,,,,,,,,,,,,flan_submixture,flan_collection_uncovered_expression,direct terms where identified; Article 4 for uncovered expression
flan,niv2_zsopt_data__task1022_pib_translation_malayalam_english.parquet,7480,853855,170771.0,niv2_zsopt,,,,,,,,,,,,,flan_submixture,flan_collection_uncovered_expression,direct terms where identified; Article 4 for uncovered expression
flan,niv2_zsopt_data__task1023_pib_translation_english_hindi.parquet,7480,811120,162224.0,niv2_zsopt,,,,,,,,,,,,,flan_submixture,flan_collection_uncovered_expression,direct terms where identified; Article 4 for uncovered expression
flan,niv2_zsopt_data__task1024_pib_translation_hindi_english.parquet,7480,812440,162488.0,niv2_zsopt,,,,,,,,,,,,,flan_submixture,flan_collection_uncovered_expression,direct terms where identified; Article 4 for uncovered expression
flan,niv2_zsopt_data__task1025_pib_translation_bengali_punjabi.parquet,7480,1150880,230176.0,niv2_zsopt,,,,,,,,,,,,,flan_submixture,flan_collection_uncovered_expression,direct terms where identified; Article 4 for uncovered expression
flan,niv2_zsopt_data__task1026_pib_translation_punjabi_bengali.parquet,7480,1151860,230372.0,niv2_zsopt,,,,,,,,,,,,,flan_submixture,flan_collection_uncovered_expression,direct terms where identified; Article 4 for uncovered expression
flan,niv2_zsopt_data__task1027_pib_translation_marathi_telugu.parquet,4125,516815,103363.0,niv2_zsopt,,,,,,,,,,,,,flan_submixture,flan_collection_uncovered_expression,direct terms where identified; Article 4 for uncovered expression
flan,niv2_zsopt_data__task1028_pib_translation_telugu_marathi.parquet,4125,516885,103377.0,niv2_zsopt,,,,,,,,,,,,,flan_submixture,flan_collection_uncovered_expression,direct terms where identified; Article 4 for uncovered expression
flan,niv2_zsopt_data__task1029_pib_translation_marathi_punjabi.parquet,7480,1143780,228756.0,niv2_zsopt,,,,,,,,,,,,,flan_submixture,flan_collection_uncovered_expression,direct terms where identified; Article 4 for uncovered expression
flan,niv2_zsopt_data__task102_commongen_sentence_generation.parquet,25000,2884951,576990.2,niv2_zsopt,,,,,,,,,,,,,flan_submixture,flan_collection_uncovered_expression,direct terms where identified; Article 4 for uncovered expression
flan,niv2_zsopt_data__task1030_pib_translation_punjabi_marathi.parquet,7480,1145630,229126.0,niv2_zsopt,,,,,,,,,,,,,flan_submixture,flan_collection_uncovered_expression,direct terms where identified; Article 4 for uncovered expression
flan,niv2_zsopt_data__task1031_pib_translation_bengali_telugu.parquet,4565,588420,117684.0,niv2_zsopt,,,,,,,,,,,,,flan_submixture,flan_collection_uncovered_expression,direct terms where identified; Article 4 for uncovered expression
flan,niv2_zsopt_data__task1032_pib_translation_telugu_bengali.parquet,4565,587035,117407.0,niv2_zsopt,,,,,,,,,,,,,flan_submixture,flan_collection_uncovered_expression,direct terms where identified; Article 4 for uncovered expression
flan,niv2_zsopt_data__task1033_pib_translation_gujarati_hindi.parquet,7480,922380,184476.0,niv2_zsopt,,,,,,,,,,,,,flan_submixture,flan_collection_uncovered_expression,direct terms where identified; Article 4 for uncovered expression
flan,niv2_zsopt_data__task1034_pib_translation_hindi_gujarati.parquet,7480,923605,184721.0,niv2_zsopt,,,,,,,,,,,,,flan_submixture,flan_collection_uncovered_expression,direct terms where identified; Article 4 for uncovered expression
flan,niv2_zsopt_data__task1035_pib_translation_tamil_urdu.parquet,7480,955445,191089.0,niv2_zsopt,,,,,,,,,,,,,flan_submixture,flan_collection_uncovered_expression,direct terms where identified; Article 4 for uncovered expression
flan,niv2_zsopt_data__task1036_pib_translation_urdu_tamil.parquet,7480,953165,190633.0,niv2_zsopt,,,,,,,,,,,,,flan_submixture,flan_collection_uncovered_expression,direct terms where identified; Article 4 for uncovered expression
flan,niv2_zsopt_data__task1037_pib_translation_telugu_urdu.parquet,2800,401515,80303.0,niv2_zsopt,,,,,,,,,,,,,flan_submixture,flan_collection_uncovered_expression,direct terms where identified; Article 4 for uncovered expression
flan,niv2_zsopt_data__task1038_pib_translation_urdu_telugu.parquet,2800,399435,79887.0,niv2_zsopt,,,,,,,,,,,,,flan_submixture,flan_collection_uncovered_expression,direct terms where identified; Article 4 for uncovered expression
flan,niv2_zsopt_data__task1039_pib_translation_oriya_punjabi.parquet,4425,1391265,278253.0,niv2_zsopt,,,,,,,,,,,,,flan_submixture,flan_collection_uncovered_expression,direct terms where identified; Article 4 for uncovered expression
flan,niv2_zsopt_data__task103_facts2story_long_text_generation.parquet,25000,16696370,3339274.0,niv2_zsopt,,,,,,,,,,,,,flan_submixture,flan_collection_uncovered_expression,direct terms where identified; Article 4 for uncovered expression
flan,niv2_zsopt_data__task1040_pib_translation_punjabi_oriya.parquet,4425,1393725,278745.0,niv2_zsopt,,,,,,,,,,,,,flan_submixture,flan_collection_uncovered_expression,direct terms where identified; Article 4 for uncovered expression
flan,niv2_zsopt_data__task1041_pib_translation_gujarati_malayalam.parquet,7480,991485,198297.0,niv2_zsopt,,,,,,,,,,,,,flan_submixture,flan_collection_uncovered_expression,direct terms where identified; Article 4 for uncovered expression
flan,niv2_zsopt_data__task1042_pib_translation_malayalam_gujarati.parquet,7480,989630,197926.0,niv2_zsopt,,,,,,,,,,,,,flan_submixture,flan_collection_uncovered_expression,direct terms where identified; Article 4 for uncovered expression
flan,niv2_zsopt_data__task1043_pib_translation_gujarati_punjabi.parquet,7480,1234550,246910.0,niv2_zsopt,,,,,,,,,,,,,flan_submixture,flan_collection_uncovered_expression,direct terms where identified; Article 4 for uncovered expression
flan,niv2_zsopt_data__task1044_pib_translation_punjabi_gujarati.parquet,7480,1236525,247305.0,niv2_zsopt,,,,,,,,,,,,,flan_submixture,flan_collection_uncovered_expression,direct terms where identified; Article 4 for uncovered expression
flan,niv2_zsopt_data__task1045_pib_translation_hindi_telugu.parquet,7480,995200,199040.0,niv2_zsopt,,,,,,,,,,,,,flan_submixture,flan_collection_uncovered_expression,direct terms where identified; Article 4 for uncovered expression
flan,niv2_zsopt_data__task1046_pib_translation_telugu_hindi.parquet,7480,992630,198526.0,niv2_zsopt,,,,,,,,,,,,,flan_submixture,flan_collection_uncovered_expression,direct terms where identified; Article 4 for uncovered expression
flan,niv2_zsopt_data__task1047_pib_translation_english_telugu.parquet,7480,957990,191598.0,niv2_zsopt,,,,,,,,,,,,,flan_submixture,flan_collection_uncovered_expression,direct terms where identified; Article 4 for uncovered expression
flan,niv2_zsopt_data__task1048_pib_translation_telugu_english.parquet,7480,958265,191653.0,niv2_zsopt,,,,,,,,,,,,,flan_submixture,flan_collection_uncovered_expression,direct terms where identified; Article 4 for uncovered expression
flan,niv2_zsopt_data__task1049_pib_translation_malayalam_telugu.parquet,5960,810880,162176.0,niv2_zsopt,,,,,,,,,,,,,flan_submixture,flan_collection_uncovered_expression,direct terms where identified; Article 4 for uncovered expression
flan,niv2_zsopt_data__task104_semeval_2019_task10_closed_vocabulary_mathematical_answer_generation.parquet,3415,919020,183804.0,niv2_zsopt,,,,,,,,,,,,,flan_submixture,flan_collection_uncovered_expression,direct terms where identified; Article 4 for uncovered expression
flan,niv2_zsopt_data__task1050_pib_translation_telugu_malayalam.parquet,5960,812410,162482.0,niv2_zsopt,,,,,,,,,,,,,flan_submixture,flan_collection_uncovered_expression,direct terms where identified; Article 4 for uncovered expression
flan,niv2_zsopt_data__task1051_pib_translation_punjabi_urdu.parquet,7480,1503790,300758.0,niv2_zsopt,,,,,,,,,,,,,flan_submixture,flan_collection_uncovered_expression,direct terms where identified; Article 4 for uncovered expression
flan,niv2_zsopt_data__task1052_pib_translation_urdu_punjabi.parquet,7480,1503905,300781.0,niv2_zsopt,,,,,,,,,,,,,flan_submixture,flan_collection_uncovered_expression,direct terms where identified; Article 4 for uncovered expression
flan,niv2_zsopt_data__task1053_pib_translation_hindi_urdu.parquet,7480,987195,197439.0,niv2_zsopt,,,,,,,,,,,,,flan_submixture,flan_collection_uncovered_expression,direct terms where identified; Article 4 for uncovered expression
flan,niv2_zsopt_data__task1054_pib_translation_urdu_hindi.parquet,7480,986265,197253.0,niv2_zsopt,,,,,,,,,,,,,flan_submixture,flan_collection_uncovered_expression,direct terms where identified; Article 4 for uncovered expression
flan,niv2_zsopt_data__task1055_pib_translation_marathi_oriya.parquet,4315,793050,158610.0,niv2_zsopt,,,,,,,,,,,,,flan_submixture,flan_collection_uncovered_expression,direct terms where identified; Article 4 for uncovered expression
flan,niv2_zsopt_data__task1056_pib_translation_oriya_marathi.parquet,4315,794050,158810.0,niv2_zsopt,,,,,,,,,,,,,flan_submixture,flan_collection_uncovered_expression,direct terms where identified; Article 4 for uncovered expression
flan,niv2_zsopt_data__task1057_pib_translation_english_urdu.parquet,7480,1051600,210320.0,niv2_zsopt,,,,,,,,,,,,,flan_submixture,flan_collection_uncovered_expression,direct terms where identified; Article 4 for uncovered expression
flan,niv2_zsopt_data__task1058_pib_translation_urdu_english.parquet,7480,1051560,210312.0,niv2_zsopt,,,,,,,,,,,,,flan_submixture,flan_collection_uncovered_expression,direct terms where identified; Article 4 for uncovered expression
flan,niv2_zsopt_data__task1059_pib_translation_malayalam_urdu.parquet,6080,770690,154138.0,niv2_zsopt,,,,,,,,,,,,,flan_submixture,flan_collection_uncovered_expression,direct terms where identified; Article 4 for uncovered expression
flan,niv2_zsopt_data__task105_story_cloze-rocstories_sentence_generation.parquet,25000,3149001,629800.2,niv2_zsopt,,,,,,,,,,,,,flan_submixture,flan_collection_uncovered_expression,direct terms where identified; Article 4 for uncovered expression
flan,niv2_zsopt_data__task1060_pib_translation_urdu_malayalam.parquet,6080,769490,153898.0,niv2_zsopt,,,,,,,,,,,,,flan_submixture,flan_collection_uncovered_expression,direct terms where identified; Article 4 for uncovered expression
flan,niv2_zsopt_data__task1061_pib_translation_bengali_marathi.parquet,7480,797860,159572.0,niv2_zsopt,,,,,,,,,,,,,flan_submixture,flan_collection_uncovered_expression,direct terms where identified; Article 4 for uncovered expression
flan,niv2_zsopt_data__task1062_pib_translation_marathi_bengali.parquet,7480,798825,159765.0,niv2_zsopt,,,,,,,,,,,,,flan_submixture,flan_collection_uncovered_expression,direct terms where identified; Article 4 for uncovered expression
flan,niv2_zsopt_data__task1063_pib_translation_gujarati_tamil.parquet,7480,915815,183163.0,niv2_zsopt,,,,,,,,,,,,,flan_submixture,flan_collection_uncovered_expression,direct terms where identified; Article 4 for uncovered expression
flan,niv2_zsopt_data__task1064_pib_translation_tamil_gujarati.parquet,7480,915050,183010.0,niv2_zsopt,,,,,,,,,,,,,flan_submixture,flan_collection_uncovered_expression,direct terms where identified; Article 4 for uncovered expression
flan,niv2_zsopt_data__task1065_pib_translation_punjabi_telugu.parquet,5410,917290,183458.0,niv2_zsopt,,,,,,,,,,,,,flan_submixture,flan_collection_uncovered_expression,direct terms where identified; Article 4 for uncovered expression
flan,niv2_zsopt_data__task1066_pib_translation_telugu_punjabi.parquet,5410,918990,183798.0,niv2_zsopt,,,,,,,,,,,,,flan_submixture,flan_collection_uncovered_expression,direct terms where identified; Article 4 for uncovered expression
flan,niv2_zsopt_data__task1067_pib_translation_bengali_gujarati.parquet,7480,907670,181534.0,niv2_zsopt,,,,,,,,,,,,,flan_submixture,flan_collection_uncovered_expression,direct terms where identified; Article 4 for uncovered expression
flan,niv2_zsopt_data__task1068_pib_translation_gujarati_bengali.parquet,7480,904995,180999.0,niv2_zsopt,,,,,,,,,,,,,flan_submixture,flan_collection_uncovered_expression,direct terms where identified; Article 4 for uncovered expression
flan,niv2_zsopt_data__task1069_pib_translation_bengali_urdu.parquet,7480,938805,187761.0,niv2_zsopt,,,,,,,,,,,,,flan_submixture,flan_collection_uncovered_expression,direct terms where identified; Article 4 for uncovered expression
flan,niv2_zsopt_data__task106_scruples_ethical_judgment.parquet,25000,2461432,492286.4,niv2_zsopt,,,,,,,,,,,,,flan_submixture,flan_collection_uncovered_expression,direct terms where identified; Article 4 for uncovered expression
flan,niv2_zsopt_data__task1070_pib_translation_urdu_bengali.parquet,7480,935485,187097.0,niv2_zsopt,,,,,,,,,,,,,flan_submixture,flan_collection_uncovered_expression,direct terms where identified; Article 4 for uncovered expression
flan,niv2_zsopt_data__task1071_pib_translation_malayalam_marathi.parquet,7480,887180,177436.0,niv2_zsopt,,,,,,,,,,,,,flan_submixture,flan_collection_uncovered_expression,direct terms where identified; Article 4 for uncovered expression
flan,niv2_zsopt_data__task1072_pib_translation_marathi_malayalam.parquet,7480,886840,177368.0,niv2_zsopt,,,,,,,,,,,,,flan_submixture,flan_collection_uncovered_expression,direct terms where identified; Article 4 for uncovered expression
flan,niv2_zsopt_data__task1073_pib_translation_oriya_tamil.parquet,4850,915620,183124.0,niv2_zsopt,,,,,,,,,,,,,flan_submixture,flan_collection_uncovered_expression,direct terms where identified; Article 4 for uncovered expression
flan,niv2_zsopt_data__task1074_pib_translation_tamil_oriya.parquet,4850,916340,183268.0,niv2_zsopt,,,,,,,,,,,,,flan_submixture,flan_collection_uncovered_expression,direct terms where identified; Article 4 for uncovered expression
flan,niv2_zsopt_data__task1075_pib_translation_tamil_telugu.parquet,7480,956480,191296.0,niv2_zsopt,,,,,,,,,,,,,flan_submixture,flan_collection_uncovered_expression,direct terms where identified; Article 4 for uncovered expression
flan,niv2_zsopt_data__task1076_pib_translation_telugu_tamil.parquet,7480,953960,190792.0,niv2_zsopt,,,,,,,,,,,,,flan_submixture,flan_collection_uncovered_expression,direct terms where identified; Article 4 for uncovered expression
flan,niv2_zsopt_data__task1077_pib_translation_gujarati_oriya.parquet,3080,609115,121823.0,niv2_zsopt,,,,,,,,,,,,,flan_submixture,flan_collection_uncovered_expression,direct terms where identified; Article 4 for uncovered expression
flan,niv2_zsopt_data__task1078_pib_translation_oriya_gujarati.parquet,3080,607385,121477.0,niv2_zsopt,,,,,,,,,,,,,flan_submixture,flan_collection_uncovered_expression,direct terms where identified; Article 4 for uncovered expression
flan,niv2_zsopt_data__task1079_pib_translation_english_gujarati.parquet,7480,898425,179685.0,niv2_zsopt,,,,,,,,,,,,,flan_submixture,flan_collection_uncovered_expression,direct terms where identified; Article 4 for uncovered expression
flan,niv2_zsopt_data__task107_splash_question_to_sql.parquet,10155,5306130,1061226.0,niv2_zsopt,,,,,,,,,,,,,flan_submixture,flan_collection_uncovered_expression,direct terms where identified; Article 4 for uncovered expression
flan,niv2_zsopt_data__task1080_pib_translation_gujarati_english.parquet,7480,896385,179277.0,niv2_zsopt,,,,,,,,,,,,,flan_submixture,flan_collection_uncovered_expression,direct terms where identified; Article 4 for uncovered expression
flan,niv2_zsopt_data__task1081_pib_translation_hindi_marathi.parquet,7480,814305,162861.0,niv2_zsopt,,,,,,,,,,,,,flan_submixture,flan_collection_uncovered_expression,direct terms where identified; Article 4 for uncovered expression
flan,niv2_zsopt_data__task1082_pib_translation_marathi_hindi.parquet,7480,812375,162475.0,niv2_zsopt,,,,,,,,,,,,,flan_submixture,flan_collection_uncovered_expression,direct terms where identified; Article 4 for uncovered expression
flan,niv2_zsopt_data__task1083_pib_translation_marathi_tamil.parquet,7480,815510,163102.0,niv2_zsopt,,,,,,,,,,,,,flan_submixture,flan_collection_uncovered_expression,direct terms where identified; Article 4 for uncovered expression
flan,niv2_zsopt_data__task1084_pib_translation_tamil_marathi.parquet,7480,815460,163092.0,niv2_zsopt,,,,,,,,,,,,,flan_submixture,flan_collection_uncovered_expression,direct terms where identified; Article 4 for uncovered expression
flan,niv2_zsopt_data__task1085_pib_translation_english_marathi.parquet,7480,771945,154389.0,niv2_zsopt,,,,,,,,,,,,,flan_submixture,flan_collection_uncovered_expression,direct terms where identified; Article 4 for uncovered expression
flan,niv2_zsopt_data__task1086_pib_translation_marathi_english.parquet,7480,772720,154544.0,niv2_zsopt,,,,,,,,,,,,,flan_submixture,flan_collection_uncovered_expression,direct terms where identified; Article 4 for uncovered expression
flan,niv2_zsopt_data__task1087_two_number_sum.parquet,1000,152060,30412.0,niv2_zsopt,,,,,,,,,,,,,flan_submixture,flan_collection_uncovered_expression,direct terms where identified; Article 4 for uncovered expression
flan,niv2_zsopt_data__task1088_array_of_products.parquet,750,184750,36950.0,niv2_zsopt,,,,,,,,,,,,,flan_submixture,flan_collection_uncovered_expression,direct terms where identified; Article 4 for uncovered expression
flan,niv2_zsopt_data__task1089_check_monotonic_array.parquet,795,164670,32934.0,niv2_zsopt,,,,,,,,,,,,,flan_submixture,flan_collection_uncovered_expression,direct terms where identified; Article 4 for uncovered expression
flan,niv2_zsopt_data__task108_contextualabusedetection_classification.parquet,19980,6648065,1329613.0,niv2_zsopt,,,,,,,,,,,,,flan_submixture,flan_collection_uncovered_expression,direct terms where identified; Article 4 for uncovered expression
flan,niv2_zsopt_data__task1090_ted_translation_en_gl.parquet,25000,2128141,425628.2,niv2_zsopt,,,,,,,,,,,,,flan_submixture,flan_collection_uncovered_expression,direct terms where identified; Article 4 for uncovered expression
flan,niv2_zsopt_data__task1091_ted_translation_en_it.parquet,25000,2191755,438351.0,niv2_zsopt,,,,,,,,,,,,,flan_submixture,flan_collection_uncovered_expression,direct terms where identified; Article 4 for uncovered expression
flan,niv2_zsopt_data__task1092_ted_translation_en_pl.parquet,25000,2213430,442686.0,niv2_zsopt,,,,,,,,,,,,,flan_submixture,flan_collection_uncovered_expression,direct terms where identified; Article 4 for uncovered expression
flan,niv2_zsopt_data__task1093_ted_translation_en_fa.parquet,25000,2349315,469863.0,niv2_zsopt,,,,,,,,,,,,,flan_submixture,flan_collection_uncovered_expression,direct terms where identified; Article 4 for uncovered expression
flan,niv2_zsopt_data__task1094_ted_translation_en_pt.parquet,25000,2059495,411899.0,niv2_zsopt,,,,,,,,,,,,,flan_submixture,flan_collection_uncovered_expression,direct terms where identified; Article 4 for uncovered expression
flan,niv2_zsopt_data__task1095_ted_translation_ja_gl.parquet,25000,2093935,418787.0,niv2_zsopt,,,,,,,,,,,,,flan_submixture,flan_collection_uncovered_expression,direct terms where identified; Article 4 for uncovered expression
flan,niv2_zsopt_data__task1096_ted_translation_ja_it.parquet,25000,2106444,421288.8,niv2_zsopt,,,,,,,,,,,,,flan_submixture,flan_collection_uncovered_expression,direct terms where identified; Article 4 for uncovered expression
flan,niv2_zsopt_data__task1097_ted_translation_ja_pl.parquet,25000,2145079,429015.8,niv2_zsopt,,,,,,,,,,,,,flan_submixture,flan_collection_uncovered_expression,direct terms where identified; Article 4 for uncovered expression
flan,niv2_zsopt_data__task1098_ted_translation_ja_fa.parquet,25000,2314969,462993.8,niv2_zsopt,,,,,,,,,,,,,flan_submixture,flan_collection_uncovered_expression,direct terms where identified; Article 4 for uncovered expression
flan,niv2_zsopt_data__task1099_ted_translation_ja_pt.parquet,25000,2024012,404802.4,niv2_zsopt,,,,,,,,,,,,,flan_submixture,flan_collection_uncovered_expression,direct terms where identified; Article 4 for uncovered expression
flan,niv2_zsopt_data__task1100_ted_translation_es_gl.parquet,25000,2149098,429819.6,niv2_zsopt,,,,,,,,,,,,,flan_submixture,flan_collection_uncovered_expression,direct terms where identified; Article 4 for uncovered expression
flan,niv2_zsopt_data__task1101_ted_translation_es_it.parquet,25000,2177243,435448.6,niv2_zsopt,,,,,,,,,,,,,flan_submixture,flan_collection_uncovered_expression,direct terms where identified; Article 4 for uncovered expression
flan,niv2_zsopt_data__task1102_ted_translation_es_pl.parquet,25000,2226846,445369.2,niv2_zsopt,,,,,,,,,,,,,flan_submixture,flan_collection_uncovered_expression,direct terms where identified; Article 4 for uncovered expression
flan,niv2_zsopt_data__task1103_ted_translation_es_fa.parquet,25000,2384557,476911.4,niv2_zsopt,,,,,,,,,,,,,flan_submixture,flan_collection_uncovered_expression,direct terms where identified; Article 4 for uncovered expression
flan,niv2_zsopt_data__task1104_ted_translation_es_pt.parquet,25000,2057506,411501.2,niv2_zsopt,,,,,,,,,,,,,flan_submixture,flan_collection_uncovered_expression,direct terms where identified; Article 4 for uncovered expression
flan,niv2_zsopt_data__task1105_ted_translation_ar_gl.parquet,25000,2273794,454758.8,niv2_zsopt,,,,,,,,,,,,,flan_submixture,flan_collection_uncovered_expression,direct terms where identified; Article 4 for uncovered expression
flan,niv2_zsopt_data__task1106_ted_translation_ar_it.parquet,25000,2323666,464733.2,niv2_zsopt,,,,,,,,,,,,,flan_submixture,flan_collection_uncovered_expression,direct terms where identified; Article 4 for uncovered expression
flan,niv2_zsopt_data__task1107_ted_translation_ar_pl.parquet,25000,2350389,470077.8,niv2_zsopt,,,,,,,,,,,,,flan_submixture,flan_collection_uncovered_expression,direct terms where identified; Article 4 for uncovered expression
flan,niv2_zsopt_data__task1108_ted_translation_ar_fa.parquet,25000,2499271,499854.2,niv2_zsopt,,,,,,,,,,,,,flan_submixture,flan_collection_uncovered_expression,direct terms where identified; Article 4 for uncovered expression
flan,niv2_zsopt_data__task1109_ted_translation_ar_pt.parquet,25000,2173392,434678.4,niv2_zsopt,,,,,,,,,,,,,flan_submixture,flan_collection_uncovered_expression,direct terms where identified; Article 4 for uncovered expression
flan,niv2_zsopt_data__task110_logic2text_sentence_generation.parquet,25000,16957549,3391509.8,niv2_zsopt,,,,,,,,,,,,,flan_submixture,flan_collection_uncovered_expression,direct terms where identified; Article 4 for uncovered expression
flan,niv2_zsopt_data__task1110_ted_translation_he_gl.parquet,25000,2408369,481673.8,niv2_zsopt,,,,,,,,,,,,,flan_submixture,flan_collection_uncovered_expression,direct terms where identified; Article 4 for uncovered expression
flan,niv2_zsopt_data__task1111_ted_translation_he_it.parquet,25000,2467213,493442.6,niv2_zsopt,,,,,,,,,,,,,flan_submixture,flan_collection_uncovered_expression,direct terms where identified; Article 4 for uncovered expression
flan,niv2_zsopt_data__task1112_ted_translation_he_pl.parquet,25000,2443581,488716.2,niv2_zsopt,,,,,,,,,,,,,flan_submixture,flan_collection_uncovered_expression,direct terms where identified; Article 4 for uncovered expression
flan,niv2_zsopt_data__task1113_ted_translation_he_fa.parquet,25000,2681872,536374.4,niv2_zsopt,,,,,,,,,,,,,flan_submixture,flan_collection_uncovered_expression,direct terms where identified; Article 4 for uncovered expression
flan,niv2_zsopt_data__task1114_ted_translation_he_pt.parquet,25000,2317859,463571.8,niv2_zsopt,,,,,,,,,,,,,flan_submixture,flan_collection_uncovered_expression,direct terms where identified; Article 4 for uncovered expression
flan,niv2_zsopt_data__task1115_alt_ja_id_translation.parquet,25000,3039382,607876.4,niv2_zsopt,,,,,,,,,,,,,flan_submixture,flan_collection_uncovered_expression,direct terms where identified; Article 4 for uncovered expression
flan,niv2_zsopt_data__task1116_alt_id_ja_translation.parquet,25000,3107975,621595.0,niv2_zsopt,,,,,,,,,,,,,flan_submixture,flan_collection_uncovered_expression,direct terms where identified; Article 4 for uncovered expression
flan,niv2_zsopt_data__task1117_alt_ja_id_answer_generation.parquet,25000,3600862,720172.4,niv2_zsopt,,,,,,,,,,,,,flan_submixture,flan_collection_uncovered_expression,direct terms where identified; Article 4 for uncovered expression
flan,niv2_zsopt_data__task1118_alt_ja_fil_translation.parquet,25000,3427836,685567.2,niv2_zsopt,,,,,,,,,,,,,flan_submixture,flan_collection_uncovered_expression,direct terms where identified; Article 4 for uncovered expression
flan,niv2_zsopt_data__task1119_alt_fil_ja_translation.parquet,25000,3421176,684235.2,niv2_zsopt,,,,,,,,,,,,,flan_submixture,flan_collection_uncovered_expression,direct terms where identified; Article 4 for uncovered expression
flan,niv2_zsopt_data__task111_asset_sentence_simplification.parquet,10000,1565775,313155.0,niv2_zsopt,,,,,,,,,,,,,flan_submixture,flan_collection_uncovered_expression,direct terms where identified; Article 4 for uncovered expression
flan,niv2_zsopt_data__task1120_alt_ja_fil_answer_generation.parquet,25000,3840179,768035.8,niv2_zsopt,,,,,,,,,,,,,flan_submixture,flan_collection_uncovered_expression,direct terms where identified; Article 4 for uncovered expression
flan,niv2_zsopt_data__task1121_alt_ja_khm_translation.parquet,25000,3867899,773579.8,niv2_zsopt,,,,,,,,,,,,,flan_submixture,flan_collection_uncovered_expression,direct terms where identified; Article 4 for uncovered expression
flan,niv2_zsopt_data__task1122_alt_khm_ja_translation.parquet,25000,3896640,779328.0,niv2_zsopt,,,,,,,,,,,,,flan_submixture,flan_collection_uncovered_expression,direct terms where identified; Article 4 for uncovered expression
flan,niv2_zsopt_data__task1123_alt_ja_khm_answer_generation.parquet,25000,4345075,869015.0,niv2_zsopt,,,,,,,,,,,,,flan_submixture,flan_collection_uncovered_expression,direct terms where identified; Article 4 for uncovered expression
flan,niv2_zsopt_data__task1124_alt_ja_lo_translation.parquet,25000,4055582,811116.4,niv2_zsopt,,,,,,,,,,,,,flan_submixture,flan_collection_uncovered_expression,direct terms where identified; Article 4 for uncovered expression
flan,niv2_zsopt_data__task1125_alt_lo_ja_translation.parquet,25000,4055387,811077.4,niv2_zsopt,,,,,,,,,,,,,flan_submixture,flan_collection_uncovered_expression,direct terms where identified; Article 4 for uncovered expression
flan,niv2_zsopt_data__task1126_alt_ja_lo_answer_generation.parquet,25000,4426454,885290.8,niv2_zsopt,,,,,,,,,,,,,flan_submixture,flan_collection_uncovered_expression,direct terms where identified; Article 4 for uncovered expression
flan,niv2_zsopt_data__task1127_alt_ja_th_translation.parquet,25000,3338357,667671.4,niv2_zsopt,,,,,,,,,,,,,flan_submixture,flan_collection_uncovered_expression,direct terms where identified; Article 4 for uncovered expression
flan,niv2_zsopt_data__task1128_alt_th_ja_translation.parquet,25000,3333468,666693.6,niv2_zsopt,,,,,,,,,,,,,flan_submixture,flan_collection_uncovered_expression,direct terms where identified; Article 4 for uncovered expression
flan,niv2_zsopt_data__task1129_alt_ja_th_answer_generation.parquet,25000,3795069,759013.8,niv2_zsopt,,,,,,,,,,,,,flan_submixture,flan_collection_uncovered_expression,direct terms where identified; Article 4 for uncovered expression
flan,niv2_zsopt_data__task112_asset_simple_sentence_identification.parquet,25000,3849781,769956.2,niv2_zsopt,,,,,,,,,,,,,flan_submixture,flan_collection_uncovered_expression,direct terms where identified; Article 4 for uncovered expression
flan,niv2_zsopt_data__task1130_xcsr_vi_commonsense_mc_classification.parquet,4965,591665,118333.0,niv2_zsopt,,,,,,,,,,,,,flan_submixture,flan_collection_uncovered_expression,direct terms where identified; Article 4 for uncovered expression
flan,niv2_zsopt_data__task1131_xcsr_es_commonsense_mc_classification.parquet,4965,574285,114857.0,niv2_zsopt,,,,,,,,,,,,,flan_submixture,flan_collection_uncovered_expression,direct terms where identified; Article 4 for uncovered expression
flan,niv2_zsopt_data__task1132_xcsr_ur_commonsense_mc_classification.parquet,4965,606580,121316.0,niv2_zsopt,,,,,,,,,,,,,flan_submixture,flan_collection_uncovered_expression,direct terms where identified; Article 4 for uncovered expression
flan,niv2_zsopt_data__task1133_xcsr_nl_commonsense_mc_classification.parquet,4965,592160,118432.0,niv2_zsopt,,,,,,,,,,,,,flan_submixture,flan_collection_uncovered_expression,direct terms where identified; Article 4 for uncovered expression
flan,niv2_zsopt_data__task1134_xcsr_hi_commonsense_mc_classification.parquet,4965,578945,115789.0,niv2_zsopt,,,,,,,,,,,,,flan_submixture,flan_collection_uncovered_expression,direct terms where identified; Article 4 for uncovered expression
flan,niv2_zsopt_data__task1135_xcsr_en_commonsense_mc_classification.parquet,4965,528250,105650.0,niv2_zsopt,,,,,,,,,,,,,flan_submixture,flan_collection_uncovered_expression,direct terms where identified; Article 4 for uncovered expression
flan,niv2_zsopt_data__task1136_xcsr_fr_commonsense_mc_classification.parquet,4965,588900,117780.0,niv2_zsopt,,,,,,,,,,,,,flan_submixture,flan_collection_uncovered_expression,direct terms where identified; Article 4 for uncovered expression
flan,niv2_zsopt_data__task1137_xcsr_pt_commonsense_mc_classification.parquet,4965,580990,116198.0,niv2_zsopt,,,,,,,,,,,,,flan_submixture,flan_collection_uncovered_expression,direct terms where identified; Article 4 for uncovered expression
flan,niv2_zsopt_data__task1138_xcsr_de_commonsense_mc_classification.parquet,4965,579695,115939.0,niv2_zsopt,,,,,,,,,,,,,flan_submixture,flan_collection_uncovered_expression,direct terms where identified; Article 4 for uncovered expression
flan,niv2_zsopt_data__task1139_xcsr_ru_commonsense_mc_classification.parquet,4965,590030,118006.0,niv2_zsopt,,,,,,,,,,,,,flan_submixture,flan_collection_uncovered_expression,direct terms where identified; Article 4 for uncovered expression
flan,niv2_zsopt_data__task113_count_frequency_of_letter.parquet,25000,1646100,329220.0,niv2_zsopt,,,,,,,,,,,,,flan_submixture,flan_collection_uncovered_expression,direct terms where identified; Article 4 for uncovered expression
flan,niv2_zsopt_data__task1140_xcsr_pl_commonsense_mc_classification.parquet,4965,615655,123131.0,niv2_zsopt,,,,,,,,,,,,,flan_submixture,flan_collection_uncovered_expression,direct terms where identified; Article 4 for uncovered expression
flan,niv2_zsopt_data__task1141_xcsr_zh_commonsense_mc_classification.parquet,4965,561265,112253.0,niv2_zsopt,,,,,,,,,,,,,flan_submixture,flan_collection_uncovered_expression,direct terms where identified; Article 4 for uncovered expression
flan,niv2_zsopt_data__task1142_xcsr_ar_commonsense_mc_classification.parquet,4965,598835,119767.0,niv2_zsopt,,,,,,,,,,,,,flan_submixture,flan_collection_uncovered_expression,direct terms where identified; Article 4 for uncovered expression
flan,niv2_zsopt_data__task1143_xcsr_it_commonsense_mc_classification.parquet,4965,581745,116349.0,niv2_zsopt,,,,,,,,,,,,,flan_submixture,flan_collection_uncovered_expression,direct terms where identified; Article 4 for uncovered expression
flan,niv2_zsopt_data__task1144_xcsr_sw_commonsense_mc_classification.parquet,4965,632485,126497.0,niv2_zsopt,,,,,,,,,,,,,flan_submixture,flan_collection_uncovered_expression,direct terms where identified; Article 4 for uncovered expression
flan,niv2_zsopt_data__task1145_xcsr_jap_commonsense_mc_classification.parquet,4965,587415,117483.0,niv2_zsopt,,,,,,,,,,,,,flan_submixture,flan_collection_uncovered_expression,direct terms where identified; Article 4 for uncovered expression
flan,niv2_zsopt_data__task1146_country_capital.parquet,1155,53745,10749.0,niv2_zsopt,,,,,,,,,,,,,flan_submixture,flan_collection_uncovered_expression,direct terms where identified; Article 4 for uncovered expression
flan,niv2_zsopt_data__task1147_country_currency.parquet,1160,51380,10276.0,niv2_zsopt,,,,,,,,,,,,,flan_submixture,flan_collection_uncovered_expression,direct terms where identified; Article 4 for uncovered expression
flan,niv2_zsopt_data__task1148_maximum_ascii_value.parquet,1000,117830,23566.0,niv2_zsopt,,,,,,,,,,,,,flan_submixture,flan_collection_uncovered_expression,direct terms where identified; Article 4 for uncovered expression
flan,niv2_zsopt_data__task1149_item_check_edible.parquet,595,34450,6890.0,niv2_zsopt,,,,,,,,,,,,,flan_submixture,flan_collection_uncovered_expression,direct terms where identified; Article 4 for uncovered expression
flan,niv2_zsopt_data__task114_is_the_given_word_longest.parquet,25000,2845316,569063.2,niv2_zsopt,,,,,,,,,,,,,flan_submixture,flan_collection_uncovered_expression,direct terms where identified; Article 4 for uncovered expression
flan,niv2_zsopt_data__task1150_delete_max_min.parquet,750,212105,42421.0,niv2_zsopt,,,,,,,,,,,,,flan_submixture,flan_collection_uncovered_expression,direct terms where identified; Article 4 for uncovered expression
flan,niv2_zsopt_data__task1151_swap_max_min.parquet,1000,245435,49087.0,niv2_zsopt,,,,,,,,,,,,,flan_submixture,flan_collection_uncovered_expression,direct terms where identified; Article 4 for uncovered expression
flan,niv2_zsopt_data__task1152_bard_analogical_reasoning_causation.parquet,1020,109505,21901.0,niv2_zsopt,,,,,,,,,,,,,flan_submixture,flan_collection_uncovered_expression,direct terms where identified; Article 4 for uncovered expression
flan,niv2_zsopt_data__task1153_bard_analogical_reasoning_affordance.parquet,10090,1323655,264731.0,niv2_zsopt,,,,,,,,,,,,,flan_submixture,flan_collection_uncovered_expression,direct terms where identified; Article 4 for uncovered expression
flan,niv2_zsopt_data__task1154_bard_analogical_reasoning_travel.parquet,4020,390965,78193.0,niv2_zsopt,,,,,,,,,,,,,flan_submixture,flan_collection_uncovered_expression,direct terms where identified; Article 4 for uncovered expression
flan,niv2_zsopt_data__task1155_bard_analogical_reasoning_trash_or_treasure.parquet,2730,387375,77475.0,niv2_zsopt,,,,,,,,,,,,,flan_submixture,flan_collection_uncovered_expression,direct terms where identified; Article 4 for uncovered expression
flan,niv2_zsopt_data__task1156_bard_analogical_reasoning_tools.parquet,3290,316155,63231.0,niv2_zsopt,,,,,,,,,,,,,flan_submixture,flan_collection_uncovered_expression,direct terms where identified; Article 4 for uncovered expression
flan,niv2_zsopt_data__task1157_bard_analogical_reasoning_rooms_for_containers.parquet,4835,446930,89386.0,niv2_zsopt,,,,,,,,,,,,,flan_submixture,flan_collection_uncovered_expression,direct terms where identified; Article 4 for uncovered expression
flan,niv2_zsopt_data__task1158_bard_analogical_reasoning_manipulating_items.parquet,1880,206640,41328.0,niv2_zsopt,,,,,,,,,,,,,flan_submixture,flan_collection_uncovered_expression,direct terms where identified; Article 4 for uncovered expression
flan,niv2_zsopt_data__task1159_bard_analogical_reasoning_containers.parquet,3490,329785,65957.0,niv2_zsopt,,,,,,,,,,,,,flan_submixture,flan_collection_uncovered_expression,direct terms where identified; Article 4 for uncovered expression
flan,niv2_zsopt_data__task115_help_advice_classification.parquet,25000,4663360,932672.0,niv2_zsopt,,,,,,,,,,,,,flan_submixture,flan_collection_uncovered_expression,direct terms where identified; Article 4 for uncovered expression
flan,niv2_zsopt_data__task1161_coda19_title_generation.parquet,25000,10017639,2003527.8,niv2_zsopt,,,,,,,,,,,,,flan_submixture,flan_collection_uncovered_expression,direct terms where identified; Article 4 for uncovered expression
flan,niv2_zsopt_data__task1162_coda19_title_classification.parquet,25000,10310982,2062196.4,niv2_zsopt,,,,,,,,,,,,,flan_submixture,flan_collection_uncovered_expression,direct terms where identified; Article 4 for uncovered expression
flan,niv2_zsopt_data__task1163_coda19_section_classification.parquet,25000,4938085,987617.0,niv2_zsopt,,,,,,,,,,,,,flan_submixture,flan_collection_uncovered_expression,direct terms where identified; Article 4 for uncovered expression
flan,niv2_zsopt_data__task1164_coda19_section_correction_classification.parquet,25000,5767545,1153509.0,niv2_zsopt,,,,,,,,,,,,,flan_submixture,flan_collection_uncovered_expression,direct terms where identified; Article 4 for uncovered expression
flan,niv2_zsopt_data__task1167_penn_treebank_coarse_pos_tagging.parquet,25000,13285481,2657096.2,niv2_zsopt,,,,,,,,,,,,,flan_submixture,flan_collection_uncovered_expression,direct terms where identified; Article 4 for uncovered expression
flan,niv2_zsopt_data__task1168_brown_coarse_pos_tagging.parquet,25000,13220081,2644016.2,niv2_zsopt,,,,,,,,,,,,,flan_submixture,flan_collection_uncovered_expression,direct terms where identified; Article 4 for uncovered expression
flan,niv2_zsopt_data__task1168_xcopa_commonsense_reasoning_ht.parquet,2985,398360,79672.0,niv2_zsopt,,,,,,,,,,,,,flan_submixture,flan_collection_uncovered_expression,direct terms where identified; Article 4 for uncovered expression
flan,niv2_zsopt_data__task1169_xcopa_commonsense_cause_effect_ht.parquet,2985,288065,57613.0,niv2_zsopt,,,,,,,,,,,,,flan_submixture,flan_collection_uncovered_expression,direct terms where identified; Article 4 for uncovered expression
flan,niv2_zsopt_data__task116_com2sense_commonsense_reasoning.parquet,9740,911760,182352.0,niv2_zsopt,,,,,,,,,,,,,flan_submixture,flan_collection_uncovered_expression,direct terms where identified; Article 4 for uncovered expression
flan,niv2_zsopt_data__task1170_xcopa_commonsense_reasoning_id.parquet,2985,379135,75827.0,niv2_zsopt,,,,,,,,,,,,,flan_submixture,flan_collection_uncovered_expression,direct terms where identified; Article 4 for uncovered expression
flan,niv2_zsopt_data__task1171_xcopa_commonsense_cause_effect_id.parquet,2985,273900,54780.0,niv2_zsopt,,,,,,,,,,,,,flan_submixture,flan_collection_uncovered_expression,direct terms where identified; Article 4 for uncovered expression
flan,niv2_zsopt_data__task1172_xcopa_commonsense_reasoning_it.parquet,2985,390325,78065.0,niv2_zsopt,,,,,,,,,,,,,flan_submixture,flan_collection_uncovered_expression,direct terms where identified; Article 4 for uncovered expression
flan,niv2_zsopt_data__task1173_xcopa_commonsense_cause_effect_it.parquet,2985,280990,56198.0,niv2_zsopt,,,,,,,,,,,,,flan_submixture,flan_collection_uncovered_expression,direct terms where identified; Article 4 for uncovered expression
flan,niv2_zsopt_data__task1174_xcopa_commonsense_reasoning_sw.parquet,2985,405310,81062.0,niv2_zsopt,,,,,,,,,,,,,flan_submixture,flan_collection_uncovered_expression,direct terms where identified; Article 4 for uncovered expression
flan,niv2_zsopt_data__task1175_xcopa_commonsense_cause_effect_sw.parquet,2985,293995,58799.0,niv2_zsopt,,,,,,,,,,,,,flan_submixture,flan_collection_uncovered_expression,direct terms where identified; Article 4 for uncovered expression
flan,niv2_zsopt_data__task1176_xcopa_commonsense_reasoning_ta.parquet,2985,402940,80588.0,niv2_zsopt,,,,,,,,,,,,,flan_submixture,flan_collection_uncovered_expression,direct terms where identified; Article 4 for uncovered expression
flan,niv2_zsopt_data__task1177_xcopa_commonsense_cause_effect_ta.parquet,2985,286670,57334.0,niv2_zsopt,,,,,,,,,,,,,flan_submixture,flan_collection_uncovered_expression,direct terms where identified; Article 4 for uncovered expression
flan,niv2_zsopt_data__task1178_xcopa_commonsense_reasoning_th.parquet,2985,376450,75290.0,niv2_zsopt,,,,,,,,,,,,,flan_submixture,flan_collection_uncovered_expression,direct terms where identified; Article 4 for uncovered expression
flan,niv2_zsopt_data__task1179_xcopa_commonsense_cause_effect_th.parquet,2985,271145,54229.0,niv2_zsopt,,,,,,,,,,,,,flan_submixture,flan_collection_uncovered_expression,direct terms where identified; Article 4 for uncovered expression
flan,niv2_zsopt_data__task117_spl_translation_en_de.parquet,1790,463515,92703.0,niv2_zsopt,,,,,,,,,,,,,flan_submixture,flan_collection_uncovered_expression,direct terms where identified; Article 4 for uncovered expression
flan,niv2_zsopt_data__task1180_xcopa_commonsense_reasoning_tr.parquet,2985,382720,76544.0,niv2_zsopt,,,,,,,,,,,,,flan_submixture,flan_collection_uncovered_expression,direct terms where identified; Article 4 for uncovered expression
flan,niv2_zsopt_data__task1181_xcopa_commonsense_cause_effect_tr.parquet,2985,275085,55017.0,niv2_zsopt,,,,,,,,,,,,,flan_submixture,flan_collection_uncovered_expression,direct terms where identified; Article 4 for uncovered expression
flan,niv2_zsopt_data__task1182_xcopa_commonsense_reasoning_vi.parquet,2985,381220,76244.0,niv2_zsopt,,,,,,,,,,,,,flan_submixture,flan_collection_uncovered_expression,direct terms where identified; Article 4 for uncovered expression
flan,niv2_zsopt_data__task1183_xcopa_commonsense_cause_effect_vi.parquet,2985,275935,55187.0,niv2_zsopt,,,,,,,,,,,,,flan_submixture,flan_collection_uncovered_expression,direct terms where identified; Article 4 for uncovered expression
flan,niv2_zsopt_data__task1184_xcopa_commonsense_reasoning_zh.parquet,2985,365200,73040.0,niv2_zsopt,,,,,,,,,,,,,flan_submixture,flan_collection_uncovered_expression,direct terms where identified; Article 4 for uncovered expression
flan,niv2_zsopt_data__task1185_xcopa_commonsense_cause_effect_zh.parquet,2985,266050,53210.0,niv2_zsopt,,,,,,,,,,,,,flan_submixture,flan_collection_uncovered_expression,direct terms where identified; Article 4 for uncovered expression
flan,niv2_zsopt_data__task1186_nne_hrngo_classification.parquet,15845,1645110,329022.0,niv2_zsopt,,,,,,,,,,,,,flan_submixture,flan_collection_uncovered_expression,direct terms where identified; Article 4 for uncovered expression
flan,niv2_zsopt_data__task1187_politifact_classification.parquet,25000,3365795,673159.0,niv2_zsopt,,,,,,,,,,,,,flan_submixture,flan_collection_uncovered_expression,direct terms where identified; Article 4 for uncovered expression
flan,niv2_zsopt_data__task1188_count_max_freq_char.parquet,980,90655,18131.0,niv2_zsopt,,,,,,,,,,,,,flan_submixture,flan_collection_uncovered_expression,direct terms where identified; Article 4 for uncovered expression
flan,niv2_zsopt_data__task1189_check_char_in_string.parquet,980,84300,16860.0,niv2_zsopt,,,,,,,,,,,,,flan_submixture,flan_collection_uncovered_expression,direct terms where identified; Article 4 for uncovered expression
flan,niv2_zsopt_data__task118_semeval_2019_task10_open_vocabulary_mathematical_answer_generation.parquet,1215,300020,60004.0,niv2_zsopt,,,,,,,,,,,,,flan_submixture,flan_collection_uncovered_expression,direct terms where identified; Article 4 for uncovered expression
flan,niv2_zsopt_data__task1190_add_integer_to_list.parquet,980,242275,48455.0,niv2_zsopt,,,,,,,,,,,,,flan_submixture,flan_collection_uncovered_expression,direct terms where identified; Article 4 for uncovered expression
flan,niv2_zsopt_data__task1191_food_veg_nonveg.parquet,505,34045,6809.0,niv2_zsopt,,,,,,,,,,,,,flan_submixture,flan_collection_uncovered_expression,direct terms where identified; Article 4 for uncovered expression
flan,niv2_zsopt_data__task1192_food_flavor_profile.parquet,1085,60770,12154.0,niv2_zsopt,,,,,,,,,,,,,flan_submixture,flan_collection_uncovered_expression,direct terms where identified; Article 4 for uncovered expression
flan,niv2_zsopt_data__task1193_food_course_classification.parquet,1100,68135,13627.0,niv2_zsopt,,,,,,,,,,,,,flan_submixture,flan_collection_uncovered_expression,direct terms where identified; Article 4 for uncovered expression
flan,niv2_zsopt_data__task1194_kth_largest_element.parquet,1000,150535,30107.0,niv2_zsopt,,,,,,,,,,,,,flan_submixture,flan_collection_uncovered_expression,direct terms where identified; Article 4 for uncovered expression
flan,niv2_zsopt_data__task1195_disflqa_disfluent_to_fluent_conversion.parquet,25000,1865929,373185.8,niv2_zsopt,,,,,,,,,,,,,flan_submixture,flan_collection_uncovered_expression,direct terms where identified; Article 4 for uncovered expression
flan,niv2_zsopt_data__task1196_atomic_classification_oeffect.parquet,25000,4992463,998492.6,niv2_zsopt,,,,,,,,,,,,,flan_submixture,flan_collection_uncovered_expression,direct terms where identified; Article 4 for uncovered expression
flan,niv2_zsopt_data__task1197_atomic_classification_oreact.parquet,25000,5421752,1084350.4,niv2_zsopt,,,,,,,,,,,,,flan_submixture,flan_collection_uncovered_expression,direct terms where identified; Article 4 for uncovered expression
flan,niv2_zsopt_data__task1198_atomic_classification_owant.parquet,25000,5397083,1079416.6,niv2_zsopt,,,,,,,,,,,,,flan_submixture,flan_collection_uncovered_expression,direct terms where identified; Article 4 for uncovered expression
flan,niv2_zsopt_data__task1199_atomic_classification_xattr.parquet,25000,5992309,1198461.8,niv2_zsopt,,,,,,,,,,,,,flan_submixture,flan_collection_uncovered_expression,direct terms where identified; Article 4 for uncovered expression
flan,niv2_zsopt_data__task119_semeval_2019_task10_geometric_mathematical_answer_generation.parquet,655,140575,28115.0,niv2_zsopt,,,,,,,,,,,,,flan_submixture,flan_collection_uncovered_expression,direct terms where identified; Article 4 for uncovered expression
flan,niv2_zsopt_data__task1200_atomic_classification_xeffect.parquet,25000,4543208,908641.6,niv2_zsopt,,,,,,,,,,,,,flan_submixture,flan_collection_uncovered_expression,direct terms where identified; Article 4 for uncovered expression
flan,niv2_zsopt_data__task1201_atomic_classification_xintent.parquet,25000,5152191,1030438.2,niv2_zsopt,,,,,,,,,,,,,flan_submixture,flan_collection_uncovered_expression,direct terms where identified; Article 4 for uncovered expression
flan,niv2_zsopt_data__task1202_atomic_classification_xneed.parquet,25000,4952818,990563.6,niv2_zsopt,,,,,,,,,,,,,flan_submixture,flan_collection_uncovered_expression,direct terms where identified; Article 4 for uncovered expression
flan,niv2_zsopt_data__task1203_atomic_classification_xreact.parquet,25000,5284511,1056902.2,niv2_zsopt,,,,,,,,,,,,,flan_submixture,flan_collection_uncovered_expression,direct terms where identified; Article 4 for uncovered expression
flan,niv2_zsopt_data__task1204_atomic_classification_hinderedby.parquet,25000,5190142,1038028.4,niv2_zsopt,,,,,,,,,,,,,flan_submixture,flan_collection_uncovered_expression,direct terms where identified; Article 4 for uncovered expression
flan,niv2_zsopt_data__task1205_atomic_classification_isafter.parquet,25000,3964686,792937.2,niv2_zsopt,,,,,,,,,,,,,flan_submixture,flan_collection_uncovered_expression,direct terms where identified; Article 4 for uncovered expression
flan,niv2_zsopt_data__task1206_atomic_classification_isbefore.parquet,25000,3967468,793493.6,niv2_zsopt,,,,,,,,,,,,,flan_submixture,flan_collection_uncovered_expression,direct terms where identified; Article 4 for uncovered expression
flan,niv2_zsopt_data__task1207_atomic_classification_atlocation.parquet,25000,4049263,809852.6,niv2_zsopt,,,,,,,,,,,,,flan_submixture,flan_collection_uncovered_expression,direct terms where identified; Article 4 for uncovered expression
flan,niv2_zsopt_data__task1208_atomic_classification_xreason.parquet,3660,692960,138592.0,niv2_zsopt,,,,,,,,,,,,,flan_submixture,flan_collection_uncovered_expression,direct terms where identified; Article 4 for uncovered expression
flan,niv2_zsopt_data__task1209_atomic_classification_objectuse.parquet,25000,4981166,996233.2,niv2_zsopt,,,,,,,,,,,,,flan_submixture,flan_collection_uncovered_expression,direct terms where identified; Article 4 for uncovered expression
flan,niv2_zsopt_data__task120_zest_text_modification.parquet,705,182955,36591.0,niv2_zsopt,,,,,,,,,,,,,flan_submixture,flan_collection_uncovered_expression,direct terms where identified; Article 4 for uncovered expression
flan,niv2_zsopt_data__task1210_atomic_classification_madeupof.parquet,25000,4001923,800384.6,niv2_zsopt,,,,,,,,,,,,,flan_submixture,flan_collection_uncovered_expression,direct terms where identified; Article 4 for uncovered expression
flan,niv2_zsopt_data__task1211_atomic_classification_hassubevent.parquet,25000,4322799,864559.8,niv2_zsopt,,,,,,,,,,,,,flan_submixture,flan_collection_uncovered_expression,direct terms where identified; Article 4 for uncovered expression
flan,niv2_zsopt_data__task1212_atomic_classification_hasproperty.parquet,25000,5486323,1097264.6,niv2_zsopt,,,,,,,,,,,,,flan_submixture,flan_collection_uncovered_expression,direct terms where identified; Article 4 for uncovered expression
flan,niv2_zsopt_data__task1213_atomic_classification_desires.parquet,25000,4486968,897393.6,niv2_zsopt,,,,,,,,,,,,,flan_submixture,flan_collection_uncovered_expression,direct terms where identified; Article 4 for uncovered expression
flan,niv2_zsopt_data__task1214_atomic_classification_xwant.parquet,25000,5209378,1041875.6,niv2_zsopt,,,,,,,,,,,,,flan_submixture,flan_collection_uncovered_expression,direct terms where identified; Article 4 for uncovered expression
flan,niv2_zsopt_data__task1215_atomic_classification_capableof.parquet,25000,4839932,967986.4,niv2_zsopt,,,,,,,,,,,,,flan_submixture,flan_collection_uncovered_expression,direct terms where identified; Article 4 for uncovered expression
flan,niv2_zsopt_data__task1216_atomic_classification_causes.parquet,3495,532245,106449.0,niv2_zsopt,,,,,,,,,,,,,flan_submixture,flan_collection_uncovered_expression,direct terms where identified; Article 4 for uncovered expression
flan,niv2_zsopt_data__task1217_atomic_answer_generation.parquet,22175,1823170,364634.0,niv2_zsopt,,,,,,,,,,,,,flan_submixture,flan_collection_uncovered_expression,direct terms where identified; Article 4 for uncovered expression
flan,niv2_zsopt_data__task1218_ted_translation_en_ja.parquet,25000,2068913,413782.6,niv2_zsopt,,,,,,,,,,,,,flan_submixture,flan_collection_uncovered_expression,direct terms where identified; Article 4 for uncovered expression
flan,niv2_zsopt_data__task1219_ted_translation_en_es.parquet,25000,2113100,422620.0,niv2_zsopt,,,,,,,,,,,,,flan_submixture,flan_collection_uncovered_expression,direct terms where identified; Article 4 for uncovered expression
flan,niv2_zsopt_data__task121_zest_text_modification.parquet,635,224355,44871.0,niv2_zsopt,,,,,,,,,,,,,flan_submixture,flan_collection_uncovered_expression,direct terms where identified; Article 4 for uncovered expression
flan,niv2_zsopt_data__task1220_ted_translation_en_ar.parquet,25000,2257807,451561.4,niv2_zsopt,,,,,,,,,,,,,flan_submixture,flan_collection_uncovered_expression,direct terms where identified; Article 4 for uncovered expression
flan,niv2_zsopt_data__task1221_ted_translation_en_he.parquet,25000,2406795,481359.0,niv2_zsopt,,,,,,,,,,,,,flan_submixture,flan_collection_uncovered_expression,direct terms where identified; Article 4 for uncovered expression
flan,niv2_zsopt_data__task1222_ted_translation_ja_en.parquet,25000,2075892,415178.4,niv2_zsopt,,,,,,,,,,,,,flan_submixture,flan_collection_uncovered_expression,direct terms where identified; Article 4 for uncovered expression
flan,niv2_zsopt_data__task1223_ted_translation_ja_es.parquet,25000,2070285,414057.0,niv2_zsopt,,,,,,,,,,,,,flan_submixture,flan_collection_uncovered_expression,direct terms where identified; Article 4 for uncovered expression
flan,niv2_zsopt_data__task1224_ted_translation_ja_ar.parquet,25000,2200109,440021.8,niv2_zsopt,,,,,,,,,,,,,flan_submixture,flan_collection_uncovered_expression,direct terms where identified; Article 4 for uncovered expression
flan,niv2_zsopt_data__task1225_ted_translation_ja_he.parquet,25000,2347313,469462.6,niv2_zsopt,,,,,,,,,,,,,flan_submixture,flan_collection_uncovered_expression,direct terms where identified; Article 4 for uncovered expression
flan,niv2_zsopt_data__task1226_ted_translation_es_en.parquet,25000,2113782,422756.4,niv2_zsopt,,,,,,,,,,,,,flan_submixture,flan_collection_uncovered_expression,direct terms where identified; Article 4 for uncovered expression
flan,niv2_zsopt_data__task1227_ted_translation_es_ja.parquet,25000,2065193,413038.6,niv2_zsopt,,,,,,,,,,,,,flan_submixture,flan_collection_uncovered_expression,direct terms where identified; Article 4 for uncovered expression
flan,niv2_zsopt_data__task1228_ted_translation_es_ar.parquet,25000,2277944,455588.8,niv2_zsopt,,,,,,,,,,,,,flan_submixture,flan_collection_uncovered_expression,direct terms where identified; Article 4 for uncovered expression
flan,niv2_zsopt_data__task1229_ted_translation_es_he.parquet,25000,2405463,481092.6,niv2_zsopt,,,,,,,,,,,,,flan_submixture,flan_collection_uncovered_expression,direct terms where identified; Article 4 for uncovered expression
flan,niv2_zsopt_data__task122_conala_list_index_addition.parquet,25000,7570760,1514152.0,niv2_zsopt,,,,,,,,,,,,,flan_submixture,flan_collection_uncovered_expression,direct terms where identified; Article 4 for uncovered expression
flan,niv2_zsopt_data__task1230_ted_translation_ar_en.parquet,25000,2254146,450829.2,niv2_zsopt,,,,,,,,,,,,,flan_submixture,flan_collection_uncovered_expression,direct terms where identified; Article 4 for uncovered expression
flan,niv2_zsopt_data__task1231_ted_translation_ar_ja.parquet,25000,2186007,437201.4,niv2_zsopt,,,,,,,,,,,,,flan_submixture,flan_collection_uncovered_expression,direct terms where identified; Article 4 for uncovered expression
flan,niv2_zsopt_data__task1232_ted_translation_ar_es.parquet,25000,2272698,454539.6,niv2_zsopt,,,,,,,,,,,,,flan_submixture,flan_collection_uncovered_expression,direct terms where identified; Article 4 for uncovered expression
flan,niv2_zsopt_data__task1233_ted_translation_ar_he.parquet,25000,2520815,504163.0,niv2_zsopt,,,,,,,,,,,,,flan_submixture,flan_collection_uncovered_expression,direct terms where identified; Article 4 for uncovered expression
flan,niv2_zsopt_data__task1234_ted_translation_he_en.parquet,25000,2404458,480891.6,niv2_zsopt,,,,,,,,,,,,,flan_submixture,flan_collection_uncovered_expression,direct terms where identified; Article 4 for uncovered expression
flan,niv2_zsopt_data__task1235_ted_translation_he_ja.parquet,25000,2335235,467047.0,niv2_zsopt,,,,,,,,,,,,,flan_submixture,flan_collection_uncovered_expression,direct terms where identified; Article 4 for uncovered expression
flan,niv2_zsopt_data__task1236_ted_translation_he_es.parquet,25000,2402801,480560.2,niv2_zsopt,,,,,,,,,,,,,flan_submixture,flan_collection_uncovered_expression,direct terms where identified; Article 4 for uncovered expression
flan,niv2_zsopt_data__task1237_ted_translation_he_ar.parquet,25000,2523513,504702.6,niv2_zsopt,,,,,,,,,,,,,flan_submixture,flan_collection_uncovered_expression,direct terms where identified; Article 4 for uncovered expression
flan,niv2_zsopt_data__task1238_ted_translation_gl_en.parquet,25000,2150118,430023.6,niv2_zsopt,,,,,,,,,,,,,flan_submixture,flan_collection_uncovered_expression,direct terms where identified; Article 4 for uncovered expression
flan,niv2_zsopt_data__task1239_ted_translation_gl_ja.parquet,25000,2110627,422125.4,niv2_zsopt,,,,,,,,,,,,,flan_submixture,flan_collection_uncovered_expression,direct terms where identified; Article 4 for uncovered expression
flan,niv2_zsopt_data__task123_conala_sort_dictionary.parquet,25000,6865860,1373172.0,niv2_zsopt,,,,,,,,,,,,,flan_submixture,flan_collection_uncovered_expression,direct terms where identified; Article 4 for uncovered expression
flan,niv2_zsopt_data__task1240_ted_translation_gl_es.parquet,25000,2174100,434820.0,niv2_zsopt,,,,,,,,,,,,,flan_submixture,flan_collection_uncovered_expression,direct terms where identified; Article 4 for uncovered expression
flan,niv2_zsopt_data__task1241_ted_translation_gl_ar.parquet,25000,2306681,461336.2,niv2_zsopt,,,,,,,,,,,,,flan_submixture,flan_collection_uncovered_expression,direct terms where identified; Article 4 for uncovered expression
flan,niv2_zsopt_data__task1242_ted_translation_gl_he.parquet,25000,2429923,485984.6,niv2_zsopt,,,,,,,,,,,,,flan_submixture,flan_collection_uncovered_expression,direct terms where identified; Article 4 for uncovered expression
flan,niv2_zsopt_data__task1243_ted_translation_gl_it.parquet,25000,2217314,443462.8,niv2_zsopt,,,,,,,,,,,,,flan_submixture,flan_collection_uncovered_expression,direct terms where identified; Article 4 for uncovered expression
flan,niv2_zsopt_data__task1244_ted_translation_gl_pl.parquet,25000,2242371,448474.2,niv2_zsopt,,,,,,,,,,,,,flan_submixture,flan_collection_uncovered_expression,direct terms where identified; Article 4 for uncovered expression
flan,niv2_zsopt_data__task1245_ted_translation_gl_fa.parquet,25000,2416240,483248.0,niv2_zsopt,,,,,,,,,,,,,flan_submixture,flan_collection_uncovered_expression,direct terms where identified; Article 4 for uncovered expression
flan,niv2_zsopt_data__task1246_ted_translation_gl_pt.parquet,13775,1170125,234025.0,niv2_zsopt,,,,,,,,,,,,,flan_submixture,flan_collection_uncovered_expression,direct terms where identified; Article 4 for uncovered expression
flan,niv2_zsopt_data__task1247_ted_translation_it_en.parquet,25000,2192951,438590.2,niv2_zsopt,,,,,,,,,,,,,flan_submixture,flan_collection_uncovered_expression,direct terms where identified; Article 4 for uncovered expression
flan,niv2_zsopt_data__task1248_ted_translation_it_ja.parquet,25000,2096664,419332.8,niv2_zsopt,,,,,,,,,,,,,flan_submixture,flan_collection_uncovered_expression,direct terms where identified; Article 4 for uncovered expression
flan,niv2_zsopt_data__task1249_ted_translation_it_es.parquet,25000,2175518,435103.6,niv2_zsopt,,,,,,,,,,,,,flan_submixture,flan_collection_uncovered_expression,direct terms where identified; Article 4 for uncovered expression
flan,niv2_zsopt_data__task124_conala_pair_averages.parquet,24995,4443830,888766.0,niv2_zsopt,,,,,,,,,,,,,flan_submixture,flan_collection_uncovered_expression,direct terms where identified; Article 4 for uncovered expression
flan,niv2_zsopt_data__task1250_ted_translation_it_ar.parquet,25000,2332830,466566.0,niv2_zsopt,,,,,,,,,,,,,flan_submixture,flan_collection_uncovered_expression,direct terms where identified; Article 4 for uncovered expression
flan,niv2_zsopt_data__task1251_ted_translation_it_he.parquet,25000,2466970,493394.0,niv2_zsopt,,,,,,,,,,,,,flan_submixture,flan_collection_uncovered_expression,direct terms where identified; Article 4 for uncovered expression
flan,niv2_zsopt_data__task1252_ted_translation_it_gl.parquet,25000,2189696,437939.2,niv2_zsopt,,,,,,,,,,,,,flan_submixture,flan_collection_uncovered_expression,direct terms where identified; Article 4 for uncovered expression
flan,niv2_zsopt_data__task1253_ted_translation_it_pl.parquet,25000,2267250,453450.0,niv2_zsopt,,,,,,,,,,,,,flan_submixture,flan_collection_uncovered_expression,direct terms where identified; Article 4 for uncovered expression
flan,niv2_zsopt_data__task1254_ted_translation_it_fa.parquet,25000,2426712,485342.4,niv2_zsopt,,,,,,,,,,,,,flan_submixture,flan_collection_uncovered_expression,direct terms where identified; Article 4 for uncovered expression
flan,niv2_zsopt_data__task1255_ted_translation_it_pt.parquet,25000,2104723,420944.6,niv2_zsopt,,,,,,,,,,,,,flan_submixture,flan_collection_uncovered_expression,direct terms where identified; Article 4 for uncovered expression
flan,niv2_zsopt_data__task1256_ted_translation_pl_en.parquet,25000,2209815,441963.0,niv2_zsopt,,,,,,,,,,,,,flan_submixture,flan_collection_uncovered_expression,direct terms where identified; Article 4 for uncovered expression
flan,niv2_zsopt_data__task1257_ted_translation_pl_ja.parquet,25000,2140283,428056.6,niv2_zsopt,,,,,,,,,,,,,flan_submixture,flan_collection_uncovered_expression,direct terms where identified; Article 4 for uncovered expression
flan,niv2_zsopt_data__task1258_ted_translation_pl_es.parquet,25000,2227909,445581.8,niv2_zsopt,,,,,,,,,,,,,flan_submixture,flan_collection_uncovered_expression,direct terms where identified; Article 4 for uncovered expression
flan,niv2_zsopt_data__task1259_ted_translation_pl_ar.parquet,25000,2355964,471192.8,niv2_zsopt,,,,,,,,,,,,,flan_submixture,flan_collection_uncovered_expression,direct terms where identified; Article 4 for uncovered expression
flan,niv2_zsopt_data__task125_conala_pair_differences.parquet,24990,3281875,656375.0,niv2_zsopt,,,,,,,,,,,,,flan_submixture,flan_collection_uncovered_expression,direct terms where identified; Article 4 for uncovered expression
flan,niv2_zsopt_data__task1260_ted_translation_pl_he.parquet,25000,2445918,489183.6,niv2_zsopt,,,,,,,,,,,,,flan_submixture,flan_collection_uncovered_expression,direct terms where identified; Article 4 for uncovered expression
flan,niv2_zsopt_data__task1261_ted_translation_pl_gl.parquet,25000,2219738,443947.6,niv2_zsopt,,,,,,,,,,,,,flan_submixture,flan_collection_uncovered_expression,direct terms where identified; Article 4 for uncovered expression
flan,niv2_zsopt_data__task1262_ted_translation_pl_it.parquet,25000,2271687,454337.4,niv2_zsopt,,,,,,,,,,,,,flan_submixture,flan_collection_uncovered_expression,direct terms where identified; Article 4 for uncovered expression
flan,niv2_zsopt_data__task1263_ted_translation_pl_fa.parquet,25000,2472557,494511.4,niv2_zsopt,,,,,,,,,,,,,flan_submixture,flan_collection_uncovered_expression,direct terms where identified; Article 4 for uncovered expression
flan,niv2_zsopt_data__task1264_ted_translation_pl_pt.parquet,25000,2173481,434696.2,niv2_zsopt,,,,,,,,,,,,,flan_submixture,flan_collection_uncovered_expression,direct terms where identified; Article 4 for uncovered expression
flan,niv2_zsopt_data__task1265_ted_translation_fa_en.parquet,25000,2374608,474921.6,niv2_zsopt,,,,,,,,,,,,,flan_submixture,flan_collection_uncovered_expression,direct terms where identified; Article 4 for uncovered expression
flan,niv2_zsopt_data__task1266_ted_translation_fa_ja.parquet,25000,2304770,460954.0,niv2_zsopt,,,,,,,,,,,,,flan_submixture,flan_collection_uncovered_expression,direct terms where identified; Article 4 for uncovered expression
flan,niv2_zsopt_data__task1267_ted_translation_fa_es.parquet,25000,2377657,475531.4,niv2_zsopt,,,,,,,,,,,,,flan_submixture,flan_collection_uncovered_expression,direct terms where identified; Article 4 for uncovered expression
flan,niv2_zsopt_data__task1268_ted_translation_fa_ar.parquet,25000,2501827,500365.4,niv2_zsopt,,,,,,,,,,,,,flan_submixture,flan_collection_uncovered_expression,direct terms where identified; Article 4 for uncovered expression
flan,niv2_zsopt_data__task1269_ted_translation_fa_he.parquet,25000,2681085,536217.0,niv2_zsopt,,,,,,,,,,,,,flan_submixture,flan_collection_uncovered_expression,direct terms where identified; Article 4 for uncovered expression
flan,niv2_zsopt_data__task126_scan_structured_text_generation_command_action_all.parquet,25000,8916782,1783356.4,niv2_zsopt,,,,,,,,,,,,,flan_submixture,flan_collection_uncovered_expression,direct terms where identified; Article 4 for uncovered expression
flan,niv2_zsopt_data__task1270_ted_translation_fa_gl.parquet,25000,2389576,477915.2,niv2_zsopt,,,,,,,,,,,,,flan_submixture,flan_collection_uncovered_expression,direct terms where identified; Article 4 for uncovered expression
flan,niv2_zsopt_data__task1271_ted_translation_fa_it.parquet,25000,2422890,484578.0,niv2_zsopt,,,,,,,,,,,,,flan_submixture,flan_collection_uncovered_expression,direct terms where identified; Article 4 for uncovered expression
flan,niv2_zsopt_data__task1272_ted_translation_fa_pl.parquet,25000,2470707,494141.4,niv2_zsopt,,,,,,,,,,,,,flan_submixture,flan_collection_uncovered_expression,direct terms where identified; Article 4 for uncovered expression
flan,niv2_zsopt_data__task1273_ted_translation_fa_pt.parquet,25000,2291059,458211.8,niv2_zsopt,,,,,,,,,,,,,flan_submixture,flan_collection_uncovered_expression,direct terms where identified; Article 4 for uncovered expression
flan,niv2_zsopt_data__task1274_ted_translation_pt_en.parquet,25000,2031663,406332.6,niv2_zsopt,,,,,,,,,,,,,flan_submixture,flan_collection_uncovered_expression,direct terms where identified; Article 4 for uncovered expression
flan,niv2_zsopt_data__task1275_ted_translation_pt_ja.parquet,25000,1984374,396874.8,niv2_zsopt,,,,,,,,,,,,,flan_submixture,flan_collection_uncovered_expression,direct terms where identified; Article 4 for uncovered expression
flan,niv2_zsopt_data__task1276_ted_translation_pt_es.parquet,25000,2034938,406987.6,niv2_zsopt,,,,,,,,,,,,,flan_submixture,flan_collection_uncovered_expression,direct terms where identified; Article 4 for uncovered expression
flan,niv2_zsopt_data__task1277_ted_translation_pt_ar.parquet,25000,2151506,430301.2,niv2_zsopt,,,,,,,,,,,,,flan_submixture,flan_collection_uncovered_expression,direct terms where identified; Article 4 for uncovered expression
flan,niv2_zsopt_data__task1278_ted_translation_pt_he.parquet,25000,2298438,459687.6,niv2_zsopt,,,,,,,,,,,,,flan_submixture,flan_collection_uncovered_expression,direct terms where identified; Article 4 for uncovered expression
flan,niv2_zsopt_data__task1279_ted_translation_pt_gl.parquet,13770,1137870,227574.0,niv2_zsopt,,,,,,,,,,,,,flan_submixture,flan_collection_uncovered_expression,direct terms where identified; Article 4 for uncovered expression
flan,niv2_zsopt_data__task127_scan_long_text_generation_action_command_all.parquet,25000,8904373,1780874.6,niv2_zsopt,,,,,,,,,,,,,flan_submixture,flan_collection_uncovered_expression,direct terms where identified; Article 4 for uncovered expression
flan,niv2_zsopt_data__task1280_ted_translation_pt_it.parquet,25000,2080667,416133.4,niv2_zsopt,,,,,,,,,,,,,flan_submixture,flan_collection_uncovered_expression,direct terms where identified; Article 4 for uncovered expression
flan,niv2_zsopt_data__task1281_ted_translation_pt_pl.parquet,25000,2149350,429870.0,niv2_zsopt,,,,,,,,,,,,,flan_submixture,flan_collection_uncovered_expression,direct terms where identified; Article 4 for uncovered expression
flan,niv2_zsopt_data__task1282_ted_translation_pt_fa.parquet,25000,2269801,453960.2,niv2_zsopt,,,,,,,,,,,,,flan_submixture,flan_collection_uncovered_expression,direct terms where identified; Article 4 for uncovered expression
flan,niv2_zsopt_data__task1283_hrngo_quality_classification.parquet,19875,1963710,392742.0,niv2_zsopt,,,,,,,,,,,,,flan_submixture,flan_collection_uncovered_expression,direct terms where identified; Article 4 for uncovered expression
flan,niv2_zsopt_data__task1284_hrngo_informativeness_classification.parquet,8885,899825,179965.0,niv2_zsopt,,,,,,,,,,,,,flan_submixture,flan_collection_uncovered_expression,direct terms where identified; Article 4 for uncovered expression
flan,niv2_zsopt_data__task1285_kpa_keypoint_matching.parquet,25000,3030965,606193.0,niv2_zsopt,,,,,,,,,,,,,flan_submixture,flan_collection_uncovered_expression,direct terms where identified; Article 4 for uncovered expression
flan,niv2_zsopt_data__task1286_openbookqa_question_answering.parquet,25000,2519716,503943.2,niv2_zsopt,,,,,,,,,,,,,flan_submixture,flan_collection_uncovered_expression,direct terms where identified; Article 4 for uncovered expression
flan,niv2_zsopt_data__task1287_glue_qqp_paraphrasing.parquet,25000,2125405,425081.0,niv2_zsopt,,,,,,,,,,,,,flan_submixture,flan_collection_uncovered_expression,direct terms where identified; Article 4 for uncovered expression
flan,niv2_zsopt_data__task1288_glue_mrpc_paraphrasing.parquet,20355,2263230,452646.0,niv2_zsopt,,,,,,,,,,,,,flan_submixture,flan_collection_uncovered_expression,direct terms where identified; Article 4 for uncovered expression
flan,niv2_zsopt_data__task1289_trec_classification.parquet,25000,3858196,771639.2,niv2_zsopt,,,,,,,,,,,,,flan_submixture,flan_collection_uncovered_expression,direct terms where identified; Article 4 for uncovered expression
flan,niv2_zsopt_data__task128_scan_structured_text_generation_command_action_short.parquet,25000,8545446,1709089.2,niv2_zsopt,,,,,,,,,,,,,flan_submixture,flan_collection_uncovered_expression,direct terms where identified; Article 4 for uncovered expression
flan,niv2_zsopt_data__task1290_xsum_summarization.parquet,25000,13954424,2790884.8,niv2_zsopt,,,,,,,,,,,,,flan_submixture,flan_collection_uncovered_expression,direct terms where identified; Article 4 for uncovered expression
flan,niv2_zsopt_data__task1291_multi_news_summarization.parquet,25000,52678233,10535646.6,niv2_zsopt,,,,,,,,,,,,,flan_submixture,flan_collection_uncovered_expression,direct terms where identified; Article 4 for uncovered expression
flan,niv2_zsopt_data__task1294_wiki_qa_answer_verification.parquet,10975,1051670,210334.0,niv2_zsopt,,,,,,,,,,,,,flan_submixture,flan_collection_uncovered_expression,direct terms where identified; Article 4 for uncovered expression
flan,niv2_zsopt_data__task1295_adversarial_qa_question_answering.parquet,25000,5555554,1111110.8,niv2_zsopt,,,,,,,,,,,,,flan_submixture,flan_collection_uncovered_expression,direct terms where identified; Article 4 for uncovered expression
flan,niv2_zsopt_data__task1296_wiki_hop_question_answering.parquet,25000,39917094,7983418.8,niv2_zsopt,,,,,,,,,,,,,flan_submixture,flan_collection_uncovered_expression,direct terms where identified; Article 4 for uncovered expression
flan,niv2_zsopt_data__task1297_qasc_question_answering.parquet,25000,3497595,699519.0,niv2_zsopt,,,,,,,,,,,,,flan_submixture,flan_collection_uncovered_expression,direct terms where identified; Article 4 for uncovered expression
flan,niv2_zsopt_data__task129_scan_long_text_generation_action_command_short.parquet,25000,8513630,1702726.0,niv2_zsopt,,,,,,,,,,,,,flan_submixture,flan_collection_uncovered_expression,direct terms where identified; Article 4 for uncovered expression
flan,niv2_zsopt_data__task130_scan_structured_text_generation_command_action_long.parquet,19600,8270370,1654074.0,niv2_zsopt,,,,,,,,,,,,,flan_submixture,flan_collection_uncovered_expression,direct terms where identified; Article 4 for uncovered expression
flan,niv2_zsopt_data__task1314_country_abbreviation.parquet,1185,58610,11722.0,niv2_zsopt,,,,,,,,,,,,,flan_submixture,flan_collection_uncovered_expression,direct terms where identified; Article 4 for uncovered expression
flan,niv2_zsopt_data__task1315_find_range_array.parquet,1000,154430,30886.0,niv2_zsopt,,,,,,,,,,,,,flan_submixture,flan_collection_uncovered_expression,direct terms where identified; Article 4 for uncovered expression
flan,niv2_zsopt_data__task1316_remove_duplicates_string.parquet,1000,79175,15835.0,niv2_zsopt,,,,,,,,,,,,,flan_submixture,flan_collection_uncovered_expression,direct terms where identified; Article 4 for uncovered expression
flan,niv2_zsopt_data__task1317_country_calling_code.parquet,1365,91705,18341.0,niv2_zsopt,,,,,,,,,,,,,flan_submixture,flan_collection_uncovered_expression,direct terms where identified; Article 4 for uncovered expression
flan,niv2_zsopt_data__task1318_country_national_dish.parquet,815,61000,12200.0,niv2_zsopt,,,,,,,,,,,,,flan_submixture,flan_collection_uncovered_expression,direct terms where identified; Article 4 for uncovered expression
flan,niv2_zsopt_data__task1319_country_by_barcode_prefix.parquet,505,57265,11453.0,niv2_zsopt,,,,,,,,,,,,,flan_submixture,flan_collection_uncovered_expression,direct terms where identified; Article 4 for uncovered expression
flan,niv2_zsopt_data__task131_scan_long_text_generation_action_command_long.parquet,9180,3859795,771959.0,niv2_zsopt,,,,,,,,,,,,,flan_submixture,flan_collection_uncovered_expression,direct terms where identified; Article 4 for uncovered expression
flan,niv2_zsopt_data__task1320_country_domain_tld.parquet,1260,113080,22616.0,niv2_zsopt,,,,,,,,,,,,,flan_submixture,flan_collection_uncovered_expression,direct terms where identified; Article 4 for uncovered expression
flan,niv2_zsopt_data__task1321_country_continent.parquet,1185,56465,11293.0,niv2_zsopt,,,,,,,,,,,,,flan_submixture,flan_collection_uncovered_expression,direct terms where identified; Article 4 for uncovered expression
flan,niv2_zsopt_data__task1322_country_government_type.parquet,1185,118150,23630.0,niv2_zsopt,,,,,,,,,,,,,flan_submixture,flan_collection_uncovered_expression,direct terms where identified; Article 4 for uncovered expression
flan,niv2_zsopt_data__task1323_open_subtitles_hi_en_translation.parquet,25000,1590496,318099.2,niv2_zsopt,,,,,,,,,,,,,flan_submixture,flan_collection_uncovered_expression,direct terms where identified; Article 4 for uncovered expression
flan,niv2_zsopt_data__task1324_open_subtitles_te_en_translation.parquet,25000,1890421,378084.2,niv2_zsopt,,,,,,,,,,,,,flan_submixture,flan_collection_uncovered_expression,direct terms where identified; Article 4 for uncovered expression
flan,niv2_zsopt_data__task1325_qa_zre_question_generation_on_subject_relation.parquet,25000,3687106,737421.2,niv2_zsopt,,,,,,,,,,,,,flan_submixture,flan_collection_uncovered_expression,direct terms where identified; Article 4 for uncovered expression
flan,niv2_zsopt_data__task1326_qa_zre_question_generation_from_answer.parquet,25000,2849231,569846.2,niv2_zsopt,,,,,,,,,,,,,flan_submixture,flan_collection_uncovered_expression,direct terms where identified; Article 4 for uncovered expression
flan,niv2_zsopt_data__task1327_qa_zre_answer_generation_from_question.parquet,25000,2501168,500233.6,niv2_zsopt,,,,,,,,,,,,,flan_submixture,flan_collection_uncovered_expression,direct terms where identified; Article 4 for uncovered expression
flan,niv2_zsopt_data__task1328_qa_zre_relation_generation_from_question.parquet,25000,6141609,1228321.8,niv2_zsopt,,,,,,,,,,,,,flan_submixture,flan_collection_uncovered_expression,direct terms where identified; Article 4 for uncovered expression
flan,niv2_zsopt_data__task1329_open_subtitles_en_hi_translation.parquet,25000,1111238,222247.6,niv2_zsopt,,,,,,,,,,,,,flan_submixture,flan_collection_uncovered_expression,direct terms where identified; Article 4 for uncovered expression
flan,niv2_zsopt_data__task132_dais_text_modification.parquet,24985,1866270,373254.0,niv2_zsopt,,,,,,,,,,,,,flan_submixture,flan_collection_uncovered_expression,direct terms where identified; Article 4 for uncovered expression
flan,niv2_zsopt_data__task1330_open_subtitles_en_te_translation.parquet,25000,1171551,234310.2,niv2_zsopt,,,,,,,,,,,,,flan_submixture,flan_collection_uncovered_expression,direct terms where identified; Article 4 for uncovered expression
flan,niv2_zsopt_data__task1331_reverse_array.parquet,980,233105,46621.0,niv2_zsopt,,,,,,,,,,,,,flan_submixture,flan_collection_uncovered_expression,direct terms where identified; Article 4 for uncovered expression
flan,niv2_zsopt_data__task1332_check_leap_year.parquet,1000,121125,24225.0,niv2_zsopt,,,,,,,,,,,,,flan_submixture,flan_collection_uncovered_expression,direct terms where identified; Article 4 for uncovered expression
flan,niv2_zsopt_data__task1333_check_validity_date_ddmmyyyy.parquet,885,202010,40402.0,niv2_zsopt,,,,,,,,,,,,,flan_submixture,flan_collection_uncovered_expression,direct terms where identified; Article 4 for uncovered expression
flan,niv2_zsopt_data__task1334_sqac_answer_generation.parquet,25000,10081993,2016398.6,niv2_zsopt,,,,,,,,,,,,,flan_submixture,flan_collection_uncovered_expression,direct terms where identified; Article 4 for uncovered expression
flan,niv2_zsopt_data__task1335_sqac_question_generation.parquet,25000,10557246,2111449.2,niv2_zsopt,,,,,,,,,,,,,flan_submixture,flan_collection_uncovered_expression,direct terms where identified; Article 4 for uncovered expression
flan,niv2_zsopt_data__task1336_peixian_equity_evaluation_corpus_gender_classifier.parquet,25000,1661058,332211.6,niv2_zsopt,,,,,,,,,,,,,flan_submixture,flan_collection_uncovered_expression,direct terms where identified; Article 4 for uncovered expression
flan,niv2_zsopt_data__task1338_peixian_equity_evaluation_corpus_sentiment_classifier.parquet,25000,2115960,423192.0,niv2_zsopt,,,,,,,,,,,,,flan_submixture,flan_collection_uncovered_expression,direct terms where identified; Article 4 for uncovered expression
flan,niv2_zsopt_data__task1339_peixian_equity_evaluation_corpus_text_completion.parquet,8865,874865,174973.0,niv2_zsopt,,,,,,,,,,,,,flan_submixture,flan_collection_uncovered_expression,direct terms where identified; Article 4 for uncovered expression
flan,niv2_zsopt_data__task133_winowhy_reason_plausibility_detection.parquet,14275,4304815,860963.0,niv2_zsopt,,,,,,,,,,,,,flan_submixture,flan_collection_uncovered_expression,direct terms where identified; Article 4 for uncovered expression
flan,niv2_zsopt_data__task1340_msr_text_compression_compression.parquet,24670,2548285,509657.0,niv2_zsopt,,,,,,,,,,,,,flan_submixture,flan_collection_uncovered_expression,direct terms where identified; Article 4 for uncovered expression
flan,niv2_zsopt_data__task1341_msr_text_classification.parquet,865,90820,18164.0,niv2_zsopt,,,,,,,,,,,,,flan_submixture,flan_collection_uncovered_expression,direct terms where identified; Article 4 for uncovered expression
flan,niv2_zsopt_data__task1344_glue_entailment_classification.parquet,12400,2016375,403275.0,niv2_zsopt,,,,,,,,,,,,,flan_submixture,flan_collection_uncovered_expression,direct terms where identified; Article 4 for uncovered expression
flan,niv2_zsopt_data__task1345_glue_qqp_question_paraprashing.parquet,25000,2002426,400485.2,niv2_zsopt,,,,,,,,,,,,,flan_submixture,flan_collection_uncovered_expression,direct terms where identified; Article 4 for uncovered expression
flan,niv2_zsopt_data__task1346_glue_cola_grammatical_correctness_classification.parquet,25000,1758855,351771.0,niv2_zsopt,,,,,,,,,,,,,flan_submixture,flan_collection_uncovered_expression,direct terms where identified; Article 4 for uncovered expression
flan,niv2_zsopt_data__task1347_glue_sts-b_similarity_classification.parquet,15000,2467635,493527.0,niv2_zsopt,,,,,,,,,,,,,flan_submixture,flan_collection_uncovered_expression,direct terms where identified; Article 4 for uncovered expression
flan,niv2_zsopt_data__task134_winowhy_reason_generation.parquet,1365,390915,78183.0,niv2_zsopt,,,,,,,,,,,,,flan_submixture,flan_collection_uncovered_expression,direct terms where identified; Article 4 for uncovered expression
flan,niv2_zsopt_data__task1350_opus100_translation_en_gu.parquet,985,153830,30766.0,niv2_zsopt,,,,,,,,,,,,,flan_submixture,flan_collection_uncovered_expression,direct terms where identified; Article 4 for uncovered expression
flan,niv2_zsopt_data__task1351_opus100_translation_gu_en.parquet,975,158875,31775.0,niv2_zsopt,,,,,,,,,,,,,flan_submixture,flan_collection_uncovered_expression,direct terms where identified; Article 4 for uncovered expression
flan,niv2_zsopt_data__task1352_hind_encorp_translation_hi_en.parquet,1000,184760,36952.0,niv2_zsopt,,,,,,,,,,,,,flan_submixture,flan_collection_uncovered_expression,direct terms where identified; Article 4 for uncovered expression
flan,niv2_zsopt_data__task1353_hind_encorp_translation_en_hi.parquet,1005,219560,43912.0,niv2_zsopt,,,,,,,,,,,,,flan_submixture,flan_collection_uncovered_expression,direct terms where identified; Article 4 for uncovered expression
flan,niv2_zsopt_data__task1354_sent_comp_classification.parquet,4995,533755,106751.0,niv2_zsopt,,,,,,,,,,,,,flan_submixture,flan_collection_uncovered_expression,direct terms where identified; Article 4 for uncovered expression
flan,niv2_zsopt_data__task1355_sent_comp_summarization.parquet,4995,495515,99103.0,niv2_zsopt,,,,,,,,,,,,,flan_submixture,flan_collection_uncovered_expression,direct terms where identified; Article 4 for uncovered expression
flan,niv2_zsopt_data__task1356_xlsum_title_generation.parquet,25000,15854593,3170918.6,niv2_zsopt,,,,,,,,,,,,,flan_submixture,flan_collection_uncovered_expression,direct terms where identified; Article 4 for uncovered expression
flan,niv2_zsopt_data__task1357_xlsum_summary_generation.parquet,25000,16073998,3214799.6,niv2_zsopt,,,,,,,,,,,,,flan_submixture,flan_collection_uncovered_expression,direct terms where identified; Article 4 for uncovered expression
flan,niv2_zsopt_data__task1358_xlsum_title_generation.parquet,25000,2682479,536495.8,niv2_zsopt,,,,,,,,,,,,,flan_submixture,flan_collection_uncovered_expression,direct terms where identified; Article 4 for uncovered expression
flan,niv2_zsopt_data__task1359_numer_sense_answer_generation.parquet,25000,1881369,376273.8,niv2_zsopt,,,,,,,,,,,,,flan_submixture,flan_collection_uncovered_expression,direct terms where identified; Article 4 for uncovered expression
flan,niv2_zsopt_data__task135_winowhy_wrong_reason_generation.parquet,1365,242655,48531.0,niv2_zsopt,,,,,,,,,,,,,flan_submixture,flan_collection_uncovered_expression,direct terms where identified; Article 4 for uncovered expression
flan,niv2_zsopt_data__task1360_numer_sense_multiple_choice_qa_generation.parquet,25000,2430207,486041.4,niv2_zsopt,,,,,,,,,,,,,flan_submixture,flan_collection_uncovered_expression,direct terms where identified; Article 4 for uncovered expression
flan,niv2_zsopt_data__task1361_movierationales_classification.parquet,9975,9272850,1854570.0,niv2_zsopt,,,,,,,,,,,,,flan_submixture,flan_collection_uncovered_expression,direct terms where identified; Article 4 for uncovered expression
flan,niv2_zsopt_data__task1364_hans_answer_generation.parquet,14990,1596620,319324.0,niv2_zsopt,,,,,,,,,,,,,flan_submixture,flan_collection_uncovered_expression,direct terms where identified; Article 4 for uncovered expression
flan,niv2_zsopt_data__task1365_opustedtalks_translation.parquet,25000,5714211,1142842.2,niv2_zsopt,,,,,,,,,,,,,flan_submixture,flan_collection_uncovered_expression,direct terms where identified; Article 4 for uncovered expression
flan,niv2_zsopt_data__task1366_healthfact_classification.parquet,1220,1251315,250263.0,niv2_zsopt,,,,,,,,,,,,,flan_submixture,flan_collection_uncovered_expression,direct terms where identified; Article 4 for uncovered expression
flan,niv2_zsopt_data__task1367_opustedtalks_translation.parquet,1665,348425,69685.0,niv2_zsopt,,,,,,,,,,,,,flan_submixture,flan_collection_uncovered_expression,direct terms where identified; Article 4 for uncovered expression
flan,niv2_zsopt_data__task1368_healthfact_sentence_generation.parquet,16450,13576925,2715385.0,niv2_zsopt,,,,,,,,,,,,,flan_submixture,flan_collection_uncovered_expression,direct terms where identified; Article 4 for uncovered expression
flan,niv2_zsopt_data__task1369_healthfact_sentence_generation.parquet,16590,15486320,3097264.0,niv2_zsopt,,,,,,,,,,,,,flan_submixture,flan_collection_uncovered_expression,direct terms where identified; Article 4 for uncovered expression
flan,niv2_zsopt_data__task136_winowhy_knowledge_categorization.parquet,1335,378890,75778.0,niv2_zsopt,,,,,,,,,,,,,flan_submixture,flan_collection_uncovered_expression,direct terms where identified; Article 4 for uncovered expression
flan,niv2_zsopt_data__task1378_quarel_correct_answer_generation.parquet,3990,492175,98435.0,niv2_zsopt,,,,,,,,,,,,,flan_submixture,flan_collection_uncovered_expression,direct terms where identified; Article 4 for uncovered expression
flan,niv2_zsopt_data__task1379_quarel_incorrect_answer_generation.parquet,3990,466550,93310.0,niv2_zsopt,,,,,,,,,,,,,flan_submixture,flan_collection_uncovered_expression,direct terms where identified; Article 4 for uncovered expression
flan,niv2_zsopt_data__task1380_quarel_correct_option_generation.parquet,3990,472025,94405.0,niv2_zsopt,,,,,,,,,,,,,flan_submixture,flan_collection_uncovered_expression,direct terms where identified; Article 4 for uncovered expression
flan,niv2_zsopt_data__task1381_quarel_incorrect_option_generation.parquet,3990,449255,89851.0,niv2_zsopt,,,,,,,,,,,,,flan_submixture,flan_collection_uncovered_expression,direct terms where identified; Article 4 for uncovered expression
flan,niv2_zsopt_data__task1382_quarel_write_correct_answer.parquet,3990,347820,69564.0,niv2_zsopt,,,,,,,,,,,,,flan_submixture,flan_collection_uncovered_expression,direct terms where identified; Article 4 for uncovered expression
flan,niv2_zsopt_data__task1383_quarel_write_incorrect_answer.parquet,3990,479165,95833.0,niv2_zsopt,,,,,,,,,,,,,flan_submixture,flan_collection_uncovered_expression,direct terms where identified; Article 4 for uncovered expression
flan,niv2_zsopt_data__task1384_deal_or_no_dialog_classification.parquet,21045,2351160,470232.0,niv2_zsopt,,,,,,,,,,,,,flan_submixture,flan_collection_uncovered_expression,direct terms where identified; Article 4 for uncovered expression
flan,niv2_zsopt_data__task1385_anli_r1_entailment.parquet,4950,917625,183525.0,niv2_zsopt,,,,,,,,,,,,,flan_submixture,flan_collection_uncovered_expression,direct terms where identified; Article 4 for uncovered expression
flan,niv2_zsopt_data__task1386_anli_r2_entailment.parquet,4965,902745,180549.0,niv2_zsopt,,,,,,,,,,,,,flan_submixture,flan_collection_uncovered_expression,direct terms where identified; Article 4 for uncovered expression
flan,niv2_zsopt_data__task1387_anli_r3_entailment.parquet,5965,1033220,206644.0,niv2_zsopt,,,,,,,,,,,,,flan_submixture,flan_collection_uncovered_expression,direct terms where identified; Article 4 for uncovered expression
flan,niv2_zsopt_data__task1388_cb_entailment.parquet,1505,255260,51052.0,niv2_zsopt,,,,,,,,,,,,,flan_submixture,flan_collection_uncovered_expression,direct terms where identified; Article 4 for uncovered expression
flan,niv2_zsopt_data__task1389_hellaswag_completion.parquet,25000,6551331,1310266.2,niv2_zsopt,,,,,,,,,,,,,flan_submixture,flan_collection_uncovered_expression,direct terms where identified; Article 4 for uncovered expression
flan,niv2_zsopt_data__task1390_wscfixed_coreference.parquet,3240,380905,76181.0,niv2_zsopt,,,,,,,,,,,,,flan_submixture,flan_collection_uncovered_expression,direct terms where identified; Article 4 for uncovered expression
flan,niv2_zsopt_data__task1391_winogrande_easy_answer_generation.parquet,25000,2231618,446323.6,niv2_zsopt,,,,,,,,,,,,,flan_submixture,flan_collection_uncovered_expression,direct terms where identified; Article 4 for uncovered expression
flan,niv2_zsopt_data__task1392_superglue_multirc_answer_verification.parquet,25000,10665600,2133120.0,niv2_zsopt,,,,,,,,,,,,,flan_submixture,flan_collection_uncovered_expression,direct terms where identified; Article 4 for uncovered expression
flan,niv2_zsopt_data__task1393_superglue_copa_text_completion.parquet,2480,301440,60288.0,niv2_zsopt,,,,,,,,,,,,,flan_submixture,flan_collection_uncovered_expression,direct terms where identified; Article 4 for uncovered expression
flan,niv2_zsopt_data__task1394_meta_woz_task_classification.parquet,1120,506590,101318.0,niv2_zsopt,,,,,,,,,,,,,flan_submixture,flan_collection_uncovered_expression,direct terms where identified; Article 4 for uncovered expression
flan,niv2_zsopt_data__task1395_europa_ecdc_tm_en_sv_translation.parquet,12115,1424555,284911.0,niv2_zsopt,,,,,,,,,,,,,flan_submixture,flan_collection_uncovered_expression,direct terms where identified; Article 4 for uncovered expression
flan,niv2_zsopt_data__task1396_europa_ecdc_tm_en_de_translation.parquet,12280,1419555,283911.0,niv2_zsopt,,,,,,,,,,,,,flan_submixture,flan_collection_uncovered_expression,direct terms where identified; Article 4 for uncovered expression
flan,niv2_zsopt_data__task1397_europa_ecdc_tm_fr_en_translation.parquet,12220,1409650,281930.0,niv2_zsopt,,,,,,,,,,,,,flan_submixture,flan_collection_uncovered_expression,direct terms where identified; Article 4 for uncovered expression
flan,niv2_zsopt_data__task1398_obqa_question_generation.parquet,4725,393455,78691.0,niv2_zsopt,,,,,,,,,,,,,flan_submixture,flan_collection_uncovered_expression,direct terms where identified; Article 4 for uncovered expression
flan,niv2_zsopt_data__task1399_obqa_answer_generation.parquet,8840,816445,163289.0,niv2_zsopt,,,,,,,,,,,,,flan_submixture,flan_collection_uncovered_expression,direct terms where identified; Article 4 for uncovered expression
flan,niv2_zsopt_data__task1400_obqa_incorrect_answer_generation.parquet,8840,802505,160501.0,niv2_zsopt,,,,,,,,,,,,,flan_submixture,flan_collection_uncovered_expression,direct terms where identified; Article 4 for uncovered expression
flan,niv2_zsopt_data__task1401_obqa_sentence_generation.parquet,8790,722990,144598.0,niv2_zsopt,,,,,,,,,,,,,flan_submixture,flan_collection_uncovered_expression,direct terms where identified; Article 4 for uncovered expression
flan,niv2_zsopt_data__task1402_clue_question_generation.parquet,2500,1111065,222213.0,niv2_zsopt,,,,,,,,,,,,,flan_submixture,flan_collection_uncovered_expression,direct terms where identified; Article 4 for uncovered expression
flan,niv2_zsopt_data__task1403_check_validity_date_mmddyyyy.parquet,980,235740,47148.0,niv2_zsopt,,,,,,,,,,,,,flan_submixture,flan_collection_uncovered_expression,direct terms where identified; Article 4 for uncovered expression
flan,niv2_zsopt_data__task1404_date_conversion.parquet,980,112540,22508.0,niv2_zsopt,,,,,,,,,,,,,flan_submixture,flan_collection_uncovered_expression,direct terms where identified; Article 4 for uncovered expression
flan,niv2_zsopt_data__task1405_find_median.parquet,980,203630,40726.0,niv2_zsopt,,,,,,,,,,,,,flan_submixture,flan_collection_uncovered_expression,direct terms where identified; Article 4 for uncovered expression
flan,niv2_zsopt_data__task1406_kth_smallest_element.parquet,980,150205,30041.0,niv2_zsopt,,,,,,,,,,,,,flan_submixture,flan_collection_uncovered_expression,direct terms where identified; Article 4 for uncovered expression
flan,niv2_zsopt_data__task1407_dart_question_generation.parquet,15645,3503765,700753.0,niv2_zsopt,,,,,,,,,,,,,flan_submixture,flan_collection_uncovered_expression,direct terms where identified; Article 4 for uncovered expression
flan,niv2_zsopt_data__task1408_dart_similarity_classification.parquet,25000,4086029,817205.8,niv2_zsopt,,,,,,,,,,,,,flan_submixture,flan_collection_uncovered_expression,direct terms where identified; Article 4 for uncovered expression
flan,niv2_zsopt_data__task1409_dart_text_generation.parquet,25000,4603043,920608.6,niv2_zsopt,,,,,,,,,,,,,flan_submixture,flan_collection_uncovered_expression,direct terms where identified; Article 4 for uncovered expression
flan,niv2_zsopt_data__task1410_dart_relationship_extraction.parquet,25000,4927352,985470.4,niv2_zsopt,,,,,,,,,,,,,flan_submixture,flan_collection_uncovered_expression,direct terms where identified; Article 4 for uncovered expression
flan,niv2_zsopt_data__task1411_dart_subject_identification.parquet,15960,1803865,360773.0,niv2_zsopt,,,,,,,,,,,,,flan_submixture,flan_collection_uncovered_expression,direct terms where identified; Article 4 for uncovered expression
flan,niv2_zsopt_data__task1413_dart_object_identification.parquet,13620,1508480,301696.0,niv2_zsopt,,,,,,,,,,,,,flan_submixture,flan_collection_uncovered_expression,direct terms where identified; Article 4 for uncovered expression
flan,niv2_zsopt_data__task1415_youtube_caption_corrections_grammar_correction.parquet,25000,21114632,4222926.4,niv2_zsopt,,,,,,,,,,,,,flan_submixture,flan_collection_uncovered_expression,direct terms where identified; Article 4 for uncovered expression
flan,niv2_zsopt_data__task1416_youtube_caption_corrections_incorrect_grammar_classification.parquet,25000,25435182,5087036.4,niv2_zsopt,,,,,,,,,,,,,flan_submixture,flan_collection_uncovered_expression,direct terms where identified; Article 4 for uncovered expression
flan,niv2_zsopt_data__task1418_bless_semantic_relation_classification.parquet,11725,2771400,554280.0,niv2_zsopt,,,,,,,,,,,,,flan_submixture,flan_collection_uncovered_expression,direct terms where identified; Article 4 for uncovered expression
flan,niv2_zsopt_data__task1419_mathqa_gain.parquet,25000,4049292,809858.4,niv2_zsopt,,,,,,,,,,,,,flan_submixture,flan_collection_uncovered_expression,direct terms where identified; Article 4 for uncovered expression
flan,niv2_zsopt_data__task141_odd-man-out_classification_category.parquet,25000,2102640,420528.0,niv2_zsopt,,,,,,,,,,,,,flan_submixture,flan_collection_uncovered_expression,direct terms where identified; Article 4 for uncovered expression
flan,niv2_zsopt_data__task1420_mathqa_general.parquet,25000,3680322,736064.4,niv2_zsopt,,,,,,,,,,,,,flan_submixture,flan_collection_uncovered_expression,direct terms where identified; Article 4 for uncovered expression
flan,niv2_zsopt_data__task1421_mathqa_other.parquet,11350,1452320,290464.0,niv2_zsopt,,,,,,,,,,,,,flan_submixture,flan_collection_uncovered_expression,direct terms where identified; Article 4 for uncovered expression
flan,niv2_zsopt_data__task1422_mathqa_physics.parquet,25000,3735040,747008.0,niv2_zsopt,,,,,,,,,,,,,flan_submixture,flan_collection_uncovered_expression,direct terms where identified; Article 4 for uncovered expression
flan,niv2_zsopt_data__task1423_mathqa_geometry.parquet,13105,1900725,380145.0,niv2_zsopt,,,,,,,,,,,,,flan_submixture,flan_collection_uncovered_expression,direct terms where identified; Article 4 for uncovered expression
flan,niv2_zsopt_data__task1424_mathqa_probability.parquet,2860,373880,74776.0,niv2_zsopt,,,,,,,,,,,,,flan_submixture,flan_collection_uncovered_expression,direct terms where identified; Article 4 for uncovered expression
flan,niv2_zsopt_data__task1425_country_iso_numeric.parquet,1235,100990,20198.0,niv2_zsopt,,,,,,,,,,,,,flan_submixture,flan_collection_uncovered_expression,direct terms where identified; Article 4 for uncovered expression
flan,niv2_zsopt_data__task1426_country_independence_year.parquet,950,83635,16727.0,niv2_zsopt,,,,,,,,,,,,,flan_submixture,flan_collection_uncovered_expression,direct terms where identified; Article 4 for uncovered expression
flan,niv2_zsopt_data__task1427_country_region_in_world.parquet,1185,163275,32655.0,niv2_zsopt,,,,,,,,,,,,,flan_submixture,flan_collection_uncovered_expression,direct terms where identified; Article 4 for uncovered expression
flan,niv2_zsopt_data__task1428_country_surface_area.parquet,1185,83100,16620.0,niv2_zsopt,,,,,,,,,,,,,flan_submixture,flan_collection_uncovered_expression,direct terms where identified; Article 4 for uncovered expression
flan,niv2_zsopt_data__task1429_evalution_semantic_relation_classification.parquet,3965,994910,198982.0,niv2_zsopt,,,,,,,,,,,,,flan_submixture,flan_collection_uncovered_expression,direct terms where identified; Article 4 for uncovered expression
flan,niv2_zsopt_data__task142_odd-man-out_classification_no_category.parquet,25000,1761619,352323.8,niv2_zsopt,,,,,,,,,,,,,flan_submixture,flan_collection_uncovered_expression,direct terms where identified; Article 4 for uncovered expression
flan,niv2_zsopt_data__task1431_head_qa_answer_generation.parquet,12645,1906035,381207.0,niv2_zsopt,,,,,,,,,,,,,flan_submixture,flan_collection_uncovered_expression,direct terms where identified; Article 4 for uncovered expression
flan,niv2_zsopt_data__task1432_head_qa_language_translation_en_to_es.parquet,13110,1399675,279935.0,niv2_zsopt,,,,,,,,,,,,,flan_submixture,flan_collection_uncovered_expression,direct terms where identified; Article 4 for uncovered expression
flan,niv2_zsopt_data__task1433_head_qa_language_translation_es_to_en.parquet,12770,1320170,264034.0,niv2_zsopt,,,,,,,,,,,,,flan_submixture,flan_collection_uncovered_expression,direct terms where identified; Article 4 for uncovered expression
flan,niv2_zsopt_data__task1434_head_qa_classification.parquet,12640,1935885,387177.0,niv2_zsopt,,,,,,,,,,,,,flan_submixture,flan_collection_uncovered_expression,direct terms where identified; Article 4 for uncovered expression
flan,niv2_zsopt_data__task1435_ro_sts_parallel_language_translation_ro_to_en.parquet,25000,2109486,421897.2,niv2_zsopt,,,,,,,,,,,,,flan_submixture,flan_collection_uncovered_expression,direct terms where identified; Article 4 for uncovered expression
flan,niv2_zsopt_data__task1436_ro_sts_parallel_language_translation_en_to_ro.parquet,25000,2052041,410408.2,niv2_zsopt,,,,,,,,,,,,,flan_submixture,flan_collection_uncovered_expression,direct terms where identified; Article 4 for uncovered expression
flan,niv2_zsopt_data__task1437_doqa_cooking_question_generation.parquet,3765,1167410,233482.0,niv2_zsopt,,,,,,,,,,,,,flan_submixture,flan_collection_uncovered_expression,direct terms where identified; Article 4 for uncovered expression
flan,niv2_zsopt_data__task1438_doqa_cooking_answer_generation.parquet,1420,490490,98098.0,niv2_zsopt,,,,,,,,,,,,,flan_submixture,flan_collection_uncovered_expression,direct terms where identified; Article 4 for uncovered expression
flan,niv2_zsopt_data__task1439_doqa_cooking_isanswerable.parquet,12650,4459020,891804.0,niv2_zsopt,,,,,,,,,,,,,flan_submixture,flan_collection_uncovered_expression,direct terms where identified; Article 4 for uncovered expression
flan,niv2_zsopt_data__task143_odd-man-out_classification_generate_category.parquet,25000,5039778,1007955.6,niv2_zsopt,,,,,,,,,,,,,flan_submixture,flan_collection_uncovered_expression,direct terms where identified; Article 4 for uncovered expression
flan,niv2_zsopt_data__task1440_doqa_movies_question_generation.parquet,1365,421865,84373.0,niv2_zsopt,,,,,,,,,,,,,flan_submixture,flan_collection_uncovered_expression,direct terms where identified; Article 4 for uncovered expression
flan,niv2_zsopt_data__task1441_doqa_movies_answer_generation.parquet,615,217785,43557.0,niv2_zsopt,,,,,,,,,,,,,flan_submixture,flan_collection_uncovered_expression,direct terms where identified; Article 4 for uncovered expression
flan,niv2_zsopt_data__task1442_doqa_movies_isanswerable.parquet,9395,3230080,646016.0,niv2_zsopt,,,,,,,,,,,,,flan_submixture,flan_collection_uncovered_expression,direct terms where identified; Article 4 for uncovered expression
flan,niv2_zsopt_data__task1443_string_to_number.parquet,25000,2976257,595251.4,niv2_zsopt,,,,,,,,,,,,,flan_submixture,flan_collection_uncovered_expression,direct terms where identified; Article 4 for uncovered expression
flan,niv2_zsopt_data__task1444_round_power_of_two.parquet,25000,8059684,1611936.8,niv2_zsopt,,,,,,,,,,,,,flan_submixture,flan_collection_uncovered_expression,direct terms where identified; Article 4 for uncovered expression
flan,niv2_zsopt_data__task1445_closest_integers.parquet,25000,2590415,518083.0,niv2_zsopt,,,,,,,,,,,,,flan_submixture,flan_collection_uncovered_expression,direct terms where identified; Article 4 for uncovered expression
flan,niv2_zsopt_data__task1446_farthest_integers.parquet,25000,2618964,523792.8,niv2_zsopt,,,,,,,,,,,,,flan_submixture,flan_collection_uncovered_expression,direct terms where identified; Article 4 for uncovered expression
flan,niv2_zsopt_data__task1447_drug_extraction_ade.parquet,13590,1668010,333602.0,niv2_zsopt,,,,,,,,,,,,,flan_submixture,flan_collection_uncovered_expression,direct terms where identified; Article 4 for uncovered expression
flan,niv2_zsopt_data__task1448_disease_entity_extraction_ncbi_dataset.parquet,755,101575,20315.0,niv2_zsopt,,,,,,,,,,,,,flan_submixture,flan_collection_uncovered_expression,direct terms where identified; Article 4 for uncovered expression
flan,niv2_zsopt_data__task1449_disease_entity_extraction_bc5cdr_dataset.parquet,385,54475,10895.0,niv2_zsopt,,,,,,,,,,,,,flan_submixture,flan_collection_uncovered_expression,direct terms where identified; Article 4 for uncovered expression
flan,niv2_zsopt_data__task144_subjqa_question_answering.parquet,3265,1238060,247612.0,niv2_zsopt,,,,,,,,,,,,,flan_submixture,flan_collection_uncovered_expression,direct terms where identified; Article 4 for uncovered expression
flan,niv2_zsopt_data__task1451_drug_dose_extraction.parquet,1110,135180,27036.0,niv2_zsopt,,,,,,,,,,,,,flan_submixture,flan_collection_uncovered_expression,direct terms where identified; Article 4 for uncovered expression
flan,niv2_zsopt_data__task1452_location_entity_extraction_btc_corpus.parquet,875,86275,17255.0,niv2_zsopt,,,,,,,,,,,,,flan_submixture,flan_collection_uncovered_expression,direct terms where identified; Article 4 for uncovered expression
flan,niv2_zsopt_data__task1453_person_entity_extraction_btc_corpus.parquet,1305,141725,28345.0,niv2_zsopt,,,,,,,,,,,,,flan_submixture,flan_collection_uncovered_expression,direct terms where identified; Article 4 for uncovered expression
flan,niv2_zsopt_data__task145_afs_argument_similarity_death_penalty.parquet,10000,1761375,352275.0,niv2_zsopt,,,,,,,,,,,,,flan_submixture,flan_collection_uncovered_expression,direct terms where identified; Article 4 for uncovered expression
flan,niv2_zsopt_data__task146_afs_argument_similarity_gun_control.parquet,10000,1870760,374152.0,niv2_zsopt,,,,,,,,,,,,,flan_submixture,flan_collection_uncovered_expression,direct terms where identified; Article 4 for uncovered expression
flan,niv2_zsopt_data__task1479_organization_entity_extraction_btc_corpus.parquet,1000,94865,18973.0,niv2_zsopt,,,,,,,,,,,,,flan_submixture,flan_collection_uncovered_expression,direct terms where identified; Article 4 for uncovered expression
flan,niv2_zsopt_data__task147_afs_argument_similarity_gay_marriage.parquet,7665,1448795,289759.0,niv2_zsopt,,,,,,,,,,,,,flan_submixture,flan_collection_uncovered_expression,direct terms where identified; Article 4 for uncovered expression
flan,niv2_zsopt_data__task1480_gene_extraction_jnlpba_dataset.parquet,6000,586045,117209.0,niv2_zsopt,,,,,,,,,,,,,flan_submixture,flan_collection_uncovered_expression,direct terms where identified; Article 4 for uncovered expression
flan,niv2_zsopt_data__task1481_gene_extraction_bc2gm_dataset.parquet,5310,529990,105998.0,niv2_zsopt,,,,,,,,,,,,,flan_submixture,flan_collection_uncovered_expression,direct terms where identified; Article 4 for uncovered expression
flan,niv2_zsopt_data__task1482_gene_extraction_chemprot_dataset.parquet,1390,123520,24704.0,niv2_zsopt,,,,,,,,,,,,,flan_submixture,flan_collection_uncovered_expression,direct terms where identified; Article 4 for uncovered expression
flan,niv2_zsopt_data__task1483_chemical_extraction_chemprot_dataset.parquet,1420,128025,25605.0,niv2_zsopt,,,,,,,,,,,,,flan_submixture,flan_collection_uncovered_expression,direct terms where identified; Article 4 for uncovered expression
flan,niv2_zsopt_data__task1484_gene_extraction_linnaeus_dataset.parquet,705,73455,14691.0,niv2_zsopt,,,,,,,,,,,,,flan_submixture,flan_collection_uncovered_expression,direct terms where identified; Article 4 for uncovered expression
flan,niv2_zsopt_data__task1485_organ_extraction_anem_dataset.parquet,700,82300,16460.0,niv2_zsopt,,,,,,,,,,,,,flan_submixture,flan_collection_uncovered_expression,direct terms where identified; Article 4 for uncovered expression
flan,niv2_zsopt_data__task1486_cell_extraction_anem_dataset.parquet,615,82420,16484.0,niv2_zsopt,,,,,,,,,,,,,flan_submixture,flan_collection_uncovered_expression,direct terms where identified; Article 4 for uncovered expression
flan,niv2_zsopt_data__task1487_organism_substance_extraction_anem_dataset.parquet,525,57345,11469.0,niv2_zsopt,,,,,,,,,,,,,flan_submixture,flan_collection_uncovered_expression,direct terms where identified; Article 4 for uncovered expression
flan,niv2_zsopt_data__task1488_sarcasmdetection_headline_classification.parquet,2520,282600,56520.0,niv2_zsopt,,,,,,,,,,,,,flan_submixture,flan_collection_uncovered_expression,direct terms where identified; Article 4 for uncovered expression
flan,niv2_zsopt_data__task148_afs_argument_quality_gay_marriage.parquet,6305,866160,173232.0,niv2_zsopt,,,,,,,,,,,,,flan_submixture,flan_collection_uncovered_expression,direct terms where identified; Article 4 for uncovered expression
flan,niv2_zsopt_data__task1495_adverse_drug_event_classification.parquet,9990,1417090,283418.0,niv2_zsopt,,,,,,,,,,,,,flan_submixture,flan_collection_uncovered_expression,direct terms where identified; Article 4 for uncovered expression
flan,niv2_zsopt_data__task1498_24hour_to_12hour_clock.parquet,980,246005,49201.0,niv2_zsopt,,,,,,,,,,,,,flan_submixture,flan_collection_uncovered_expression,direct terms where identified; Article 4 for uncovered expression
flan,niv2_zsopt_data__task1499_dstc3_summarization.parquet,11295,5441090,1088218.0,niv2_zsopt,,,,,,,,,,,,,flan_submixture,flan_collection_uncovered_expression,direct terms where identified; Article 4 for uncovered expression
flan,niv2_zsopt_data__task149_afs_argument_quality_death_penalty.parquet,9325,1217720,243544.0,niv2_zsopt,,,,,,,,,,,,,flan_submixture,flan_collection_uncovered_expression,direct terms where identified; Article 4 for uncovered expression
flan,niv2_zsopt_data__task1500_dstc3_classification.parquet,4755,2348030,469606.0,niv2_zsopt,,,,,,,,,,,,,flan_submixture,flan_collection_uncovered_expression,direct terms where identified; Article 4 for uncovered expression
flan,niv2_zsopt_data__task1501_dstc3_answer_generation.parquet,7250,3307930,661586.0,niv2_zsopt,,,,,,,,,,,,,flan_submixture,flan_collection_uncovered_expression,direct terms where identified; Article 4 for uncovered expression
flan,niv2_zsopt_data__task1505_root09_semantic_relation_classification.parquet,15870,1978545,395709.0,niv2_zsopt,,,,,,,,,,,,,flan_submixture,flan_collection_uncovered_expression,direct terms where identified; Article 4 for uncovered expression
flan,niv2_zsopt_data__task1506_celebrity_minimal_dob_span.parquet,1145,196240,39248.0,niv2_zsopt,,,,,,,,,,,,,flan_submixture,flan_collection_uncovered_expression,direct terms where identified; Article 4 for uncovered expression
flan,niv2_zsopt_data__task1507_boolean_temporal_reasoning.parquet,25000,5905306,1181061.2,niv2_zsopt,,,,,,,,,,,,,flan_submixture,flan_collection_uncovered_expression,direct terms where identified; Article 4 for uncovered expression
flan,niv2_zsopt_data__task1508_wordnet_antonyms.parquet,16885,828970,165794.0,niv2_zsopt,,,,,,,,,,,,,flan_submixture,flan_collection_uncovered_expression,direct terms where identified; Article 4 for uncovered expression
flan,niv2_zsopt_data__task1509_evalution_antonyms.parquet,2755,159100,31820.0,niv2_zsopt,,,,,,,,,,,,,flan_submixture,flan_collection_uncovered_expression,direct terms where identified; Article 4 for uncovered expression
flan,niv2_zsopt_data__task150_afs_argument_quality_gun_control.parquet,10680,1459140,291828.0,niv2_zsopt,,,,,,,,,,,,,flan_submixture,flan_collection_uncovered_expression,direct terms where identified; Article 4 for uncovered expression
flan,niv2_zsopt_data__task1510_evalution_relation_extraction.parquet,25000,2736335,547267.0,niv2_zsopt,,,,,,,,,,,,,flan_submixture,flan_collection_uncovered_expression,direct terms where identified; Article 4 for uncovered expression
flan,niv2_zsopt_data__task1514_flores_translation_entone.parquet,11545,1004280,200856.0,niv2_zsopt,,,,,,,,,,,,,flan_submixture,flan_collection_uncovered_expression,direct terms where identified; Article 4 for uncovered expression
flan,niv2_zsopt_data__task1515_imppres_longtextgeneration.parquet,1180,138470,27694.0,niv2_zsopt,,,,,,,,,,,,,flan_submixture,flan_collection_uncovered_expression,direct terms where identified; Article 4 for uncovered expression
flan,niv2_zsopt_data__task1516_imppres_naturallanguageinference.parquet,3545,393350,78670.0,niv2_zsopt,,,,,,,,,,,,,flan_submixture,flan_collection_uncovered_expression,direct terms where identified; Article 4 for uncovered expression
flan,niv2_zsopt_data__task1517_limit_classfication.parquet,9980,1664755,332951.0,niv2_zsopt,,,,,,,,,,,,,flan_submixture,flan_collection_uncovered_expression,direct terms where identified; Article 4 for uncovered expression
flan,niv2_zsopt_data__task1518_limit_answer_generation.parquet,4980,602140,120428.0,niv2_zsopt,,,,,,,,,,,,,flan_submixture,flan_collection_uncovered_expression,direct terms where identified; Article 4 for uncovered expression
flan,niv2_zsopt_data__task1519_qa_srl_question_generation.parquet,1715,371125,74225.0,niv2_zsopt,,,,,,,,,,,,,flan_submixture,flan_collection_uncovered_expression,direct terms where identified; Article 4 for uncovered expression
flan,niv2_zsopt_data__task151_tomqa_find_location_easy_clean.parquet,25000,4283451,856690.2,niv2_zsopt,,,,,,,,,,,,,flan_submixture,flan_collection_uncovered_expression,direct terms where identified; Article 4 for uncovered expression
flan,niv2_zsopt_data__task1520_qa_srl_answer_generation.parquet,4170,525740,105148.0,niv2_zsopt,,,,,,,,,,,,,flan_submixture,flan_collection_uncovered_expression,direct terms where identified; Article 4 for uncovered expression
flan,niv2_zsopt_data__task1529_scitail1.1_classification.parquet,25000,3700326,740065.2,niv2_zsopt,,,,,,,,,,,,,flan_submixture,flan_collection_uncovered_expression,direct terms where identified; Article 4 for uncovered expression
flan,niv2_zsopt_data__task152_tomqa_find_location_easy_noise.parquet,25000,4934623,986924.6,niv2_zsopt,,,,,,,,,,,,,flan_submixture,flan_collection_uncovered_expression,direct terms where identified; Article 4 for uncovered expression
flan,niv2_zsopt_data__task1530_scitail1.1_sentence_generation.parquet,2280,178880,35776.0,niv2_zsopt,,,,,,,,,,,,,flan_submixture,flan_collection_uncovered_expression,direct terms where identified; Article 4 for uncovered expression
flan,niv2_zsopt_data__task1531_daily_dialog_type_classification.parquet,2485,290000,58000.0,niv2_zsopt,,,,,,,,,,,,,flan_submixture,flan_collection_uncovered_expression,direct terms where identified; Article 4 for uncovered expression
flan,niv2_zsopt_data__task1532_daily_dialog_emotion_classification.parquet,25000,7002423,1400484.6,niv2_zsopt,,,,,,,,,,,,,flan_submixture,flan_collection_uncovered_expression,direct terms where identified; Article 4 for uncovered expression
flan,niv2_zsopt_data__task1533_daily_dialog_formal_classification.parquet,25000,6119711,1223942.2,niv2_zsopt,,,,,,,,,,,,,flan_submixture,flan_collection_uncovered_expression,direct terms where identified; Article 4 for uncovered expression
flan,niv2_zsopt_data__task1534_daily_dialog_question_classification.parquet,25000,5620059,1124011.8,niv2_zsopt,,,,,,,,,,,,,flan_submixture,flan_collection_uncovered_expression,direct terms where identified; Article 4 for uncovered expression
flan,niv2_zsopt_data__task1535_daily_dialog_uniqueness_classification.parquet,5500,1550230,310046.0,niv2_zsopt,,,,,,,,,,,,,flan_submixture,flan_collection_uncovered_expression,direct terms where identified; Article 4 for uncovered expression
flan,niv2_zsopt_data__task1536_daily_dialog_happiness_classification.parquet,25000,5888972,1177794.4,niv2_zsopt,,,,,,,,,,,,,flan_submixture,flan_collection_uncovered_expression,direct terms where identified; Article 4 for uncovered expression
flan,niv2_zsopt_data__task1537_tamil_offenseval_dravidian_classification.parquet,1750,237100,47420.0,niv2_zsopt,,,,,,,,,,,,,flan_submixture,flan_collection_uncovered_expression,direct terms where identified; Article 4 for uncovered expression
flan,niv2_zsopt_data__task1538_malayalam_offenseval_dravidian_classification.parquet,1750,238185,47637.0,niv2_zsopt,,,,,,,,,,,,,flan_submixture,flan_collection_uncovered_expression,direct terms where identified; Article 4 for uncovered expression
flan,niv2_zsopt_data__task1539_kannada_offenseval_dravidian_classification.parquet,4000,538005,107601.0,niv2_zsopt,,,,,,,,,,,,,flan_submixture,flan_collection_uncovered_expression,direct terms where identified; Article 4 for uncovered expression
flan,niv2_zsopt_data__task153_tomqa_find_location_hard_clean.parquet,25000,7337576,1467515.2,niv2_zsopt,,,,,,,,,,,,,flan_submixture,flan_collection_uncovered_expression,direct terms where identified; Article 4 for uncovered expression
flan,niv2_zsopt_data__task1540_parsed_pdfs_summarization.parquet,14980,3982135,796427.0,niv2_zsopt,,,,,,,,,,,,,flan_submixture,flan_collection_uncovered_expression,direct terms where identified; Article 4 for uncovered expression
flan,niv2_zsopt_data__task1541_agnews_classification.parquet,19995,3654525,730905.0,niv2_zsopt,,,,,,,,,,,,,flan_submixture,flan_collection_uncovered_expression,direct terms where identified; Article 4 for uncovered expression
flan,niv2_zsopt_data__task1542_every_ith_element_from_starting.parquet,25000,5126257,1025251.4,niv2_zsopt,,,,,,,,,,,,,flan_submixture,flan_collection_uncovered_expression,direct terms where identified; Article 4 for uncovered expression
flan,niv2_zsopt_data__task1543_conll2002_parts_of_speech_tagging_answer_generation.parquet,23500,4150045,830009.0,niv2_zsopt,,,,,,,,,,,,,flan_submixture,flan_collection_uncovered_expression,direct terms where identified; Article 4 for uncovered expression
flan,niv2_zsopt_data__task1544_conll2002_named_entity_recognition_answer_generation.parquet,23280,3432130,686426.0,niv2_zsopt,,,,,,,,,,,,,flan_submixture,flan_collection_uncovered_expression,direct terms where identified; Article 4 for uncovered expression
flan,niv2_zsopt_data__task1545_conll2002_person_name_extraction_answer_generation.parquet,23280,2852840,570568.0,niv2_zsopt,,,,,,,,,,,,,flan_submixture,flan_collection_uncovered_expression,direct terms where identified; Article 4 for uncovered expression
flan,niv2_zsopt_data__task1546_conll2002_location_name_extraction_answer_generation.parquet,23280,2826880,565376.0,niv2_zsopt,,,,,,,,,,,,,flan_submixture,flan_collection_uncovered_expression,direct terms where identified; Article 4 for uncovered expression
flan,niv2_zsopt_data__task1548_wiqa_binary_classification.parquet,2960,589170,117834.0,niv2_zsopt,,,,,,,,,,,,,flan_submixture,flan_collection_uncovered_expression,direct terms where identified; Article 4 for uncovered expression
flan,niv2_zsopt_data__task1549_wiqa_answer_generation_missing_step.parquet,460,89860,17972.0,niv2_zsopt,,,,,,,,,,,,,flan_submixture,flan_collection_uncovered_expression,direct terms where identified; Article 4 for uncovered expression
flan,niv2_zsopt_data__task154_tomqa_find_location_hard_noise.parquet,25000,8266476,1653295.2,niv2_zsopt,,,,,,,,,,,,,flan_submixture,flan_collection_uncovered_expression,direct terms where identified; Article 4 for uncovered expression
flan,niv2_zsopt_data__task1551_every_ith_element_from_kth_element.parquet,25000,4436892,887378.4,niv2_zsopt,,,,,,,,,,,,,flan_submixture,flan_collection_uncovered_expression,direct terms where identified; Article 4 for uncovered expression
flan,niv2_zsopt_data__task1552_scitail_question_generation.parquet,15520,1131225,226245.0,niv2_zsopt,,,,,,,,,,,,,flan_submixture,flan_collection_uncovered_expression,direct terms where identified; Article 4 for uncovered expression
flan,niv2_zsopt_data__task1553_cnn_dailymail_summarization.parquet,4750,4552525,910505.0,niv2_zsopt,,,,,,,,,,,,,flan_submixture,flan_collection_uncovered_expression,direct terms where identified; Article 4 for uncovered expression
flan,niv2_zsopt_data__task1554_scitail_classification.parquet,25000,3393427,678685.4,niv2_zsopt,,,,,,,,,,,,,flan_submixture,flan_collection_uncovered_expression,direct terms where identified; Article 4 for uncovered expression
flan,niv2_zsopt_data__task1555_scitail_answer_generation.parquet,15520,1337140,267428.0,niv2_zsopt,,,,,,,,,,,,,flan_submixture,flan_collection_uncovered_expression,direct terms where identified; Article 4 for uncovered expression
flan,niv2_zsopt_data__task1556_scitail_passage_generation.parquet,15555,1512570,302514.0,niv2_zsopt,,,,,,,,,,,,,flan_submixture,flan_collection_uncovered_expression,direct terms where identified; Article 4 for uncovered expression
flan,niv2_zsopt_data__task1557_jfleg_answer_generation.parquet,3770,323485,64697.0,niv2_zsopt,,,,,,,,,,,,,flan_submixture,flan_collection_uncovered_expression,direct terms where identified; Article 4 for uncovered expression
flan,niv2_zsopt_data__task1558_jfleg_incorrect_answer_generation.parquet,3770,323700,64740.0,niv2_zsopt,,,,,,,,,,,,,flan_submixture,flan_collection_uncovered_expression,direct terms where identified; Article 4 for uncovered expression
flan,niv2_zsopt_data__task1559_blimp_binary_classification.parquet,5000,566655,113331.0,niv2_zsopt,,,,,,,,,,,,,flan_submixture,flan_collection_uncovered_expression,direct terms where identified; Article 4 for uncovered expression
flan,niv2_zsopt_data__task155_count_nouns_verbs.parquet,25000,1617933,323586.6,niv2_zsopt,,,,,,,,,,,,,flan_submixture,flan_collection_uncovered_expression,direct terms where identified; Article 4 for uncovered expression
flan,niv2_zsopt_data__task1560_blimp_binary_classification.parquet,5000,934880,186976.0,niv2_zsopt,,,,,,,,,,,,,flan_submixture,flan_collection_uncovered_expression,direct terms where identified; Article 4 for uncovered expression
flan,niv2_zsopt_data__task1561_clickbait_new_bg_summarization.parquet,2360,1363745,272749.0,niv2_zsopt,,,,,,,,,,,,,flan_submixture,flan_collection_uncovered_expression,direct terms where identified; Article 4 for uncovered expression
flan,niv2_zsopt_data__task1562_zest_text_modification.parquet,710,173935,34787.0,niv2_zsopt,,,,,,,,,,,,,flan_submixture,flan_collection_uncovered_expression,direct terms where identified; Article 4 for uncovered expression
flan,niv2_zsopt_data__task1566_propara_structured_text_generation.parquet,1000,187335,37467.0,niv2_zsopt,,,,,,,,,,,,,flan_submixture,flan_collection_uncovered_expression,direct terms where identified; Article 4 for uncovered expression
flan,niv2_zsopt_data__task1567_propara_question_generation.parquet,1000,187135,37427.0,niv2_zsopt,,,,,,,,,,,,,flan_submixture,flan_collection_uncovered_expression,direct terms where identified; Article 4 for uncovered expression
flan,niv2_zsopt_data__task1568_propara_classification.parquet,810,178230,35646.0,niv2_zsopt,,,,,,,,,,,,,flan_submixture,flan_collection_uncovered_expression,direct terms where identified; Article 4 for uncovered expression
flan,niv2_zsopt_data__task1569_cmrc2018_question_generation.parquet,950,483090,96618.0,niv2_zsopt,,,,,,,,,,,,,flan_submixture,flan_collection_uncovered_expression,direct terms where identified; Article 4 for uncovered expression
flan,niv2_zsopt_data__task156_codah_classification_adversarial.parquet,13855,2072180,414436.0,niv2_zsopt,,,,,,,,,,,,,flan_submixture,flan_collection_uncovered_expression,direct terms where identified; Article 4 for uncovered expression
flan,niv2_zsopt_data__task1570_cmrc2018_answer_generation.parquet,1000,536180,107236.0,niv2_zsopt,,,,,,,,,,,,,flan_submixture,flan_collection_uncovered_expression,direct terms where identified; Article 4 for uncovered expression
flan,niv2_zsopt_data__task1571_cmrc2018_answer_generation_starting_index.parquet,1000,490435,98087.0,niv2_zsopt,,,,,,,,,,,,,flan_submixture,flan_collection_uncovered_expression,direct terms where identified; Article 4 for uncovered expression
flan,niv2_zsopt_data__task1572_samsum_summary.parquet,1000,243440,48688.0,niv2_zsopt,,,,,,,,,,,,,flan_submixture,flan_collection_uncovered_expression,direct terms where identified; Article 4 for uncovered expression
flan,niv2_zsopt_data__task1573_samsum_classification.parquet,1540,165835,33167.0,niv2_zsopt,,,,,,,,,,,,,flan_submixture,flan_collection_uncovered_expression,direct terms where identified; Article 4 for uncovered expression
flan,niv2_zsopt_data__task1579_gigaword_incorrect_summarization.parquet,9665,781330,156266.0,niv2_zsopt,,,,,,,,,,,,,flan_submixture,flan_collection_uncovered_expression,direct terms where identified; Article 4 for uncovered expression
flan,niv2_zsopt_data__task157_count_vowels_and_consonants.parquet,25000,2265694,453138.8,niv2_zsopt,,,,,,,,,,,,,flan_submixture,flan_collection_uncovered_expression,direct terms where identified; Article 4 for uncovered expression
flan,niv2_zsopt_data__task1580_eqasc-perturbed_question_generation.parquet,4110,231790,46358.0,niv2_zsopt,,,,,,,,,,,,,flan_submixture,flan_collection_uncovered_expression,direct terms where identified; Article 4 for uncovered expression
flan,niv2_zsopt_data__task1581_eqasc-perturbed_answer_generation.parquet,4100,278385,55677.0,niv2_zsopt,,,,,,,,,,,,,flan_submixture,flan_collection_uncovered_expression,direct terms where identified; Article 4 for uncovered expression
flan,niv2_zsopt_data__task1582_bless_hypernym_generation.parquet,795,59300,11860.0,niv2_zsopt,,,,,,,,,,,,,flan_submixture,flan_collection_uncovered_expression,direct terms where identified; Article 4 for uncovered expression
flan,niv2_zsopt_data__task1583_bless_meronym_classification.parquet,7405,689685,137937.0,niv2_zsopt,,,,,,,,,,,,,flan_submixture,flan_collection_uncovered_expression,direct terms where identified; Article 4 for uncovered expression
flan,niv2_zsopt_data__task1584_evalution_meronym_classification.parquet,5395,615485,123097.0,niv2_zsopt,,,,,,,,,,,,,flan_submixture,flan_collection_uncovered_expression,direct terms where identified; Article 4 for uncovered expression
flan,niv2_zsopt_data__task1585_root09_hypernym_generation.parquet,2815,206620,41324.0,niv2_zsopt,,,,,,,,,,,,,flan_submixture,flan_collection_uncovered_expression,direct terms where identified; Article 4 for uncovered expression
flan,niv2_zsopt_data__task1586_scifact_title_generation.parquet,25000,9004480,1800896.0,niv2_zsopt,,,,,,,,,,,,,flan_submixture,flan_collection_uncovered_expression,direct terms where identified; Article 4 for uncovered expression
flan,niv2_zsopt_data__task1587_scifact_classification.parquet,25000,9374370,1874874.0,niv2_zsopt,,,,,,,,,,,,,flan_submixture,flan_collection_uncovered_expression,direct terms where identified; Article 4 for uncovered expression
flan,niv2_zsopt_data__task1588_tecla_classification.parquet,4750,3591955,718391.0,niv2_zsopt,,,,,,,,,,,,,flan_submixture,flan_collection_uncovered_expression,direct terms where identified; Article 4 for uncovered expression
flan,niv2_zsopt_data__task1589_scifact_classification.parquet,7880,3543340,708668.0,niv2_zsopt,,,,,,,,,,,,,flan_submixture,flan_collection_uncovered_expression,direct terms where identified; Article 4 for uncovered expression
flan,niv2_zsopt_data__task158_count_frequency_of_words.parquet,10235,725505,145101.0,niv2_zsopt,,,,,,,,,,,,,flan_submixture,flan_collection_uncovered_expression,direct terms where identified; Article 4 for uncovered expression
flan,niv2_zsopt_data__task1590_diplomacy_text_generation.parquet,790,228230,45646.0,niv2_zsopt,,,,,,,,,,,,,flan_submixture,flan_collection_uncovered_expression,direct terms where identified; Article 4 for uncovered expression
flan,niv2_zsopt_data__task1591_allocine_classification.parquet,9980,1850140,370028.0,niv2_zsopt,,,,,,,,,,,,,flan_submixture,flan_collection_uncovered_expression,direct terms where identified; Article 4 for uncovered expression
flan,niv2_zsopt_data__task1592_yahoo_answers_topics_classfication.parquet,4970,661020,132204.0,niv2_zsopt,,,,,,,,,,,,,flan_submixture,flan_collection_uncovered_expression,direct terms where identified; Article 4 for uncovered expression
flan,niv2_zsopt_data__task1593_yahoo_answers_topics_classification.parquet,4965,1110050,222010.0,niv2_zsopt,,,,,,,,,,,,,flan_submixture,flan_collection_uncovered_expression,direct terms where identified; Article 4 for uncovered expression
flan,niv2_zsopt_data__task1594_yahoo_answers_topics_question_generation.parquet,10815,1987140,397428.0,niv2_zsopt,,,,,,,,,,,,,flan_submixture,flan_collection_uncovered_expression,direct terms where identified; Article 4 for uncovered expression
flan,niv2_zsopt_data__task1595_event2mind_text_generation_1.parquet,25000,2239781,447956.2,niv2_zsopt,,,,,,,,,,,,,flan_submixture,flan_collection_uncovered_expression,direct terms where identified; Article 4 for uncovered expression
flan,niv2_zsopt_data__task1596_event2mind_text_generation_2.parquet,25000,2291161,458232.2,niv2_zsopt,,,,,,,,,,,,,flan_submixture,flan_collection_uncovered_expression,direct terms where identified; Article 4 for uncovered expression
flan,niv2_zsopt_data__task1597_nyc_slot_filling.parquet,25000,2906682,581336.4,niv2_zsopt,,,,,,,,,,,,,flan_submixture,flan_collection_uncovered_expression,direct terms where identified; Article 4 for uncovered expression
flan,niv2_zsopt_data__task1598_nyc_long_text_generation.parquet,25000,2837894,567578.8,niv2_zsopt,,,,,,,,,,,,,flan_submixture,flan_collection_uncovered_expression,direct terms where identified; Article 4 for uncovered expression
flan,niv2_zsopt_data__task1599_smcalflow_classification.parquet,19050,2320255,464051.0,niv2_zsopt,,,,,,,,,,,,,flan_submixture,flan_collection_uncovered_expression,direct terms where identified; Article 4 for uncovered expression
flan,niv2_zsopt_data__task159_check_frequency_of_words_in_sentence_pair.parquet,25000,2364435,472887.0,niv2_zsopt,,,,,,,,,,,,,flan_submixture,flan_collection_uncovered_expression,direct terms where identified; Article 4 for uncovered expression
flan,niv2_zsopt_data__task1600_smcalflow_sentence_generation.parquet,5145,597570,119514.0,niv2_zsopt,,,,,,,,,,,,,flan_submixture,flan_collection_uncovered_expression,direct terms where identified; Article 4 for uncovered expression
flan,niv2_zsopt_data__task1601_webquestions_answer_generation.parquet,18880,1606595,321319.0,niv2_zsopt,,,,,,,,,,,,,flan_submixture,flan_collection_uncovered_expression,direct terms where identified; Article 4 for uncovered expression
flan,niv2_zsopt_data__task1602_webquestion_question_genreation.parquet,15810,1261505,252301.0,niv2_zsopt,,,,,,,,,,,,,flan_submixture,flan_collection_uncovered_expression,direct terms where identified; Article 4 for uncovered expression
flan,niv2_zsopt_data__task1603_smcalflow_sentence_generation.parquet,13895,1212800,242560.0,niv2_zsopt,,,,,,,,,,,,,flan_submixture,flan_collection_uncovered_expression,direct terms where identified; Article 4 for uncovered expression
flan,niv2_zsopt_data__task1604_ethos_text_classification.parquet,4990,386950,77390.0,niv2_zsopt,,,,,,,,,,,,,flan_submixture,flan_collection_uncovered_expression,direct terms where identified; Article 4 for uncovered expression
flan,niv2_zsopt_data__task1605_ethos_text_classification.parquet,1460,138920,27784.0,niv2_zsopt,,,,,,,,,,,,,flan_submixture,flan_collection_uncovered_expression,direct terms where identified; Article 4 for uncovered expression
flan,niv2_zsopt_data__task1606_ethos_text_classification.parquet,930,83300,16660.0,niv2_zsopt,,,,,,,,,,,,,flan_submixture,flan_collection_uncovered_expression,direct terms where identified; Article 4 for uncovered expression
flan,niv2_zsopt_data__task1607_ethos_text_classification.parquet,855,97815,19563.0,niv2_zsopt,,,,,,,,,,,,,flan_submixture,flan_collection_uncovered_expression,direct terms where identified; Article 4 for uncovered expression
flan,niv2_zsopt_data__task1608_xquad_en_answer_generation.parquet,5925,1459565,291913.0,niv2_zsopt,,,,,,,,,,,,,flan_submixture,flan_collection_uncovered_expression,direct terms where identified; Article 4 for uncovered expression
flan,niv2_zsopt_data__task1609_xquad_en_question_generation.parquet,1200,289890,57978.0,niv2_zsopt,,,,,,,,,,,,,flan_submixture,flan_collection_uncovered_expression,direct terms where identified; Article 4 for uncovered expression
flan,niv2_zsopt_data__task160_replace_letter_in_a_sentence.parquet,25000,2048520,409704.0,niv2_zsopt,,,,,,,,,,,,,flan_submixture,flan_collection_uncovered_expression,direct terms where identified; Article 4 for uncovered expression
flan,niv2_zsopt_data__task1610_xquad_es_answer_generation.parquet,5920,1767020,353404.0,niv2_zsopt,,,,,,,,,,,,,flan_submixture,flan_collection_uncovered_expression,direct terms where identified; Article 4 for uncovered expression
flan,niv2_zsopt_data__task1611_xquad_es_question_generation.parquet,1200,340920,68184.0,niv2_zsopt,,,,,,,,,,,,,flan_submixture,flan_collection_uncovered_expression,direct terms where identified; Article 4 for uncovered expression
flan,niv2_zsopt_data__task1612_sick_label_classification.parquet,9000,1219560,243912.0,niv2_zsopt,,,,,,,,,,,,,flan_submixture,flan_collection_uncovered_expression,direct terms where identified; Article 4 for uncovered expression
flan,niv2_zsopt_data__task1613_sick_given_category_generate_sentence.parquet,5415,718350,143670.0,niv2_zsopt,,,,,,,,,,,,,flan_submixture,flan_collection_uncovered_expression,direct terms where identified; Article 4 for uncovered expression
flan,niv2_zsopt_data__task1614_sick_text_modify.parquet,4340,389070,77814.0,niv2_zsopt,,,,,,,,,,,,,flan_submixture,flan_collection_uncovered_expression,direct terms where identified; Article 4 for uncovered expression
flan,niv2_zsopt_data__task1615_sick_tclassify_b_relation_a.parquet,8985,1330215,266043.0,niv2_zsopt,,,,,,,,,,,,,flan_submixture,flan_collection_uncovered_expression,direct terms where identified; Article 4 for uncovered expression
flan,niv2_zsopt_data__task1616_cc_alligned_translate_eng_tel.parquet,24370,1884645,376929.0,niv2_zsopt,,,,,,,,,,,,,flan_submixture,flan_collection_uncovered_expression,direct terms where identified; Article 4 for uncovered expression
flan,niv2_zsopt_data__task1617_cc_alligned_translate_tel_eng.parquet,24370,1880595,376119.0,niv2_zsopt,,,,,,,,,,,,,flan_submixture,flan_collection_uncovered_expression,direct terms where identified; Article 4 for uncovered expression
flan,niv2_zsopt_data__task1618_cc_alligned_classify_tel_eng.parquet,24640,1543375,308675.0,niv2_zsopt,,,,,,,,,,,,,flan_submixture,flan_collection_uncovered_expression,direct terms where identified; Article 4 for uncovered expression
flan,niv2_zsopt_data__task1619_menyo20k-mt_en_yo_translation.parquet,19875,5953080,1190616.0,niv2_zsopt,,,,,,,,,,,,,flan_submixture,flan_collection_uncovered_expression,direct terms where identified; Article 4 for uncovered expression
flan,niv2_zsopt_data__task161_count_words_containing_letter.parquet,25000,1738349,347669.8,niv2_zsopt,,,,,,,,,,,,,flan_submixture,flan_collection_uncovered_expression,direct terms where identified; Article 4 for uncovered expression
flan,niv2_zsopt_data__task1620_menyo20k-mt_yo_en_translation.parquet,19880,6456945,1291389.0,niv2_zsopt,,,,,,,,,,,,,flan_submixture,flan_collection_uncovered_expression,direct terms where identified; Article 4 for uncovered expression
flan,niv2_zsopt_data__task1621_menyo20k-mt_en_yo_language_identification.parquet,19895,2483925,496785.0,niv2_zsopt,,,,,,,,,,,,,flan_submixture,flan_collection_uncovered_expression,direct terms where identified; Article 4 for uncovered expression
flan,niv2_zsopt_data__task1622_disfl_qa_text_modication.parquet,9975,925625,185125.0,niv2_zsopt,,,,,,,,,,,,,flan_submixture,flan_collection_uncovered_expression,direct terms where identified; Article 4 for uncovered expression
flan,niv2_zsopt_data__task1623_disfl_qa_disfluent_question_classification.parquet,7400,612795,122559.0,niv2_zsopt,,,,,,,,,,,,,flan_submixture,flan_collection_uncovered_expression,direct terms where identified; Article 4 for uncovered expression
flan,niv2_zsopt_data__task1624_disfl_qa_question_yesno_classification.parquet,7500,2228480,445696.0,niv2_zsopt,,,,,,,,,,,,,flan_submixture,flan_collection_uncovered_expression,direct terms where identified; Article 4 for uncovered expression
flan,niv2_zsopt_data__task1625_disfl_qa_asnwer_generation.parquet,7500,2232030,446406.0,niv2_zsopt,,,,,,,,,,,,,flan_submixture,flan_collection_uncovered_expression,direct terms where identified; Article 4 for uncovered expression
flan,niv2_zsopt_data__task1626_copa_hr_question_answering.parquet,4980,1007740,201548.0,niv2_zsopt,,,,,,,,,,,,,flan_submixture,flan_collection_uncovered_expression,direct terms where identified; Article 4 for uncovered expression
flan,niv2_zsopt_data__task1627_copa_hr_classification.parquet,4975,601645,120329.0,niv2_zsopt,,,,,,,,,,,,,flan_submixture,flan_collection_uncovered_expression,direct terms where identified; Article 4 for uncovered expression
flan,niv2_zsopt_data__task1628_copa_hr_question_answering.parquet,4970,928905,185781.0,niv2_zsopt,,,,,,,,,,,,,flan_submixture,flan_collection_uncovered_expression,direct terms where identified; Article 4 for uncovered expression
flan,niv2_zsopt_data__task1629_copa_hr_classification.parquet,4975,568390,113678.0,niv2_zsopt,,,,,,,,,,,,,flan_submixture,flan_collection_uncovered_expression,direct terms where identified; Article 4 for uncovered expression
flan,niv2_zsopt_data__task162_count_words_starting_with_letter.parquet,18640,1488825,297765.0,niv2_zsopt,,,,,,,,,,,,,flan_submixture,flan_collection_uncovered_expression,direct terms where identified; Article 4 for uncovered expression
flan,niv2_zsopt_data__task1630_openpi_classification.parquet,3985,617410,123482.0,niv2_zsopt,,,,,,,,,,,,,flan_submixture,flan_collection_uncovered_expression,direct terms where identified; Article 4 for uncovered expression
flan,niv2_zsopt_data__task1631_openpi_answer_generation.parquet,14950,1369200,273840.0,niv2_zsopt,,,,,,,,,,,,,flan_submixture,flan_collection_uncovered_expression,direct terms where identified; Article 4 for uncovered expression
flan,niv2_zsopt_data__task1637_doqa2.1_cooking_text_summarization.parquet,2000,321960,64392.0,niv2_zsopt,,,,,,,,,,,,,flan_submixture,flan_collection_uncovered_expression,direct terms where identified; Article 4 for uncovered expression
flan,niv2_zsopt_data__task1638_doqa2.1_movies_text_summarization.parquet,1940,335400,67080.0,niv2_zsopt,,,,,,,,,,,,,flan_submixture,flan_collection_uncovered_expression,direct terms where identified; Article 4 for uncovered expression
flan,niv2_zsopt_data__task1639_doqa2.1_travel_text_summarization.parquet,1925,399795,79959.0,niv2_zsopt,,,,,,,,,,,,,flan_submixture,flan_collection_uncovered_expression,direct terms where identified; Article 4 for uncovered expression
flan,niv2_zsopt_data__task163_count_words_ending_with_letter.parquet,25000,1994699,398939.8,niv2_zsopt,,,,,,,,,,,,,flan_submixture,flan_collection_uncovered_expression,direct terms where identified; Article 4 for uncovered expression
flan,niv2_zsopt_data__task1640_aqa1.0_answerable_unanswerable_question_classification.parquet,13240,3163900,632780.0,niv2_zsopt,,,,,,,,,,,,,flan_submixture,flan_collection_uncovered_expression,direct terms where identified; Article 4 for uncovered expression
flan,niv2_zsopt_data__task1645_medical_question_pair_dataset_text_classification.parquet,14740,2045380,409076.0,niv2_zsopt,,,,,,,,,,,,,flan_submixture,flan_collection_uncovered_expression,direct terms where identified; Article 4 for uncovered expression
flan,niv2_zsopt_data__task1646_dataset_card_for_catalonia_independence_corpus_text_classification.parquet,24500,4394635,878927.0,niv2_zsopt,,,,,,,,,,,,,flan_submixture,flan_collection_uncovered_expression,direct terms where identified; Article 4 for uncovered expression
flan,niv2_zsopt_data__task1647_opus_books_en-pt_translation.parquet,6975,1048095,209619.0,niv2_zsopt,,,,,,,,,,,,,flan_submixture,flan_collection_uncovered_expression,direct terms where identified; Article 4 for uncovered expression
flan,niv2_zsopt_data__task1648_opus_books_en-sv_translation.parquet,7490,1194890,238978.0,niv2_zsopt,,,,,,,,,,,,,flan_submixture,flan_collection_uncovered_expression,direct terms where identified; Article 4 for uncovered expression
flan,niv2_zsopt_data__task1649_opus_books_en-no_translation.parquet,4000,580165,116033.0,niv2_zsopt,,,,,,,,,,,,,flan_submixture,flan_collection_uncovered_expression,direct terms where identified; Article 4 for uncovered expression
flan,niv2_zsopt_data__task164_mcscript_question_answering_text.parquet,25000,7404290,1480858.0,niv2_zsopt,,,,,,,,,,,,,flan_submixture,flan_collection_uncovered_expression,direct terms where identified; Article 4 for uncovered expression
flan,niv2_zsopt_data__task1650_opus_books_en-fi_translation.parquet,7460,1096045,219209.0,niv2_zsopt,,,,,,,,,,,,,flan_submixture,flan_collection_uncovered_expression,direct terms where identified; Article 4 for uncovered expression
flan,niv2_zsopt_data__task1651_opus_books_en-es__translation.parquet,7500,1184395,236879.0,niv2_zsopt,,,,,,,,,,,,,flan_submixture,flan_collection_uncovered_expression,direct terms where identified; Article 4 for uncovered expression
flan,niv2_zsopt_data__task1652_opus_books_ca-en_translation.parquet,7500,1183890,236778.0,niv2_zsopt,,,,,,,,,,,,,flan_submixture,flan_collection_uncovered_expression,direct terms where identified; Article 4 for uncovered expression
flan,niv2_zsopt_data__task1654_mkb_translation.parquet,740,71565,14313.0,niv2_zsopt,,,,,,,,,,,,,flan_submixture,flan_collection_uncovered_expression,direct terms where identified; Article 4 for uncovered expression
flan,niv2_zsopt_data__task1655_mkb_translation.parquet,750,67590,13518.0,niv2_zsopt,,,,,,,,,,,,,flan_submixture,flan_collection_uncovered_expression,direct terms where identified; Article 4 for uncovered expression
flan,niv2_zsopt_data__task1656_gooaq_answer_generation.parquet,550,27085,5417.0,niv2_zsopt,,,,,,,,,,,,,flan_submixture,flan_collection_uncovered_expression,direct terms where identified; Article 4 for uncovered expression
flan,niv2_zsopt_data__task1657_gooaq_question_generation.parquet,520,45850,9170.0,niv2_zsopt,,,,,,,,,,,,,flan_submixture,flan_collection_uncovered_expression,direct terms where identified; Article 4 for uncovered expression
flan,niv2_zsopt_data__task1658_billsum_summarization.parquet,20105,48556500,9711300.0,niv2_zsopt,,,,,,,,,,,,,flan_submixture,flan_collection_uncovered_expression,direct terms where identified; Article 4 for uncovered expression
flan,niv2_zsopt_data__task1659_title_generation.parquet,25000,7891937,1578387.4,niv2_zsopt,,,,,,,,,,,,,flan_submixture,flan_collection_uncovered_expression,direct terms where identified; Article 4 for uncovered expression
flan,niv2_zsopt_data__task165_mcscript_question_answering_commonsense.parquet,25000,7927527,1585505.4,niv2_zsopt,,,,,,,,,,,,,flan_submixture,flan_collection_uncovered_expression,direct terms where identified; Article 4 for uncovered expression
flan,niv2_zsopt_data__task1660_super_glue_question_generation.parquet,9465,1945825,389165.0,niv2_zsopt,,,,,,,,,,,,,flan_submixture,flan_collection_uncovered_expression,direct terms where identified; Article 4 for uncovered expression
flan,niv2_zsopt_data__task1661_super_glue_classification.parquet,20000,4251510,850302.0,niv2_zsopt,,,,,,,,,,,,,flan_submixture,flan_collection_uncovered_expression,direct terms where identified; Article 4 for uncovered expression
flan,niv2_zsopt_data__task1662_cedr_ru_classification.parquet,21305,2524205,504841.0,niv2_zsopt,,,,,,,,,,,,,flan_submixture,flan_collection_uncovered_expression,direct terms where identified; Article 4 for uncovered expression
flan,niv2_zsopt_data__task1663_cedr_ru_incorrect_classification.parquet,21305,2417860,483572.0,niv2_zsopt,,,,,,,,,,,,,flan_submixture,flan_collection_uncovered_expression,direct terms where identified; Article 4 for uncovered expression
flan,niv2_zsopt_data__task1664_winobias_text_generation.parquet,1940,289440,57888.0,niv2_zsopt,,,,,,,,,,,,,flan_submixture,flan_collection_uncovered_expression,direct terms where identified; Article 4 for uncovered expression
flan,niv2_zsopt_data__task1665_trainglecopa_question_generation.parquet,500,63035,12607.0,niv2_zsopt,,,,,,,,,,,,,flan_submixture,flan_collection_uncovered_expression,direct terms where identified; Article 4 for uncovered expression
flan,niv2_zsopt_data__task1666_cail2018_answer_generation.parquet,4970,2076765,415353.0,niv2_zsopt,,,,,,,,,,,,,flan_submixture,flan_collection_uncovered_expression,direct terms where identified; Article 4 for uncovered expression
flan,niv2_zsopt_data__task1667_cail2018_answer_generation.parquet,4960,2219655,443931.0,niv2_zsopt,,,,,,,,,,,,,flan_submixture,flan_collection_uncovered_expression,direct terms where identified; Article 4 for uncovered expression
flan,niv2_zsopt_data__task1669_md_gender_bias_text_modification.parquet,5000,436710,87342.0,niv2_zsopt,,,,,,,,,,,,,flan_submixture,flan_collection_uncovered_expression,direct terms where identified; Article 4 for uncovered expression
flan,niv2_zsopt_data__task166_clariq_sentence_generation.parquet,1160,121395,24279.0,niv2_zsopt,,,,,,,,,,,,,flan_submixture,flan_collection_uncovered_expression,direct terms where identified; Article 4 for uncovered expression
flan,niv2_zsopt_data__task1670_md_gender_bias_text_modification.parquet,5000,436870,87374.0,niv2_zsopt,,,,,,,,,,,,,flan_submixture,flan_collection_uncovered_expression,direct terms where identified; Article 4 for uncovered expression
flan,niv2_zsopt_data__task1676_xquad-ca_translation.parquet,5900,578140,115628.0,niv2_zsopt,,,,,,,,,,,,,flan_submixture,flan_collection_uncovered_expression,direct terms where identified; Article 4 for uncovered expression
flan,niv2_zsopt_data__task1677_xquad-ca_translation.parquet,5900,579600,115920.0,niv2_zsopt,,,,,,,,,,,,,flan_submixture,flan_collection_uncovered_expression,direct terms where identified; Article 4 for uncovered expression
flan,niv2_zsopt_data__task1678_mathqa_answer_selection.parquet,22355,3670395,734079.0,niv2_zsopt,,,,,,,,,,,,,flan_submixture,flan_collection_uncovered_expression,direct terms where identified; Article 4 for uncovered expression
flan,niv2_zsopt_data__task167_strategyqa_question_generation.parquet,11770,3467625,693525.0,niv2_zsopt,,,,,,,,,,,,,flan_submixture,flan_collection_uncovered_expression,direct terms where identified; Article 4 for uncovered expression
flan,niv2_zsopt_data__task1685_menyo20k_translation.parquet,25000,2834879,566975.8,niv2_zsopt,,,,,,,,,,,,,flan_submixture,flan_collection_uncovered_expression,direct terms where identified; Article 4 for uncovered expression
flan,niv2_zsopt_data__task1686_menyo20k_translation.parquet,25000,2814781,562956.2,niv2_zsopt,,,,,,,,,,,,,flan_submixture,flan_collection_uncovered_expression,direct terms where identified; Article 4 for uncovered expression
flan,niv2_zsopt_data__task1689_qed_amara_translation.parquet,25000,1760773,352154.6,niv2_zsopt,,,,,,,,,,,,,flan_submixture,flan_collection_uncovered_expression,direct terms where identified; Article 4 for uncovered expression
flan,niv2_zsopt_data__task168_strategyqa_question_decomposition.parquet,15105,8119590,1623918.0,niv2_zsopt,,,,,,,,,,,,,flan_submixture,flan_collection_uncovered_expression,direct terms where identified; Article 4 for uncovered expression
flan,niv2_zsopt_data__task1690_qed_amara_translation.parquet,25000,1775460,355092.0,niv2_zsopt,,,,,,,,,,,,,flan_submixture,flan_collection_uncovered_expression,direct terms where identified; Article 4 for uncovered expression
flan,niv2_zsopt_data__task1691_qed_amara_translation.parquet,25000,1778798,355759.6,niv2_zsopt,,,,,,,,,,,,,flan_submixture,flan_collection_uncovered_expression,direct terms where identified; Article 4 for uncovered expression
flan,niv2_zsopt_data__task1692_qed_amara_translation.parquet,25000,1781645,356329.0,niv2_zsopt,,,,,,,,,,,,,flan_submixture,flan_collection_uncovered_expression,direct terms where identified; Article 4 for uncovered expression
flan,niv2_zsopt_data__task169_strategyqa_sentence_generation.parquet,21220,3585055,717011.0,niv2_zsopt,,,,,,,,,,,,,flan_submixture,flan_collection_uncovered_expression,direct terms where identified; Article 4 for uncovered expression
flan,niv2_zsopt_data__task1703_ljspeech_textmodification.parquet,2495,364765,72953.0,niv2_zsopt,,,,,,,,,,,,,flan_submixture,flan_collection_uncovered_expression,direct terms where identified; Article 4 for uncovered expression
flan,niv2_zsopt_data__task1704_ljspeech_textmodification.parquet,2495,253375,50675.0,niv2_zsopt,,,,,,,,,,,,,flan_submixture,flan_collection_uncovered_expression,direct terms where identified; Article 4 for uncovered expression
flan,niv2_zsopt_data__task1705_ljspeech_classification.parquet,500,53660,10732.0,niv2_zsopt,,,,,,,,,,,,,flan_submixture,flan_collection_uncovered_expression,direct terms where identified; Article 4 for uncovered expression
flan,niv2_zsopt_data__task1706_ljspeech_classification.parquet,500,49125,9825.0,niv2_zsopt,,,,,,,,,,,,,flan_submixture,flan_collection_uncovered_expression,direct terms where identified; Article 4 for uncovered expression
flan,niv2_zsopt_data__task1711_poki_text_generation.parquet,25000,4181315,836263.0,niv2_zsopt,,,,,,,,,,,,,flan_submixture,flan_collection_uncovered_expression,direct terms where identified; Article 4 for uncovered expression
flan,niv2_zsopt_data__task1712_poki_classification.parquet,25000,4483045,896609.0,niv2_zsopt,,,,,,,,,,,,,flan_submixture,flan_collection_uncovered_expression,direct terms where identified; Article 4 for uncovered expression
flan,niv2_zsopt_data__task1713_convai3_sentence_generation.parquet,910,104345,20869.0,niv2_zsopt,,,,,,,,,,,,,flan_submixture,flan_collection_uncovered_expression,direct terms where identified; Article 4 for uncovered expression
flan,niv2_zsopt_data__task1714_convai3_sentence_generation.parquet,11475,1764075,352815.0,niv2_zsopt,,,,,,,,,,,,,flan_submixture,flan_collection_uncovered_expression,direct terms where identified; Article 4 for uncovered expression
flan,niv2_zsopt_data__task171_spl_translation_en_es.parquet,1795,456440,91288.0,niv2_zsopt,,,,,,,,,,,,,flan_submixture,flan_collection_uncovered_expression,direct terms where identified; Article 4 for uncovered expression
flan,niv2_zsopt_data__task1726_mathqa_correct_answer_generation.parquet,22375,1923690,384738.0,niv2_zsopt,,,,,,,,,,,,,flan_submixture,flan_collection_uncovered_expression,direct terms where identified; Article 4 for uncovered expression
flan,niv2_zsopt_data__task1727_wiqa_what_is_the_effect.parquet,25000,4950586,990117.2,niv2_zsopt,,,,,,,,,,,,,flan_submixture,flan_collection_uncovered_expression,direct terms where identified; Article 4 for uncovered expression
flan,niv2_zsopt_data__task1728_web_nlg_data_to_text.parquet,25000,3611317,722263.4,niv2_zsopt,,,,,,,,,,,,,flan_submixture,flan_collection_uncovered_expression,direct terms where identified; Article 4 for uncovered expression
flan,niv2_zsopt_data__task1729_personachat_generate_next.parquet,25000,6223150,1244630.0,niv2_zsopt,,,,,,,,,,,,,flan_submixture,flan_collection_uncovered_expression,direct terms where identified; Article 4 for uncovered expression
flan,niv2_zsopt_data__task172_spl_translation_en_fa.parquet,1790,463010,92602.0,niv2_zsopt,,,,,,,,,,,,,flan_submixture,flan_collection_uncovered_expression,direct terms where identified; Article 4 for uncovered expression
flan,niv2_zsopt_data__task1730_personachat_choose_next.parquet,25000,7157489,1431497.8,niv2_zsopt,,,,,,,,,,,,,flan_submixture,flan_collection_uncovered_expression,direct terms where identified; Article 4 for uncovered expression
flan,niv2_zsopt_data__task1731_quartz_question_answering.parquet,13400,1546055,309211.0,niv2_zsopt,,,,,,,,,,,,,flan_submixture,flan_collection_uncovered_expression,direct terms where identified; Article 4 for uncovered expression
flan,niv2_zsopt_data__task173_spl_translation_en_it.parquet,1785,456100,91220.0,niv2_zsopt,,,,,,,,,,,,,flan_submixture,flan_collection_uncovered_expression,direct terms where identified; Article 4 for uncovered expression
flan,niv2_zsopt_data__task174_spl_translation_en_ja.parquet,1790,453865,90773.0,niv2_zsopt,,,,,,,,,,,,,flan_submixture,flan_collection_uncovered_expression,direct terms where identified; Article 4 for uncovered expression
flan,niv2_zsopt_data__task175_spl_translation_en_pl.parquet,1795,459525,91905.0,niv2_zsopt,,,,,,,,,,,,,flan_submixture,flan_collection_uncovered_expression,direct terms where identified; Article 4 for uncovered expression
flan,niv2_zsopt_data__task176_break_decompose_questions.parquet,25000,15958142,3191628.4,niv2_zsopt,,,,,,,,,,,,,flan_submixture,flan_collection_uncovered_expression,direct terms where identified; Article 4 for uncovered expression
flan,niv2_zsopt_data__task177_para-nmt_paraphrasing.parquet,25000,2247148,449429.6,niv2_zsopt,,,,,,,,,,,,,flan_submixture,flan_collection_uncovered_expression,direct terms where identified; Article 4 for uncovered expression
flan,niv2_zsopt_data__task178_quartz_question_answering.parquet,19230,2830750,566150.0,niv2_zsopt,,,,,,,,,,,,,flan_submixture,flan_collection_uncovered_expression,direct terms where identified; Article 4 for uncovered expression
flan,niv2_zsopt_data__task179_participant_extraction.parquet,2115,338460,67692.0,niv2_zsopt,,,,,,,,,,,,,flan_submixture,flan_collection_uncovered_expression,direct terms where identified; Article 4 for uncovered expression
flan,niv2_zsopt_data__task180_intervention_extraction.parquet,2115,396475,79295.0,niv2_zsopt,,,,,,,,,,,,,flan_submixture,flan_collection_uncovered_expression,direct terms where identified; Article 4 for uncovered expression
flan,niv2_zsopt_data__task181_outcome_extraction.parquet,2115,478560,95712.0,niv2_zsopt,,,,,,,,,,,,,flan_submixture,flan_collection_uncovered_expression,direct terms where identified; Article 4 for uncovered expression
flan,niv2_zsopt_data__task182_duorc_question_generation.parquet,25000,23638986,4727797.2,niv2_zsopt,,,,,,,,,,,,,flan_submixture,flan_collection_uncovered_expression,direct terms where identified; Article 4 for uncovered expression
flan,niv2_zsopt_data__task183_rhyme_generation.parquet,4995,237555,47511.0,niv2_zsopt,,,,,,,,,,,,,flan_submixture,flan_collection_uncovered_expression,direct terms where identified; Article 4 for uncovered expression
flan,niv2_zsopt_data__task184_break_generate_question.parquet,25000,15159542,3031908.4,niv2_zsopt,,,,,,,,,,,,,flan_submixture,flan_collection_uncovered_expression,direct terms where identified; Article 4 for uncovered expression
flan,niv2_zsopt_data__task184_snli_entailment_to_neutral_text_modification.parquet,25000,3431171,686234.2,niv2_zsopt,,,,,,,,,,,,,flan_submixture,flan_collection_uncovered_expression,direct terms where identified; Article 4 for uncovered expression
flan,niv2_zsopt_data__task185_snli_contradiction_to_neutral_text_modification.parquet,25000,3505145,701029.0,niv2_zsopt,,,,,,,,,,,,,flan_submixture,flan_collection_uncovered_expression,direct terms where identified; Article 4 for uncovered expression
flan,niv2_zsopt_data__task186_snli_contradiction_to_entailment_text_modification.parquet,25000,3339318,667863.6,niv2_zsopt,,,,,,,,,,,,,flan_submixture,flan_collection_uncovered_expression,direct terms where identified; Article 4 for uncovered expression
flan,niv2_zsopt_data__task187_snli_entailment_to_contradiction_text_modification.parquet,25000,3332524,666504.8,niv2_zsopt,,,,,,,,,,,,,flan_submixture,flan_collection_uncovered_expression,direct terms where identified; Article 4 for uncovered expression
flan,niv2_zsopt_data__task188_snli_neutral_to_entailment_text_modification.parquet,25000,3484192,696838.4,niv2_zsopt,,,,,,,,,,,,,flan_submixture,flan_collection_uncovered_expression,direct terms where identified; Article 4 for uncovered expression
flan,niv2_zsopt_data__task189_snli_neutral_to_contradiction_text_modification.parquet,25000,3458975,691795.0,niv2_zsopt,,,,,,,,,,,,,flan_submixture,flan_collection_uncovered_expression,direct terms where identified; Article 4 for uncovered expression
flan,niv2_zsopt_data__task190_snli_classification.parquet,25000,3168716,633743.2,niv2_zsopt,,,,,,,,,,,,,flan_submixture,flan_collection_uncovered_expression,direct terms where identified; Article 4 for uncovered expression
flan,niv2_zsopt_data__task193_duorc_question_generation.parquet,23995,19116415,3823283.0,niv2_zsopt,,,,,,,,,,,,,flan_submixture,flan_collection_uncovered_expression,direct terms where identified; Article 4 for uncovered expression
flan,niv2_zsopt_data__task194_duorc_answer_generation.parquet,25000,22282584,4456516.8,niv2_zsopt,,,,,,,,,,,,,flan_submixture,flan_collection_uncovered_expression,direct terms where identified; Article 4 for uncovered expression
flan,niv2_zsopt_data__task195_sentiment140_classification.parquet,25000,2026184,405236.8,niv2_zsopt,,,,,,,,,,,,,flan_submixture,flan_collection_uncovered_expression,direct terms where identified; Article 4 for uncovered expression
flan,niv2_zsopt_data__task196_sentiment140_answer_generation.parquet,25000,2510548,502109.6,niv2_zsopt,,,,,,,,,,,,,flan_submixture,flan_collection_uncovered_expression,direct terms where identified; Article 4 for uncovered expression
flan,niv2_zsopt_data__task197_mnli_domain_answer_generation.parquet,25000,3441747,688349.4,niv2_zsopt,,,,,,,,,,,,,flan_submixture,flan_collection_uncovered_expression,direct terms where identified; Article 4 for uncovered expression
flan,niv2_zsopt_data__task198_mnli_domain_classification.parquet,25000,4754001,950800.2,niv2_zsopt,,,,,,,,,,,,,flan_submixture,flan_collection_uncovered_expression,direct terms where identified; Article 4 for uncovered expression
flan,niv2_zsopt_data__task199_mnli_classification.parquet,25000,3095249,619049.8,niv2_zsopt,,,,,,,,,,,,,flan_submixture,flan_collection_uncovered_expression,direct terms where identified; Article 4 for uncovered expression
flan,niv2_zsopt_data__task200_mnli_entailment_classification.parquet,22320,3730670,746134.0,niv2_zsopt,,,,,,,,,,,,,flan_submixture,flan_collection_uncovered_expression,direct terms where identified; Article 4 for uncovered expression
flan,niv2_zsopt_data__task201_mnli_neutral_classification.parquet,25000,5209682,1041936.4,niv2_zsopt,,,,,,,,,,,,,flan_submixture,flan_collection_uncovered_expression,direct terms where identified; Article 4 for uncovered expression
flan,niv2_zsopt_data__task202_mnli_contradiction_classification.parquet,25000,3755969,751193.8,niv2_zsopt,,,,,,,,,,,,,flan_submixture,flan_collection_uncovered_expression,direct terms where identified; Article 4 for uncovered expression
flan,niv2_zsopt_data__task203_mnli_sentence_generation.parquet,25000,4674153,934830.6,niv2_zsopt,,,,,,,,,,,,,flan_submixture,flan_collection_uncovered_expression,direct terms where identified; Article 4 for uncovered expression
flan,niv2_zsopt_data__task204_mnli_same_genre_classification.parquet,25000,7323843,1464768.6,niv2_zsopt,,,,,,,,,,,,,flan_submixture,flan_collection_uncovered_expression,direct terms where identified; Article 4 for uncovered expression
flan,niv2_zsopt_data__task205_remove_even_elements.parquet,25000,3400265,680053.0,niv2_zsopt,,,,,,,,,,,,,flan_submixture,flan_collection_uncovered_expression,direct terms where identified; Article 4 for uncovered expression
flan,niv2_zsopt_data__task206_collatz_conjecture.parquet,24985,3353815,670763.0,niv2_zsopt,,,,,,,,,,,,,flan_submixture,flan_collection_uncovered_expression,direct terms where identified; Article 4 for uncovered expression
flan,niv2_zsopt_data__task207_max_element_lists.parquet,25000,5314980,1062996.0,niv2_zsopt,,,,,,,,,,,,,flan_submixture,flan_collection_uncovered_expression,direct terms where identified; Article 4 for uncovered expression
flan,niv2_zsopt_data__task208_combinations_of_list.parquet,24925,5291935,1058387.0,niv2_zsopt,,,,,,,,,,,,,flan_submixture,flan_collection_uncovered_expression,direct terms where identified; Article 4 for uncovered expression
flan,niv2_zsopt_data__task209_stancedetection_classification.parquet,7630,593755,118751.0,niv2_zsopt,,,,,,,,,,,,,flan_submixture,flan_collection_uncovered_expression,direct terms where identified; Article 4 for uncovered expression
flan,niv2_zsopt_data__task210_logic2text_structured_text_generation.parquet,25000,19189497,3837899.4,niv2_zsopt,,,,,,,,,,,,,flan_submixture,flan_collection_uncovered_expression,direct terms where identified; Article 4 for uncovered expression
flan,niv2_zsopt_data__task211_logic2text_classification.parquet,25000,18726894,3745378.8,niv2_zsopt,,,,,,,,,,,,,flan_submixture,flan_collection_uncovered_expression,direct terms where identified; Article 4 for uncovered expression
flan,niv2_zsopt_data__task212_logic2text_classification.parquet,25000,23994017,4798803.4,niv2_zsopt,,,,,,,,,,,,,flan_submixture,flan_collection_uncovered_expression,direct terms where identified; Article 4 for uncovered expression
flan,niv2_zsopt_data__task213_rocstories_correct_ending_classification.parquet,25000,4680623,936124.6,niv2_zsopt,,,,,,,,,,,,,flan_submixture,flan_collection_uncovered_expression,direct terms where identified; Article 4 for uncovered expression
flan,niv2_zsopt_data__task214_rocstories_incorrect_ending_classification.parquet,25000,4700713,940142.6,niv2_zsopt,,,,,,,,,,,,,flan_submixture,flan_collection_uncovered_expression,direct terms where identified; Article 4 for uncovered expression
flan,niv2_zsopt_data__task215_rocstories_incorrect_answer_generation.parquet,25000,3708686,741737.2,niv2_zsopt,,,,,,,,,,,,,flan_submixture,flan_collection_uncovered_expression,direct terms where identified; Article 4 for uncovered expression
flan,niv2_zsopt_data__task216_rocstories_correct_answer_generation.parquet,25000,3439658,687931.6,niv2_zsopt,,,,,,,,,,,,,flan_submixture,flan_collection_uncovered_expression,direct terms where identified; Article 4 for uncovered expression
flan,niv2_zsopt_data__task217_rocstories_ordering_answer_generation.parquet,25000,4279394,855878.8,niv2_zsopt,,,,,,,,,,,,,flan_submixture,flan_collection_uncovered_expression,direct terms where identified; Article 4 for uncovered expression
flan,niv2_zsopt_data__task218_rocstories_swap_order_answer_generation.parquet,25000,4806985,961397.0,niv2_zsopt,,,,,,,,,,,,,flan_submixture,flan_collection_uncovered_expression,direct terms where identified; Article 4 for uncovered expression
flan,niv2_zsopt_data__task219_rocstories_title_answer_generation.parquet,25000,3786529,757305.8,niv2_zsopt,,,,,,,,,,,,,flan_submixture,flan_collection_uncovered_expression,direct terms where identified; Article 4 for uncovered expression
flan,niv2_zsopt_data__task220_rocstories_title_classification.parquet,25000,4001065,800213.0,niv2_zsopt,,,,,,,,,,,,,flan_submixture,flan_collection_uncovered_expression,direct terms where identified; Article 4 for uncovered expression
flan,niv2_zsopt_data__task221_rocstories_two_choice_classification.parquet,25000,5488020,1097604.0,niv2_zsopt,,,,,,,,,,,,,flan_submixture,flan_collection_uncovered_expression,direct terms where identified; Article 4 for uncovered expression
flan,niv2_zsopt_data__task222_rocstories_two_chioce_slotting_classification.parquet,25000,7089002,1417800.4,niv2_zsopt,,,,,,,,,,,,,flan_submixture,flan_collection_uncovered_expression,direct terms where identified; Article 4 for uncovered expression
flan,niv2_zsopt_data__task223_quartz_explanation_generation.parquet,19305,2379325,475865.0,niv2_zsopt,,,,,,,,,,,,,flan_submixture,flan_collection_uncovered_expression,direct terms where identified; Article 4 for uncovered expression
flan,niv2_zsopt_data__task224_scruples_anecdotes_ethical_judgment.parquet,10265,4937340,987468.0,niv2_zsopt,,,,,,,,,,,,,flan_submixture,flan_collection_uncovered_expression,direct terms where identified; Article 4 for uncovered expression
flan,niv2_zsopt_data__task225_english_language_answer_generation.parquet,1975,784790,156958.0,niv2_zsopt,,,,,,,,,,,,,flan_submixture,flan_collection_uncovered_expression,direct terms where identified; Article 4 for uncovered expression
flan,niv2_zsopt_data__task226_english_language_answer_relevance_classification.parquet,2390,748295,149659.0,niv2_zsopt,,,,,,,,,,,,,flan_submixture,flan_collection_uncovered_expression,direct terms where identified; Article 4 for uncovered expression
flan,niv2_zsopt_data__task227_clariq_classification.parquet,25000,2702654,540530.8,niv2_zsopt,,,,,,,,,,,,,flan_submixture,flan_collection_uncovered_expression,direct terms where identified; Article 4 for uncovered expression
flan,niv2_zsopt_data__task228_arc_answer_generation_easy.parquet,25000,3954119,790823.8,niv2_zsopt,,,,,,,,,,,,,flan_submixture,flan_collection_uncovered_expression,direct terms where identified; Article 4 for uncovered expression
flan,niv2_zsopt_data__task229_arc_answer_generation_hard.parquet,12940,2171210,434242.0,niv2_zsopt,,,,,,,,,,,,,flan_submixture,flan_collection_uncovered_expression,direct terms where identified; Article 4 for uncovered expression
flan,niv2_zsopt_data__task230_iirc_passage_classification.parquet,25000,23723227,4744645.4,niv2_zsopt,,,,,,,,,,,,,flan_submixture,flan_collection_uncovered_expression,direct terms where identified; Article 4 for uncovered expression
flan,niv2_zsopt_data__task231_iirc_link_classification.parquet,25000,11125170,2225034.0,niv2_zsopt,,,,,,,,,,,,,flan_submixture,flan_collection_uncovered_expression,direct terms where identified; Article 4 for uncovered expression
flan,niv2_zsopt_data__task232_iirc_link_number_classification.parquet,25000,9855282,1971056.4,niv2_zsopt,,,,,,,,,,,,,flan_submixture,flan_collection_uncovered_expression,direct terms where identified; Article 4 for uncovered expression
flan,niv2_zsopt_data__task233_iirc_link_exists_classification.parquet,25000,10218029,2043605.8,niv2_zsopt,,,,,,,,,,,,,flan_submixture,flan_collection_uncovered_expression,direct terms where identified; Article 4 for uncovered expression
flan,niv2_zsopt_data__task234_iirc_passage_line_answer_generation.parquet,20000,8306120,1661224.0,niv2_zsopt,,,,,,,,,,,,,flan_submixture,flan_collection_uncovered_expression,direct terms where identified; Article 4 for uncovered expression
flan,niv2_zsopt_data__task235_iirc_question_from_subtext_answer_generation.parquet,25000,4934783,986956.6,niv2_zsopt,,,,,,,,,,,,,flan_submixture,flan_collection_uncovered_expression,direct terms where identified; Article 4 for uncovered expression
flan,niv2_zsopt_data__task236_iirc_question_from_passage_answer_generation.parquet,25000,11316109,2263221.8,niv2_zsopt,,,,,,,,,,,,,flan_submixture,flan_collection_uncovered_expression,direct terms where identified; Article 4 for uncovered expression
flan,niv2_zsopt_data__task237_iirc_answer_from_subtext_answer_generation.parquet,25000,3837830,767566.0,niv2_zsopt,,,,,,,,,,,,,flan_submixture,flan_collection_uncovered_expression,direct terms where identified; Article 4 for uncovered expression
flan,niv2_zsopt_data__task238_iirc_answer_from_passage_answer_generation.parquet,25000,10114543,2022908.6,niv2_zsopt,,,,,,,,,,,,,flan_submixture,flan_collection_uncovered_expression,direct terms where identified; Article 4 for uncovered expression
flan,niv2_zsopt_data__task243_count_elements_in_set_intersection.parquet,4990,917035,183407.0,niv2_zsopt,,,,,,,,,,,,,flan_submixture,flan_collection_uncovered_expression,direct terms where identified; Article 4 for uncovered expression
flan,niv2_zsopt_data__task244_count_elements_in_set_union.parquet,5000,948420,189684.0,niv2_zsopt,,,,,,,,,,,,,flan_submixture,flan_collection_uncovered_expression,direct terms where identified; Article 4 for uncovered expression
flan,niv2_zsopt_data__task245_check_presence_in_set_intersection.parquet,19325,3825035,765007.0,niv2_zsopt,,,,,,,,,,,,,flan_submixture,flan_collection_uncovered_expression,direct terms where identified; Article 4 for uncovered expression
flan,niv2_zsopt_data__task249_enhanced_wsc_pronoun_disambiguation.parquet,3420,410140,82028.0,niv2_zsopt,,,,,,,,,,,,,flan_submixture,flan_collection_uncovered_expression,direct terms where identified; Article 4 for uncovered expression
flan,niv2_zsopt_data__task250_spl_translation_en_ar.parquet,1790,478405,95681.0,niv2_zsopt,,,,,,,,,,,,,flan_submixture,flan_collection_uncovered_expression,direct terms where identified; Article 4 for uncovered expression
flan,niv2_zsopt_data__task251_spl_translation_en_fi.parquet,1795,483785,96757.0,niv2_zsopt,,,,,,,,,,,,,flan_submixture,flan_collection_uncovered_expression,direct terms where identified; Article 4 for uncovered expression
flan,niv2_zsopt_data__task252_spl_translation_en_tr.parquet,1790,476790,95358.0,niv2_zsopt,,,,,,,,,,,,,flan_submixture,flan_collection_uncovered_expression,direct terms where identified; Article 4 for uncovered expression
flan,niv2_zsopt_data__task253_spl_translation_en_zh.parquet,1790,470480,94096.0,niv2_zsopt,,,,,,,,,,,,,flan_submixture,flan_collection_uncovered_expression,direct terms where identified; Article 4 for uncovered expression
flan,niv2_zsopt_data__task254_spl_translation_fi_en.parquet,1810,490110,98022.0,niv2_zsopt,,,,,,,,,,,,,flan_submixture,flan_collection_uncovered_expression,direct terms where identified; Article 4 for uncovered expression
flan,niv2_zsopt_data__task255_spl_translation_it_en.parquet,1810,481585,96317.0,niv2_zsopt,,,,,,,,,,,,,flan_submixture,flan_collection_uncovered_expression,direct terms where identified; Article 4 for uncovered expression
flan,niv2_zsopt_data__task256_spl_translation_de_en.parquet,1815,484295,96859.0,niv2_zsopt,,,,,,,,,,,,,flan_submixture,flan_collection_uncovered_expression,direct terms where identified; Article 4 for uncovered expression
flan,niv2_zsopt_data__task257_spl_translation_ar_en.parquet,1825,489590,97918.0,niv2_zsopt,,,,,,,,,,,,,flan_submixture,flan_collection_uncovered_expression,direct terms where identified; Article 4 for uncovered expression
flan,niv2_zsopt_data__task258_spl_translation_fa_en.parquet,1820,490760,98152.0,niv2_zsopt,,,,,,,,,,,,,flan_submixture,flan_collection_uncovered_expression,direct terms where identified; Article 4 for uncovered expression
flan,niv2_zsopt_data__task259_spl_translation_tr_en.parquet,1835,490195,98039.0,niv2_zsopt,,,,,,,,,,,,,flan_submixture,flan_collection_uncovered_expression,direct terms where identified; Article 4 for uncovered expression
flan,niv2_zsopt_data__task260_spl_translation_zh_en.parquet,1820,481580,96316.0,niv2_zsopt,,,,,,,,,,,,,flan_submixture,flan_collection_uncovered_expression,direct terms where identified; Article 4 for uncovered expression
flan,niv2_zsopt_data__task261_spl_translation_es_en.parquet,1825,485480,97096.0,niv2_zsopt,,,,,,,,,,,,,flan_submixture,flan_collection_uncovered_expression,direct terms where identified; Article 4 for uncovered expression
flan,niv2_zsopt_data__task262_spl_translation_ja_en.parquet,1800,476770,95354.0,niv2_zsopt,,,,,,,,,,,,,flan_submixture,flan_collection_uncovered_expression,direct terms where identified; Article 4 for uncovered expression
flan,niv2_zsopt_data__task263_spl_translation_pl_en.parquet,1820,487085,97417.0,niv2_zsopt,,,,,,,,,,,,,flan_submixture,flan_collection_uncovered_expression,direct terms where identified; Article 4 for uncovered expression
flan,niv2_zsopt_data__task267_concatenate_and_reverse_all_elements_from_index_i_to_j.parquet,25000,6310979,1262195.8,niv2_zsopt,,,,,,,,,,,,,flan_submixture,flan_collection_uncovered_expression,direct terms where identified; Article 4 for uncovered expression
flan,niv2_zsopt_data__task268_casehold_legal_answer_generation.parquet,25000,13268319,2653663.8,niv2_zsopt,,,,,,,,,,,,,flan_submixture,flan_collection_uncovered_expression,direct terms where identified; Article 4 for uncovered expression
flan,niv2_zsopt_data__task269_csrg_counterfactual_story_generation.parquet,25000,7898544,1579708.8,niv2_zsopt,,,,,,,,,,,,,flan_submixture,flan_collection_uncovered_expression,direct terms where identified; Article 4 for uncovered expression
flan,niv2_zsopt_data__task270_csrg_counterfactual_context_generation.parquet,25000,8108198,1621639.6,niv2_zsopt,,,,,,,,,,,,,flan_submixture,flan_collection_uncovered_expression,direct terms where identified; Article 4 for uncovered expression
flan,niv2_zsopt_data__task271_europarl_translation.parquet,21365,2310520,462104.0,niv2_zsopt,,,,,,,,,,,,,flan_submixture,flan_collection_uncovered_expression,direct terms where identified; Article 4 for uncovered expression
flan,niv2_zsopt_data__task272_europarl_translation.parquet,20905,2277990,455598.0,niv2_zsopt,,,,,,,,,,,,,flan_submixture,flan_collection_uncovered_expression,direct terms where identified; Article 4 for uncovered expression
flan,niv2_zsopt_data__task273_europarl_classification.parquet,25000,2696825,539365.0,niv2_zsopt,,,,,,,,,,,,,flan_submixture,flan_collection_uncovered_expression,direct terms where identified; Article 4 for uncovered expression
flan,niv2_zsopt_data__task274_overruling_legal_classification.parquet,11975,1826590,365318.0,niv2_zsopt,,,,,,,,,,,,,flan_submixture,flan_collection_uncovered_expression,direct terms where identified; Article 4 for uncovered expression
flan,niv2_zsopt_data__task275_enhanced_wsc_paraphrase_generation.parquet,5890,1457360,291472.0,niv2_zsopt,,,,,,,,,,,,,flan_submixture,flan_collection_uncovered_expression,direct terms where identified; Article 4 for uncovered expression
flan,niv2_zsopt_data__task276_enhanced_wsc_classification.parquet,7290,1911210,382242.0,niv2_zsopt,,,,,,,,,,,,,flan_submixture,flan_collection_uncovered_expression,direct terms where identified; Article 4 for uncovered expression
flan,niv2_zsopt_data__task277_stereoset_sentence_generation_stereotype.parquet,4950,455080,91016.0,niv2_zsopt,,,,,,,,,,,,,flan_submixture,flan_collection_uncovered_expression,direct terms where identified; Article 4 for uncovered expression
flan,niv2_zsopt_data__task278_stereoset_sentence_generation_antistereotype.parquet,3685,361320,72264.0,niv2_zsopt,,,,,,,,,,,,,flan_submixture,flan_collection_uncovered_expression,direct terms where identified; Article 4 for uncovered expression
flan,niv2_zsopt_data__task279_stereoset_classification_stereotype.parquet,25000,3182503,636500.6,niv2_zsopt,,,,,,,,,,,,,flan_submixture,flan_collection_uncovered_expression,direct terms where identified; Article 4 for uncovered expression
flan,niv2_zsopt_data__task280_stereoset_classification_stereotype_type.parquet,18540,2141250,428250.0,niv2_zsopt,,,,,,,,,,,,,flan_submixture,flan_collection_uncovered_expression,direct terms where identified; Article 4 for uncovered expression
flan,niv2_zsopt_data__task281_points_of_correspondence.parquet,7375,1684065,336813.0,niv2_zsopt,,,,,,,,,,,,,flan_submixture,flan_collection_uncovered_expression,direct terms where identified; Article 4 for uncovered expression
flan,niv2_zsopt_data__task282_scruples_event_time.parquet,5565,2735485,547097.0,niv2_zsopt,,,,,,,,,,,,,flan_submixture,flan_collection_uncovered_expression,direct terms where identified; Article 4 for uncovered expression
flan,niv2_zsopt_data__task286_olid_offense_judgment.parquet,25000,3893054,778610.8,niv2_zsopt,,,,,,,,,,,,,flan_submixture,flan_collection_uncovered_expression,direct terms where identified; Article 4 for uncovered expression
flan,niv2_zsopt_data__task287_casehold_legal_incorrect_answer_generation.parquet,25000,14015248,2803049.6,niv2_zsopt,,,,,,,,,,,,,flan_submixture,flan_collection_uncovered_expression,direct terms where identified; Article 4 for uncovered expression
flan,niv2_zsopt_data__task288_gigaword_summarization.parquet,9665,907745,181549.0,niv2_zsopt,,,,,,,,,,,,,flan_submixture,flan_collection_uncovered_expression,direct terms where identified; Article 4 for uncovered expression
flan,niv2_zsopt_data__task289_gigaword_summarization.parquet,25000,2816802,563360.4,niv2_zsopt,,,,,,,,,,,,,flan_submixture,flan_collection_uncovered_expression,direct terms where identified; Article 4 for uncovered expression
flan,niv2_zsopt_data__task290_tellmewhy_question_answerability.parquet,17410,2570470,514094.0,niv2_zsopt,,,,,,,,,,,,,flan_submixture,flan_collection_uncovered_expression,direct terms where identified; Article 4 for uncovered expression
flan,niv2_zsopt_data__task291_semeval_2020_task4_commonsense_validation.parquet,25000,2346781,469356.2,niv2_zsopt,,,,,,,,,,,,,flan_submixture,flan_collection_uncovered_expression,direct terms where identified; Article 4 for uncovered expression
flan,niv2_zsopt_data__task292_storycommonsense_character_text_generation.parquet,25000,3115683,623136.6,niv2_zsopt,,,,,,,,,,,,,flan_submixture,flan_collection_uncovered_expression,direct terms where identified; Article 4 for uncovered expression
flan,niv2_zsopt_data__task293_storycommonsense_emotion_text_generation.parquet,25000,4180512,836102.4,niv2_zsopt,,,,,,,,,,,,,flan_submixture,flan_collection_uncovered_expression,direct terms where identified; Article 4 for uncovered expression
flan,niv2_zsopt_data__task294_storycommonsense_motiv_text_generation.parquet,25000,4340224,868044.8,niv2_zsopt,,,,,,,,,,,,,flan_submixture,flan_collection_uncovered_expression,direct terms where identified; Article 4 for uncovered expression
flan,niv2_zsopt_data__task295_semeval_2020_task4_commonsense_reasoning.parquet,25000,3122787,624557.4,niv2_zsopt,,,,,,,,,,,,,flan_submixture,flan_collection_uncovered_expression,direct terms where identified; Article 4 for uncovered expression
flan,niv2_zsopt_data__task296_storycloze_correct_end_classification.parquet,9415,1466860,293372.0,niv2_zsopt,,,,,,,,,,,,,flan_submixture,flan_collection_uncovered_expression,direct terms where identified; Article 4 for uncovered expression
flan,niv2_zsopt_data__task297_storycloze_incorrect_end_classification.parquet,9415,1598540,319708.0,niv2_zsopt,,,,,,,,,,,,,flan_submixture,flan_collection_uncovered_expression,direct terms where identified; Article 4 for uncovered expression
flan,niv2_zsopt_data__task298_storycloze_correct_end_classification.parquet,18845,2697235,539447.0,niv2_zsopt,,,,,,,,,,,,,flan_submixture,flan_collection_uncovered_expression,direct terms where identified; Article 4 for uncovered expression
flan,niv2_zsopt_data__task299_storycloze_sentence_generation.parquet,25000,4005554,801110.8,niv2_zsopt,,,,,,,,,,,,,flan_submixture,flan_collection_uncovered_expression,direct terms where identified; Article 4 for uncovered expression
flan,niv2_zsopt_data__task300_storycloze_order_generation.parquet,25000,4332958,866591.6,niv2_zsopt,,,,,,,,,,,,,flan_submixture,flan_collection_uncovered_expression,direct terms where identified; Article 4 for uncovered expression
flan,niv2_zsopt_data__task301_record_question_generation.parquet,25000,8093008,1618601.6,niv2_zsopt,,,,,,,,,,,,,flan_submixture,flan_collection_uncovered_expression,direct terms where identified; Article 4 for uncovered expression
flan,niv2_zsopt_data__task302_record_classification.parquet,25000,9307204,1861440.8,niv2_zsopt,,,,,,,,,,,,,flan_submixture,flan_collection_uncovered_expression,direct terms where identified; Article 4 for uncovered expression
flan,niv2_zsopt_data__task303_record_incorrect_answer_generation.parquet,25000,8645392,1729078.4,niv2_zsopt,,,,,,,,,,,,,flan_submixture,flan_collection_uncovered_expression,direct terms where identified; Article 4 for uncovered expression
flan,niv2_zsopt_data__task304_numeric_fused_head_resolution.parquet,25000,10679272,2135854.4,niv2_zsopt,,,,,,,,,,,,,flan_submixture,flan_collection_uncovered_expression,direct terms where identified; Article 4 for uncovered expression
flan,niv2_zsopt_data__task305_jeopardy_answer_generation_normal.parquet,25000,2544810,508962.0,niv2_zsopt,,,,,,,,,,,,,flan_submixture,flan_collection_uncovered_expression,direct terms where identified; Article 4 for uncovered expression
flan,niv2_zsopt_data__task306_jeopardy_answer_generation_double.parquet,25000,2560601,512120.2,niv2_zsopt,,,,,,,,,,,,,flan_submixture,flan_collection_uncovered_expression,direct terms where identified; Article 4 for uncovered expression
flan,niv2_zsopt_data__task307_jeopardy_answer_generation_final.parquet,17825,1901905,380381.0,niv2_zsopt,,,,,,,,,,,,,flan_submixture,flan_collection_uncovered_expression,direct terms where identified; Article 4 for uncovered expression
flan,niv2_zsopt_data__task308_jeopardy_answer_generation_all.parquet,25000,2553509,510701.8,niv2_zsopt,,,,,,,,,,,,,flan_submixture,flan_collection_uncovered_expression,direct terms where identified; Article 4 for uncovered expression
flan,niv2_zsopt_data__task312_europarl_sv_en_translation.parquet,25000,3488796,697759.2,niv2_zsopt,,,,,,,,,,,,,flan_submixture,flan_collection_uncovered_expression,direct terms where identified; Article 4 for uncovered expression
flan,niv2_zsopt_data__task313_europarl_en_sv_translation.parquet,25000,3493906,698781.2,niv2_zsopt,,,,,,,,,,,,,flan_submixture,flan_collection_uncovered_expression,direct terms where identified; Article 4 for uncovered expression
flan,niv2_zsopt_data__task314_europarl_sv-en_classification.parquet,25000,3515727,703145.4,niv2_zsopt,,,,,,,,,,,,,flan_submixture,flan_collection_uncovered_expression,direct terms where identified; Article 4 for uncovered expression
flan,niv2_zsopt_data__task315_europarl_sv-en_language_identification.parquet,25000,2711081,542216.2,niv2_zsopt,,,,,,,,,,,,,flan_submixture,flan_collection_uncovered_expression,direct terms where identified; Article 4 for uncovered expression
flan,niv2_zsopt_data__task316_crows-pairs_classification_stereotype.parquet,15045,1826295,365259.0,niv2_zsopt,,,,,,,,,,,,,flan_submixture,flan_collection_uncovered_expression,direct terms where identified; Article 4 for uncovered expression
flan,niv2_zsopt_data__task317_crows-pairs_classification_stereotype_type.parquet,7500,816665,163333.0,niv2_zsopt,,,,,,,,,,,,,flan_submixture,flan_collection_uncovered_expression,direct terms where identified; Article 4 for uncovered expression
flan,niv2_zsopt_data__task318_stereoset_classification_gender.parquet,3615,512775,102555.0,niv2_zsopt,,,,,,,,,,,,,flan_submixture,flan_collection_uncovered_expression,direct terms where identified; Article 4 for uncovered expression
flan,niv2_zsopt_data__task319_stereoset_classification_profession.parquet,12380,1763755,352751.0,niv2_zsopt,,,,,,,,,,,,,flan_submixture,flan_collection_uncovered_expression,direct terms where identified; Article 4 for uncovered expression
flan,niv2_zsopt_data__task320_stereoset_classification_race.parquet,14625,2065055,413011.0,niv2_zsopt,,,,,,,,,,,,,flan_submixture,flan_collection_uncovered_expression,direct terms where identified; Article 4 for uncovered expression
flan,niv2_zsopt_data__task321_stereoset_classification_religion.parquet,1140,153565,30713.0,niv2_zsopt,,,,,,,,,,,,,flan_submixture,flan_collection_uncovered_expression,direct terms where identified; Article 4 for uncovered expression
flan,niv2_zsopt_data__task322_jigsaw_classification_threat.parquet,25000,3269452,653890.4,niv2_zsopt,,,,,,,,,,,,,flan_submixture,flan_collection_uncovered_expression,direct terms where identified; Article 4 for uncovered expression
flan,niv2_zsopt_data__task323_jigsaw_classification_sexually_explicit.parquet,25000,3381800,676360.0,niv2_zsopt,,,,,,,,,,,,,flan_submixture,flan_collection_uncovered_expression,direct terms where identified; Article 4 for uncovered expression
flan,niv2_zsopt_data__task324_jigsaw_classification_disagree.parquet,1940,374405,74881.0,niv2_zsopt,,,,,,,,,,,,,flan_submixture,flan_collection_uncovered_expression,direct terms where identified; Article 4 for uncovered expression
flan,niv2_zsopt_data__task325_jigsaw_classification_identity_attack.parquet,25000,3622145,724429.0,niv2_zsopt,,,,,,,,,,,,,flan_submixture,flan_collection_uncovered_expression,direct terms where identified; Article 4 for uncovered expression
flan,niv2_zsopt_data__task326_jigsaw_classification_obscene.parquet,25000,3743393,748678.6,niv2_zsopt,,,,,,,,,,,,,flan_submixture,flan_collection_uncovered_expression,direct terms where identified; Article 4 for uncovered expression
flan,niv2_zsopt_data__task328_jigsaw_classification_insult.parquet,25000,3087485,617497.0,niv2_zsopt,,,,,,,,,,,,,flan_submixture,flan_collection_uncovered_expression,direct terms where identified; Article 4 for uncovered expression
flan,niv2_zsopt_data__task329_gap_classification.parquet,22245,4739120,947824.0,niv2_zsopt,,,,,,,,,,,,,flan_submixture,flan_collection_uncovered_expression,direct terms where identified; Article 4 for uncovered expression
flan,niv2_zsopt_data__task330_gap_answer_generation.parquet,19795,3353110,670622.0,niv2_zsopt,,,,,,,,,,,,,flan_submixture,flan_collection_uncovered_expression,direct terms where identified; Article 4 for uncovered expression
flan,niv2_zsopt_data__task331_gap_incorrect_answer_generation.parquet,22245,4317095,863419.0,niv2_zsopt,,,,,,,,,,,,,flan_submixture,flan_collection_uncovered_expression,direct terms where identified; Article 4 for uncovered expression
flan,niv2_zsopt_data__task332_tellmewhy_answer_generation.parquet,4880,766215,153243.0,niv2_zsopt,,,,,,,,,,,,,flan_submixture,flan_collection_uncovered_expression,direct terms where identified; Article 4 for uncovered expression
flan,niv2_zsopt_data__task339_record_answer_generation.parquet,25000,8029016,1605803.2,niv2_zsopt,,,,,,,,,,,,,flan_submixture,flan_collection_uncovered_expression,direct terms where identified; Article 4 for uncovered expression
flan,niv2_zsopt_data__task340_winomt_classification_gender_pro.parquet,7880,791415,158283.0,niv2_zsopt,,,,,,,,,,,,,flan_submixture,flan_collection_uncovered_expression,direct terms where identified; Article 4 for uncovered expression
flan,niv2_zsopt_data__task341_winomt_classification_gender_anti.parquet,7885,799440,159888.0,niv2_zsopt,,,,,,,,,,,,,flan_submixture,flan_collection_uncovered_expression,direct terms where identified; Article 4 for uncovered expression
flan,niv2_zsopt_data__task342_winomt_classification_profession_pro.parquet,7885,804425,160885.0,niv2_zsopt,,,,,,,,,,,,,flan_submixture,flan_collection_uncovered_expression,direct terms where identified; Article 4 for uncovered expression
flan,niv2_zsopt_data__task343_winomt_classification_profession_anti.parquet,7885,802095,160419.0,niv2_zsopt,,,,,,,,,,,,,flan_submixture,flan_collection_uncovered_expression,direct terms where identified; Article 4 for uncovered expression
flan,niv2_zsopt_data__task344_hybridqa_answer_generation.parquet,25000,1983293,396658.6,niv2_zsopt,,,,,,,,,,,,,flan_submixture,flan_collection_uncovered_expression,direct terms where identified; Article 4 for uncovered expression
flan,niv2_zsopt_data__task345_hybridqa_answer_generation.parquet,25000,9152391,1830478.2,niv2_zsopt,,,,,,,,,,,,,flan_submixture,flan_collection_uncovered_expression,direct terms where identified; Article 4 for uncovered expression
flan,niv2_zsopt_data__task346_hybridqa_classification.parquet,25000,9538588,1907717.6,niv2_zsopt,,,,,,,,,,,,,flan_submixture,flan_collection_uncovered_expression,direct terms where identified; Article 4 for uncovered expression
flan,niv2_zsopt_data__task347_hybridqa_incorrect_answer_generation.parquet,25000,9649875,1929975.0,niv2_zsopt,,,,,,,,,,,,,flan_submixture,flan_collection_uncovered_expression,direct terms where identified; Article 4 for uncovered expression
flan,niv2_zsopt_data__task350_winomt_classification_gender_identifiability_pro.parquet,15790,1702940,340588.0,niv2_zsopt,,,,,,,,,,,,,flan_submixture,flan_collection_uncovered_expression,direct terms where identified; Article 4 for uncovered expression
flan,niv2_zsopt_data__task351_winomt_classification_gender_identifiability_anti.parquet,15770,1682145,336429.0,niv2_zsopt,,,,,,,,,,,,,flan_submixture,flan_collection_uncovered_expression,direct terms where identified; Article 4 for uncovered expression
flan,niv2_zsopt_data__task352_coda-19_classification.parquet,1375,760175,152035.0,niv2_zsopt,,,,,,,,,,,,,flan_submixture,flan_collection_uncovered_expression,direct terms where identified; Article 4 for uncovered expression
flan,niv2_zsopt_data__task353_casino_classification_negotiation_elicit_pref.parquet,3750,763200,152640.0,niv2_zsopt,,,,,,,,,,,,,flan_submixture,flan_collection_uncovered_expression,direct terms where identified; Article 4 for uncovered expression
flan,niv2_zsopt_data__task354_casino_classification_negotiation_no_need.parquet,1920,502255,100451.0,niv2_zsopt,,,,,,,,,,,,,flan_submixture,flan_collection_uncovered_expression,direct terms where identified; Article 4 for uncovered expression
flan,niv2_zsopt_data__task355_casino_classification_negotiation_other_need.parquet,4070,961390,192278.0,niv2_zsopt,,,,,,,,,,,,,flan_submixture,flan_collection_uncovered_expression,direct terms where identified; Article 4 for uncovered expression
flan,niv2_zsopt_data__task356_casino_classification_negotiation_self_need.parquet,9620,2253815,450763.0,niv2_zsopt,,,,,,,,,,,,,flan_submixture,flan_collection_uncovered_expression,direct terms where identified; Article 4 for uncovered expression
flan,niv2_zsopt_data__task357_casino_classification_negotiation_small_talk.parquet,10380,2418295,483659.0,niv2_zsopt,,,,,,,,,,,,,flan_submixture,flan_collection_uncovered_expression,direct terms where identified; Article 4 for uncovered expression
flan,niv2_zsopt_data__task358_casino_classification_negotiation_uv_part.parquet,1290,349090,69818.0,niv2_zsopt,,,,,,,,,,,,,flan_submixture,flan_collection_uncovered_expression,direct terms where identified; Article 4 for uncovered expression
flan,niv2_zsopt_data__task359_casino_classification_negotiation_vouch_fair.parquet,4370,1084950,216990.0,niv2_zsopt,,,,,,,,,,,,,flan_submixture,flan_collection_uncovered_expression,direct terms where identified; Article 4 for uncovered expression
flan,niv2_zsopt_data__task360_spolin_yesand_response_generation.parquet,25000,5662634,1132526.8,niv2_zsopt,,,,,,,,,,,,,flan_submixture,flan_collection_uncovered_expression,direct terms where identified; Article 4 for uncovered expression
flan,niv2_zsopt_data__task361_spolin_yesand_prompt_response_classification.parquet,25000,6311500,1262300.0,niv2_zsopt,,,,,,,,,,,,,flan_submixture,flan_collection_uncovered_expression,direct terms where identified; Article 4 for uncovered expression
flan,niv2_zsopt_data__task362_spolin_yesand_prompt_response_sub_classification.parquet,25000,5363893,1072778.6,niv2_zsopt,,,,,,,,,,,,,flan_submixture,flan_collection_uncovered_expression,direct terms where identified; Article 4 for uncovered expression
flan,niv2_zsopt_data__task363_sst2_polarity_classification.parquet,25000,2187895,437579.0,niv2_zsopt,,,,,,,,,,,,,flan_submixture,flan_collection_uncovered_expression,direct terms where identified; Article 4 for uncovered expression
flan,niv2_zsopt_data__task364_regard_social_impact_classification.parquet,1385,194335,38867.0,niv2_zsopt,,,,,,,,,,,,,flan_submixture,flan_collection_uncovered_expression,direct terms where identified; Article 4 for uncovered expression
flan,niv2_zsopt_data__task365_synthetic_remove_vowels.parquet,25000,2091279,418255.8,niv2_zsopt,,,,,,,,,,,,,flan_submixture,flan_collection_uncovered_expression,direct terms where identified; Article 4 for uncovered expression
flan,niv2_zsopt_data__task366_synthetic_return_primes.parquet,25000,4319884,863976.8,niv2_zsopt,,,,,,,,,,,,,flan_submixture,flan_collection_uncovered_expression,direct terms where identified; Article 4 for uncovered expression
flan,niv2_zsopt_data__task367_synthetic_remove_floats.parquet,25000,3280180,656036.0,niv2_zsopt,,,,,,,,,,,,,flan_submixture,flan_collection_uncovered_expression,direct terms where identified; Article 4 for uncovered expression
flan,niv2_zsopt_data__task368_synthetic_even_or_odd_calculation.parquet,25000,4161087,832217.4,niv2_zsopt,,,,,,,,,,,,,flan_submixture,flan_collection_uncovered_expression,direct terms where identified; Article 4 for uncovered expression
flan,niv2_zsopt_data__task369_synthetic_remove_odds.parquet,25000,3163707,632741.4,niv2_zsopt,,,,,,,,,,,,,flan_submixture,flan_collection_uncovered_expression,direct terms where identified; Article 4 for uncovered expression
flan,niv2_zsopt_data__task370_synthetic_remove_divisible_by_3.parquet,25000,2983515,596703.0,niv2_zsopt,,,,,,,,,,,,,flan_submixture,flan_collection_uncovered_expression,direct terms where identified; Article 4 for uncovered expression
flan,niv2_zsopt_data__task371_synthetic_product_of_list.parquet,25000,5026688,1005337.6,niv2_zsopt,,,,,,,,,,,,,flan_submixture,flan_collection_uncovered_expression,direct terms where identified; Article 4 for uncovered expression
flan,niv2_zsopt_data__task372_synthetic_palindrome_numbers.parquet,25000,4994022,998804.4,niv2_zsopt,,,,,,,,,,,,,flan_submixture,flan_collection_uncovered_expression,direct terms where identified; Article 4 for uncovered expression
flan,niv2_zsopt_data__task373_synthetic_round_tens_place.parquet,25000,3591435,718287.0,niv2_zsopt,,,,,,,,,,,,,flan_submixture,flan_collection_uncovered_expression,direct terms where identified; Article 4 for uncovered expression
flan,niv2_zsopt_data__task374_synthetic_pos_or_neg_calculation.parquet,25000,3934325,786865.0,niv2_zsopt,,,,,,,,,,,,,flan_submixture,flan_collection_uncovered_expression,direct terms where identified; Article 4 for uncovered expression
flan,niv2_zsopt_data__task375_classify_type_of_sentence_in_debate.parquet,2000,594020,118804.0,niv2_zsopt,,,,,,,,,,,,,flan_submixture,flan_collection_uncovered_expression,direct terms where identified; Article 4 for uncovered expression
flan,niv2_zsopt_data__task376_reverse_order_of_words.parquet,25000,1538841,307768.2,niv2_zsopt,,,,,,,,,,,,,flan_submixture,flan_collection_uncovered_expression,direct terms where identified; Article 4 for uncovered expression
flan,niv2_zsopt_data__task377_remove_words_of_given_length.parquet,25000,2540763,508152.6,niv2_zsopt,,,,,,,,,,,,,flan_submixture,flan_collection_uncovered_expression,direct terms where identified; Article 4 for uncovered expression
flan,niv2_zsopt_data__task378_reverse_words_of_given_length.parquet,25000,2620732,524146.4,niv2_zsopt,,,,,,,,,,,,,flan_submixture,flan_collection_uncovered_expression,direct terms where identified; Article 4 for uncovered expression
flan,niv2_zsopt_data__task379_agnews_topic_classification.parquet,25000,4121051,824210.2,niv2_zsopt,,,,,,,,,,,,,flan_submixture,flan_collection_uncovered_expression,direct terms where identified; Article 4 for uncovered expression
flan,niv2_zsopt_data__task382_hybridqa_answer_generation.parquet,25000,9195258,1839051.6,niv2_zsopt,,,,,,,,,,,,,flan_submixture,flan_collection_uncovered_expression,direct terms where identified; Article 4 for uncovered expression
flan,niv2_zsopt_data__task383_matres_classification.parquet,9585,1711265,342253.0,niv2_zsopt,,,,,,,,,,,,,flan_submixture,flan_collection_uncovered_expression,direct terms where identified; Article 4 for uncovered expression
flan,niv2_zsopt_data__task384_socialiqa_question_classification.parquet,24375,2901345,580269.0,niv2_zsopt,,,,,,,,,,,,,flan_submixture,flan_collection_uncovered_expression,direct terms where identified; Article 4 for uncovered expression
flan,niv2_zsopt_data__task385_socialiqa_incorrect_answer_generation.parquet,25000,3470440,694088.0,niv2_zsopt,,,,,,,,,,,,,flan_submixture,flan_collection_uncovered_expression,direct terms where identified; Article 4 for uncovered expression
flan,niv2_zsopt_data__task386_semeval_2018_task3_irony_detection.parquet,9125,1270965,254193.0,niv2_zsopt,,,,,,,,,,,,,flan_submixture,flan_collection_uncovered_expression,direct terms where identified; Article 4 for uncovered expression
flan,niv2_zsopt_data__task387_semeval_2018_task3_irony_classification.parquet,5145,852070,170414.0,niv2_zsopt,,,,,,,,,,,,,flan_submixture,flan_collection_uncovered_expression,direct terms where identified; Article 4 for uncovered expression
flan,niv2_zsopt_data__task388_torque_token_classification.parquet,11335,2385640,477128.0,niv2_zsopt,,,,,,,,,,,,,flan_submixture,flan_collection_uncovered_expression,direct terms where identified; Article 4 for uncovered expression
flan,niv2_zsopt_data__task389_torque_generate_temporal_question.parquet,11335,2045670,409134.0,niv2_zsopt,,,,,,,,,,,,,flan_submixture,flan_collection_uncovered_expression,direct terms where identified; Article 4 for uncovered expression
flan,niv2_zsopt_data__task390_torque_text_span_selection.parquet,25000,4803843,960768.6,niv2_zsopt,,,,,,,,,,,,,flan_submixture,flan_collection_uncovered_expression,direct terms where identified; Article 4 for uncovered expression
flan,niv2_zsopt_data__task391_causal_relationship.parquet,11415,1030300,206060.0,niv2_zsopt,,,,,,,,,,,,,flan_submixture,flan_collection_uncovered_expression,direct terms where identified; Article 4 for uncovered expression
flan,niv2_zsopt_data__task392_inverse_causal_relationship.parquet,13015,1185150,237030.0,niv2_zsopt,,,,,,,,,,,,,flan_submixture,flan_collection_uncovered_expression,direct terms where identified; Article 4 for uncovered expression
flan,niv2_zsopt_data__task393_plausible_result_generation.parquet,500,42575,8515.0,niv2_zsopt,,,,,,,,,,,,,flan_submixture,flan_collection_uncovered_expression,direct terms where identified; Article 4 for uncovered expression
flan,niv2_zsopt_data__task394_persianqa_question_generation.parquet,4955,1962020,392404.0,niv2_zsopt,,,,,,,,,,,,,flan_submixture,flan_collection_uncovered_expression,direct terms where identified; Article 4 for uncovered expression
flan,niv2_zsopt_data__task395_persianqa_answer_generation.parquet,25000,10228285,2045657.0,niv2_zsopt,,,,,,,,,,,,,flan_submixture,flan_collection_uncovered_expression,direct terms where identified; Article 4 for uncovered expression
flan,niv2_zsopt_data__task396_persianqa_classification.parquet,25000,10357695,2071539.0,niv2_zsopt,,,,,,,,,,,,,flan_submixture,flan_collection_uncovered_expression,direct terms where identified; Article 4 for uncovered expression
flan,niv2_zsopt_data__task400_paws_paraphrase_classification.parquet,25000,3459423,691884.6,niv2_zsopt,,,,,,,,,,,,,flan_submixture,flan_collection_uncovered_expression,direct terms where identified; Article 4 for uncovered expression
flan,niv2_zsopt_data__task401_numeric_fused_head_reference.parquet,18730,3964755,792951.0,niv2_zsopt,,,,,,,,,,,,,flan_submixture,flan_collection_uncovered_expression,direct terms where identified; Article 4 for uncovered expression
flan,niv2_zsopt_data__task402_grailqa_paraphrase_generation.parquet,15225,5787500,1157500.0,niv2_zsopt,,,,,,,,,,,,,flan_submixture,flan_collection_uncovered_expression,direct terms where identified; Article 4 for uncovered expression
flan,niv2_zsopt_data__task403_creak_commonsense_inference.parquet,25000,3378221,675644.2,niv2_zsopt,,,,,,,,,,,,,flan_submixture,flan_collection_uncovered_expression,direct terms where identified; Article 4 for uncovered expression
flan,niv2_zsopt_data__task404_grailqa_paraphrase_validation.parquet,6045,651950,130390.0,niv2_zsopt,,,,,,,,,,,,,flan_submixture,flan_collection_uncovered_expression,direct terms where identified; Article 4 for uncovered expression
flan,niv2_zsopt_data__task405_narrativeqa_question_generation.parquet,7845,6747190,1349438.0,niv2_zsopt,,,,,,,,,,,,,flan_submixture,flan_collection_uncovered_expression,direct terms where identified; Article 4 for uncovered expression
flan,niv2_zsopt_data__task406_mickey_fr_sentence_perturbation_generation.parquet,25000,2794665,558933.0,niv2_zsopt,,,,,,,,,,,,,flan_submixture,flan_collection_uncovered_expression,direct terms where identified; Article 4 for uncovered expression
flan,niv2_zsopt_data__task407_mickey_hi_sentence_perturbation_generation.parquet,25000,2785495,557099.0,niv2_zsopt,,,,,,,,,,,,,flan_submixture,flan_collection_uncovered_expression,direct terms where identified; Article 4 for uncovered expression
flan,niv2_zsopt_data__task408_mickey_it_sentence_perturbation_generation.parquet,25000,2805362,561072.4,niv2_zsopt,,,,,,,,,,,,,flan_submixture,flan_collection_uncovered_expression,direct terms where identified; Article 4 for uncovered expression
flan,niv2_zsopt_data__task409_mickey_nl_sentence_perturbation_generation.parquet,25000,2812577,562515.4,niv2_zsopt,,,,,,,,,,,,,flan_submixture,flan_collection_uncovered_expression,direct terms where identified; Article 4 for uncovered expression
flan,niv2_zsopt_data__task410_mickey_ru_sentence_perturbation_generation.parquet,25000,2785148,557029.6,niv2_zsopt,,,,,,,,,,,,,flan_submixture,flan_collection_uncovered_expression,direct terms where identified; Article 4 for uncovered expression
flan,niv2_zsopt_data__task411_mickey_vi_sentence_perturbation_generation.parquet,25000,2799898,559979.6,niv2_zsopt,,,,,,,,,,,,,flan_submixture,flan_collection_uncovered_expression,direct terms where identified; Article 4 for uncovered expression
flan,niv2_zsopt_data__task412_mickey_zh_sentence_perturbation_generation.parquet,25000,2572627,514525.4,niv2_zsopt,,,,,,,,,,,,,flan_submixture,flan_collection_uncovered_expression,direct terms where identified; Article 4 for uncovered expression
flan,niv2_zsopt_data__task413_mickey_en_sentence_perturbation_generation.parquet,25000,2575550,515110.0,niv2_zsopt,,,,,,,,,,,,,flan_submixture,flan_collection_uncovered_expression,direct terms where identified; Article 4 for uncovered expression
flan,niv2_zsopt_data__task414_mickey_ar_sentence_perturbation_generation.parquet,25000,3516526,703305.2,niv2_zsopt,,,,,,,,,,,,,flan_submixture,flan_collection_uncovered_expression,direct terms where identified; Article 4 for uncovered expression
flan,niv2_zsopt_data__task415_mickey_bg_sentence_perturbation_generation.parquet,25000,2998763,599752.6,niv2_zsopt,,,,,,,,,,,,,flan_submixture,flan_collection_uncovered_expression,direct terms where identified; Article 4 for uncovered expression
flan,niv2_zsopt_data__task416_mickey_de_sentence_perturbation_generation.parquet,25000,2784219,556843.8,niv2_zsopt,,,,,,,,,,,,,flan_submixture,flan_collection_uncovered_expression,direct terms where identified; Article 4 for uncovered expression
flan,niv2_zsopt_data__task417_mickey_es_sentence_perturbation_generation.parquet,25000,2716116,543223.2,niv2_zsopt,,,,,,,,,,,,,flan_submixture,flan_collection_uncovered_expression,direct terms where identified; Article 4 for uncovered expression
flan,niv2_zsopt_data__task418_persent_title_generation.parquet,16630,8838940,1767788.0,niv2_zsopt,,,,,,,,,,,,,flan_submixture,flan_collection_uncovered_expression,direct terms where identified; Article 4 for uncovered expression
flan,niv2_zsopt_data__task419_persent_answer_generation.parquet,16700,8589855,1717971.0,niv2_zsopt,,,,,,,,,,,,,flan_submixture,flan_collection_uncovered_expression,direct terms where identified; Article 4 for uncovered expression
flan,niv2_zsopt_data__task420_persent_document_sentiment_classification.parquet,16700,10091150,2018230.0,niv2_zsopt,,,,,,,,,,,,,flan_submixture,flan_collection_uncovered_expression,direct terms where identified; Article 4 for uncovered expression
flan,niv2_zsopt_data__task421_persent_sentence_sentiment_classification.parquet,25000,5261044,1052208.8,niv2_zsopt,,,,,,,,,,,,,flan_submixture,flan_collection_uncovered_expression,direct terms where identified; Article 4 for uncovered expression
flan,niv2_zsopt_data__task422_persent_sentence_sentiment_verification.parquet,25000,3525267,705053.4,niv2_zsopt,,,,,,,,,,,,,flan_submixture,flan_collection_uncovered_expression,direct terms where identified; Article 4 for uncovered expression
flan,niv2_zsopt_data__task423_persent_document_sentiment_verification.parquet,25000,13393253,2678650.6,niv2_zsopt,,,,,,,,,,,,,flan_submixture,flan_collection_uncovered_expression,direct terms where identified; Article 4 for uncovered expression
flan,niv2_zsopt_data__task424_hindienglish_corpora_hi_en_translation.parquet,25000,3598696,719739.2,niv2_zsopt,,,,,,,,,,,,,flan_submixture,flan_collection_uncovered_expression,direct terms where identified; Article 4 for uncovered expression
flan,niv2_zsopt_data__task425_hindienglish_corpora_en_hi_translation.parquet,25000,3156064,631212.8,niv2_zsopt,,,,,,,,,,,,,flan_submixture,flan_collection_uncovered_expression,direct terms where identified; Article 4 for uncovered expression
flan,niv2_zsopt_data__task426_hindienglish_corpora_hi-en_classification.parquet,25000,4212634,842526.8,niv2_zsopt,,,,,,,,,,,,,flan_submixture,flan_collection_uncovered_expression,direct terms where identified; Article 4 for uncovered expression
flan,niv2_zsopt_data__task427_hindienglish_corpora_hi-en_language_identification.parquet,25000,2776410,555282.0,niv2_zsopt,,,,,,,,,,,,,flan_submixture,flan_collection_uncovered_expression,direct terms where identified; Article 4 for uncovered expression
flan,niv2_zsopt_data__task428_senteval_inversion.parquet,25000,2496974,499394.8,niv2_zsopt,,,,,,,,,,,,,flan_submixture,flan_collection_uncovered_expression,direct terms where identified; Article 4 for uncovered expression
flan,niv2_zsopt_data__task429_senteval_tense.parquet,25000,2298184,459636.8,niv2_zsopt,,,,,,,,,,,,,flan_submixture,flan_collection_uncovered_expression,direct terms where identified; Article 4 for uncovered expression
flan,niv2_zsopt_data__task430_senteval_subject_count.parquet,25000,1971850,394370.0,niv2_zsopt,,,,,,,,,,,,,flan_submixture,flan_collection_uncovered_expression,direct terms where identified; Article 4 for uncovered expression
flan,niv2_zsopt_data__task431_senteval_object_count.parquet,25000,2218040,443608.0,niv2_zsopt,,,,,,,,,,,,,flan_submixture,flan_collection_uncovered_expression,direct terms where identified; Article 4 for uncovered expression
flan,niv2_zsopt_data__task432_alt_en_hi_translation.parquet,25000,3409985,681997.0,niv2_zsopt,,,,,,,,,,,,,flan_submixture,flan_collection_uncovered_expression,direct terms where identified; Article 4 for uncovered expression
flan,niv2_zsopt_data__task433_alt_hi_en_translation.parquet,25000,3411255,682251.0,niv2_zsopt,,,,,,,,,,,,,flan_submixture,flan_collection_uncovered_expression,direct terms where identified; Article 4 for uncovered expression
flan,niv2_zsopt_data__task434_alt_en_hi_answer_generation.parquet,25000,3484033,696806.6,niv2_zsopt,,,,,,,,,,,,,flan_submixture,flan_collection_uncovered_expression,direct terms where identified; Article 4 for uncovered expression
flan,niv2_zsopt_data__task435_alt_en_ja_translation.parquet,25000,3387038,677407.6,niv2_zsopt,,,,,,,,,,,,,flan_submixture,flan_collection_uncovered_expression,direct terms where identified; Article 4 for uncovered expression
flan,niv2_zsopt_data__task436_alt_ja_en_translation.parquet,25000,3388899,677779.8,niv2_zsopt,,,,,,,,,,,,,flan_submixture,flan_collection_uncovered_expression,direct terms where identified; Article 4 for uncovered expression
flan,niv2_zsopt_data__task437_alt_en_ja_answer_generation.parquet,25000,3476799,695359.8,niv2_zsopt,,,,,,,,,,,,,flan_submixture,flan_collection_uncovered_expression,direct terms where identified; Article 4 for uncovered expression
flan,niv2_zsopt_data__task438_eng_guj_parallel_corpus_en_gu_translation.parquet,23650,2257250,451450.0,niv2_zsopt,,,,,,,,,,,,,flan_submixture,flan_collection_uncovered_expression,direct terms where identified; Article 4 for uncovered expression
flan,niv2_zsopt_data__task439_eng_guj_parallel_corpus_gu_en_translation.parquet,15250,1506545,301309.0,niv2_zsopt,,,,,,,,,,,,,flan_submixture,flan_collection_uncovered_expression,direct terms where identified; Article 4 for uncovered expression
flan,niv2_zsopt_data__task440_eng_guj_parallel_corpus_gu-en_classification.parquet,25000,2641723,528344.6,niv2_zsopt,,,,,,,,,,,,,flan_submixture,flan_collection_uncovered_expression,direct terms where identified; Article 4 for uncovered expression
flan,niv2_zsopt_data__task441_eng_guj_parallel_corpus_gu-en_language_identification.parquet,25000,2513814,502762.8,niv2_zsopt,,,,,,,,,,,,,flan_submixture,flan_collection_uncovered_expression,direct terms where identified; Article 4 for uncovered expression
flan,niv2_zsopt_data__task442_com_qa_paraphrase_question_generation.parquet,8980,905225,181045.0,niv2_zsopt,,,,,,,,,,,,,flan_submixture,flan_collection_uncovered_expression,direct terms where identified; Article 4 for uncovered expression
flan,niv2_zsopt_data__task443_com_qa_ans_question_generation.parquet,10770,631725,126345.0,niv2_zsopt,,,,,,,,,,,,,flan_submixture,flan_collection_uncovered_expression,direct terms where identified; Article 4 for uncovered expression
flan,niv2_zsopt_data__task444_com_qa_question_paraphrases_answer_generation.parquet,7820,619140,123828.0,niv2_zsopt,,,,,,,,,,,,,flan_submixture,flan_collection_uncovered_expression,direct terms where identified; Article 4 for uncovered expression
flan,niv2_zsopt_data__task446_opus_paracrawl_en_so_translation.parquet,25000,3976942,795388.4,niv2_zsopt,,,,,,,,,,,,,flan_submixture,flan_collection_uncovered_expression,direct terms where identified; Article 4 for uncovered expression
flan,niv2_zsopt_data__task447_opus_paracrawl_classification.parquet,25000,2639893,527978.6,niv2_zsopt,,,,,,,,,,,,,flan_submixture,flan_collection_uncovered_expression,direct terms where identified; Article 4 for uncovered expression
flan,niv2_zsopt_data__task448_opus_paracrawl_en_tl_translation.parquet,25000,3232993,646598.6,niv2_zsopt,,,,,,,,,,,,,flan_submixture,flan_collection_uncovered_expression,direct terms where identified; Article 4 for uncovered expression
flan,niv2_zsopt_data__task449_opus_paracrawl_ig_en_translation.parquet,25000,2812271,562454.2,niv2_zsopt,,,,,,,,,,,,,flan_submixture,flan_collection_uncovered_expression,direct terms where identified; Article 4 for uncovered expression
flan,niv2_zsopt_data__task450_opus_paracrawl_so_en_translation.parquet,25000,3996388,799277.6,niv2_zsopt,,,,,,,,,,,,,flan_submixture,flan_collection_uncovered_expression,direct terms where identified; Article 4 for uncovered expression
flan,niv2_zsopt_data__task451_opus_paracrawl_tl_en_translation.parquet,25000,3256109,651221.8,niv2_zsopt,,,,,,,,,,,,,flan_submixture,flan_collection_uncovered_expression,direct terms where identified; Article 4 for uncovered expression
flan,niv2_zsopt_data__task452_opus_paracrawl_en_ig_translation.parquet,25000,2785826,557165.2,niv2_zsopt,,,,,,,,,,,,,flan_submixture,flan_collection_uncovered_expression,direct terms where identified; Article 4 for uncovered expression
flan,niv2_zsopt_data__task453_swag_answer_generation.parquet,25000,1787058,357411.6,niv2_zsopt,,,,,,,,,,,,,flan_submixture,flan_collection_uncovered_expression,direct terms where identified; Article 4 for uncovered expression
flan,niv2_zsopt_data__task454_swag_incorrect_answer_generation.parquet,25000,1769264,353852.8,niv2_zsopt,,,,,,,,,,,,,flan_submixture,flan_collection_uncovered_expression,direct terms where identified; Article 4 for uncovered expression
flan,niv2_zsopt_data__task455_swag_context_generation.parquet,25000,1777282,355456.4,niv2_zsopt,,,,,,,,,,,,,flan_submixture,flan_collection_uncovered_expression,direct terms where identified; Article 4 for uncovered expression
flan,niv2_zsopt_data__task456_matres_intention_classification.parquet,13280,2491710,498342.0,niv2_zsopt,,,,,,,,,,,,,flan_submixture,flan_collection_uncovered_expression,direct terms where identified; Article 4 for uncovered expression
flan,niv2_zsopt_data__task457_matres_conditional_classification.parquet,3145,616800,123360.0,niv2_zsopt,,,,,,,,,,,,,flan_submixture,flan_collection_uncovered_expression,direct terms where identified; Article 4 for uncovered expression
flan,niv2_zsopt_data__task458_matres_negation_classification.parquet,3865,610755,122151.0,niv2_zsopt,,,,,,,,,,,,,flan_submixture,flan_collection_uncovered_expression,direct terms where identified; Article 4 for uncovered expression
flan,niv2_zsopt_data__task459_matres_static_classification.parquet,490,74450,14890.0,niv2_zsopt,,,,,,,,,,,,,flan_submixture,flan_collection_uncovered_expression,direct terms where identified; Article 4 for uncovered expression
flan,niv2_zsopt_data__task460_qasper_answer_generation.parquet,13360,2528645,505729.0,niv2_zsopt,,,,,,,,,,,,,flan_submixture,flan_collection_uncovered_expression,direct terms where identified; Article 4 for uncovered expression
flan,niv2_zsopt_data__task461_qasper_question_generation.parquet,13065,2291840,458368.0,niv2_zsopt,,,,,,,,,,,,,flan_submixture,flan_collection_uncovered_expression,direct terms where identified; Article 4 for uncovered expression
flan,niv2_zsopt_data__task462_qasper_classification.parquet,6685,1675080,335016.0,niv2_zsopt,,,,,,,,,,,,,flan_submixture,flan_collection_uncovered_expression,direct terms where identified; Article 4 for uncovered expression
flan,niv2_zsopt_data__task463_parsinlu_entailment_classification.parquet,13300,1930390,386078.0,niv2_zsopt,,,,,,,,,,,,,flan_submixture,flan_collection_uncovered_expression,direct terms where identified; Article 4 for uncovered expression
flan,niv2_zsopt_data__task464_parsinlu_entailment_sentence_generation.parquet,13305,2216590,443318.0,niv2_zsopt,,,,,,,,,,,,,flan_submixture,flan_collection_uncovered_expression,direct terms where identified; Article 4 for uncovered expression
flan,niv2_zsopt_data__task465_parsinlu_qqp_classification.parquet,23180,2451875,490375.0,niv2_zsopt,,,,,,,,,,,,,flan_submixture,flan_collection_uncovered_expression,direct terms where identified; Article 4 for uncovered expression
flan,niv2_zsopt_data__task466_parsinlu_qqp_text_modification.parquet,5660,468975,93795.0,niv2_zsopt,,,,,,,,,,,,,flan_submixture,flan_collection_uncovered_expression,direct terms where identified; Article 4 for uncovered expression
flan,niv2_zsopt_data__task467_parsinlu_rc_answer_generation.parquet,6450,1614465,322893.0,niv2_zsopt,,,,,,,,,,,,,flan_submixture,flan_collection_uncovered_expression,direct terms where identified; Article 4 for uncovered expression
flan,niv2_zsopt_data__task468_parsinlu_rc_question_generation.parquet,6310,1500100,300020.0,niv2_zsopt,,,,,,,,,,,,,flan_submixture,flan_collection_uncovered_expression,direct terms where identified; Article 4 for uncovered expression
flan,niv2_zsopt_data__task469_mrqa_answer_generation.parquet,22635,10345680,2069136.0,niv2_zsopt,,,,,,,,,,,,,flan_submixture,flan_collection_uncovered_expression,direct terms where identified; Article 4 for uncovered expression
flan,niv2_zsopt_data__task470_mrqa_question_generation.parquet,15275,4933060,986612.0,niv2_zsopt,,,,,,,,,,,,,flan_submixture,flan_collection_uncovered_expression,direct terms where identified; Article 4 for uncovered expression
flan,niv2_zsopt_data__task471_haspart_answer_generation.parquet,15475,1667670,333534.0,niv2_zsopt,,,,,,,,,,,,,flan_submixture,flan_collection_uncovered_expression,direct terms where identified; Article 4 for uncovered expression
flan,niv2_zsopt_data__task472_haspart_classification.parquet,25000,3227485,645497.0,niv2_zsopt,,,,,,,,,,,,,flan_submixture,flan_collection_uncovered_expression,direct terms where identified; Article 4 for uncovered expression
flan,niv2_zsopt_data__task473_parsinlu_mc_classification.parquet,12275,1435570,287114.0,niv2_zsopt,,,,,,,,,,,,,flan_submixture,flan_collection_uncovered_expression,direct terms where identified; Article 4 for uncovered expression
flan,niv2_zsopt_data__task474_parsinlu_mc_classification.parquet,12200,1121055,224211.0,niv2_zsopt,,,,,,,,,,,,,flan_submixture,flan_collection_uncovered_expression,direct terms where identified; Article 4 for uncovered expression
flan,niv2_zsopt_data__task476_cls_english_books_classification.parquet,9920,2743665,548733.0,niv2_zsopt,,,,,,,,,,,,,flan_submixture,flan_collection_uncovered_expression,direct terms where identified; Article 4 for uncovered expression
flan,niv2_zsopt_data__task477_cls_english_dvd_classification.parquet,9820,2914900,582980.0,niv2_zsopt,,,,,,,,,,,,,flan_submixture,flan_collection_uncovered_expression,direct terms where identified; Article 4 for uncovered expression
flan,niv2_zsopt_data__task478_cls_english_music_classification.parquet,9850,2423665,484733.0,niv2_zsopt,,,,,,,,,,,,,flan_submixture,flan_collection_uncovered_expression,direct terms where identified; Article 4 for uncovered expression
flan,niv2_zsopt_data__task479_cls_german_books_classification.parquet,9980,2817720,563544.0,niv2_zsopt,,,,,,,,,,,,,flan_submixture,flan_collection_uncovered_expression,direct terms where identified; Article 4 for uncovered expression
flan,niv2_zsopt_data__task480_cls_german_dvd_classification.parquet,9975,2929380,585876.0,niv2_zsopt,,,,,,,,,,,,,flan_submixture,flan_collection_uncovered_expression,direct terms where identified; Article 4 for uncovered expression
flan,niv2_zsopt_data__task481_cls_german_music_classification.parquet,9955,2608630,521726.0,niv2_zsopt,,,,,,,,,,,,,flan_submixture,flan_collection_uncovered_expression,direct terms where identified; Article 4 for uncovered expression
flan,niv2_zsopt_data__task482_cls_french_books_classification.parquet,9830,2230830,446166.0,niv2_zsopt,,,,,,,,,,,,,flan_submixture,flan_collection_uncovered_expression,direct terms where identified; Article 4 for uncovered expression
flan,niv2_zsopt_data__task483_cls_french_dvd_classification.parquet,9840,2245760,449152.0,niv2_zsopt,,,,,,,,,,,,,flan_submixture,flan_collection_uncovered_expression,direct terms where identified; Article 4 for uncovered expression
flan,niv2_zsopt_data__task484_cls_french_music_classification.parquet,9520,2346695,469339.0,niv2_zsopt,,,,,,,,,,,,,flan_submixture,flan_collection_uncovered_expression,direct terms where identified; Article 4 for uncovered expression
flan,niv2_zsopt_data__task485_cls_japanese_books_classification.parquet,9990,2246325,449265.0,niv2_zsopt,,,,,,,,,,,,,flan_submixture,flan_collection_uncovered_expression,direct terms where identified; Article 4 for uncovered expression
flan,niv2_zsopt_data__task486_cls_japanese_dvd_classification.parquet,9985,2278065,455613.0,niv2_zsopt,,,,,,,,,,,,,flan_submixture,flan_collection_uncovered_expression,direct terms where identified; Article 4 for uncovered expression
flan,niv2_zsopt_data__task487_cls_japanese_music_classification.parquet,9865,2013330,402666.0,niv2_zsopt,,,,,,,,,,,,,flan_submixture,flan_collection_uncovered_expression,direct terms where identified; Article 4 for uncovered expression
flan,niv2_zsopt_data__task488_extract_all_alphabetical_elements_from_list_in_order.parquet,25000,3848319,769663.8,niv2_zsopt,,,,,,,,,,,,,flan_submixture,flan_collection_uncovered_expression,direct terms where identified; Article 4 for uncovered expression
flan,niv2_zsopt_data__task489_mwsc_question_generation.parquet,500,115980,23196.0,niv2_zsopt,,,,,,,,,,,,,flan_submixture,flan_collection_uncovered_expression,direct terms where identified; Article 4 for uncovered expression
flan,niv2_zsopt_data__task490_mwsc_options_generation.parquet,500,76445,15289.0,niv2_zsopt,,,,,,,,,,,,,flan_submixture,flan_collection_uncovered_expression,direct terms where identified; Article 4 for uncovered expression
flan,niv2_zsopt_data__task491_mwsc_answer_generation.parquet,500,120965,24193.0,niv2_zsopt,,,,,,,,,,,,,flan_submixture,flan_collection_uncovered_expression,direct terms where identified; Article 4 for uncovered expression
flan,niv2_zsopt_data__task492_mwsc_incorrect_answer_generation.parquet,500,121870,24374.0,niv2_zsopt,,,,,,,,,,,,,flan_submixture,flan_collection_uncovered_expression,direct terms where identified; Article 4 for uncovered expression
flan,niv2_zsopt_data__task495_semeval_headline_classification.parquet,25000,2778226,555645.2,niv2_zsopt,,,,,,,,,,,,,flan_submixture,flan_collection_uncovered_expression,direct terms where identified; Article 4 for uncovered expression
flan,niv2_zsopt_data__task496_semeval_answer_generation.parquet,23975,2864830,572966.0,niv2_zsopt,,,,,,,,,,,,,flan_submixture,flan_collection_uncovered_expression,direct terms where identified; Article 4 for uncovered expression
flan,niv2_zsopt_data__task497_extract_all_numbers_from_list_in_order.parquet,25000,4371370,874274.0,niv2_zsopt,,,,,,,,,,,,,flan_submixture,flan_collection_uncovered_expression,direct terms where identified; Article 4 for uncovered expression
flan,niv2_zsopt_data__task498_scruples_anecdotes_whoiswrong_classification.parquet,18220,9521000,1904200.0,niv2_zsopt,,,,,,,,,,,,,flan_submixture,flan_collection_uncovered_expression,direct terms where identified; Article 4 for uncovered expression
flan,niv2_zsopt_data__task499_extract_and_add_all_numbers_from_list.parquet,25000,2612045,522409.0,niv2_zsopt,,,,,,,,,,,,,flan_submixture,flan_collection_uncovered_expression,direct terms where identified; Article 4 for uncovered expression
flan,niv2_zsopt_data__task500_scruples_anecdotes_title_generation.parquet,25000,12769579,2553915.8,niv2_zsopt,,,,,,,,,,,,,flan_submixture,flan_collection_uncovered_expression,direct terms where identified; Article 4 for uncovered expression
flan,niv2_zsopt_data__task501_scruples_anecdotes_post_type_verification.parquet,25000,13657972,2731594.4,niv2_zsopt,,,,,,,,,,,,,flan_submixture,flan_collection_uncovered_expression,direct terms where identified; Article 4 for uncovered expression
flan,niv2_zsopt_data__task502_scruples_anecdotes_whoiswrong_verification.parquet,25000,12579859,2515971.8,niv2_zsopt,,,,,,,,,,,,,flan_submixture,flan_collection_uncovered_expression,direct terms where identified; Article 4 for uncovered expression
flan,niv2_zsopt_data__task503_scruples_anecdotes_isanswerable.parquet,2985,1429410,285882.0,niv2_zsopt,,,,,,,,,,,,,flan_submixture,flan_collection_uncovered_expression,direct terms where identified; Article 4 for uncovered expression
flan,niv2_zsopt_data__task504_count_all_alphabetical_elements_in_list.parquet,25000,4119111,823822.2,niv2_zsopt,,,,,,,,,,,,,flan_submixture,flan_collection_uncovered_expression,direct terms where identified; Article 4 for uncovered expression
flan,niv2_zsopt_data__task505_count_all_numerical_elements_in_list.parquet,25000,4152816,830563.2,niv2_zsopt,,,,,,,,,,,,,flan_submixture,flan_collection_uncovered_expression,direct terms where identified; Article 4 for uncovered expression
flan,niv2_zsopt_data__task506_position_of_all_alphabetical_elements_in_list.parquet,25000,5468389,1093677.8,niv2_zsopt,,,,,,,,,,,,,flan_submixture,flan_collection_uncovered_expression,direct terms where identified; Article 4 for uncovered expression
flan,niv2_zsopt_data__task507_position_of_all_numerical_elements_in_list.parquet,25000,5440401,1088080.2,niv2_zsopt,,,,,,,,,,,,,flan_submixture,flan_collection_uncovered_expression,direct terms where identified; Article 4 for uncovered expression
flan,niv2_zsopt_data__task508_scruples_dilemmas_more_ethical_isidentifiable.parquet,25000,2505082,501016.4,niv2_zsopt,,,,,,,,,,,,,flan_submixture,flan_collection_uncovered_expression,direct terms where identified; Article 4 for uncovered expression
flan,niv2_zsopt_data__task509_collate_of_all_alphabetical_and_numerical_elements_in_list_separately.parquet,25000,6706424,1341284.8,niv2_zsopt,,,,,,,,,,,,,flan_submixture,flan_collection_uncovered_expression,direct terms where identified; Article 4 for uncovered expression
flan,niv2_zsopt_data__task510_reddit_tifu_title_summarization.parquet,25000,11669697,2333939.4,niv2_zsopt,,,,,,,,,,,,,flan_submixture,flan_collection_uncovered_expression,direct terms where identified; Article 4 for uncovered expression
flan,niv2_zsopt_data__task511_reddit_tifu_long_text_summarization.parquet,25000,14234398,2846879.6,niv2_zsopt,,,,,,,,,,,,,flan_submixture,flan_collection_uncovered_expression,direct terms where identified; Article 4 for uncovered expression
flan,niv2_zsopt_data__task513_argument_stance_classification.parquet,835,85140,17028.0,niv2_zsopt,,,,,,,,,,,,,flan_submixture,flan_collection_uncovered_expression,direct terms where identified; Article 4 for uncovered expression
flan,niv2_zsopt_data__task514_argument_consequence_classification.parquet,860,92150,18430.0,niv2_zsopt,,,,,,,,,,,,,flan_submixture,flan_collection_uncovered_expression,direct terms where identified; Article 4 for uncovered expression
flan,niv2_zsopt_data__task515_senteval_odd_word_out.parquet,25000,2634363,526872.6,niv2_zsopt,,,,,,,,,,,,,flan_submixture,flan_collection_uncovered_expression,direct terms where identified; Article 4 for uncovered expression
flan,niv2_zsopt_data__task516_senteval_conjoints_inversion.parquet,25000,2868019,573603.8,niv2_zsopt,,,,,,,,,,,,,flan_submixture,flan_collection_uncovered_expression,direct terms where identified; Article 4 for uncovered expression
flan,niv2_zsopt_data__task519_aquamuse_question_generation.parquet,4785,898170,179634.0,niv2_zsopt,,,,,,,,,,,,,flan_submixture,flan_collection_uncovered_expression,direct terms where identified; Article 4 for uncovered expression
flan,niv2_zsopt_data__task520_aquamuse_answer_given_in_passage.parquet,5000,1097155,219431.0,niv2_zsopt,,,,,,,,,,,,,flan_submixture,flan_collection_uncovered_expression,direct terms where identified; Article 4 for uncovered expression
flan,niv2_zsopt_data__task521_trivia_question_classification.parquet,25000,5631078,1126215.6,niv2_zsopt,,,,,,,,,,,,,flan_submixture,flan_collection_uncovered_expression,direct terms where identified; Article 4 for uncovered expression
flan,niv2_zsopt_data__task522_news_editorial_summary.parquet,815,974820,194964.0,niv2_zsopt,,,,,,,,,,,,,flan_submixture,flan_collection_uncovered_expression,direct terms where identified; Article 4 for uncovered expression
flan,niv2_zsopt_data__task523_find_if_numbers_or_alphabets_are_more_in_list.parquet,25000,5482386,1096477.2,niv2_zsopt,,,,,,,,,,,,,flan_submixture,flan_collection_uncovered_expression,direct terms where identified; Article 4 for uncovered expression
flan,niv2_zsopt_data__task524_parsinlu_food_aspect_classification.parquet,6085,1369805,273961.0,niv2_zsopt,,,,,,,,,,,,,flan_submixture,flan_collection_uncovered_expression,direct terms where identified; Article 4 for uncovered expression
flan,niv2_zsopt_data__task525_parsinlu_movie_aspect_classification.parquet,5625,1401900,280380.0,niv2_zsopt,,,,,,,,,,,,,flan_submixture,flan_collection_uncovered_expression,direct terms where identified; Article 4 for uncovered expression
flan,niv2_zsopt_data__task526_parsinlu_movie_overal_classification.parquet,2505,417365,83473.0,niv2_zsopt,,,,,,,,,,,,,flan_submixture,flan_collection_uncovered_expression,direct terms where identified; Article 4 for uncovered expression
flan,niv2_zsopt_data__task527_parsinlu_food_overal_classification.parquet,5035,736225,147245.0,niv2_zsopt,,,,,,,,,,,,,flan_submixture,flan_collection_uncovered_expression,direct terms where identified; Article 4 for uncovered expression
flan,niv2_zsopt_data__task528_parsinlu_movie_aspect_detection.parquet,1295,211240,42248.0,niv2_zsopt,,,,,,,,,,,,,flan_submixture,flan_collection_uncovered_expression,direct terms where identified; Article 4 for uncovered expression
flan,niv2_zsopt_data__task529_parsinlu_food_aspect_detection.parquet,7450,1095965,219193.0,niv2_zsopt,,,,,,,,,,,,,flan_submixture,flan_collection_uncovered_expression,direct terms where identified; Article 4 for uncovered expression
flan,niv2_zsopt_data__task530_europarl_en_es_translation.parquet,25000,3157798,631559.6,niv2_zsopt,,,,,,,,,,,,,flan_submixture,flan_collection_uncovered_expression,direct terms where identified; Article 4 for uncovered expression
flan,niv2_zsopt_data__task531_europarl_es_en_translation.parquet,25000,3150985,630197.0,niv2_zsopt,,,,,,,,,,,,,flan_submixture,flan_collection_uncovered_expression,direct terms where identified; Article 4 for uncovered expression
flan,niv2_zsopt_data__task532_europarl_en-es_classification.parquet,25000,3306159,661231.8,niv2_zsopt,,,,,,,,,,,,,flan_submixture,flan_collection_uncovered_expression,direct terms where identified; Article 4 for uncovered expression
flan,niv2_zsopt_data__task533_europarl_es-en_language_identification.parquet,25000,2590690,518138.0,niv2_zsopt,,,,,,,,,,,,,flan_submixture,flan_collection_uncovered_expression,direct terms where identified; Article 4 for uncovered expression
flan,niv2_zsopt_data__task534_farstail_entailment.parquet,25000,4659952,931990.4,niv2_zsopt,,,,,,,,,,,,,flan_submixture,flan_collection_uncovered_expression,direct terms where identified; Article 4 for uncovered expression
flan,niv2_zsopt_data__task535_alt_translation_ch_en.parquet,3000,306245,61249.0,niv2_zsopt,,,,,,,,,,,,,flan_submixture,flan_collection_uncovered_expression,direct terms where identified; Article 4 for uncovered expression
flan,niv2_zsopt_data__task536_alt_translation_vi_en.parquet,3000,334310,66862.0,niv2_zsopt,,,,,,,,,,,,,flan_submixture,flan_collection_uncovered_expression,direct terms where identified; Article 4 for uncovered expression
flan,niv2_zsopt_data__task537_alt_translation_th_en.parquet,3000,344165,68833.0,niv2_zsopt,,,,,,,,,,,,,flan_submixture,flan_collection_uncovered_expression,direct terms where identified; Article 4 for uncovered expression
flan,niv2_zsopt_data__task538_alt_translation_bu_en.parquet,3000,473135,94627.0,niv2_zsopt,,,,,,,,,,,,,flan_submixture,flan_collection_uncovered_expression,direct terms where identified; Article 4 for uncovered expression
flan,niv2_zsopt_data__task539_alt_translation_ma_en.parquet,2995,326520,65304.0,niv2_zsopt,,,,,,,,,,,,,flan_submixture,flan_collection_uncovered_expression,direct terms where identified; Article 4 for uncovered expression
flan,niv2_zsopt_data__task540_alt_translation_la_en.parquet,3000,464875,92975.0,niv2_zsopt,,,,,,,,,,,,,flan_submixture,flan_collection_uncovered_expression,direct terms where identified; Article 4 for uncovered expression
flan,niv2_zsopt_data__task541_alt_translation_kh_en.parquet,3000,435495,87099.0,niv2_zsopt,,,,,,,,,,,,,flan_submixture,flan_collection_uncovered_expression,direct terms where identified; Article 4 for uncovered expression
flan,niv2_zsopt_data__task542_alt_translation_ja_en.parquet,3000,323170,64634.0,niv2_zsopt,,,,,,,,,,,,,flan_submixture,flan_collection_uncovered_expression,direct terms where identified; Article 4 for uncovered expression
flan,niv2_zsopt_data__task543_alt_translation_bh_en.parquet,2995,339755,67951.0,niv2_zsopt,,,,,,,,,,,,,flan_submixture,flan_collection_uncovered_expression,direct terms where identified; Article 4 for uncovered expression
flan,niv2_zsopt_data__task544_alt_translation_hi_en.parquet,3000,329350,65870.0,niv2_zsopt,,,,,,,,,,,,,flan_submixture,flan_collection_uncovered_expression,direct terms where identified; Article 4 for uncovered expression
flan,niv2_zsopt_data__task545_alt_translation_fi_en.parquet,2995,362485,72497.0,niv2_zsopt,,,,,,,,,,,,,flan_submixture,flan_collection_uncovered_expression,direct terms where identified; Article 4 for uncovered expression
flan,niv2_zsopt_data__task546_alt_translation_bg_en.parquet,3000,326525,65305.0,niv2_zsopt,,,,,,,,,,,,,flan_submixture,flan_collection_uncovered_expression,direct terms where identified; Article 4 for uncovered expression
flan,niv2_zsopt_data__task547_alt_translation_entk_en.parquet,3000,300195,60039.0,niv2_zsopt,,,,,,,,,,,,,flan_submixture,flan_collection_uncovered_expression,direct terms where identified; Article 4 for uncovered expression
flan,niv2_zsopt_data__task548_alt_translation_en_ch.parquet,3000,310505,62101.0,niv2_zsopt,,,,,,,,,,,,,flan_submixture,flan_collection_uncovered_expression,direct terms where identified; Article 4 for uncovered expression
flan,niv2_zsopt_data__task549_alt_translation_en_vi.parquet,2990,338325,67665.0,niv2_zsopt,,,,,,,,,,,,,flan_submixture,flan_collection_uncovered_expression,direct terms where identified; Article 4 for uncovered expression
flan,niv2_zsopt_data__task550_discofuse_sentence_generation.parquet,3000,289495,57899.0,niv2_zsopt,,,,,,,,,,,,,flan_submixture,flan_collection_uncovered_expression,direct terms where identified; Article 4 for uncovered expression
flan,niv2_zsopt_data__task551_alt_translation_en_th.parquet,3000,350190,70038.0,niv2_zsopt,,,,,,,,,,,,,flan_submixture,flan_collection_uncovered_expression,direct terms where identified; Article 4 for uncovered expression
flan,niv2_zsopt_data__task552_alt_translation_en_bu.parquet,3000,479565,95913.0,niv2_zsopt,,,,,,,,,,,,,flan_submixture,flan_collection_uncovered_expression,direct terms where identified; Article 4 for uncovered expression
flan,niv2_zsopt_data__task553_alt_translation_en_ma.parquet,3000,322425,64485.0,niv2_zsopt,,,,,,,,,,,,,flan_submixture,flan_collection_uncovered_expression,direct terms where identified; Article 4 for uncovered expression
flan,niv2_zsopt_data__task554_alt_translation_en_la.parquet,3000,464220,92844.0,niv2_zsopt,,,,,,,,,,,,,flan_submixture,flan_collection_uncovered_expression,direct terms where identified; Article 4 for uncovered expression
flan,niv2_zsopt_data__task555_alt_translation_en_kh.parquet,3000,421760,84352.0,niv2_zsopt,,,,,,,,,,,,,flan_submixture,flan_collection_uncovered_expression,direct terms where identified; Article 4 for uncovered expression
flan,niv2_zsopt_data__task556_alt_translation_en_ja.parquet,2995,325830,65166.0,niv2_zsopt,,,,,,,,,,,,,flan_submixture,flan_collection_uncovered_expression,direct terms where identified; Article 4 for uncovered expression
flan,niv2_zsopt_data__task557_alt_translation_en_ba.parquet,3000,330120,66024.0,niv2_zsopt,,,,,,,,,,,,,flan_submixture,flan_collection_uncovered_expression,direct terms where identified; Article 4 for uncovered expression
flan,niv2_zsopt_data__task558_alt_translation_en_hi.parquet,3000,325130,65026.0,niv2_zsopt,,,,,,,,,,,,,flan_submixture,flan_collection_uncovered_expression,direct terms where identified; Article 4 for uncovered expression
flan,niv2_zsopt_data__task559_alt_translation_en_fi.parquet,3000,369895,73979.0,niv2_zsopt,,,,,,,,,,,,,flan_submixture,flan_collection_uncovered_expression,direct terms where identified; Article 4 for uncovered expression
flan,niv2_zsopt_data__task560_alt_translation_en_entk.parquet,2995,303860,60772.0,niv2_zsopt,,,,,,,,,,,,,flan_submixture,flan_collection_uncovered_expression,direct terms where identified; Article 4 for uncovered expression
flan,niv2_zsopt_data__task561_alt_translation_en_bg.parquet,3000,324440,64888.0,niv2_zsopt,,,,,,,,,,,,,flan_submixture,flan_collection_uncovered_expression,direct terms where identified; Article 4 for uncovered expression
flan,niv2_zsopt_data__task562_alt_language_identification.parquet,2730,416070,83214.0,niv2_zsopt,,,,,,,,,,,,,flan_submixture,flan_collection_uncovered_expression,direct terms where identified; Article 4 for uncovered expression
flan,niv2_zsopt_data__task563_discofuse_answer_generation.parquet,5000,541895,108379.0,niv2_zsopt,,,,,,,,,,,,,flan_submixture,flan_collection_uncovered_expression,direct terms where identified; Article 4 for uncovered expression
flan,niv2_zsopt_data__task564_discofuse_classification.parquet,5000,1174810,234962.0,niv2_zsopt,,,,,,,,,,,,,flan_submixture,flan_collection_uncovered_expression,direct terms where identified; Article 4 for uncovered expression
flan,niv2_zsopt_data__task565_circa_answer_generation.parquet,14715,885390,177078.0,niv2_zsopt,,,,,,,,,,,,,flan_submixture,flan_collection_uncovered_expression,direct terms where identified; Article 4 for uncovered expression
flan,niv2_zsopt_data__task566_circa_classification.parquet,25000,2092546,418509.2,niv2_zsopt,,,,,,,,,,,,,flan_submixture,flan_collection_uncovered_expression,direct terms where identified; Article 4 for uncovered expression
flan,niv2_zsopt_data__task567_circa_text_generation.parquet,14385,1357100,271420.0,niv2_zsopt,,,,,,,,,,,,,flan_submixture,flan_collection_uncovered_expression,direct terms where identified; Article 4 for uncovered expression
flan,niv2_zsopt_data__task568_circa_question_generation.parquet,25000,1483641,296728.2,niv2_zsopt,,,,,,,,,,,,,flan_submixture,flan_collection_uncovered_expression,direct terms where identified; Article 4 for uncovered expression
flan,niv2_zsopt_data__task569_recipe_nlg_text_generation.parquet,25000,6294955,1258991.0,niv2_zsopt,,,,,,,,,,,,,flan_submixture,flan_collection_uncovered_expression,direct terms where identified; Article 4 for uncovered expression
flan,niv2_zsopt_data__task570_recipe_nlg_ner_generation.parquet,25000,3710387,742077.4,niv2_zsopt,,,,,,,,,,,,,flan_submixture,flan_collection_uncovered_expression,direct terms where identified; Article 4 for uncovered expression
flan,niv2_zsopt_data__task571_recipe_nlg_ner_generation.parquet,25000,4912593,982518.6,niv2_zsopt,,,,,,,,,,,,,flan_submixture,flan_collection_uncovered_expression,direct terms where identified; Article 4 for uncovered expression
flan,niv2_zsopt_data__task572_recipe_nlg_text_generation.parquet,18680,3561525,712305.0,niv2_zsopt,,,,,,,,,,,,,flan_submixture,flan_collection_uncovered_expression,direct terms where identified; Article 4 for uncovered expression
flan,niv2_zsopt_data__task573_air_dialogue_classification.parquet,13175,4014485,802897.0,niv2_zsopt,,,,,,,,,,,,,flan_submixture,flan_collection_uncovered_expression,direct terms where identified; Article 4 for uncovered expression
flan,niv2_zsopt_data__task574_air_dialogue_sentence_generation.parquet,25000,7342919,1468583.8,niv2_zsopt,,,,,,,,,,,,,flan_submixture,flan_collection_uncovered_expression,direct terms where identified; Article 4 for uncovered expression
flan,niv2_zsopt_data__task575_air_dialogue_classification.parquet,19770,1471545,294309.0,niv2_zsopt,,,,,,,,,,,,,flan_submixture,flan_collection_uncovered_expression,direct terms where identified; Article 4 for uncovered expression
flan,niv2_zsopt_data__task576_curiosity_dialogs_answer_generation.parquet,25000,4567451,913490.2,niv2_zsopt,,,,,,,,,,,,,flan_submixture,flan_collection_uncovered_expression,direct terms where identified; Article 4 for uncovered expression
flan,niv2_zsopt_data__task577_curiosity_dialogs_classification.parquet,25000,2428326,485665.2,niv2_zsopt,,,,,,,,,,,,,flan_submixture,flan_collection_uncovered_expression,direct terms where identified; Article 4 for uncovered expression
flan,niv2_zsopt_data__task578_curiosity_dialogs_answer_generation.parquet,17485,5863845,1172769.0,niv2_zsopt,,,,,,,,,,,,,flan_submixture,flan_collection_uncovered_expression,direct terms where identified; Article 4 for uncovered expression
flan,niv2_zsopt_data__task579_socialiqa_classification.parquet,25000,3387991,677598.2,niv2_zsopt,,,,,,,,,,,,,flan_submixture,flan_collection_uncovered_expression,direct terms where identified; Article 4 for uncovered expression
flan,niv2_zsopt_data__task580_socialiqa_answer_generation.parquet,25000,3619743,723948.6,niv2_zsopt,,,,,,,,,,,,,flan_submixture,flan_collection_uncovered_expression,direct terms where identified; Article 4 for uncovered expression
flan,niv2_zsopt_data__task581_socialiqa_question_generation.parquet,25000,2254366,450873.2,niv2_zsopt,,,,,,,,,,,,,flan_submixture,flan_collection_uncovered_expression,direct terms where identified; Article 4 for uncovered expression
flan,niv2_zsopt_data__task582_naturalquestion_answer_generation.parquet,25000,2505651,501130.2,niv2_zsopt,,,,,,,,,,,,,flan_submixture,flan_collection_uncovered_expression,direct terms where identified; Article 4 for uncovered expression
flan,niv2_zsopt_data__task583_udeps_eng_coarse_pos_tagging.parquet,25000,16463944,3292788.8,niv2_zsopt,,,,,,,,,,,,,flan_submixture,flan_collection_uncovered_expression,direct terms where identified; Article 4 for uncovered expression
flan,niv2_zsopt_data__task584_udeps_eng_fine_pos_tagging.parquet,25000,12942251,2588450.2,niv2_zsopt,,,,,,,,,,,,,flan_submixture,flan_collection_uncovered_expression,direct terms where identified; Article 4 for uncovered expression
flan,niv2_zsopt_data__task585_preposition_classification.parquet,4630,556525,111305.0,niv2_zsopt,,,,,,,,,,,,,flan_submixture,flan_collection_uncovered_expression,direct terms where identified; Article 4 for uncovered expression
flan,niv2_zsopt_data__task591_sciq_answer_generation.parquet,25000,1250582,250116.4,niv2_zsopt,,,,,,,,,,,,,flan_submixture,flan_collection_uncovered_expression,direct terms where identified; Article 4 for uncovered expression
flan,niv2_zsopt_data__task592_sciq_incorrect_answer_generation.parquet,25000,2150794,430158.8,niv2_zsopt,,,,,,,,,,,,,flan_submixture,flan_collection_uncovered_expression,direct terms where identified; Article 4 for uncovered expression
flan,niv2_zsopt_data__task593_sciq_explanation_generation.parquet,14500,1369070,273814.0,niv2_zsopt,,,,,,,,,,,,,flan_submixture,flan_collection_uncovered_expression,direct terms where identified; Article 4 for uncovered expression
flan,niv2_zsopt_data__task594_sciq_question_generation.parquet,25000,3773193,754638.6,niv2_zsopt,,,,,,,,,,,,,flan_submixture,flan_collection_uncovered_expression,direct terms where identified; Article 4 for uncovered expression
flan,niv2_zsopt_data__task595_mocha_answer_generation.parquet,24750,4258500,851700.0,niv2_zsopt,,,,,,,,,,,,,flan_submixture,flan_collection_uncovered_expression,direct terms where identified; Article 4 for uncovered expression
flan,niv2_zsopt_data__task596_mocha_question_generation.parquet,24750,3192425,638485.0,niv2_zsopt,,,,,,,,,,,,,flan_submixture,flan_collection_uncovered_expression,direct terms where identified; Article 4 for uncovered expression
flan,niv2_zsopt_data__task597_cuad_answer_generation.parquet,595,1413100,282620.0,niv2_zsopt,,,,,,,,,,,,,flan_submixture,flan_collection_uncovered_expression,direct terms where identified; Article 4 for uncovered expression
flan,niv2_zsopt_data__task598_cuad_answer_generation.parquet,595,1394875,278975.0,niv2_zsopt,,,,,,,,,,,,,flan_submixture,flan_collection_uncovered_expression,direct terms where identified; Article 4 for uncovered expression
flan,niv2_zsopt_data__task599_cuad_question_generation.parquet,610,1440320,288064.0,niv2_zsopt,,,,,,,,,,,,,flan_submixture,flan_collection_uncovered_expression,direct terms where identified; Article 4 for uncovered expression
flan,niv2_zsopt_data__task600_find_the_longest_common_substring_in_two_strings.parquet,25000,1701408,340281.6,niv2_zsopt,,,,,,,,,,,,,flan_submixture,flan_collection_uncovered_expression,direct terms where identified; Article 4 for uncovered expression
flan,niv2_zsopt_data__task601_flores_translation_sntoen.parquet,6490,665170,133034.0,niv2_zsopt,,,,,,,,,,,,,flan_submixture,flan_collection_uncovered_expression,direct terms where identified; Article 4 for uncovered expression
flan,niv2_zsopt_data__task602_wikitext-103_answer_generation.parquet,420,178440,35688.0,niv2_zsopt,,,,,,,,,,,,,flan_submixture,flan_collection_uncovered_expression,direct terms where identified; Article 4 for uncovered expression
flan,niv2_zsopt_data__task603_wikitext-103_fill_in_the_blank.parquet,1120,550450,110090.0,niv2_zsopt,,,,,,,,,,,,,flan_submixture,flan_collection_uncovered_expression,direct terms where identified; Article 4 for uncovered expression
flan,niv2_zsopt_data__task604_flores_translation_entosn.parquet,8290,916370,183274.0,niv2_zsopt,,,,,,,,,,,,,flan_submixture,flan_collection_uncovered_expression,direct terms where identified; Article 4 for uncovered expression
flan,niv2_zsopt_data__task605_find_the_longest_common_subsequence_in_two_lists.parquet,25000,10178940,2035788.0,niv2_zsopt,,,,,,,,,,,,,flan_submixture,flan_collection_uncovered_expression,direct terms where identified; Article 4 for uncovered expression
flan,niv2_zsopt_data__task606_sum_of_all_numbers_in_list_between_positions_i_and_j.parquet,25000,5117979,1023595.8,niv2_zsopt,,,,,,,,,,,,,flan_submixture,flan_collection_uncovered_expression,direct terms where identified; Article 4 for uncovered expression
flan,niv2_zsopt_data__task607_sbic_intentional_offense_binary_classification.parquet,8655,1146935,229387.0,niv2_zsopt,,,,,,,,,,,,,flan_submixture,flan_collection_uncovered_expression,direct terms where identified; Article 4 for uncovered expression
flan,niv2_zsopt_data__task608_sbic_sexual_offense_binary_classification.parquet,18580,2420810,484162.0,niv2_zsopt,,,,,,,,,,,,,flan_submixture,flan_collection_uncovered_expression,direct terms where identified; Article 4 for uncovered expression
flan,niv2_zsopt_data__task609_sbic_potentially_offense_binary_classification.parquet,14730,2046535,409307.0,niv2_zsopt,,,,,,,,,,,,,flan_submixture,flan_collection_uncovered_expression,direct terms where identified; Article 4 for uncovered expression
flan,niv2_zsopt_data__task610_conllpp_ner.parquet,18600,3876750,775350.0,niv2_zsopt,,,,,,,,,,,,,flan_submixture,flan_collection_uncovered_expression,direct terms where identified; Article 4 for uncovered expression
flan,niv2_zsopt_data__task611_mutual_multi_turn_dialogue.parquet,25000,7121526,1424305.2,niv2_zsopt,,,,,,,,,,,,,flan_submixture,flan_collection_uncovered_expression,direct terms where identified; Article 4 for uncovered expression
flan,niv2_zsopt_data__task612_yorubabbc_classification.parquet,9540,935935,187187.0,niv2_zsopt,,,,,,,,,,,,,flan_submixture,flan_collection_uncovered_expression,direct terms where identified; Article 4 for uncovered expression
flan,niv2_zsopt_data__task613_politifact_text_generation.parquet,25000,2500546,500109.2,niv2_zsopt,,,,,,,,,,,,,flan_submixture,flan_collection_uncovered_expression,direct terms where identified; Article 4 for uncovered expression
flan,niv2_zsopt_data__task614_glucose_cause_event_detection.parquet,25000,4794853,958970.6,niv2_zsopt,,,,,,,,,,,,,flan_submixture,flan_collection_uncovered_expression,direct terms where identified; Article 4 for uncovered expression
flan,niv2_zsopt_data__task615_moviesqa_answer_generation.parquet,25000,1974013,394802.6,niv2_zsopt,,,,,,,,,,,,,flan_submixture,flan_collection_uncovered_expression,direct terms where identified; Article 4 for uncovered expression
flan,niv2_zsopt_data__task616_cola_classification.parquet,25000,2444833,488966.6,niv2_zsopt,,,,,,,,,,,,,flan_submixture,flan_collection_uncovered_expression,direct terms where identified; Article 4 for uncovered expression
flan,niv2_zsopt_data__task619_ohsumed_abstract_title_generation.parquet,6295,1762065,352413.0,niv2_zsopt,,,,,,,,,,,,,flan_submixture,flan_collection_uncovered_expression,direct terms where identified; Article 4 for uncovered expression
flan,niv2_zsopt_data__task620_ohsumed_medical_subject_headings_answer_generation.parquet,6305,1758030,351606.0,niv2_zsopt,,,,,,,,,,,,,flan_submixture,flan_collection_uncovered_expression,direct terms where identified; Article 4 for uncovered expression
flan,niv2_zsopt_data__task621_ohsumed_yes_no_numerical_answer_generation.parquet,5675,1616240,323248.0,niv2_zsopt,,,,,,,,,,,,,flan_submixture,flan_collection_uncovered_expression,direct terms where identified; Article 4 for uncovered expression
flan,niv2_zsopt_data__task622_replace_alphabets_in_a_list_by_their_position_in_english_alphabet.parquet,25000,6904585,1380917.0,niv2_zsopt,,,,,,,,,,,,,flan_submixture,flan_collection_uncovered_expression,direct terms where identified; Article 4 for uncovered expression
flan,niv2_zsopt_data__task623_ohsumed_yes_no_answer_generation.parquet,2000,664920,132984.0,niv2_zsopt,,,,,,,,,,,,,flan_submixture,flan_collection_uncovered_expression,direct terms where identified; Article 4 for uncovered expression
flan,niv2_zsopt_data__task624_ohsumed_question_answering.parquet,6315,2153055,430611.0,niv2_zsopt,,,,,,,,,,,,,flan_submixture,flan_collection_uncovered_expression,direct terms where identified; Article 4 for uncovered expression
flan,niv2_zsopt_data__task625_xlwic_true_or_false_answer_generation.parquet,720,79530,15906.0,niv2_zsopt,,,,,,,,,,,,,flan_submixture,flan_collection_uncovered_expression,direct terms where identified; Article 4 for uncovered expression
flan,niv2_zsopt_data__task626_xlwic_sentence_based_on_given_word_sentence_generation.parquet,1335,133725,26745.0,niv2_zsopt,,,,,,,,,,,,,flan_submixture,flan_collection_uncovered_expression,direct terms where identified; Article 4 for uncovered expression
flan,niv2_zsopt_data__task627_xlwic_word_with_same_meaning_sentence_generation.parquet,780,116705,23341.0,niv2_zsopt,,,,,,,,,,,,,flan_submixture,flan_collection_uncovered_expression,direct terms where identified; Article 4 for uncovered expression
flan,niv2_zsopt_data__task628_xlwic_word_with_different_meaning_sentence_generation.parquet,195,32525,6505.0,niv2_zsopt,,,,,,,,,,,,,flan_submixture,flan_collection_uncovered_expression,direct terms where identified; Article 4 for uncovered expression
flan,niv2_zsopt_data__task629_dbpedia_14_classification.parquet,15000,3412070,682414.0,niv2_zsopt,,,,,,,,,,,,,flan_submixture,flan_collection_uncovered_expression,direct terms where identified; Article 4 for uncovered expression
flan,niv2_zsopt_data__task630_dbpedia_14_classification.parquet,5000,1181860,236372.0,niv2_zsopt,,,,,,,,,,,,,flan_submixture,flan_collection_uncovered_expression,direct terms where identified; Article 4 for uncovered expression
flan,niv2_zsopt_data__task631_dbpedia_14_incorrect_answer_generation.parquet,9290,2092200,418440.0,niv2_zsopt,,,,,,,,,,,,,flan_submixture,flan_collection_uncovered_expression,direct terms where identified; Article 4 for uncovered expression
flan,niv2_zsopt_data__task632_dbpedia_14_classification.parquet,10000,1897695,379539.0,niv2_zsopt,,,,,,,,,,,,,flan_submixture,flan_collection_uncovered_expression,direct terms where identified; Article 4 for uncovered expression
flan,niv2_zsopt_data__task633_dbpedia_14_answer_generation.parquet,24495,4302100,860420.0,niv2_zsopt,,,,,,,,,,,,,flan_submixture,flan_collection_uncovered_expression,direct terms where identified; Article 4 for uncovered expression
flan,niv2_zsopt_data__task636_extract_and_sort_unique_alphabets_in_a_list.parquet,25000,5024848,1004969.6,niv2_zsopt,,,,,,,,,,,,,flan_submixture,flan_collection_uncovered_expression,direct terms where identified; Article 4 for uncovered expression
flan,niv2_zsopt_data__task637_extract_and_sort_unique_digits_in_a_list.parquet,25000,2764777,552955.4,niv2_zsopt,,,,,,,,,,,,,flan_submixture,flan_collection_uncovered_expression,direct terms where identified; Article 4 for uncovered expression
flan,niv2_zsopt_data__task638_multi_woz_classification.parquet,22900,8179170,1635834.0,niv2_zsopt,,,,,,,,,,,,,flan_submixture,flan_collection_uncovered_expression,direct terms where identified; Article 4 for uncovered expression
flan,niv2_zsopt_data__task639_multi_woz_user_utterance_generation.parquet,890,72805,14561.0,niv2_zsopt,,,,,,,,,,,,,flan_submixture,flan_collection_uncovered_expression,direct terms where identified; Article 4 for uncovered expression
flan,niv2_zsopt_data__task640_esnli_classification.parquet,500,65320,13064.0,niv2_zsopt,,,,,,,,,,,,,flan_submixture,flan_collection_uncovered_expression,direct terms where identified; Article 4 for uncovered expression
flan,niv2_zsopt_data__task641_esnli_classification.parquet,990,94970,18994.0,niv2_zsopt,,,,,,,,,,,,,flan_submixture,flan_collection_uncovered_expression,direct terms where identified; Article 4 for uncovered expression
flan,niv2_zsopt_data__task642_esnli_classification.parquet,1500,132535,26507.0,niv2_zsopt,,,,,,,,,,,,,flan_submixture,flan_collection_uncovered_expression,direct terms where identified; Article 4 for uncovered expression
flan,niv2_zsopt_data__task643_refresd_classification.parquet,2000,253000,50600.0,niv2_zsopt,,,,,,,,,,,,,flan_submixture,flan_collection_uncovered_expression,direct terms where identified; Article 4 for uncovered expression
flan,niv2_zsopt_data__task644_refresd_translation.parquet,1835,204475,40895.0,niv2_zsopt,,,,,,,,,,,,,flan_submixture,flan_collection_uncovered_expression,direct terms where identified; Article 4 for uncovered expression
flan,niv2_zsopt_data__task645_summarization.parquet,10000,824355,164871.0,niv2_zsopt,,,,,,,,,,,,,flan_submixture,flan_collection_uncovered_expression,direct terms where identified; Article 4 for uncovered expression
flan,niv2_zsopt_data__task646_answer_generation.parquet,585,66410,13282.0,niv2_zsopt,,,,,,,,,,,,,flan_submixture,flan_collection_uncovered_expression,direct terms where identified; Article 4 for uncovered expression
flan,niv2_zsopt_data__task647_answer_generation.parquet,1210,69665,13933.0,niv2_zsopt,,,,,,,,,,,,,flan_submixture,flan_collection_uncovered_expression,direct terms where identified; Article 4 for uncovered expression
flan,niv2_zsopt_data__task648_answer_generation.parquet,1405,100785,20157.0,niv2_zsopt,,,,,,,,,,,,,flan_submixture,flan_collection_uncovered_expression,direct terms where identified; Article 4 for uncovered expression
flan,niv2_zsopt_data__task650_opus100_ar_en_translation.parquet,25000,1885788,377157.6,niv2_zsopt,,,,,,,,,,,,,flan_submixture,flan_collection_uncovered_expression,direct terms where identified; Article 4 for uncovered expression
flan,niv2_zsopt_data__task651_opus100_en_ar_translation.parquet,25000,1876909,375381.8,niv2_zsopt,,,,,,,,,,,,,flan_submixture,flan_collection_uncovered_expression,direct terms where identified; Article 4 for uncovered expression
flan,niv2_zsopt_data__task652_parsinlu_en_fa_translation.parquet,10600,790945,158189.0,niv2_zsopt,,,,,,,,,,,,,flan_submixture,flan_collection_uncovered_expression,direct terms where identified; Article 4 for uncovered expression
flan,niv2_zsopt_data__task653_parsinlu_fa_en_translation.parquet,10610,790400,158080.0,niv2_zsopt,,,,,,,,,,,,,flan_submixture,flan_collection_uncovered_expression,direct terms where identified; Article 4 for uncovered expression
flan,niv2_zsopt_data__task654_bible_fa_en_translation.parquet,25000,2918875,583775.0,niv2_zsopt,,,,,,,,,,,,,flan_submixture,flan_collection_uncovered_expression,direct terms where identified; Article 4 for uncovered expression
flan,niv2_zsopt_data__task655_bible_en_fa_translation.parquet,25000,2923530,584706.0,niv2_zsopt,,,,,,,,,,,,,flan_submixture,flan_collection_uncovered_expression,direct terms where identified; Article 4 for uncovered expression
flan,niv2_zsopt_data__task656_quran_en_fa_translation.parquet,25000,3596413,719282.6,niv2_zsopt,,,,,,,,,,,,,flan_submixture,flan_collection_uncovered_expression,direct terms where identified; Article 4 for uncovered expression
flan,niv2_zsopt_data__task657_quran_fa_en_translation.parquet,25000,3010041,602008.2,niv2_zsopt,,,,,,,,,,,,,flan_submixture,flan_collection_uncovered_expression,direct terms where identified; Article 4 for uncovered expression
flan,niv2_zsopt_data__task658_tep_en_fa_translation.parquet,25000,1590427,318085.4,niv2_zsopt,,,,,,,,,,,,,flan_submixture,flan_collection_uncovered_expression,direct terms where identified; Article 4 for uncovered expression
flan,niv2_zsopt_data__task659_tep_fa_en_translation.parquet,25000,1584571,316914.2,niv2_zsopt,,,,,,,,,,,,,flan_submixture,flan_collection_uncovered_expression,direct terms where identified; Article 4 for uncovered expression
flan,niv2_zsopt_data__task660_mizan_fa_en_translation.parquet,25000,2193160,438632.0,niv2_zsopt,,,,,,,,,,,,,flan_submixture,flan_collection_uncovered_expression,direct terms where identified; Article 4 for uncovered expression
flan,niv2_zsopt_data__task661_mizan_en_fa_translation.parquet,25000,2206804,441360.8,niv2_zsopt,,,,,,,,,,,,,flan_submixture,flan_collection_uncovered_expression,direct terms where identified; Article 4 for uncovered expression
flan,niv2_zsopt_data__task662_global_voices_fa_en_translation.parquet,25000,2491374,498274.8,niv2_zsopt,,,,,,,,,,,,,flan_submixture,flan_collection_uncovered_expression,direct terms where identified; Article 4 for uncovered expression
flan,niv2_zsopt_data__task663_global_voices_en_fa_translation.parquet,25000,2468129,493625.8,niv2_zsopt,,,,,,,,,,,,,flan_submixture,flan_collection_uncovered_expression,direct terms where identified; Article 4 for uncovered expression
flan,niv2_zsopt_data__task668_extreme_abstract_summarization.parquet,16105,4729325,945865.0,niv2_zsopt,,,,,,,,,,,,,flan_submixture,flan_collection_uncovered_expression,direct terms where identified; Article 4 for uncovered expression
flan,niv2_zsopt_data__task669_ambigqa_answer_generation.parquet,25000,2588355,517671.0,niv2_zsopt,,,,,,,,,,,,,flan_submixture,flan_collection_uncovered_expression,direct terms where identified; Article 4 for uncovered expression
flan,niv2_zsopt_data__task670_ambigqa_question_generation.parquet,23745,2233830,446766.0,niv2_zsopt,,,,,,,,,,,,,flan_submixture,flan_collection_uncovered_expression,direct terms where identified; Article 4 for uncovered expression
flan,niv2_zsopt_data__task671_ambigqa_text_generation.parquet,23745,2781905,556381.0,niv2_zsopt,,,,,,,,,,,,,flan_submixture,flan_collection_uncovered_expression,direct terms where identified; Article 4 for uncovered expression
flan,niv2_zsopt_data__task672_nummersense.parquet,25000,1479807,295961.4,niv2_zsopt,,,,,,,,,,,,,flan_submixture,flan_collection_uncovered_expression,direct terms where identified; Article 4 for uncovered expression
flan,niv2_zsopt_data__task673_google_wellformed_query_classification.parquet,25000,2792744,558548.8,niv2_zsopt,,,,,,,,,,,,,flan_submixture,flan_collection_uncovered_expression,direct terms where identified; Article 4 for uncovered expression
flan,niv2_zsopt_data__task674_google_wellformed_query_sentence_generation.parquet,11510,1347285,269457.0,niv2_zsopt,,,,,,,,,,,,,flan_submixture,flan_collection_uncovered_expression,direct terms where identified; Article 4 for uncovered expression
flan,niv2_zsopt_data__task675_google_wellformed_query_sentence_generation.parquet,11680,1344100,268820.0,niv2_zsopt,,,,,,,,,,,,,flan_submixture,flan_collection_uncovered_expression,direct terms where identified; Article 4 for uncovered expression
flan,niv2_zsopt_data__task676_ollie_relationship_answer_generation.parquet,25000,2618791,523758.2,niv2_zsopt,,,,,,,,,,,,,flan_submixture,flan_collection_uncovered_expression,direct terms where identified; Article 4 for uncovered expression
flan,niv2_zsopt_data__task677_ollie_sentence_answer_generation.parquet,22550,2204290,440858.0,niv2_zsopt,,,,,,,,,,,,,flan_submixture,flan_collection_uncovered_expression,direct terms where identified; Article 4 for uncovered expression
flan,niv2_zsopt_data__task678_ollie_actual_relationship_answer_generation.parquet,25000,2234926,446985.2,niv2_zsopt,,,,,,,,,,,,,flan_submixture,flan_collection_uncovered_expression,direct terms where identified; Article 4 for uncovered expression
flan,niv2_zsopt_data__task679_hope_edi_english_text_classification.parquet,19185,1678475,335695.0,niv2_zsopt,,,,,,,,,,,,,flan_submixture,flan_collection_uncovered_expression,direct terms where identified; Article 4 for uncovered expression
flan,niv2_zsopt_data__task680_hope_edi_tamil_text_classification.parquet,25000,2441710,488342.0,niv2_zsopt,,,,,,,,,,,,,flan_submixture,flan_collection_uncovered_expression,direct terms where identified; Article 4 for uncovered expression
flan,niv2_zsopt_data__task681_hope_edi_malayalam_text_classification.parquet,9845,1042325,208465.0,niv2_zsopt,,,,,,,,,,,,,flan_submixture,flan_collection_uncovered_expression,direct terms where identified; Article 4 for uncovered expression
flan,niv2_zsopt_data__task682_online_privacy_policy_text_classification.parquet,3305,696975,139395.0,niv2_zsopt,,,,,,,,,,,,,flan_submixture,flan_collection_uncovered_expression,direct terms where identified; Article 4 for uncovered expression
flan,niv2_zsopt_data__task683_online_privacy_policy_text_purpose_answer_generation.parquet,15395,1397700,279540.0,niv2_zsopt,,,,,,,,,,,,,flan_submixture,flan_collection_uncovered_expression,direct terms where identified; Article 4 for uncovered expression
flan,niv2_zsopt_data__task684_online_privacy_policy_text_information_type_generation.parquet,15400,1486585,297317.0,niv2_zsopt,,,,,,,,,,,,,flan_submixture,flan_collection_uncovered_expression,direct terms where identified; Article 4 for uncovered expression
flan,niv2_zsopt_data__task738_perspectrum_classification.parquet,25000,2378857,475771.4,niv2_zsopt,,,,,,,,,,,,,flan_submixture,flan_collection_uncovered_expression,direct terms where identified; Article 4 for uncovered expression
flan,niv2_zsopt_data__task739_lhoestq_question_generation.parquet,585,225645,45129.0,niv2_zsopt,,,,,,,,,,,,,flan_submixture,flan_collection_uncovered_expression,direct terms where identified; Article 4 for uncovered expression
flan,niv2_zsopt_data__task740_lhoestq_answer_generation_quantity.parquet,590,176155,35231.0,niv2_zsopt,,,,,,,,,,,,,flan_submixture,flan_collection_uncovered_expression,direct terms where identified; Article 4 for uncovered expression
flan,niv2_zsopt_data__task741_lhoestq_answer_generation_place.parquet,580,181835,36367.0,niv2_zsopt,,,,,,,,,,,,,flan_submixture,flan_collection_uncovered_expression,direct terms where identified; Article 4 for uncovered expression
flan,niv2_zsopt_data__task742_lhoestq_answer_generation_frequency.parquet,515,174495,34899.0,niv2_zsopt,,,,,,,,,,,,,flan_submixture,flan_collection_uncovered_expression,direct terms where identified; Article 4 for uncovered expression
flan,niv2_zsopt_data__task743_eurlex_summarization.parquet,3250,1714830,342966.0,niv2_zsopt,,,,,,,,,,,,,flan_submixture,flan_collection_uncovered_expression,direct terms where identified; Article 4 for uncovered expression
flan,niv2_zsopt_data__task744_eurlex_classification.parquet,4875,1677245,335449.0,niv2_zsopt,,,,,,,,,,,,,flan_submixture,flan_collection_uncovered_expression,direct terms where identified; Article 4 for uncovered expression
flan,niv2_zsopt_data__task745_ai2_arithmetic_questions_arithmetic.parquet,1890,214245,42849.0,niv2_zsopt,,,,,,,,,,,,,flan_submixture,flan_collection_uncovered_expression,direct terms where identified; Article 4 for uncovered expression
flan,niv2_zsopt_data__task747_glucose_cause_emotion_detection.parquet,25000,5789604,1157920.8,niv2_zsopt,,,,,,,,,,,,,flan_submixture,flan_collection_uncovered_expression,direct terms where identified; Article 4 for uncovered expression
flan,niv2_zsopt_data__task748_glucose_reverse_cause_event_detection.parquet,25000,4881684,976336.8,niv2_zsopt,,,,,,,,,,,,,flan_submixture,flan_collection_uncovered_expression,direct terms where identified; Article 4 for uncovered expression
flan,niv2_zsopt_data__task749_glucose_reverse_cause_emotion_detection.parquet,25000,4912329,982465.8,niv2_zsopt,,,,,,,,,,,,,flan_submixture,flan_collection_uncovered_expression,direct terms where identified; Article 4 for uncovered expression
flan,niv2_zsopt_data__task750_aqua_multiple_choice_answering.parquet,25000,4348406,869681.2,niv2_zsopt,,,,,,,,,,,,,flan_submixture,flan_collection_uncovered_expression,direct terms where identified; Article 4 for uncovered expression
flan,niv2_zsopt_data__task751_svamp_subtraction_question_answering.parquet,2655,282510,56502.0,niv2_zsopt,,,,,,,,,,,,,flan_submixture,flan_collection_uncovered_expression,direct terms where identified; Article 4 for uncovered expression
flan,niv2_zsopt_data__task752_svamp_multiplication_question_answering.parquet,540,59705,11941.0,niv2_zsopt,,,,,,,,,,,,,flan_submixture,flan_collection_uncovered_expression,direct terms where identified; Article 4 for uncovered expression
flan,niv2_zsopt_data__task753_svamp_addition_question_answering.parquet,975,104945,20989.0,niv2_zsopt,,,,,,,,,,,,,flan_submixture,flan_collection_uncovered_expression,direct terms where identified; Article 4 for uncovered expression
flan,niv2_zsopt_data__task754_svamp_common-division_question_answering.parquet,825,85935,17187.0,niv2_zsopt,,,,,,,,,,,,,flan_submixture,flan_collection_uncovered_expression,direct terms where identified; Article 4 for uncovered expression
flan,niv2_zsopt_data__task755_find_longest_substring_and_replace_its_sorted_lowercase_version_in_both_lists.parquet,25000,3826803,765360.6,niv2_zsopt,,,,,,,,,,,,,flan_submixture,flan_collection_uncovered_expression,direct terms where identified; Article 4 for uncovered expression
flan,niv2_zsopt_data__task756_find_longert_substring_and_return_all_unique_alphabets_in_it.parquet,25000,2920329,584065.8,niv2_zsopt,,,,,,,,,,,,,flan_submixture,flan_collection_uncovered_expression,direct terms where identified; Article 4 for uncovered expression
flan,niv2_zsopt_data__task757_msr_sqa_question_generation.parquet,2005,1263435,252687.0,niv2_zsopt,,,,,,,,,,,,,flan_submixture,flan_collection_uncovered_expression,direct terms where identified; Article 4 for uncovered expression
flan,niv2_zsopt_data__task758_msr_sqa_question_answer_generation.parquet,2005,1293605,258721.0,niv2_zsopt,,,,,,,,,,,,,flan_submixture,flan_collection_uncovered_expression,direct terms where identified; Article 4 for uncovered expression
flan,niv2_zsopt_data__task759_msr_sqa_incorrect_answer_generation.parquet,2005,1300430,260086.0,niv2_zsopt,,,,,,,,,,,,,flan_submixture,flan_collection_uncovered_expression,direct terms where identified; Article 4 for uncovered expression
flan,niv2_zsopt_data__task760_msr_sqa_long_text_generation.parquet,130,172280,34456.0,niv2_zsopt,,,,,,,,,,,,,flan_submixture,flan_collection_uncovered_expression,direct terms where identified; Article 4 for uncovered expression
flan,niv2_zsopt_data__task762_emea_fr_sk_translation.parquet,2185,214855,42971.0,niv2_zsopt,,,,,,,,,,,,,flan_submixture,flan_collection_uncovered_expression,direct terms where identified; Article 4 for uncovered expression
flan,niv2_zsopt_data__task763_emea_es_lt_translation.parquet,935,94395,18879.0,niv2_zsopt,,,,,,,,,,,,,flan_submixture,flan_collection_uncovered_expression,direct terms where identified; Article 4 for uncovered expression
flan,niv2_zsopt_data__task764_emea_bg_el_classification.parquet,815,103240,20648.0,niv2_zsopt,,,,,,,,,,,,,flan_submixture,flan_collection_uncovered_expression,direct terms where identified; Article 4 for uncovered expression
flan,niv2_zsopt_data__task765_emea_bg_el_translation.parquet,700,100680,20136.0,niv2_zsopt,,,,,,,,,,,,,flan_submixture,flan_collection_uncovered_expression,direct terms where identified; Article 4 for uncovered expression
flan,niv2_zsopt_data__task766_craigslist_bargains_classification.parquet,1000,394400,78880.0,niv2_zsopt,,,,,,,,,,,,,flan_submixture,flan_collection_uncovered_expression,direct terms where identified; Article 4 for uncovered expression
flan,niv2_zsopt_data__task767_craigslist_bargains_classification.parquet,6000,2071475,414295.0,niv2_zsopt,,,,,,,,,,,,,flan_submixture,flan_collection_uncovered_expression,direct terms where identified; Article 4 for uncovered expression
flan,niv2_zsopt_data__task768_qed_text_span_selection.parquet,980,214885,42977.0,niv2_zsopt,,,,,,,,,,,,,flan_submixture,flan_collection_uncovered_expression,direct terms where identified; Article 4 for uncovered expression
flan,niv2_zsopt_data__task769_qed_summarization.parquet,5000,1088805,217761.0,niv2_zsopt,,,,,,,,,,,,,flan_submixture,flan_collection_uncovered_expression,direct terms where identified; Article 4 for uncovered expression
flan,niv2_zsopt_data__task770_pawsx_english_text_modification.parquet,1255,116385,23277.0,niv2_zsopt,,,,,,,,,,,,,flan_submixture,flan_collection_uncovered_expression,direct terms where identified; Article 4 for uncovered expression
flan,niv2_zsopt_data__task771_pawsx_korean_text_modification.parquet,1250,137595,27519.0,niv2_zsopt,,,,,,,,,,,,,flan_submixture,flan_collection_uncovered_expression,direct terms where identified; Article 4 for uncovered expression
flan,niv2_zsopt_data__task772_pawsx_french_text_modification.parquet,1250,131530,26306.0,niv2_zsopt,,,,,,,,,,,,,flan_submixture,flan_collection_uncovered_expression,direct terms where identified; Article 4 for uncovered expression
flan,niv2_zsopt_data__task773_pawsx_spanish_text_modification.parquet,1250,124400,24880.0,niv2_zsopt,,,,,,,,,,,,,flan_submixture,flan_collection_uncovered_expression,direct terms where identified; Article 4 for uncovered expression
flan,niv2_zsopt_data__task774_pawsx_german_text_modification.parquet,1250,125660,25132.0,niv2_zsopt,,,,,,,,,,,,,flan_submixture,flan_collection_uncovered_expression,direct terms where identified; Article 4 for uncovered expression
flan,niv2_zsopt_data__task775_pawsx_chinese_text_modification.parquet,1250,119750,23950.0,niv2_zsopt,,,,,,,,,,,,,flan_submixture,flan_collection_uncovered_expression,direct terms where identified; Article 4 for uncovered expression
flan,niv2_zsopt_data__task776_pawsx_japanese_text_modification.parquet,1250,129225,25845.0,niv2_zsopt,,,,,,,,,,,,,flan_submixture,flan_collection_uncovered_expression,direct terms where identified; Article 4 for uncovered expression
flan,niv2_zsopt_data__task777_pawsx_english_korean_translation.parquet,1250,133925,26785.0,niv2_zsopt,,,,,,,,,,,,,flan_submixture,flan_collection_uncovered_expression,direct terms where identified; Article 4 for uncovered expression
flan,niv2_zsopt_data__task778_pawsx_english_french_translation.parquet,1250,131220,26244.0,niv2_zsopt,,,,,,,,,,,,,flan_submixture,flan_collection_uncovered_expression,direct terms where identified; Article 4 for uncovered expression
flan,niv2_zsopt_data__task779_pawsx_english_spanish_translation.parquet,1250,128190,25638.0,niv2_zsopt,,,,,,,,,,,,,flan_submixture,flan_collection_uncovered_expression,direct terms where identified; Article 4 for uncovered expression
flan,niv2_zsopt_data__task780_pawsx_english_german_translation.parquet,1250,128035,25607.0,niv2_zsopt,,,,,,,,,,,,,flan_submixture,flan_collection_uncovered_expression,direct terms where identified; Article 4 for uncovered expression
flan,niv2_zsopt_data__task781_pawsx_english_chinese_translation.parquet,1250,125850,25170.0,niv2_zsopt,,,,,,,,,,,,,flan_submixture,flan_collection_uncovered_expression,direct terms where identified; Article 4 for uncovered expression
flan,niv2_zsopt_data__task782_pawsx_english_japanese_translation.parquet,1250,130205,26041.0,niv2_zsopt,,,,,,,,,,,,,flan_submixture,flan_collection_uncovered_expression,direct terms where identified; Article 4 for uncovered expression
flan,niv2_zsopt_data__task783_pawsx_korean_english_translation.parquet,1245,134270,26854.0,niv2_zsopt,,,,,,,,,,,,,flan_submixture,flan_collection_uncovered_expression,direct terms where identified; Article 4 for uncovered expression
flan,niv2_zsopt_data__task784_pawsx_korean_french_translation.parquet,1245,141500,28300.0,niv2_zsopt,,,,,,,,,,,,,flan_submixture,flan_collection_uncovered_expression,direct terms where identified; Article 4 for uncovered expression
flan,niv2_zsopt_data__task785_pawsx_korean_spanish_translation.parquet,1245,138085,27617.0,niv2_zsopt,,,,,,,,,,,,,flan_submixture,flan_collection_uncovered_expression,direct terms where identified; Article 4 for uncovered expression
flan,niv2_zsopt_data__task786_pawsx_korean_german_translation.parquet,1245,137640,27528.0,niv2_zsopt,,,,,,,,,,,,,flan_submixture,flan_collection_uncovered_expression,direct terms where identified; Article 4 for uncovered expression
flan,niv2_zsopt_data__task787_pawsx_korean_chinese_translation.parquet,1245,134560,26912.0,niv2_zsopt,,,,,,,,,,,,,flan_submixture,flan_collection_uncovered_expression,direct terms where identified; Article 4 for uncovered expression
flan,niv2_zsopt_data__task788_pawsx_korean_japanese_translation.parquet,1245,139720,27944.0,niv2_zsopt,,,,,,,,,,,,,flan_submixture,flan_collection_uncovered_expression,direct terms where identified; Article 4 for uncovered expression
flan,niv2_zsopt_data__task789_pawsx_french_english_translation.parquet,1245,130425,26085.0,niv2_zsopt,,,,,,,,,,,,,flan_submixture,flan_collection_uncovered_expression,direct terms where identified; Article 4 for uncovered expression
flan,niv2_zsopt_data__task790_pawsx_french_korean_translation.parquet,1245,140680,28136.0,niv2_zsopt,,,,,,,,,,,,,flan_submixture,flan_collection_uncovered_expression,direct terms where identified; Article 4 for uncovered expression
flan,niv2_zsopt_data__task791_pawsx_french_spanish_translation.parquet,1245,134130,26826.0,niv2_zsopt,,,,,,,,,,,,,flan_submixture,flan_collection_uncovered_expression,direct terms where identified; Article 4 for uncovered expression
flan,niv2_zsopt_data__task792_pawsx_french_german_translation.parquet,1245,134615,26923.0,niv2_zsopt,,,,,,,,,,,,,flan_submixture,flan_collection_uncovered_expression,direct terms where identified; Article 4 for uncovered expression
flan,niv2_zsopt_data__task793_pawsx_french_chinese_translation.parquet,1245,131875,26375.0,niv2_zsopt,,,,,,,,,,,,,flan_submixture,flan_collection_uncovered_expression,direct terms where identified; Article 4 for uncovered expression
flan,niv2_zsopt_data__task794_pawsx_french_japanese_translation.parquet,1245,136810,27362.0,niv2_zsopt,,,,,,,,,,,,,flan_submixture,flan_collection_uncovered_expression,direct terms where identified; Article 4 for uncovered expression
flan,niv2_zsopt_data__task795_pawsx_spanish_english_translation.parquet,1245,126905,25381.0,niv2_zsopt,,,,,,,,,,,,,flan_submixture,flan_collection_uncovered_expression,direct terms where identified; Article 4 for uncovered expression
flan,niv2_zsopt_data__task796_pawsx_spanish_korean_translation.parquet,1245,137010,27402.0,niv2_zsopt,,,,,,,,,,,,,flan_submixture,flan_collection_uncovered_expression,direct terms where identified; Article 4 for uncovered expression
flan,niv2_zsopt_data__task797_pawsx_spanish_french_translation.parquet,1245,134170,26834.0,niv2_zsopt,,,,,,,,,,,,,flan_submixture,flan_collection_uncovered_expression,direct terms where identified; Article 4 for uncovered expression
flan,niv2_zsopt_data__task798_pawsx_spanish_german_translation.parquet,1245,132315,26463.0,niv2_zsopt,,,,,,,,,,,,,flan_submixture,flan_collection_uncovered_expression,direct terms where identified; Article 4 for uncovered expression
flan,niv2_zsopt_data__task799_pawsx_spanish_chinese_translation.parquet,1245,129975,25995.0,niv2_zsopt,,,,,,,,,,,,,flan_submixture,flan_collection_uncovered_expression,direct terms where identified; Article 4 for uncovered expression
flan,niv2_zsopt_data__task800_pawsx_spanish_japanese_translation.parquet,1245,133085,26617.0,niv2_zsopt,,,,,,,,,,,,,flan_submixture,flan_collection_uncovered_expression,direct terms where identified; Article 4 for uncovered expression
flan,niv2_zsopt_data__task801_pawsx_german_english_translation.parquet,1245,127955,25591.0,niv2_zsopt,,,,,,,,,,,,,flan_submixture,flan_collection_uncovered_expression,direct terms where identified; Article 4 for uncovered expression
flan,niv2_zsopt_data__task802_pawsx_german_korean_translation.parquet,1245,138205,27641.0,niv2_zsopt,,,,,,,,,,,,,flan_submixture,flan_collection_uncovered_expression,direct terms where identified; Article 4 for uncovered expression
flan,niv2_zsopt_data__task803_pawsx_german_french_translation.parquet,1245,135125,27025.0,niv2_zsopt,,,,,,,,,,,,,flan_submixture,flan_collection_uncovered_expression,direct terms where identified; Article 4 for uncovered expression
flan,niv2_zsopt_data__task804_pawsx_german_spanish_translation.parquet,1245,131595,26319.0,niv2_zsopt,,,,,,,,,,,,,flan_submixture,flan_collection_uncovered_expression,direct terms where identified; Article 4 for uncovered expression
flan,niv2_zsopt_data__task805_pawsx_german_chinese_translation.parquet,1245,128955,25791.0,niv2_zsopt,,,,,,,,,,,,,flan_submixture,flan_collection_uncovered_expression,direct terms where identified; Article 4 for uncovered expression
flan,niv2_zsopt_data__task806_pawsx_german_japanese_translation.parquet,1245,133720,26744.0,niv2_zsopt,,,,,,,,,,,,,flan_submixture,flan_collection_uncovered_expression,direct terms where identified; Article 4 for uncovered expression
flan,niv2_zsopt_data__task807_pawsx_chinese_english_translation.parquet,1245,125190,25038.0,niv2_zsopt,,,,,,,,,,,,,flan_submixture,flan_collection_uncovered_expression,direct terms where identified; Article 4 for uncovered expression
flan,niv2_zsopt_data__task808_pawsx_chinese_korean_translation.parquet,1245,134965,26993.0,niv2_zsopt,,,,,,,,,,,,,flan_submixture,flan_collection_uncovered_expression,direct terms where identified; Article 4 for uncovered expression
flan,niv2_zsopt_data__task809_pawsx_chinese_french_translation.parquet,1245,132705,26541.0,niv2_zsopt,,,,,,,,,,,,,flan_submixture,flan_collection_uncovered_expression,direct terms where identified; Article 4 for uncovered expression
flan,niv2_zsopt_data__task810_pawsx_chinese_spanish_translation.parquet,1245,128940,25788.0,niv2_zsopt,,,,,,,,,,,,,flan_submixture,flan_collection_uncovered_expression,direct terms where identified; Article 4 for uncovered expression
flan,niv2_zsopt_data__task811_pawsx_chinese_german_translation.parquet,1245,129975,25995.0,niv2_zsopt,,,,,,,,,,,,,flan_submixture,flan_collection_uncovered_expression,direct terms where identified; Article 4 for uncovered expression
flan,niv2_zsopt_data__task812_pawsx_chinese_japanese_translation.parquet,1245,131035,26207.0,niv2_zsopt,,,,,,,,,,,,,flan_submixture,flan_collection_uncovered_expression,direct terms where identified; Article 4 for uncovered expression
flan,niv2_zsopt_data__task813_pawsx_japanese_english_translation.parquet,1245,128875,25775.0,niv2_zsopt,,,,,,,,,,,,,flan_submixture,flan_collection_uncovered_expression,direct terms where identified; Article 4 for uncovered expression
flan,niv2_zsopt_data__task814_pawsx_japanese_korean_translation.parquet,1245,139870,27974.0,niv2_zsopt,,,,,,,,,,,,,flan_submixture,flan_collection_uncovered_expression,direct terms where identified; Article 4 for uncovered expression
flan,niv2_zsopt_data__task815_pawsx_japanese_french_translation.parquet,1245,137045,27409.0,niv2_zsopt,,,,,,,,,,,,,flan_submixture,flan_collection_uncovered_expression,direct terms where identified; Article 4 for uncovered expression
flan,niv2_zsopt_data__task816_pawsx_japanese_spanish_translation.parquet,1245,134625,26925.0,niv2_zsopt,,,,,,,,,,,,,flan_submixture,flan_collection_uncovered_expression,direct terms where identified; Article 4 for uncovered expression
flan,niv2_zsopt_data__task817_pawsx_japanese_german_translation.parquet,1245,134595,26919.0,niv2_zsopt,,,,,,,,,,,,,flan_submixture,flan_collection_uncovered_expression,direct terms where identified; Article 4 for uncovered expression
flan,niv2_zsopt_data__task818_pawsx_japanese_chinese_translation.parquet,1245,132115,26423.0,niv2_zsopt,,,,,,,,,,,,,flan_submixture,flan_collection_uncovered_expression,direct terms where identified; Article 4 for uncovered expression
flan,niv2_zsopt_data__task819_pec_sentiment_classification.parquet,380,37675,7535.0,niv2_zsopt,,,,,,,,,,,,,flan_submixture,flan_collection_uncovered_expression,direct terms where identified; Article 4 for uncovered expression
flan,niv2_zsopt_data__task820_protoqa_answer_generation.parquet,25000,1632665,326533.0,niv2_zsopt,,,,,,,,,,,,,flan_submixture,flan_collection_uncovered_expression,direct terms where identified; Article 4 for uncovered expression
flan,niv2_zsopt_data__task821_protoqa_question_generation.parquet,25000,1557355,311471.0,niv2_zsopt,,,,,,,,,,,,,flan_submixture,flan_collection_uncovered_expression,direct terms where identified; Article 4 for uncovered expression
flan,niv2_zsopt_data__task823_peixian-rtgender_sentiment_analysis.parquet,25000,3499115,699823.0,niv2_zsopt,,,,,,,,,,,,,flan_submixture,flan_collection_uncovered_expression,direct terms where identified; Article 4 for uncovered expression
flan,niv2_zsopt_data__task827_copa_commonsense_reasoning.parquet,4980,557545,111509.0,niv2_zsopt,,,,,,,,,,,,,flan_submixture,flan_collection_uncovered_expression,direct terms where identified; Article 4 for uncovered expression
flan,niv2_zsopt_data__task828_copa_commonsense_cause_effect.parquet,4980,432120,86424.0,niv2_zsopt,,,,,,,,,,,,,flan_submixture,flan_collection_uncovered_expression,direct terms where identified; Article 4 for uncovered expression
flan,niv2_zsopt_data__task829_giga_fren_translation.parquet,4970,350430,70086.0,niv2_zsopt,,,,,,,,,,,,,flan_submixture,flan_collection_uncovered_expression,direct terms where identified; Article 4 for uncovered expression
flan,niv2_zsopt_data__task830_poleval2019_mt_translation.parquet,4845,303325,60665.0,niv2_zsopt,,,,,,,,,,,,,flan_submixture,flan_collection_uncovered_expression,direct terms where identified; Article 4 for uncovered expression
flan,niv2_zsopt_data__task831_giga_fren_classification.parquet,4945,472785,94557.0,niv2_zsopt,,,,,,,,,,,,,flan_submixture,flan_collection_uncovered_expression,direct terms where identified; Article 4 for uncovered expression
flan,niv2_zsopt_data__task832_poleval2019_mt_classification.parquet,4890,449980,89996.0,niv2_zsopt,,,,,,,,,,,,,flan_submixture,flan_collection_uncovered_expression,direct terms where identified; Article 4 for uncovered expression
flan,niv2_zsopt_data__task833_poem_sentiment_classification.parquet,1420,78630,15726.0,niv2_zsopt,,,,,,,,,,,,,flan_submixture,flan_collection_uncovered_expression,direct terms where identified; Article 4 for uncovered expression
flan,niv2_zsopt_data__task834_mathdataset_classification.parquet,19915,4442560,888512.0,niv2_zsopt,,,,,,,,,,,,,flan_submixture,flan_collection_uncovered_expression,direct terms where identified; Article 4 for uncovered expression
flan,niv2_zsopt_data__task835_mathdataset_answer_generation.parquet,19925,4171985,834397.0,niv2_zsopt,,,,,,,,,,,,,flan_submixture,flan_collection_uncovered_expression,direct terms where identified; Article 4 for uncovered expression
flan,niv2_zsopt_data__task836_viquiquad_question_generation.parquet,12375,4968050,993610.0,niv2_zsopt,,,,,,,,,,,,,flan_submixture,flan_collection_uncovered_expression,direct terms where identified; Article 4 for uncovered expression
flan,niv2_zsopt_data__task837_viquiquad_answer_generation.parquet,12385,4347480,869496.0,niv2_zsopt,,,,,,,,,,,,,flan_submixture,flan_collection_uncovered_expression,direct terms where identified; Article 4 for uncovered expression
flan,niv2_zsopt_data__task838_cdt_classification.parquet,8490,731485,146297.0,niv2_zsopt,,,,,,,,,,,,,flan_submixture,flan_collection_uncovered_expression,direct terms where identified; Article 4 for uncovered expression
flan,niv2_zsopt_data__task839_cdt_classification.parquet,25000,2302879,460575.8,niv2_zsopt,,,,,,,,,,,,,flan_submixture,flan_collection_uncovered_expression,direct terms where identified; Article 4 for uncovered expression
flan,niv2_zsopt_data__task840_para_pdt_en_es_translation.parquet,25000,2073966,414793.2,niv2_zsopt,,,,,,,,,,,,,flan_submixture,flan_collection_uncovered_expression,direct terms where identified; Article 4 for uncovered expression
flan,niv2_zsopt_data__task841_para_pdt_de_en_translation.parquet,20070,1494705,298941.0,niv2_zsopt,,,,,,,,,,,,,flan_submixture,flan_collection_uncovered_expression,direct terms where identified; Article 4 for uncovered expression
flan,niv2_zsopt_data__task842_para_pdt_cs_en_translation.parquet,25000,10986135,2197227.0,niv2_zsopt,,,,,,,,,,,,,flan_submixture,flan_collection_uncovered_expression,direct terms where identified; Article 4 for uncovered expression
flan,niv2_zsopt_data__task843_financial_phrasebank_classification.parquet,9025,795505,159101.0,niv2_zsopt,,,,,,,,,,,,,flan_submixture,flan_collection_uncovered_expression,direct terms where identified; Article 4 for uncovered expression
flan,niv2_zsopt_data__task844_financial_phrasebank_classification.parquet,24185,2476065,495213.0,niv2_zsopt,,,,,,,,,,,,,flan_submixture,flan_collection_uncovered_expression,direct terms where identified; Article 4 for uncovered expression
flan,niv2_zsopt_data__task845_pubmedqa_question_generation.parquet,25000,12875847,2575169.4,niv2_zsopt,,,,,,,,,,,,,flan_submixture,flan_collection_uncovered_expression,direct terms where identified; Article 4 for uncovered expression
flan,niv2_zsopt_data__task846_pubmedqa_classification.parquet,25000,3725583,745116.6,niv2_zsopt,,,,,,,,,,,,,flan_submixture,flan_collection_uncovered_expression,direct terms where identified; Article 4 for uncovered expression
flan,niv2_zsopt_data__task847_pubmedqa_question_generation.parquet,25000,11380251,2276050.2,niv2_zsopt,,,,,,,,,,,,,flan_submixture,flan_collection_uncovered_expression,direct terms where identified; Article 4 for uncovered expression
flan,niv2_zsopt_data__task848_pubmedqa_classification.parquet,25000,9844742,1968948.4,niv2_zsopt,,,,,,,,,,,,,flan_submixture,flan_collection_uncovered_expression,direct terms where identified; Article 4 for uncovered expression
flan,niv2_zsopt_data__task849_pubmedqa_answer_generation.parquet,25000,11176814,2235362.8,niv2_zsopt,,,,,,,,,,,,,flan_submixture,flan_collection_uncovered_expression,direct terms where identified; Article 4 for uncovered expression
flan,niv2_zsopt_data__task850_synthetic_longest_palindrome.parquet,25000,2055424,411084.8,niv2_zsopt,,,,,,,,,,,,,flan_submixture,flan_collection_uncovered_expression,direct terms where identified; Article 4 for uncovered expression
flan,niv2_zsopt_data__task851_synthetic_multiply_evens.parquet,25000,6561605,1312321.0,niv2_zsopt,,,,,,,,,,,,,flan_submixture,flan_collection_uncovered_expression,direct terms where identified; Article 4 for uncovered expression
flan,niv2_zsopt_data__task852_synthetic_multiply_odds.parquet,25000,6561988,1312397.6,niv2_zsopt,,,,,,,,,,,,,flan_submixture,flan_collection_uncovered_expression,direct terms where identified; Article 4 for uncovered expression
flan,niv2_zsopt_data__task853_hippocorpus_long_text_generation.parquet,520,257970,51594.0,niv2_zsopt,,,,,,,,,,,,,flan_submixture,flan_collection_uncovered_expression,direct terms where identified; Article 4 for uncovered expression
flan,niv2_zsopt_data__task854_hippocorpus_classification.parquet,600,318970,63794.0,niv2_zsopt,,,,,,,,,,,,,flan_submixture,flan_collection_uncovered_expression,direct terms where identified; Article 4 for uncovered expression
flan,niv2_zsopt_data__task855_conv_ai_2_classification.parquet,595,262650,52530.0,niv2_zsopt,,,,,,,,,,,,,flan_submixture,flan_collection_uncovered_expression,direct terms where identified; Article 4 for uncovered expression
flan,niv2_zsopt_data__task856_conv_ai_2_classification.parquet,590,110225,22045.0,niv2_zsopt,,,,,,,,,,,,,flan_submixture,flan_collection_uncovered_expression,direct terms where identified; Article 4 for uncovered expression
flan,niv2_zsopt_data__task857_inquisitive_question_generation.parquet,805,76830,15366.0,niv2_zsopt,,,,,,,,,,,,,flan_submixture,flan_collection_uncovered_expression,direct terms where identified; Article 4 for uncovered expression
flan,niv2_zsopt_data__task858_inquisitive_span_detection.parquet,810,82805,16561.0,niv2_zsopt,,,,,,,,,,,,,flan_submixture,flan_collection_uncovered_expression,direct terms where identified; Article 4 for uncovered expression
flan,niv2_zsopt_data__task859_prost_question_generation.parquet,470,33665,6733.0,niv2_zsopt,,,,,,,,,,,,,flan_submixture,flan_collection_uncovered_expression,direct terms where identified; Article 4 for uncovered expression
flan,niv2_zsopt_data__task860_prost_mcq_generation.parquet,1020,144475,28895.0,niv2_zsopt,,,,,,,,,,,,,flan_submixture,flan_collection_uncovered_expression,direct terms where identified; Article 4 for uncovered expression
flan,niv2_zsopt_data__task861_asdiv_addsub_question_answering.parquet,4230,431495,86299.0,niv2_zsopt,,,,,,,,,,,,,flan_submixture,flan_collection_uncovered_expression,direct terms where identified; Article 4 for uncovered expression
flan,niv2_zsopt_data__task861_prost_mcq_answers_generation.parquet,485,77230,15446.0,niv2_zsopt,,,,,,,,,,,,,flan_submixture,flan_collection_uncovered_expression,direct terms where identified; Article 4 for uncovered expression
flan,niv2_zsopt_data__task862_asdiv_multidiv_question_answering.parquet,1890,200410,40082.0,niv2_zsopt,,,,,,,,,,,,,flan_submixture,flan_collection_uncovered_expression,direct terms where identified; Article 4 for uncovered expression
flan,niv2_zsopt_data__task863_asdiv_multiop_question_answering.parquet,1375,154150,30830.0,niv2_zsopt,,,,,,,,,,,,,flan_submixture,flan_collection_uncovered_expression,direct terms where identified; Article 4 for uncovered expression
flan,niv2_zsopt_data__task864_asdiv_singleop_question_answering.parquet,4695,500210,100042.0,niv2_zsopt,,,,,,,,,,,,,flan_submixture,flan_collection_uncovered_expression,direct terms where identified; Article 4 for uncovered expression
flan,niv2_zsopt_data__task865_mawps_addsub_question_answering.parquet,5840,583615,116723.0,niv2_zsopt,,,,,,,,,,,,,flan_submixture,flan_collection_uncovered_expression,direct terms where identified; Article 4 for uncovered expression
flan,niv2_zsopt_data__task866_mawps_multidiv_question_answering.parquet,2985,285430,57086.0,niv2_zsopt,,,,,,,,,,,,,flan_submixture,flan_collection_uncovered_expression,direct terms where identified; Article 4 for uncovered expression
flan,niv2_zsopt_data__task867_mawps_multiop_question_answering.parquet,3900,428090,85618.0,niv2_zsopt,,,,,,,,,,,,,flan_submixture,flan_collection_uncovered_expression,direct terms where identified; Article 4 for uncovered expression
flan,niv2_zsopt_data__task868_cfq_mcd1_explanation_to_sql.parquet,1990,1301855,260371.0,niv2_zsopt,,,,,,,,,,,,,flan_submixture,flan_collection_uncovered_expression,direct terms where identified; Article 4 for uncovered expression
flan,niv2_zsopt_data__task868_mawps_singleop_question_answering.parquet,4790,488080,97616.0,niv2_zsopt,,,,,,,,,,,,,flan_submixture,flan_collection_uncovered_expression,direct terms where identified; Article 4 for uncovered expression
flan,niv2_zsopt_data__task869_cfq_mcd1_sql_to_explanation.parquet,990,604100,120820.0,niv2_zsopt,,,,,,,,,,,,,flan_submixture,flan_collection_uncovered_expression,direct terms where identified; Article 4 for uncovered expression
flan,niv2_zsopt_data__task872_opus_xhosanavy_translation_eng_xhosa.parquet,25000,2846660,569332.0,niv2_zsopt,,,,,,,,,,,,,flan_submixture,flan_collection_uncovered_expression,direct terms where identified; Article 4 for uncovered expression
flan,niv2_zsopt_data__task873_opus_xhosanavy_translation_xhosa_eng.parquet,25000,2813347,562669.4,niv2_zsopt,,,,,,,,,,,,,flan_submixture,flan_collection_uncovered_expression,direct terms where identified; Article 4 for uncovered expression
flan,niv2_zsopt_data__task874_opus_xhosanavy_sr.parquet,555,44790,8958.0,niv2_zsopt,,,,,,,,,,,,,flan_submixture,flan_collection_uncovered_expression,direct terms where identified; Article 4 for uncovered expression
flan,niv2_zsopt_data__task875_emotion_classification.parquet,16145,1358080,271616.0,niv2_zsopt,,,,,,,,,,,,,flan_submixture,flan_collection_uncovered_expression,direct terms where identified; Article 4 for uncovered expression
flan,niv2_zsopt_data__task877_kde4_translation.parquet,7510,948605,189721.0,niv2_zsopt,,,,,,,,,,,,,flan_submixture,flan_collection_uncovered_expression,direct terms where identified; Article 4 for uncovered expression
flan,niv2_zsopt_data__task878_kde4_translation.parquet,4660,621670,124334.0,niv2_zsopt,,,,,,,,,,,,,flan_submixture,flan_collection_uncovered_expression,direct terms where identified; Article 4 for uncovered expression
flan,niv2_zsopt_data__task879_schema_guided_dstc8_classification.parquet,11525,827070,165414.0,niv2_zsopt,,,,,,,,,,,,,flan_submixture,flan_collection_uncovered_expression,direct terms where identified; Article 4 for uncovered expression
flan,niv2_zsopt_data__task880_schema_guided_dstc8_classification.parquet,6705,1074675,214935.0,niv2_zsopt,,,,,,,,,,,,,flan_submixture,flan_collection_uncovered_expression,direct terms where identified; Article 4 for uncovered expression
flan,niv2_zsopt_data__task881_schema_guided_dstc8_classification.parquet,5800,464065,92813.0,niv2_zsopt,,,,,,,,,,,,,flan_submixture,flan_collection_uncovered_expression,direct terms where identified; Article 4 for uncovered expression
flan,niv2_zsopt_data__task886_quail_question_generation.parquet,2500,1172995,234599.0,niv2_zsopt,,,,,,,,,,,,,flan_submixture,flan_collection_uncovered_expression,direct terms where identified; Article 4 for uncovered expression
flan,niv2_zsopt_data__task887_quail_answer_generation.parquet,2500,1158835,231767.0,niv2_zsopt,,,,,,,,,,,,,flan_submixture,flan_collection_uncovered_expression,direct terms where identified; Article 4 for uncovered expression
flan,niv2_zsopt_data__task890_gcwd_classification.parquet,990,137380,27476.0,niv2_zsopt,,,,,,,,,,,,,flan_submixture,flan_collection_uncovered_expression,direct terms where identified; Article 4 for uncovered expression
flan,niv2_zsopt_data__task891_gap_coreference_resolution.parquet,985,143825,28765.0,niv2_zsopt,,,,,,,,,,,,,flan_submixture,flan_collection_uncovered_expression,direct terms where identified; Article 4 for uncovered expression
flan,niv2_zsopt_data__task892_gap_reverse_coreference_resolution.parquet,965,171075,34215.0,niv2_zsopt,,,,,,,,,,,,,flan_submixture,flan_collection_uncovered_expression,direct terms where identified; Article 4 for uncovered expression
flan,niv2_zsopt_data__task893_gap_fill_the_blank_coreference_resolution.parquet,500,92845,18569.0,niv2_zsopt,,,,,,,,,,,,,flan_submixture,flan_collection_uncovered_expression,direct terms where identified; Article 4 for uncovered expression
flan,niv2_zsopt_data__task896_miam_language_classification.parquet,16020,1010770,202154.0,niv2_zsopt,,,,,,,,,,,,,flan_submixture,flan_collection_uncovered_expression,direct terms where identified; Article 4 for uncovered expression
flan,niv2_zsopt_data__task897_freebase_qa_topic_question_generation.parquet,19445,1421150,284230.0,niv2_zsopt,,,,,,,,,,,,,flan_submixture,flan_collection_uncovered_expression,direct terms where identified; Article 4 for uncovered expression
flan,niv2_zsopt_data__task898_freebase_qa_answer_generation.parquet,25000,1788028,357605.6,niv2_zsopt,,,,,,,,,,,,,flan_submixture,flan_collection_uncovered_expression,direct terms where identified; Article 4 for uncovered expression
flan,niv2_zsopt_data__task899_freebase_qa_topic_generation.parquet,25000,1734566,346913.2,niv2_zsopt,,,,,,,,,,,,,flan_submixture,flan_collection_uncovered_expression,direct terms where identified; Article 4 for uncovered expression
flan,niv2_zsopt_data__task900_freebase_qa_category_classification.parquet,25000,7900302,1580060.4,niv2_zsopt,,,,,,,,,,,,,flan_submixture,flan_collection_uncovered_expression,direct terms where identified; Article 4 for uncovered expression
flan,niv2_zsopt_data__task901_freebase_qa_category_question_generation.parquet,345,28110,5622.0,niv2_zsopt,,,,,,,,,,,,,flan_submixture,flan_collection_uncovered_expression,direct terms where identified; Article 4 for uncovered expression
flan,niv2_zsopt_data__task910_bianet_classification.parquet,1000,176775,35355.0,niv2_zsopt,,,,,,,,,,,,,flan_submixture,flan_collection_uncovered_expression,direct terms where identified; Article 4 for uncovered expression
flan,niv2_zsopt_data__task911_bianet_translation.parquet,1000,136310,27262.0,niv2_zsopt,,,,,,,,,,,,,flan_submixture,flan_collection_uncovered_expression,direct terms where identified; Article 4 for uncovered expression
flan,niv2_zsopt_data__task912_bianet_classification.parquet,995,96300,19260.0,niv2_zsopt,,,,,,,,,,,,,flan_submixture,flan_collection_uncovered_expression,direct terms where identified; Article 4 for uncovered expression
flan,niv2_zsopt_data__task913_bianet_translation.parquet,955,115400,23080.0,niv2_zsopt,,,,,,,,,,,,,flan_submixture,flan_collection_uncovered_expression,direct terms where identified; Article 4 for uncovered expression
flan,niv2_zsopt_data__task914_bianet_translation.parquet,995,131840,26368.0,niv2_zsopt,,,,,,,,,,,,,flan_submixture,flan_collection_uncovered_expression,direct terms where identified; Article 4 for uncovered expression
flan,niv2_zsopt_data__task919_coqa_incorrect_answer_generation.parquet,590,241345,48269.0,niv2_zsopt,,,,,,,,,,,,,flan_submixture,flan_collection_uncovered_expression,direct terms where identified; Article 4 for uncovered expression
flan,niv2_zsopt_data__task921_code_x_glue_information_retreival.parquet,1865,496000,99200.0,niv2_zsopt,,,,,,,,,,,,,flan_submixture,flan_collection_uncovered_expression,direct terms where identified; Article 4 for uncovered expression
flan,niv2_zsopt_data__task922_event2mind_word_generation.parquet,2175,159345,31869.0,niv2_zsopt,,,,,,,,,,,,,flan_submixture,flan_collection_uncovered_expression,direct terms where identified; Article 4 for uncovered expression
flan,niv2_zsopt_data__task923_event2mind_classifier.parquet,22495,1842480,368496.0,niv2_zsopt,,,,,,,,,,,,,flan_submixture,flan_collection_uncovered_expression,direct terms where identified; Article 4 for uncovered expression
flan,niv2_zsopt_data__task924_event2mind_word_generation.parquet,25000,2943875,588775.0,niv2_zsopt,,,,,,,,,,,,,flan_submixture,flan_collection_uncovered_expression,direct terms where identified; Article 4 for uncovered expression
flan,niv2_zsopt_data__task925_coached_conv_pref_classifier.parquet,2490,540055,108011.0,niv2_zsopt,,,,,,,,,,,,,flan_submixture,flan_collection_uncovered_expression,direct terms where identified; Article 4 for uncovered expression
flan,niv2_zsopt_data__task926_coached_conv_pref_word_generation.parquet,2480,363760,72752.0,niv2_zsopt,,,,,,,,,,,,,flan_submixture,flan_collection_uncovered_expression,direct terms where identified; Article 4 for uncovered expression
flan,niv2_zsopt_data__task930_dailydialog_classification.parquet,1000,170525,34105.0,niv2_zsopt,,,,,,,,,,,,,flan_submixture,flan_collection_uncovered_expression,direct terms where identified; Article 4 for uncovered expression
flan,niv2_zsopt_data__task931_dailydialog_classification.parquet,1000,147040,29408.0,niv2_zsopt,,,,,,,,,,,,,flan_submixture,flan_collection_uncovered_expression,direct terms where identified; Article 4 for uncovered expression
flan,niv2_zsopt_data__task932_dailydialog_classification.parquet,1000,104965,20993.0,niv2_zsopt,,,,,,,,,,,,,flan_submixture,flan_collection_uncovered_expression,direct terms where identified; Article 4 for uncovered expression
flan,niv2_zsopt_data__task933_wiki_auto_style_transfer.parquet,8815,1217375,243475.0,niv2_zsopt,,,,,,,,,,,,,flan_submixture,flan_collection_uncovered_expression,direct terms where identified; Article 4 for uncovered expression
flan,niv2_zsopt_data__task934_turk_simplification.parquet,11780,1277030,255406.0,niv2_zsopt,,,,,,,,,,,,,flan_submixture,flan_collection_uncovered_expression,direct terms where identified; Article 4 for uncovered expression
flan,niv2_zsopt_data__task935_defeasible_nli_atomic_classification.parquet,25000,5017945,1003589.0,niv2_zsopt,,,,,,,,,,,,,flan_submixture,flan_collection_uncovered_expression,direct terms where identified; Article 4 for uncovered expression
flan,niv2_zsopt_data__task936_defeasible_nli_snli_classification.parquet,25000,5444187,1088837.4,niv2_zsopt,,,,,,,,,,,,,flan_submixture,flan_collection_uncovered_expression,direct terms where identified; Article 4 for uncovered expression
flan,niv2_zsopt_data__task937_defeasible_nli_social_classification.parquet,25000,4014183,802836.6,niv2_zsopt,,,,,,,,,,,,,flan_submixture,flan_collection_uncovered_expression,direct terms where identified; Article 4 for uncovered expression
flan,niv2_zsopt_data__task938_copa_hi_commonsense_reasoning.parquet,1790,241385,48277.0,niv2_zsopt,,,,,,,,,,,,,flan_submixture,flan_collection_uncovered_expression,direct terms where identified; Article 4 for uncovered expression
flan,niv2_zsopt_data__task939_copa_hi_commonsense_cause_effect.parquet,1790,161000,32200.0,niv2_zsopt,,,,,,,,,,,,,flan_submixture,flan_collection_uncovered_expression,direct terms where identified; Article 4 for uncovered expression
flan,niv2_zsopt_data__task940_copa_gu_commonsense_reasoning.parquet,1790,280265,56053.0,niv2_zsopt,,,,,,,,,,,,,flan_submixture,flan_collection_uncovered_expression,direct terms where identified; Article 4 for uncovered expression
flan,niv2_zsopt_data__task941_copa_gu_commonsense_cause_effect.parquet,1790,176090,35218.0,niv2_zsopt,,,,,,,,,,,,,flan_submixture,flan_collection_uncovered_expression,direct terms where identified; Article 4 for uncovered expression
flan,niv2_zsopt_data__task942_copa_mr_commonsense_reasoning.parquet,1785,240640,48128.0,niv2_zsopt,,,,,,,,,,,,,flan_submixture,flan_collection_uncovered_expression,direct terms where identified; Article 4 for uncovered expression
flan,niv2_zsopt_data__task943_copa_mr_commonsense_cause_effect.parquet,1790,166245,33249.0,niv2_zsopt,,,,,,,,,,,,,flan_submixture,flan_collection_uncovered_expression,direct terms where identified; Article 4 for uncovered expression
flan,niv2_zsopt_data__task944_wiki_cloze_as_multiple_choice_question_answering.parquet,14690,4067385,813477.0,niv2_zsopt,,,,,,,,,,,,,flan_submixture,flan_collection_uncovered_expression,direct terms where identified; Article 4 for uncovered expression
flan,niv2_zsopt_data__task945_wiki_cloze_bn_multiple_choice_question_answering.parquet,25000,5356930,1071386.0,niv2_zsopt,,,,,,,,,,,,,flan_submixture,flan_collection_uncovered_expression,direct terms where identified; Article 4 for uncovered expression
flan,niv2_zsopt_data__task946_wiki_cloze_gu_multiple_choice_question_answering.parquet,25000,6835399,1367079.8,niv2_zsopt,,,,,,,,,,,,,flan_submixture,flan_collection_uncovered_expression,direct terms where identified; Article 4 for uncovered expression
flan,niv2_zsopt_data__task947_wiki_cloze_hi_multiple_choice_question_answering.parquet,25000,5037956,1007591.2,niv2_zsopt,,,,,,,,,,,,,flan_submixture,flan_collection_uncovered_expression,direct terms where identified; Article 4 for uncovered expression
flan,niv2_zsopt_data__task948_wiki_cloze_kn_multiple_choice_question_answering.parquet,25000,7670189,1534037.8,niv2_zsopt,,,,,,,,,,,,,flan_submixture,flan_collection_uncovered_expression,direct terms where identified; Article 4 for uncovered expression
flan,niv2_zsopt_data__task949_wiki_cloze_ml_multiple_choice_question_answering.parquet,25000,7794846,1558969.2,niv2_zsopt,,,,,,,,,,,,,flan_submixture,flan_collection_uncovered_expression,direct terms where identified; Article 4 for uncovered expression
flan,niv2_zsopt_data__task950_wiki_cloze_mr_multiple_choice_question_answering.parquet,25000,5302144,1060428.8,niv2_zsopt,,,,,,,,,,,,,flan_submixture,flan_collection_uncovered_expression,direct terms where identified; Article 4 for uncovered expression
flan,niv2_zsopt_data__task951_wiki_cloze_or_multiple_choice_question_answering.parquet,9855,4000230,800046.0,niv2_zsopt,,,,,,,,,,,,,flan_submixture,flan_collection_uncovered_expression,direct terms where identified; Article 4 for uncovered expression
flan,niv2_zsopt_data__task952_wiki_cloze_pa_multiple_choice_question_answering.parquet,25000,7380269,1476053.8,niv2_zsopt,,,,,,,,,,,,,flan_submixture,flan_collection_uncovered_expression,direct terms where identified; Article 4 for uncovered expression
flan,niv2_zsopt_data__task953_wiki_cloze_ta_multiple_choice_question_answering.parquet,25000,6113039,1222607.8,niv2_zsopt,,,,,,,,,,,,,flan_submixture,flan_collection_uncovered_expression,direct terms where identified; Article 4 for uncovered expression
flan,niv2_zsopt_data__task954_wiki_cloze_te_multiple_choice_question_answering.parquet,25000,7276632,1455326.4,niv2_zsopt,,,,,,,,,,,,,flan_submixture,flan_collection_uncovered_expression,direct terms where identified; Article 4 for uncovered expression
flan,niv2_zsopt_data__task955_wiki_auto_style_transfer.parquet,8805,1129180,225836.0,niv2_zsopt,,,,,,,,,,,,,flan_submixture,flan_collection_uncovered_expression,direct terms where identified; Article 4 for uncovered expression
flan,niv2_zsopt_data__task956_leetcode_420_strong_password_check.parquet,25000,4089015,817803.0,niv2_zsopt,,,,,,,,,,,,,flan_submixture,flan_collection_uncovered_expression,direct terms where identified; Article 4 for uncovered expression
flan,niv2_zsopt_data__task957_e2e_nlg_text_generation_generate.parquet,10805,1371415,274283.0,niv2_zsopt,,,,,,,,,,,,,flan_submixture,flan_collection_uncovered_expression,direct terms where identified; Article 4 for uncovered expression
flan,niv2_zsopt_data__task958_e2e_nlg_text_generation_parse.parquet,10810,2754285,550857.0,niv2_zsopt,,,,,,,,,,,,,flan_submixture,flan_collection_uncovered_expression,direct terms where identified; Article 4 for uncovered expression
flan,niv2_zsopt_data__task959_e2e_nlg_text_generation_identify.parquet,510,66150,13230.0,niv2_zsopt,,,,,,,,,,,,,flan_submixture,flan_collection_uncovered_expression,direct terms where identified; Article 4 for uncovered expression
flan,niv2_zsopt_data__task960_ancora-ca-ner_named_entity_recognition.parquet,730,353645,70729.0,niv2_zsopt,,,,,,,,,,,,,flan_submixture,flan_collection_uncovered_expression,direct terms where identified; Article 4 for uncovered expression
flan,niv2_zsopt_data__task961_ancora-ca-ner_text_auto_completion.parquet,740,68260,13652.0,niv2_zsopt,,,,,,,,,,,,,flan_submixture,flan_collection_uncovered_expression,direct terms where identified; Article 4 for uncovered expression
flan,niv2_zsopt_data__task962_ancora-ca-ner_missing_word_prediction.parquet,750,71590,14318.0,niv2_zsopt,,,,,,,,,,,,,flan_submixture,flan_collection_uncovered_expression,direct terms where identified; Article 4 for uncovered expression
flan,niv2_zsopt_data__task963_librispeech_asr_next_word_prediction.parquet,750,39560,7912.0,niv2_zsopt,,,,,,,,,,,,,flan_submixture,flan_collection_uncovered_expression,direct terms where identified; Article 4 for uncovered expression
flan,niv2_zsopt_data__task964_librispeech_asr_text_auto_completion.parquet,750,65210,13042.0,niv2_zsopt,,,,,,,,,,,,,flan_submixture,flan_collection_uncovered_expression,direct terms where identified; Article 4 for uncovered expression
flan,niv2_zsopt_data__task965_librispeech_asr_missing_word_prediction.parquet,750,79180,15836.0,niv2_zsopt,,,,,,,,,,,,,flan_submixture,flan_collection_uncovered_expression,direct terms where identified; Article 4 for uncovered expression
flan,niv2_zsopt_data__task966_ruletaker_fact_checking_based_on_given_context.parquet,1500,334515,66903.0,niv2_zsopt,,,,,,,,,,,,,flan_submixture,flan_collection_uncovered_expression,direct terms where identified; Article 4 for uncovered expression
flan,niv2_zsopt_data__task967_ruletaker_incorrect_fact_generation_based_on_given_paragraph.parquet,1480,224885,44977.0,niv2_zsopt,,,,,,,,,,,,,flan_submixture,flan_collection_uncovered_expression,direct terms where identified; Article 4 for uncovered expression
flan,niv2_zsopt_data__task968_xcopa_commonsense_reasoning_et.parquet,2985,387605,77521.0,niv2_zsopt,,,,,,,,,,,,,flan_submixture,flan_collection_uncovered_expression,direct terms where identified; Article 4 for uncovered expression
flan,niv2_zsopt_data__task969_xcopa_commonsense_cause_effect_et.parquet,2985,284365,56873.0,niv2_zsopt,,,,,,,,,,,,,flan_submixture,flan_collection_uncovered_expression,direct terms where identified; Article 4 for uncovered expression
flan,niv2_zsopt_data__task970_sherliic_causal_relationship.parquet,11785,1059785,211957.0,niv2_zsopt,,,,,,,,,,,,,flan_submixture,flan_collection_uncovered_expression,direct terms where identified; Article 4 for uncovered expression
flan,niv2_zsopt_data__task976_pib_indian_language_identification.parquet,7330,1201240,240248.0,niv2_zsopt,,,,,,,,,,,,,flan_submixture,flan_collection_uncovered_expression,direct terms where identified; Article 4 for uncovered expression
flan,niv2_zsopt_data__task977_pib_translation_oriya_urdu.parquet,3685,1025250,205050.0,niv2_zsopt,,,,,,,,,,,,,flan_submixture,flan_collection_uncovered_expression,direct terms where identified; Article 4 for uncovered expression
flan,niv2_zsopt_data__task978_pib_translation_urdu_oriya.parquet,3685,1025155,205031.0,niv2_zsopt,,,,,,,,,,,,,flan_submixture,flan_collection_uncovered_expression,direct terms where identified; Article 4 for uncovered expression
flan,niv2_zsopt_data__task979_pib_translation_malayalam_oriya.parquet,1860,331840,66368.0,niv2_zsopt,,,,,,,,,,,,,flan_submixture,flan_collection_uncovered_expression,direct terms where identified; Article 4 for uncovered expression
flan,niv2_zsopt_data__task980_pib_translation_oriya_malayalam.parquet,1860,332115,66423.0,niv2_zsopt,,,,,,,,,,,,,flan_submixture,flan_collection_uncovered_expression,direct terms where identified; Article 4 for uncovered expression
flan,niv2_zsopt_data__task981_pib_translation_bengali_tamil.parquet,7480,804725,160945.0,niv2_zsopt,,,,,,,,,,,,,flan_submixture,flan_collection_uncovered_expression,direct terms where identified; Article 4 for uncovered expression
flan,niv2_zsopt_data__task982_pib_translation_tamil_bengali.parquet,7480,802965,160593.0,niv2_zsopt,,,,,,,,,,,,,flan_submixture,flan_collection_uncovered_expression,direct terms where identified; Article 4 for uncovered expression
flan,niv2_zsopt_data__task983_pib_translation_gujarati_marathi.parquet,7480,896135,179227.0,niv2_zsopt,,,,,,,,,,,,,flan_submixture,flan_collection_uncovered_expression,direct terms where identified; Article 4 for uncovered expression
flan,niv2_zsopt_data__task984_pib_translation_marathi_gujarati.parquet,7480,896110,179222.0,niv2_zsopt,,,,,,,,,,,,,flan_submixture,flan_collection_uncovered_expression,direct terms where identified; Article 4 for uncovered expression
flan,niv2_zsopt_data__task985_pib_translation_hindi_oriya.parquet,7480,1514525,302905.0,niv2_zsopt,,,,,,,,,,,,,flan_submixture,flan_collection_uncovered_expression,direct terms where identified; Article 4 for uncovered expression
flan,niv2_zsopt_data__task986_pib_translation_oriya_hindi.parquet,7480,1515405,303081.0,niv2_zsopt,,,,,,,,,,,,,flan_submixture,flan_collection_uncovered_expression,direct terms where identified; Article 4 for uncovered expression
flan,niv2_zsopt_data__task987_pib_translation_english_oriya.parquet,7480,1771425,354285.0,niv2_zsopt,,,,,,,,,,,,,flan_submixture,flan_collection_uncovered_expression,direct terms where identified; Article 4 for uncovered expression
flan,niv2_zsopt_data__task988_pib_translation_oriya_english.parquet,7480,1765235,353047.0,niv2_zsopt,,,,,,,,,,,,,flan_submixture,flan_collection_uncovered_expression,direct terms where identified; Article 4 for uncovered expression
flan,niv2_zsopt_data__task989_pib_translation_marathi_urdu.parquet,7480,923725,184745.0,niv2_zsopt,,,,,,,,,,,,,flan_submixture,flan_collection_uncovered_expression,direct terms where identified; Article 4 for uncovered expression
flan,niv2_zsopt_data__task990_pib_translation_urdu_marathi.parquet,7480,923630,184726.0,niv2_zsopt,,,,,,,,,,,,,flan_submixture,flan_collection_uncovered_expression,direct terms where identified; Article 4 for uncovered expression
flan,niv2_zsopt_data__task991_pib_translation_english_tamil.parquet,7480,805960,161192.0,niv2_zsopt,,,,,,,,,,,,,flan_submixture,flan_collection_uncovered_expression,direct terms where identified; Article 4 for uncovered expression
flan,niv2_zsopt_data__task992_pib_translation_tamil_english.parquet,7480,804820,160964.0,niv2_zsopt,,,,,,,,,,,,,flan_submixture,flan_collection_uncovered_expression,direct terms where identified; Article 4 for uncovered expression
flan,niv2_zsopt_data__task993_pib_translation_hindi_tamil.parquet,7480,836490,167298.0,niv2_zsopt,,,,,,,,,,,,,flan_submixture,flan_collection_uncovered_expression,direct terms where identified; Article 4 for uncovered expression
flan,niv2_zsopt_data__task994_pib_translation_tamil_hindi.parquet,7480,838115,167623.0,niv2_zsopt,,,,,,,,,,,,,flan_submixture,flan_collection_uncovered_expression,direct terms where identified; Article 4 for uncovered expression
flan,niv2_zsopt_data__task995_pib_translation_bengali_english.parquet,7480,787645,157529.0,niv2_zsopt,,,,,,,,,,,,,flan_submixture,flan_collection_uncovered_expression,direct terms where identified; Article 4 for uncovered expression
flan,niv2_zsopt_data__task996_pib_translation_english_bengali.parquet,7480,790850,158170.0,niv2_zsopt,,,,,,,,,,,,,flan_submixture,flan_collection_uncovered_expression,direct terms where identified; Article 4 for uncovered expression
flan,niv2_zsopt_data__task997_pib_translation_bengali_oriya.parquet,2430,446495,89299.0,niv2_zsopt,,,,,,,,,,,,,flan_submixture,flan_collection_uncovered_expression,direct terms where identified; Article 4 for uncovered expression
flan,niv2_zsopt_data__task998_pib_translation_oriya_bengali.parquet,2430,447060,89412.0,niv2_zsopt,,,,,,,,,,,,,flan_submixture,flan_collection_uncovered_expression,direct terms where identified; Article 4 for uncovered expression
flan,niv2_zsopt_data__task999_pib_translation_malayalam_tamil.parquet,7480,914125,182825.0,niv2_zsopt,,,,,,,,,,,,,flan_submixture,flan_collection_uncovered_expression,direct terms where identified; Article 4 for uncovered expression
flan,t0_fsnoopt_data__adversarial_qa_dbert_answer_the_following_q.parquet,25000,18979649,3795929.8,t0_fsnoopt,,,,,,,,,,,,,flan_submixture,flan_collection_uncovered_expression,direct terms where identified; Article 4 for uncovered expression
flan,t0_fsnoopt_data__adversarial_qa_dbert_based_on.parquet,25000,18100390,3620078.0,t0_fsnoopt,,,,,,,,,,,,,flan_submixture,flan_collection_uncovered_expression,direct terms where identified; Article 4 for uncovered expression
flan,t0_fsnoopt_data__adversarial_qa_dbert_generate_question.parquet,25000,19213434,3842686.8,t0_fsnoopt,,,,,,,,,,,,,flan_submixture,flan_collection_uncovered_expression,direct terms where identified; Article 4 for uncovered expression
flan,t0_fsnoopt_data__adversarial_qa_dbert_question_context_answer.parquet,25000,17697988,3539597.6,t0_fsnoopt,,,,,,,,,,,,,flan_submixture,flan_collection_uncovered_expression,direct terms where identified; Article 4 for uncovered expression
flan,t0_fsnoopt_data__adversarial_qa_dbert_tell_what_it_is.parquet,25000,18590517,3718103.4,t0_fsnoopt,,,,,,,,,,,,,flan_submixture,flan_collection_uncovered_expression,direct terms where identified; Article 4 for uncovered expression
flan,t0_fsnoopt_data__adversarial_qa_dbidaf_answer_the_following_q.parquet,25000,18968432,3793686.4,t0_fsnoopt,,,,,,,,,,,,,flan_submixture,flan_collection_uncovered_expression,direct terms where identified; Article 4 for uncovered expression
flan,t0_fsnoopt_data__adversarial_qa_dbidaf_based_on.parquet,25000,18030416,3606083.2,t0_fsnoopt,,,,,,,,,,,,,flan_submixture,flan_collection_uncovered_expression,direct terms where identified; Article 4 for uncovered expression
flan,t0_fsnoopt_data__adversarial_qa_dbidaf_generate_question.parquet,25000,19082349,3816469.8,t0_fsnoopt,,,,,,,,,,,,,flan_submixture,flan_collection_uncovered_expression,direct terms where identified; Article 4 for uncovered expression
flan,t0_fsnoopt_data__adversarial_qa_dbidaf_question_context_answer.parquet,25000,17617273,3523454.6,t0_fsnoopt,,,,,,,,,,,,,flan_submixture,flan_collection_uncovered_expression,direct terms where identified; Article 4 for uncovered expression
flan,t0_fsnoopt_data__adversarial_qa_dbidaf_tell_what_it_is.parquet,25000,18491736,3698347.2,t0_fsnoopt,,,,,,,,,,,,,flan_submixture,flan_collection_uncovered_expression,direct terms where identified; Article 4 for uncovered expression
flan,t0_fsnoopt_data__adversarial_qa_droberta_answer_the_following_q.parquet,25000,18709225,3741845.0,t0_fsnoopt,,,,,,,,,,,,,flan_submixture,flan_collection_uncovered_expression,direct terms where identified; Article 4 for uncovered expression
flan,t0_fsnoopt_data__adversarial_qa_droberta_based_on.parquet,25000,17782346,3556469.2,t0_fsnoopt,,,,,,,,,,,,,flan_submixture,flan_collection_uncovered_expression,direct terms where identified; Article 4 for uncovered expression
flan,t0_fsnoopt_data__adversarial_qa_droberta_generate_question.parquet,25000,18864239,3772847.8,t0_fsnoopt,,,,,,,,,,,,,flan_submixture,flan_collection_uncovered_expression,direct terms where identified; Article 4 for uncovered expression
flan,t0_fsnoopt_data__adversarial_qa_droberta_question_context_answer.parquet,25000,17377295,3475459.0,t0_fsnoopt,,,,,,,,,,,,,flan_submixture,flan_collection_uncovered_expression,direct terms where identified; Article 4 for uncovered expression
flan,t0_fsnoopt_data__adversarial_qa_droberta_tell_what_it_is.parquet,25000,18301964,3660392.8,t0_fsnoopt,,,,,,,,,,,,,flan_submixture,flan_collection_uncovered_expression,direct terms where identified; Article 4 for uncovered expression
flan,t0_fsnoopt_data__cos_e_v1.11_aligned_with_common_sense.parquet,25000,7053057,1410611.4,t0_fsnoopt,,,,,,,,,,,,,flan_submixture,flan_collection_uncovered_expression,direct terms where identified; Article 4 for uncovered expression
flan,t0_fsnoopt_data__cos_e_v1.11_description_question_option_id.parquet,25000,5901589,1180317.8,t0_fsnoopt,,,,,,,,,,,,,flan_submixture,flan_collection_uncovered_expression,direct terms where identified; Article 4 for uncovered expression
flan,t0_fsnoopt_data__cos_e_v1.11_description_question_option_text.parquet,25000,5074892,1014978.4,t0_fsnoopt,,,,,,,,,,,,,flan_submixture,flan_collection_uncovered_expression,direct terms where identified; Article 4 for uncovered expression
flan,t0_fsnoopt_data__cos_e_v1.11_explain_why_human.parquet,25000,6163135,1232627.0,t0_fsnoopt,,,,,,,,,,,,,flan_submixture,flan_collection_uncovered_expression,direct terms where identified; Article 4 for uncovered expression
flan,t0_fsnoopt_data__cos_e_v1.11_generate_explanation_given_text.parquet,25000,5447902,1089580.4,t0_fsnoopt,,,,,,,,,,,,,flan_submixture,flan_collection_uncovered_expression,direct terms where identified; Article 4 for uncovered expression
flan,t0_fsnoopt_data__cos_e_v1.11_i_think.parquet,25000,7067359,1413471.8,t0_fsnoopt,,,,,,,,,,,,,flan_submixture,flan_collection_uncovered_expression,direct terms where identified; Article 4 for uncovered expression
flan,t0_fsnoopt_data__cos_e_v1.11_question_description_option_id.parquet,25000,5545573,1109114.6,t0_fsnoopt,,,,,,,,,,,,,flan_submixture,flan_collection_uncovered_expression,direct terms where identified; Article 4 for uncovered expression
flan,t0_fsnoopt_data__cos_e_v1.11_question_description_option_text.parquet,25000,4714747,942949.4,t0_fsnoopt,,,,,,,,,,,,,flan_submixture,flan_collection_uncovered_expression,direct terms where identified; Article 4 for uncovered expression
flan,t0_fsnoopt_data__cos_e_v1.11_question_option_description_id.parquet,25000,4827575,965515.0,t0_fsnoopt,,,,,,,,,,,,,flan_submixture,flan_collection_uncovered_expression,direct terms where identified; Article 4 for uncovered expression
flan,t0_fsnoopt_data__cos_e_v1.11_question_option_description_text.parquet,25000,3993311,798662.2,t0_fsnoopt,,,,,,,,,,,,,flan_submixture,flan_collection_uncovered_expression,direct terms where identified; Article 4 for uncovered expression
flan,t0_fsnoopt_data__cos_e_v1.11_rationale.parquet,25000,6165433,1233086.6,t0_fsnoopt,,,,,,,,,,,,,flan_submixture,flan_collection_uncovered_expression,direct terms where identified; Article 4 for uncovered expression
flan,t0_fsnoopt_data__dbpedia_14_given_a_choice_of_categories_.parquet,25000,11789910,2357982.0,t0_fsnoopt,,,,,,,,,,,,,flan_submixture,flan_collection_uncovered_expression,direct terms where identified; Article 4 for uncovered expression
flan,t0_fsnoopt_data__dbpedia_14_given_a_list_of_category_what_does_the_title_belong_to.parquet,25000,5885596,1177119.2,t0_fsnoopt,,,,,,,,,,,,,flan_submixture,flan_collection_uncovered_expression,direct terms where identified; Article 4 for uncovered expression
flan,t0_fsnoopt_data__dbpedia_14_given_list_what_category_does_the_paragraph_belong_to.parquet,25000,11320610,2264122.0,t0_fsnoopt,,,,,,,,,,,,,flan_submixture,flan_collection_uncovered_expression,direct terms where identified; Article 4 for uncovered expression
flan,t0_fsnoopt_data__dbpedia_14_pick_one_category_for_the_following_text.parquet,25000,11758765,2351753.0,t0_fsnoopt,,,,,,,,,,,,,flan_submixture,flan_collection_uncovered_expression,direct terms where identified; Article 4 for uncovered expression
flan,t0_fsnoopt_data__duorc_ParaphraseRC_answer_question.parquet,25000,36855824,7371164.8,t0_fsnoopt,,,,,,,,,,,,,flan_submixture,flan_collection_uncovered_expression,direct terms where identified; Article 4 for uncovered expression
flan,t0_fsnoopt_data__duorc_ParaphraseRC_build_story_around_qa.parquet,25000,41742821,8348564.2,t0_fsnoopt,,,,,,,,,,,,,flan_submixture,flan_collection_uncovered_expression,direct terms where identified; Article 4 for uncovered expression
flan,t0_fsnoopt_data__duorc_ParaphraseRC_decide_worth_it.parquet,25000,37539599,7507919.8,t0_fsnoopt,,,,,,,,,,,,,flan_submixture,flan_collection_uncovered_expression,direct terms where identified; Article 4 for uncovered expression
flan,t0_fsnoopt_data__duorc_ParaphraseRC_extract_answer.parquet,25000,36892394,7378478.8,t0_fsnoopt,,,,,,,,,,,,,flan_submixture,flan_collection_uncovered_expression,direct terms where identified; Article 4 for uncovered expression
flan,t0_fsnoopt_data__duorc_ParaphraseRC_generate_question.parquet,25000,34936751,6987350.2,t0_fsnoopt,,,,,,,,,,,,,flan_submixture,flan_collection_uncovered_expression,direct terms where identified; Article 4 for uncovered expression
flan,t0_fsnoopt_data__duorc_ParaphraseRC_generate_question_by_answer.parquet,25000,36014122,7202824.4,t0_fsnoopt,,,,,,,,,,,,,flan_submixture,flan_collection_uncovered_expression,direct terms where identified; Article 4 for uncovered expression
flan,t0_fsnoopt_data__duorc_ParaphraseRC_movie_director.parquet,25000,37301659,7460331.8,t0_fsnoopt,,,,,,,,,,,,,flan_submixture,flan_collection_uncovered_expression,direct terms where identified; Article 4 for uncovered expression
flan,t0_fsnoopt_data__duorc_ParaphraseRC_question_answering.parquet,25000,36163548,7232709.6,t0_fsnoopt,,,,,,,,,,,,,flan_submixture,flan_collection_uncovered_expression,direct terms where identified; Article 4 for uncovered expression
flan,t0_fsnoopt_data__duorc_ParaphraseRC_title_generation.parquet,25000,34652908,6930581.6,t0_fsnoopt,,,,,,,,,,,,,flan_submixture,flan_collection_uncovered_expression,direct terms where identified; Article 4 for uncovered expression
flan,t0_fsnoopt_data__duorc_SelfRC_answer_question.parquet,25000,36187449,7237489.8,t0_fsnoopt,,,,,,,,,,,,,flan_submixture,flan_collection_uncovered_expression,direct terms where identified; Article 4 for uncovered expression
flan,t0_fsnoopt_data__duorc_SelfRC_build_story_around_qa.parquet,25000,40020314,8004062.8,t0_fsnoopt,,,,,,,,,,,,,flan_submixture,flan_collection_uncovered_expression,direct terms where identified; Article 4 for uncovered expression
flan,t0_fsnoopt_data__duorc_SelfRC_decide_worth_it.parquet,25000,36994359,7398871.8,t0_fsnoopt,,,,,,,,,,,,,flan_submixture,flan_collection_uncovered_expression,direct terms where identified; Article 4 for uncovered expression
flan,t0_fsnoopt_data__duorc_SelfRC_extract_answer.parquet,25000,36224215,7244843.0,t0_fsnoopt,,,,,,,,,,,,,flan_submixture,flan_collection_uncovered_expression,direct terms where identified; Article 4 for uncovered expression
flan,t0_fsnoopt_data__duorc_SelfRC_generate_question.parquet,25000,34588554,6917710.8,t0_fsnoopt,,,,,,,,,,,,,flan_submixture,flan_collection_uncovered_expression,direct terms where identified; Article 4 for uncovered expression
flan,t0_fsnoopt_data__duorc_SelfRC_generate_question_by_answer.parquet,25000,35214086,7042817.2,t0_fsnoopt,,,,,,,,,,,,,flan_submixture,flan_collection_uncovered_expression,direct terms where identified; Article 4 for uncovered expression
flan,t0_fsnoopt_data__duorc_SelfRC_movie_director.parquet,25000,36715633,7343126.6,t0_fsnoopt,,,,,,,,,,,,,flan_submixture,flan_collection_uncovered_expression,direct terms where identified; Article 4 for uncovered expression
flan,t0_fsnoopt_data__duorc_SelfRC_question_answering.parquet,25000,35507508,7101501.6,t0_fsnoopt,,,,,,,,,,,,,flan_submixture,flan_collection_uncovered_expression,direct terms where identified; Article 4 for uncovered expression
flan,t0_fsnoopt_data__duorc_SelfRC_title_generation.parquet,25000,34326940,6865388.0,t0_fsnoopt,,,,,,,,,,,,,flan_submixture,flan_collection_uncovered_expression,direct terms where identified; Article 4 for uncovered expression
flan,t0_fsnoopt_data__qasc_is_correct_1.parquet,25000,4498808,899761.6,t0_fsnoopt,,,,,,,,,,,,,flan_submixture,flan_collection_uncovered_expression,direct terms where identified; Article 4 for uncovered expression
flan,t0_fsnoopt_data__qasc_is_correct_2.parquet,25000,4408808,881761.6,t0_fsnoopt,,,,,,,,,,,,,flan_submixture,flan_collection_uncovered_expression,direct terms where identified; Article 4 for uncovered expression
flan,t0_fsnoopt_data__qasc_qa_with_combined_facts_1.parquet,25000,6000565,1200113.0,t0_fsnoopt,,,,,,,,,,,,,flan_submixture,flan_collection_uncovered_expression,direct terms where identified; Article 4 for uncovered expression
flan,t0_fsnoopt_data__qasc_qa_with_separated_facts_1.parquet,25000,7311997,1462399.4,t0_fsnoopt,,,,,,,,,,,,,flan_submixture,flan_collection_uncovered_expression,direct terms where identified; Article 4 for uncovered expression
flan,t0_fsnoopt_data__qasc_qa_with_separated_facts_2.parquet,25000,8841333,1768266.6,t0_fsnoopt,,,,,,,,,,,,,flan_submixture,flan_collection_uncovered_expression,direct terms where identified; Article 4 for uncovered expression
flan,t0_fsnoopt_data__qasc_qa_with_separated_facts_3.parquet,25000,5323738,1064747.6,t0_fsnoopt,,,,,,,,,,,,,flan_submixture,flan_collection_uncovered_expression,direct terms where identified; Article 4 for uncovered expression
flan,t0_fsnoopt_data__qasc_qa_with_separated_facts_4.parquet,25000,8545372,1709074.4,t0_fsnoopt,,,,,,,,,,,,,flan_submixture,flan_collection_uncovered_expression,direct terms where identified; Article 4 for uncovered expression
flan,t0_fsnoopt_data__qasc_qa_with_separated_facts_5.parquet,25000,8141810,1628362.0,t0_fsnoopt,,,,,,,,,,,,,flan_submixture,flan_collection_uncovered_expression,direct terms where identified; Article 4 for uncovered expression
flan,t0_fsnoopt_data__quail_context_description_question_answer_id.parquet,25000,35898613,7179722.6,t0_fsnoopt,,,,,,,,,,,,,flan_submixture,flan_collection_uncovered_expression,direct terms where identified; Article 4 for uncovered expression
flan,t0_fsnoopt_data__quail_context_description_question_answer_text.parquet,25000,35548711,7109742.2,t0_fsnoopt,,,,,,,,,,,,,flan_submixture,flan_collection_uncovered_expression,direct terms where identified; Article 4 for uncovered expression
flan,t0_fsnoopt_data__quail_context_description_question_text.parquet,25000,36944980,7388996.0,t0_fsnoopt,,,,,,,,,,,,,flan_submixture,flan_collection_uncovered_expression,direct terms where identified; Article 4 for uncovered expression
flan,t0_fsnoopt_data__quail_context_question_answer_description_id.parquet,25000,35774027,7154805.4,t0_fsnoopt,,,,,,,,,,,,,flan_submixture,flan_collection_uncovered_expression,direct terms where identified; Article 4 for uncovered expression
flan,t0_fsnoopt_data__quail_context_question_answer_description_text.parquet,25000,35341030,7068206.0,t0_fsnoopt,,,,,,,,,,,,,flan_submixture,flan_collection_uncovered_expression,direct terms where identified; Article 4 for uncovered expression
flan,t0_fsnoopt_data__quail_context_question_description_answer_id.parquet,25000,35880351,7176070.2,t0_fsnoopt,,,,,,,,,,,,,flan_submixture,flan_collection_uncovered_expression,direct terms where identified; Article 4 for uncovered expression
flan,t0_fsnoopt_data__quail_context_question_description_answer_text.parquet,25000,35260214,7052042.8,t0_fsnoopt,,,,,,,,,,,,,flan_submixture,flan_collection_uncovered_expression,direct terms where identified; Article 4 for uncovered expression
flan,t0_fsnoopt_data__quail_context_question_description_text.parquet,25000,36732475,7346495.0,t0_fsnoopt,,,,,,,,,,,,,flan_submixture,flan_collection_uncovered_expression,direct terms where identified; Article 4 for uncovered expression
flan,t0_fsnoopt_data__quail_description_context_question_answer_id.parquet,25000,35902784,7180556.8,t0_fsnoopt,,,,,,,,,,,,,flan_submixture,flan_collection_uncovered_expression,direct terms where identified; Article 4 for uncovered expression
flan,t0_fsnoopt_data__quail_description_context_question_answer_text.parquet,25000,35498476,7099695.2,t0_fsnoopt,,,,,,,,,,,,,flan_submixture,flan_collection_uncovered_expression,direct terms where identified; Article 4 for uncovered expression
flan,t0_fsnoopt_data__quail_description_context_question_text.parquet,25000,36699283,7339856.6,t0_fsnoopt,,,,,,,,,,,,,flan_submixture,flan_collection_uncovered_expression,direct terms where identified; Article 4 for uncovered expression
flan,t0_fsnoopt_data__quail_no_prompt_id.parquet,25000,36150828,7230165.6,t0_fsnoopt,,,,,,,,,,,,,flan_submixture,flan_collection_uncovered_expression,direct terms where identified; Article 4 for uncovered expression
flan,t0_fsnoopt_data__quail_no_prompt_text.parquet,25000,35433023,7086604.6,t0_fsnoopt,,,,,,,,,,,,,flan_submixture,flan_collection_uncovered_expression,direct terms where identified; Article 4 for uncovered expression
flan,t0_fsnoopt_data__quarel_choose_between.parquet,7270,1822930,364586.0,t0_fsnoopt,,,,,,,,,,,,,flan_submixture,flan_collection_uncovered_expression,direct terms where identified; Article 4 for uncovered expression
flan,t0_fsnoopt_data__quarel_do_not_use.parquet,7700,2316625,463325.0,t0_fsnoopt,,,,,,,,,,,,,flan_submixture,flan_collection_uncovered_expression,direct terms where identified; Article 4 for uncovered expression
flan,t0_fsnoopt_data__quarel_heres_a_story.parquet,7645,2263010,452602.0,t0_fsnoopt,,,,,,,,,,,,,flan_submixture,flan_collection_uncovered_expression,direct terms where identified; Article 4 for uncovered expression
flan,t0_fsnoopt_data__quarel_logic_test.parquet,7580,2099020,419804.0,t0_fsnoopt,,,,,,,,,,,,,flan_submixture,flan_collection_uncovered_expression,direct terms where identified; Article 4 for uncovered expression
flan,t0_fsnoopt_data__quarel_testing_students.parquet,7420,2230595,446119.0,t0_fsnoopt,,,,,,,,,,,,,flan_submixture,flan_collection_uncovered_expression,direct terms where identified; Article 4 for uncovered expression
flan,t0_fsnoopt_data__quartz_answer_question_based_on.parquet,10105,2668460,533692.0,t0_fsnoopt,,,,,,,,,,,,,flan_submixture,flan_collection_uncovered_expression,direct terms where identified; Article 4 for uncovered expression
flan,t0_fsnoopt_data__quartz_answer_question_below.parquet,10470,2539405,507881.0,t0_fsnoopt,,,,,,,,,,,,,flan_submixture,flan_collection_uncovered_expression,direct terms where identified; Article 4 for uncovered expression
flan,t0_fsnoopt_data__quartz_given_the_fact_answer_the_q.parquet,10480,2583225,516645.0,t0_fsnoopt,,,,,,,,,,,,,flan_submixture,flan_collection_uncovered_expression,direct terms where identified; Article 4 for uncovered expression
flan,t0_fsnoopt_data__quartz_having_read_above_passage.parquet,10310,2988565,597713.0,t0_fsnoopt,,,,,,,,,,,,,flan_submixture,flan_collection_uncovered_expression,direct terms where identified; Article 4 for uncovered expression
flan,t0_fsnoopt_data__quartz_paragraph_question_plain_concat.parquet,10165,2108475,421695.0,t0_fsnoopt,,,,,,,,,,,,,flan_submixture,flan_collection_uncovered_expression,direct terms where identified; Article 4 for uncovered expression
flan,t0_fsnoopt_data__quartz_read_passage_below_choose.parquet,9855,2826515,565303.0,t0_fsnoopt,,,,,,,,,,,,,flan_submixture,flan_collection_uncovered_expression,direct terms where identified; Article 4 for uncovered expression
flan,t0_fsnoopt_data__quartz_use_info_from_paragraph_question.parquet,10220,2735150,547030.0,t0_fsnoopt,,,,,,,,,,,,,flan_submixture,flan_collection_uncovered_expression,direct terms where identified; Article 4 for uncovered expression
flan,t0_fsnoopt_data__quartz_use_info_from_question_paragraph.parquet,10550,2840155,568031.0,t0_fsnoopt,,,,,,,,,,,,,flan_submixture,flan_collection_uncovered_expression,direct terms where identified; Article 4 for uncovered expression
flan,t0_fsnoopt_data__quoref_Answer_Friend_Question.parquet,25000,35694295,7138859.0,t0_fsnoopt,,,,,,,,,,,,,flan_submixture,flan_collection_uncovered_expression,direct terms where identified; Article 4 for uncovered expression
flan,t0_fsnoopt_data__quoref_Answer_Question_Given_Context.parquet,25000,35932916,7186583.2,t0_fsnoopt,,,,,,,,,,,,,flan_submixture,flan_collection_uncovered_expression,direct terms where identified; Article 4 for uncovered expression
flan,t0_fsnoopt_data__quoref_Answer_Test.parquet,25000,35875590,7175118.0,t0_fsnoopt,,,,,,,,,,,,,flan_submixture,flan_collection_uncovered_expression,direct terms where identified; Article 4 for uncovered expression
flan,t0_fsnoopt_data__quoref_Context_Contains_Answer.parquet,25000,35636986,7127397.2,t0_fsnoopt,,,,,,,,,,,,,flan_submixture,flan_collection_uncovered_expression,direct terms where identified; Article 4 for uncovered expression
flan,t0_fsnoopt_data__quoref_Find_Answer.parquet,25000,35847885,7169577.0,t0_fsnoopt,,,,,,,,,,,,,flan_submixture,flan_collection_uncovered_expression,direct terms where identified; Article 4 for uncovered expression
flan,t0_fsnoopt_data__quoref_Found_Context_Online.parquet,25000,35872089,7174417.8,t0_fsnoopt,,,,,,,,,,,,,flan_submixture,flan_collection_uncovered_expression,direct terms where identified; Article 4 for uncovered expression
flan,t0_fsnoopt_data__quoref_Given_Context_Answer_Question.parquet,25000,35819586,7163917.2,t0_fsnoopt,,,,,,,,,,,,,flan_submixture,flan_collection_uncovered_expression,direct terms where identified; Article 4 for uncovered expression
flan,t0_fsnoopt_data__quoref_Guess_Answer.parquet,25000,35727529,7145505.8,t0_fsnoopt,,,,,,,,,,,,,flan_submixture,flan_collection_uncovered_expression,direct terms where identified; Article 4 for uncovered expression
flan,t0_fsnoopt_data__quoref_Guess_Title_For_Context.parquet,25000,35775681,7155136.2,t0_fsnoopt,,,,,,,,,,,,,flan_submixture,flan_collection_uncovered_expression,direct terms where identified; Article 4 for uncovered expression
flan,t0_fsnoopt_data__quoref_Read_And_Extract_.parquet,25000,35837878,7167575.6,t0_fsnoopt,,,,,,,,,,,,,flan_submixture,flan_collection_uncovered_expression,direct terms where identified; Article 4 for uncovered expression
flan,t0_fsnoopt_data__quoref_What_Is_The_Answer.parquet,25000,35802801,7160560.2,t0_fsnoopt,,,,,,,,,,,,,flan_submixture,flan_collection_uncovered_expression,direct terms where identified; Article 4 for uncovered expression
flan,t0_fsnoopt_data__sciq_Direct_Question.parquet,25000,11144542,2228908.4,t0_fsnoopt,,,,,,,,,,,,,flan_submixture,flan_collection_uncovered_expression,direct terms where identified; Article 4 for uncovered expression
flan,t0_fsnoopt_data__sciq_Direct_Question_Closed_Book_.parquet,25000,2846503,569300.6,t0_fsnoopt,,,,,,,,,,,,,flan_submixture,flan_collection_uncovered_expression,direct terms where identified; Article 4 for uncovered expression
flan,t0_fsnoopt_data__sciq_Multiple_Choice.parquet,25000,12639393,2527878.6,t0_fsnoopt,,,,,,,,,,,,,flan_submixture,flan_collection_uncovered_expression,direct terms where identified; Article 4 for uncovered expression
flan,t0_fsnoopt_data__sciq_Multiple_Choice_Closed_Book_.parquet,25000,4407781,881556.2,t0_fsnoopt,,,,,,,,,,,,,flan_submixture,flan_collection_uncovered_expression,direct terms where identified; Article 4 for uncovered expression
flan,t0_fsnoopt_data__sciq_Multiple_Choice_Question_First.parquet,25000,13087625,2617525.0,t0_fsnoopt,,,,,,,,,,,,,flan_submixture,flan_collection_uncovered_expression,direct terms where identified; Article 4 for uncovered expression
flan,t0_fsnoopt_data__social_i_qa_Check_if_a_random_answer_is_valid_or_not.parquet,25000,4514322,902864.4,t0_fsnoopt,,,,,,,,,,,,,flan_submixture,flan_collection_uncovered_expression,direct terms where identified; Article 4 for uncovered expression
flan,t0_fsnoopt_data__social_i_qa_Generate_answer.parquet,25000,3789935,757987.0,t0_fsnoopt,,,,,,,,,,,,,flan_submixture,flan_collection_uncovered_expression,direct terms where identified; Article 4 for uncovered expression
flan,t0_fsnoopt_data__social_i_qa_Generate_the_question_from_the_answer.parquet,25000,4906854,981370.8,t0_fsnoopt,,,,,,,,,,,,,flan_submixture,flan_collection_uncovered_expression,direct terms where identified; Article 4 for uncovered expression
flan,t0_fsnoopt_data__social_i_qa_I_was_wondering.parquet,25000,4050725,810145.0,t0_fsnoopt,,,,,,,,,,,,,flan_submixture,flan_collection_uncovered_expression,direct terms where identified; Article 4 for uncovered expression
flan,t0_fsnoopt_data__social_i_qa_Show_choices_and_generate_answer.parquet,25000,5289975,1057995.0,t0_fsnoopt,,,,,,,,,,,,,flan_submixture,flan_collection_uncovered_expression,direct terms where identified; Article 4 for uncovered expression
flan,t0_fsnoopt_data__social_i_qa_Show_choices_and_generate_index.parquet,25000,6637795,1327559.0,t0_fsnoopt,,,,,,,,,,,,,flan_submixture,flan_collection_uncovered_expression,direct terms where identified; Article 4 for uncovered expression
flan,t0_fsnoopt_data__wiki_bio_comprehension.parquet,25000,29991533,5998306.6,t0_fsnoopt,,,,,,,,,,,,,flan_submixture,flan_collection_uncovered_expression,direct terms where identified; Article 4 for uncovered expression
flan,t0_fsnoopt_data__wiki_bio_guess_person.parquet,25000,15281811,3056362.2,t0_fsnoopt,,,,,,,,,,,,,flan_submixture,flan_collection_uncovered_expression,direct terms where identified; Article 4 for uncovered expression
flan,t0_fsnoopt_data__wiki_bio_key_content.parquet,25000,26776130,5355226.0,t0_fsnoopt,,,,,,,,,,,,,flan_submixture,flan_collection_uncovered_expression,direct terms where identified; Article 4 for uncovered expression
flan,t0_fsnoopt_data__wiki_bio_what_content.parquet,25000,17585577,3517115.4,t0_fsnoopt,,,,,,,,,,,,,flan_submixture,flan_collection_uncovered_expression,direct terms where identified; Article 4 for uncovered expression
flan,t0_fsnoopt_data__wiki_bio_who.parquet,25000,28124499,5624899.8,t0_fsnoopt,,,,,,,,,,,,,flan_submixture,flan_collection_uncovered_expression,direct terms where identified; Article 4 for uncovered expression
flan,t0_fsnoopt_data__wiki_hop_original_choose_best_object_affirmative_1.parquet,25000,35850526,7170105.2,t0_fsnoopt,,,,,,,,,,,,,flan_submixture,flan_collection_uncovered_expression,direct terms where identified; Article 4 for uncovered expression
flan,t0_fsnoopt_data__wiki_hop_original_choose_best_object_affirmative_2.parquet,25000,35831510,7166302.0,t0_fsnoopt,,,,,,,,,,,,,flan_submixture,flan_collection_uncovered_expression,direct terms where identified; Article 4 for uncovered expression
flan,t0_fsnoopt_data__wiki_hop_original_choose_best_object_affirmative_3.parquet,25000,35756440,7151288.0,t0_fsnoopt,,,,,,,,,,,,,flan_submixture,flan_collection_uncovered_expression,direct terms where identified; Article 4 for uncovered expression
flan,t0_fsnoopt_data__wiki_hop_original_choose_best_object_interrogative_1.parquet,25000,35585993,7117198.6,t0_fsnoopt,,,,,,,,,,,,,flan_submixture,flan_collection_uncovered_expression,direct terms where identified; Article 4 for uncovered expression
flan,t0_fsnoopt_data__wiki_hop_original_choose_best_object_interrogative_2.parquet,25000,35880558,7176111.6,t0_fsnoopt,,,,,,,,,,,,,flan_submixture,flan_collection_uncovered_expression,direct terms where identified; Article 4 for uncovered expression
flan,t0_fsnoopt_data__wiki_hop_original_explain_relation.parquet,25000,35416240,7083248.0,t0_fsnoopt,,,,,,,,,,,,,flan_submixture,flan_collection_uncovered_expression,direct terms where identified; Article 4 for uncovered expression
flan,t0_fsnoopt_data__wiki_hop_original_generate_object.parquet,25000,35415087,7083017.4,t0_fsnoopt,,,,,,,,,,,,,flan_submixture,flan_collection_uncovered_expression,direct terms where identified; Article 4 for uncovered expression
flan,t0_fsnoopt_data__wiki_hop_original_generate_subject.parquet,25000,35462720,7092544.0,t0_fsnoopt,,,,,,,,,,,,,flan_submixture,flan_collection_uncovered_expression,direct terms where identified; Article 4 for uncovered expression
flan,t0_fsnoopt_data__wiki_hop_original_generate_subject_and_object.parquet,25000,35597423,7119484.6,t0_fsnoopt,,,,,,,,,,,,,flan_submixture,flan_collection_uncovered_expression,direct terms where identified; Article 4 for uncovered expression
flan,t0_fsnoopt_data__wiki_qa_Decide_good_answer.parquet,25000,6262918,1252583.6,t0_fsnoopt,,,,,,,,,,,,,flan_submixture,flan_collection_uncovered_expression,direct terms where identified; Article 4 for uncovered expression
flan,t0_fsnoopt_data__wiki_qa_Direct_Answer_to_Question.parquet,4025,842310,168462.0,t0_fsnoopt,,,,,,,,,,,,,flan_submixture,flan_collection_uncovered_expression,direct terms where identified; Article 4 for uncovered expression
flan,t0_fsnoopt_data__wiki_qa_Generate_Question_from_Topic.parquet,3790,974530,194906.0,t0_fsnoopt,,,,,,,,,,,,,flan_submixture,flan_collection_uncovered_expression,direct terms where identified; Article 4 for uncovered expression
flan,t0_fsnoopt_data__wiki_qa_Is_This_True_.parquet,25000,5200967,1040193.4,t0_fsnoopt,,,,,,,,,,,,,flan_submixture,flan_collection_uncovered_expression,direct terms where identified; Article 4 for uncovered expression
flan,t0_fsnoopt_data__wiki_qa_Jeopardy_style.parquet,3930,1004995,200999.0,t0_fsnoopt,,,,,,,,,,,,,flan_submixture,flan_collection_uncovered_expression,direct terms where identified; Article 4 for uncovered expression
flan,t0_fsnoopt_data__wiki_qa_Topic_Prediction_Answer_Only.parquet,3490,757205,151441.0,t0_fsnoopt,,,,,,,,,,,,,flan_submixture,flan_collection_uncovered_expression,direct terms where identified; Article 4 for uncovered expression
flan,t0_fsnoopt_data__wiki_qa_Topic_Prediction_Question_Only.parquet,3730,468130,93626.0,t0_fsnoopt,,,,,,,,,,,,,flan_submixture,flan_collection_uncovered_expression,direct terms where identified; Article 4 for uncovered expression
flan,t0_fsnoopt_data__wiki_qa_Topic_Prediction_Question_and_Answer_Pair.parquet,3955,1106800,221360.0,t0_fsnoopt,,,,,,,,,,,,,flan_submixture,flan_collection_uncovered_expression,direct terms where identified; Article 4 for uncovered expression
flan,t0_fsnoopt_data__wiki_qa_automatic_system.parquet,25000,6462994,1292598.8,t0_fsnoopt,,,,,,,,,,,,,flan_submixture,flan_collection_uncovered_expression,direct terms where identified; Article 4 for uncovered expression
flan,t0_fsnoopt_data__wiki_qa_exercise.parquet,25000,7301515,1460303.0,t0_fsnoopt,,,,,,,,,,,,,flan_submixture,flan_collection_uncovered_expression,direct terms where identified; Article 4 for uncovered expression
flan,t0_fsnoopt_data__wiki_qa_found_on_google.parquet,25000,6024212,1204842.4,t0_fsnoopt,,,,,,,,,,,,,flan_submixture,flan_collection_uncovered_expression,direct terms where identified; Article 4 for uncovered expression
flan,t0_fsnoopt_data__wiqa_does_the_supposed_perturbation_have_an_effect.parquet,25000,10985851,2197170.2,t0_fsnoopt,,,,,,,,,,,,,flan_submixture,flan_collection_uncovered_expression,direct terms where identified; Article 4 for uncovered expression
flan,t0_fsnoopt_data__wiqa_effect_with_label_answer.parquet,25000,10459966,2091993.2,t0_fsnoopt,,,,,,,,,,,,,flan_submixture,flan_collection_uncovered_expression,direct terms where identified; Article 4 for uncovered expression
flan,t0_fsnoopt_data__wiqa_effect_with_string_answer.parquet,25000,11029619,2205923.8,t0_fsnoopt,,,,,,,,,,,,,flan_submixture,flan_collection_uncovered_expression,direct terms where identified; Article 4 for uncovered expression
flan,t0_fsnoopt_data__wiqa_what_is_the_final_step_of_the_following_process.parquet,25000,7818925,1563785.0,t0_fsnoopt,,,,,,,,,,,,,flan_submixture,flan_collection_uncovered_expression,direct terms where identified; Article 4 for uncovered expression
flan,t0_fsnoopt_data__wiqa_what_is_the_missing_first_step.parquet,25000,8027552,1605510.4,t0_fsnoopt,,,,,,,,,,,,,flan_submixture,flan_collection_uncovered_expression,direct terms where identified; Article 4 for uncovered expression
flan,t0_fsnoopt_data__wiqa_what_might_be_the_first_step_of_the_process.parquet,25000,7943377,1588675.4,t0_fsnoopt,,,,,,,,,,,,,flan_submixture,flan_collection_uncovered_expression,direct terms where identified; Article 4 for uncovered expression
flan,t0_fsnoopt_data__wiqa_what_might_be_the_last_step_of_the_process.parquet,25000,7904957,1580991.4,t0_fsnoopt,,,,,,,,,,,,,flan_submixture,flan_collection_uncovered_expression,direct terms where identified; Article 4 for uncovered expression
flan,t0_fsnoopt_data__wiqa_which_of_the_following_is_the_supposed_perturbation.parquet,25000,12912960,2582592.0,t0_fsnoopt,,,,,,,,,,,,,flan_submixture,flan_collection_uncovered_expression,direct terms where identified; Article 4 for uncovered expression
flan,t0_fsopt_data__adversarial_qa_dbert_answer_the_following_q.parquet,25000,25291188,5058237.6,t0_fsopt,,,,,,,,,,,,,flan_submixture,flan_collection_uncovered_expression,direct terms where identified; Article 4 for uncovered expression
flan,t0_fsopt_data__adversarial_qa_dbert_based_on.parquet,25000,24072579,4814515.8,t0_fsopt,,,,,,,,,,,,,flan_submixture,flan_collection_uncovered_expression,direct terms where identified; Article 4 for uncovered expression
flan,t0_fsopt_data__adversarial_qa_dbert_generate_question.parquet,25000,25540109,5108021.8,t0_fsopt,,,,,,,,,,,,,flan_submixture,flan_collection_uncovered_expression,direct terms where identified; Article 4 for uncovered expression
flan,t0_fsopt_data__adversarial_qa_dbert_question_context_answer.parquet,25000,23571600,4714320.0,t0_fsopt,,,,,,,,,,,,,flan_submixture,flan_collection_uncovered_expression,direct terms where identified; Article 4 for uncovered expression
flan,t0_fsopt_data__adversarial_qa_dbert_tell_what_it_is.parquet,25000,24676325,4935265.0,t0_fsopt,,,,,,,,,,,,,flan_submixture,flan_collection_uncovered_expression,direct terms where identified; Article 4 for uncovered expression
flan,t0_fsopt_data__adversarial_qa_dbidaf_answer_the_following_q.parquet,25000,25173576,5034715.2,t0_fsopt,,,,,,,,,,,,,flan_submixture,flan_collection_uncovered_expression,direct terms where identified; Article 4 for uncovered expression
flan,t0_fsopt_data__adversarial_qa_dbidaf_based_on.parquet,25000,23952486,4790497.2,t0_fsopt,,,,,,,,,,,,,flan_submixture,flan_collection_uncovered_expression,direct terms where identified; Article 4 for uncovered expression
flan,t0_fsopt_data__adversarial_qa_dbidaf_generate_question.parquet,25000,25334993,5066998.6,t0_fsopt,,,,,,,,,,,,,flan_submixture,flan_collection_uncovered_expression,direct terms where identified; Article 4 for uncovered expression
flan,t0_fsopt_data__adversarial_qa_dbidaf_question_context_answer.parquet,25000,23324769,4664953.8,t0_fsopt,,,,,,,,,,,,,flan_submixture,flan_collection_uncovered_expression,direct terms where identified; Article 4 for uncovered expression
flan,t0_fsopt_data__adversarial_qa_dbidaf_tell_what_it_is.parquet,25000,24592112,4918422.4,t0_fsopt,,,,,,,,,,,,,flan_submixture,flan_collection_uncovered_expression,direct terms where identified; Article 4 for uncovered expression
flan,t0_fsopt_data__adversarial_qa_droberta_answer_the_following_q.parquet,25000,25049372,5009874.4,t0_fsopt,,,,,,,,,,,,,flan_submixture,flan_collection_uncovered_expression,direct terms where identified; Article 4 for uncovered expression
flan,t0_fsopt_data__adversarial_qa_droberta_based_on.parquet,25000,23705852,4741170.4,t0_fsopt,,,,,,,,,,,,,flan_submixture,flan_collection_uncovered_expression,direct terms where identified; Article 4 for uncovered expression
flan,t0_fsopt_data__adversarial_qa_droberta_generate_question.parquet,25000,25072884,5014576.8,t0_fsopt,,,,,,,,,,,,,flan_submixture,flan_collection_uncovered_expression,direct terms where identified; Article 4 for uncovered expression
flan,t0_fsopt_data__adversarial_qa_droberta_question_context_answer.parquet,25000,23201968,4640393.6,t0_fsopt,,,,,,,,,,,,,flan_submixture,flan_collection_uncovered_expression,direct terms where identified; Article 4 for uncovered expression
flan,t0_fsopt_data__adversarial_qa_droberta_tell_what_it_is.parquet,25000,24408203,4881640.6,t0_fsopt,,,,,,,,,,,,,flan_submixture,flan_collection_uncovered_expression,direct terms where identified; Article 4 for uncovered expression
flan,t0_fsopt_data__cos_e_v1.11_aligned_with_common_sense.parquet,25000,9369527,1873905.4,t0_fsopt,,,,,,,,,,,,,flan_submixture,flan_collection_uncovered_expression,direct terms where identified; Article 4 for uncovered expression
flan,t0_fsopt_data__cos_e_v1.11_description_question_option_id.parquet,25000,7761226,1552245.2,t0_fsopt,,,,,,,,,,,,,flan_submixture,flan_collection_uncovered_expression,direct terms where identified; Article 4 for uncovered expression
flan,t0_fsopt_data__cos_e_v1.11_description_question_option_text.parquet,25000,6662884,1332576.8,t0_fsopt,,,,,,,,,,,,,flan_submixture,flan_collection_uncovered_expression,direct terms where identified; Article 4 for uncovered expression
flan,t0_fsopt_data__cos_e_v1.11_explain_why_human.parquet,25000,8190506,1638101.2,t0_fsopt,,,,,,,,,,,,,flan_submixture,flan_collection_uncovered_expression,direct terms where identified; Article 4 for uncovered expression
flan,t0_fsopt_data__cos_e_v1.11_generate_explanation_given_text.parquet,25000,7230270,1446054.0,t0_fsopt,,,,,,,,,,,,,flan_submixture,flan_collection_uncovered_expression,direct terms where identified; Article 4 for uncovered expression
flan,t0_fsopt_data__cos_e_v1.11_i_think.parquet,25000,9359402,1871880.4,t0_fsopt,,,,,,,,,,,,,flan_submixture,flan_collection_uncovered_expression,direct terms where identified; Article 4 for uncovered expression
flan,t0_fsopt_data__cos_e_v1.11_question_description_option_id.parquet,25000,7262665,1452533.0,t0_fsopt,,,,,,,,,,,,,flan_submixture,flan_collection_uncovered_expression,direct terms where identified; Article 4 for uncovered expression
flan,t0_fsopt_data__cos_e_v1.11_question_description_option_text.parquet,25000,6162773,1232554.6,t0_fsopt,,,,,,,,,,,,,flan_submixture,flan_collection_uncovered_expression,direct terms where identified; Article 4 for uncovered expression
flan,t0_fsopt_data__cos_e_v1.11_question_option_description_id.parquet,25000,6320926,1264185.2,t0_fsopt,,,,,,,,,,,,,flan_submixture,flan_collection_uncovered_expression,direct terms where identified; Article 4 for uncovered expression
flan,t0_fsopt_data__cos_e_v1.11_question_option_description_text.parquet,25000,5218562,1043712.4,t0_fsopt,,,,,,,,,,,,,flan_submixture,flan_collection_uncovered_expression,direct terms where identified; Article 4 for uncovered expression
flan,t0_fsopt_data__cos_e_v1.11_rationale.parquet,25000,8199001,1639800.2,t0_fsopt,,,,,,,,,,,,,flan_submixture,flan_collection_uncovered_expression,direct terms where identified; Article 4 for uncovered expression
flan,t0_fsopt_data__dbpedia_14_given_a_choice_of_categories_.parquet,25000,15619913,3123982.6,t0_fsopt,,,,,,,,,,,,,flan_submixture,flan_collection_uncovered_expression,direct terms where identified; Article 4 for uncovered expression
flan,t0_fsopt_data__dbpedia_14_given_a_list_of_category_what_does_the_title_belong_to.parquet,25000,7765948,1553189.6,t0_fsopt,,,,,,,,,,,,,flan_submixture,flan_collection_uncovered_expression,direct terms where identified; Article 4 for uncovered expression
flan,t0_fsopt_data__dbpedia_14_given_list_what_category_does_the_paragraph_belong_to.parquet,25000,14970988,2994197.6,t0_fsopt,,,,,,,,,,,,,flan_submixture,flan_collection_uncovered_expression,direct terms where identified; Article 4 for uncovered expression
flan,t0_fsopt_data__dbpedia_14_pick_one_category_for_the_following_text.parquet,25000,15613342,3122668.4,t0_fsopt,,,,,,,,,,,,,flan_submixture,flan_collection_uncovered_expression,direct terms where identified; Article 4 for uncovered expression
flan,t0_fsopt_data__duorc_ParaphraseRC_answer_question.parquet,25000,36987496,7397499.2,t0_fsopt,,,,,,,,,,,,,flan_submixture,flan_collection_uncovered_expression,direct terms where identified; Article 4 for uncovered expression
flan,t0_fsopt_data__duorc_ParaphraseRC_build_story_around_qa.parquet,25000,44343509,8868701.8,t0_fsopt,,,,,,,,,,,,,flan_submixture,flan_collection_uncovered_expression,direct terms where identified; Article 4 for uncovered expression
flan,t0_fsopt_data__duorc_ParaphraseRC_decide_worth_it.parquet,25000,37637268,7527453.6,t0_fsopt,,,,,,,,,,,,,flan_submixture,flan_collection_uncovered_expression,direct terms where identified; Article 4 for uncovered expression
flan,t0_fsopt_data__duorc_ParaphraseRC_extract_answer.parquet,25000,36996195,7399239.0,t0_fsopt,,,,,,,,,,,,,flan_submixture,flan_collection_uncovered_expression,direct terms where identified; Article 4 for uncovered expression
flan,t0_fsopt_data__duorc_ParaphraseRC_generate_question.parquet,25000,35238266,7047653.2,t0_fsopt,,,,,,,,,,,,,flan_submixture,flan_collection_uncovered_expression,direct terms where identified; Article 4 for uncovered expression
flan,t0_fsopt_data__duorc_ParaphraseRC_generate_question_by_answer.parquet,25000,36118361,7223672.2,t0_fsopt,,,,,,,,,,,,,flan_submixture,flan_collection_uncovered_expression,direct terms where identified; Article 4 for uncovered expression
flan,t0_fsopt_data__duorc_ParaphraseRC_movie_director.parquet,25000,37411242,7482248.4,t0_fsopt,,,,,,,,,,,,,flan_submixture,flan_collection_uncovered_expression,direct terms where identified; Article 4 for uncovered expression
flan,t0_fsopt_data__duorc_ParaphraseRC_question_answering.parquet,25000,36338431,7267686.2,t0_fsopt,,,,,,,,,,,,,flan_submixture,flan_collection_uncovered_expression,direct terms where identified; Article 4 for uncovered expression
flan,t0_fsopt_data__duorc_ParaphraseRC_title_generation.parquet,25000,34966080,6993216.0,t0_fsopt,,,,,,,,,,,,,flan_submixture,flan_collection_uncovered_expression,direct terms where identified; Article 4 for uncovered expression
flan,t0_fsopt_data__duorc_SelfRC_answer_question.parquet,25000,36341554,7268310.8,t0_fsopt,,,,,,,,,,,,,flan_submixture,flan_collection_uncovered_expression,direct terms where identified; Article 4 for uncovered expression
flan,t0_fsopt_data__duorc_SelfRC_build_story_around_qa.parquet,25000,42975548,8595109.6,t0_fsopt,,,,,,,,,,,,,flan_submixture,flan_collection_uncovered_expression,direct terms where identified; Article 4 for uncovered expression
flan,t0_fsopt_data__duorc_SelfRC_decide_worth_it.parquet,25000,37169733,7433946.6,t0_fsopt,,,,,,,,,,,,,flan_submixture,flan_collection_uncovered_expression,direct terms where identified; Article 4 for uncovered expression
flan,t0_fsopt_data__duorc_SelfRC_extract_answer.parquet,25000,36360005,7272001.0,t0_fsopt,,,,,,,,,,,,,flan_submixture,flan_collection_uncovered_expression,direct terms where identified; Article 4 for uncovered expression
flan,t0_fsopt_data__duorc_SelfRC_generate_question.parquet,25000,34942416,6988483.2,t0_fsopt,,,,,,,,,,,,,flan_submixture,flan_collection_uncovered_expression,direct terms where identified; Article 4 for uncovered expression
flan,t0_fsopt_data__duorc_SelfRC_generate_question_by_answer.parquet,25000,35553364,7110672.8,t0_fsopt,,,,,,,,,,,,,flan_submixture,flan_collection_uncovered_expression,direct terms where identified; Article 4 for uncovered expression
flan,t0_fsopt_data__duorc_SelfRC_movie_director.parquet,25000,36838322,7367664.4,t0_fsopt,,,,,,,,,,,,,flan_submixture,flan_collection_uncovered_expression,direct terms where identified; Article 4 for uncovered expression
flan,t0_fsopt_data__duorc_SelfRC_question_answering.parquet,25000,35661684,7132336.8,t0_fsopt,,,,,,,,,,,,,flan_submixture,flan_collection_uncovered_expression,direct terms where identified; Article 4 for uncovered expression
flan,t0_fsopt_data__duorc_SelfRC_title_generation.parquet,25000,34753433,6950686.6,t0_fsopt,,,,,,,,,,,,,flan_submixture,flan_collection_uncovered_expression,direct terms where identified; Article 4 for uncovered expression
flan,t0_fsopt_data__qasc_is_correct_1.parquet,25000,6939181,1387836.2,t0_fsopt,,,,,,,,,,,,,flan_submixture,flan_collection_uncovered_expression,direct terms where identified; Article 4 for uncovered expression
flan,t0_fsopt_data__qasc_is_correct_2.parquet,25000,6838055,1367611.0,t0_fsopt,,,,,,,,,,,,,flan_submixture,flan_collection_uncovered_expression,direct terms where identified; Article 4 for uncovered expression
flan,t0_fsopt_data__qasc_qa_with_combined_facts_1.parquet,25000,7918212,1583642.4,t0_fsopt,,,,,,,,,,,,,flan_submixture,flan_collection_uncovered_expression,direct terms where identified; Article 4 for uncovered expression
flan,t0_fsopt_data__qasc_qa_with_separated_facts_1.parquet,25000,9613668,1922733.6,t0_fsopt,,,,,,,,,,,,,flan_submixture,flan_collection_uncovered_expression,direct terms where identified; Article 4 for uncovered expression
flan,t0_fsopt_data__qasc_qa_with_separated_facts_2.parquet,25000,11658343,2331668.6,t0_fsopt,,,,,,,,,,,,,flan_submixture,flan_collection_uncovered_expression,direct terms where identified; Article 4 for uncovered expression
flan,t0_fsopt_data__qasc_qa_with_separated_facts_3.parquet,25000,10997573,2199514.6,t0_fsopt,,,,,,,,,,,,,flan_submixture,flan_collection_uncovered_expression,direct terms where identified; Article 4 for uncovered expression
flan,t0_fsopt_data__qasc_qa_with_separated_facts_4.parquet,25000,11275126,2255025.2,t0_fsopt,,,,,,,,,,,,,flan_submixture,flan_collection_uncovered_expression,direct terms where identified; Article 4 for uncovered expression
flan,t0_fsopt_data__qasc_qa_with_separated_facts_5.parquet,25000,14777645,2955529.0,t0_fsopt,,,,,,,,,,,,,flan_submixture,flan_collection_uncovered_expression,direct terms where identified; Article 4 for uncovered expression
flan,t0_fsopt_data__quail_context_description_question_answer_id.parquet,25000,36024782,7204956.4,t0_fsopt,,,,,,,,,,,,,flan_submixture,flan_collection_uncovered_expression,direct terms where identified; Article 4 for uncovered expression
flan,t0_fsopt_data__quail_context_description_question_answer_text.parquet,25000,35596263,7119252.6,t0_fsopt,,,,,,,,,,,,,flan_submixture,flan_collection_uncovered_expression,direct terms where identified; Article 4 for uncovered expression
flan,t0_fsopt_data__quail_context_description_question_text.parquet,25000,35775140,7155028.0,t0_fsopt,,,,,,,,,,,,,flan_submixture,flan_collection_uncovered_expression,direct terms where identified; Article 4 for uncovered expression
flan,t0_fsopt_data__quail_context_question_answer_description_id.parquet,25000,36061796,7212359.2,t0_fsopt,,,,,,,,,,,,,flan_submixture,flan_collection_uncovered_expression,direct terms where identified; Article 4 for uncovered expression
flan,t0_fsopt_data__quail_context_question_answer_description_text.parquet,25000,35637727,7127545.4,t0_fsopt,,,,,,,,,,,,,flan_submixture,flan_collection_uncovered_expression,direct terms where identified; Article 4 for uncovered expression
flan,t0_fsopt_data__quail_context_question_description_answer_id.parquet,25000,36296775,7259355.0,t0_fsopt,,,,,,,,,,,,,flan_submixture,flan_collection_uncovered_expression,direct terms where identified; Article 4 for uncovered expression
flan,t0_fsopt_data__quail_context_question_description_answer_text.parquet,25000,35568120,7113624.0,t0_fsopt,,,,,,,,,,,,,flan_submixture,flan_collection_uncovered_expression,direct terms where identified; Article 4 for uncovered expression
flan,t0_fsopt_data__quail_context_question_description_text.parquet,25000,35606185,7121237.0,t0_fsopt,,,,,,,,,,,,,flan_submixture,flan_collection_uncovered_expression,direct terms where identified; Article 4 for uncovered expression
flan,t0_fsopt_data__quail_description_context_question_answer_id.parquet,25000,35979054,7195810.8,t0_fsopt,,,,,,,,,,,,,flan_submixture,flan_collection_uncovered_expression,direct terms where identified; Article 4 for uncovered expression
flan,t0_fsopt_data__quail_description_context_question_answer_text.parquet,25000,35560618,7112123.6,t0_fsopt,,,,,,,,,,,,,flan_submixture,flan_collection_uncovered_expression,direct terms where identified; Article 4 for uncovered expression
flan,t0_fsopt_data__quail_description_context_question_text.parquet,25000,35801397,7160279.4,t0_fsopt,,,,,,,,,,,,,flan_submixture,flan_collection_uncovered_expression,direct terms where identified; Article 4 for uncovered expression
flan,t0_fsopt_data__quail_no_prompt_id.parquet,25000,36890198,7378039.6,t0_fsopt,,,,,,,,,,,,,flan_submixture,flan_collection_uncovered_expression,direct terms where identified; Article 4 for uncovered expression
flan,t0_fsopt_data__quail_no_prompt_text.parquet,25000,36058950,7211790.0,t0_fsopt,,,,,,,,,,,,,flan_submixture,flan_collection_uncovered_expression,direct terms where identified; Article 4 for uncovered expression
flan,t0_fsopt_data__quarel_choose_between.parquet,15165,5048320,1009664.0,t0_fsopt,,,,,,,,,,,,,flan_submixture,flan_collection_uncovered_expression,direct terms where identified; Article 4 for uncovered expression
flan,t0_fsopt_data__quarel_do_not_use.parquet,15215,6014240,1202848.0,t0_fsopt,,,,,,,,,,,,,flan_submixture,flan_collection_uncovered_expression,direct terms where identified; Article 4 for uncovered expression
flan,t0_fsopt_data__quarel_heres_a_story.parquet,15040,5933220,1186644.0,t0_fsopt,,,,,,,,,,,,,flan_submixture,flan_collection_uncovered_expression,direct terms where identified; Article 4 for uncovered expression
flan,t0_fsopt_data__quarel_logic_test.parquet,14840,5394000,1078800.0,t0_fsopt,,,,,,,,,,,,,flan_submixture,flan_collection_uncovered_expression,direct terms where identified; Article 4 for uncovered expression
flan,t0_fsopt_data__quarel_testing_students.parquet,14760,5856555,1171311.0,t0_fsopt,,,,,,,,,,,,,flan_submixture,flan_collection_uncovered_expression,direct terms where identified; Article 4 for uncovered expression
flan,t0_fsopt_data__quartz_answer_question_based_on.parquet,20735,7236105,1447221.0,t0_fsopt,,,,,,,,,,,,,flan_submixture,flan_collection_uncovered_expression,direct terms where identified; Article 4 for uncovered expression
flan,t0_fsopt_data__quartz_answer_question_below.parquet,20510,6552195,1310439.0,t0_fsopt,,,,,,,,,,,,,flan_submixture,flan_collection_uncovered_expression,direct terms where identified; Article 4 for uncovered expression
flan,t0_fsopt_data__quartz_given_the_fact_answer_the_q.parquet,20530,6683290,1336658.0,t0_fsopt,,,,,,,,,,,,,flan_submixture,flan_collection_uncovered_expression,direct terms where identified; Article 4 for uncovered expression
flan,t0_fsopt_data__quartz_having_read_above_passage.parquet,21450,8208015,1641603.0,t0_fsopt,,,,,,,,,,,,,flan_submixture,flan_collection_uncovered_expression,direct terms where identified; Article 4 for uncovered expression
flan,t0_fsopt_data__quartz_paragraph_question_plain_concat.parquet,21600,5853055,1170611.0,t0_fsopt,,,,,,,,,,,,,flan_submixture,flan_collection_uncovered_expression,direct terms where identified; Article 4 for uncovered expression
flan,t0_fsopt_data__quartz_read_passage_below_choose.parquet,20665,7790135,1558027.0,t0_fsopt,,,,,,,,,,,,,flan_submixture,flan_collection_uncovered_expression,direct terms where identified; Article 4 for uncovered expression
flan,t0_fsopt_data__quartz_use_info_from_paragraph_question.parquet,21400,7589635,1517927.0,t0_fsopt,,,,,,,,,,,,,flan_submixture,flan_collection_uncovered_expression,direct terms where identified; Article 4 for uncovered expression
flan,t0_fsopt_data__quartz_use_info_from_question_paragraph.parquet,20940,7421400,1484280.0,t0_fsopt,,,,,,,,,,,,,flan_submixture,flan_collection_uncovered_expression,direct terms where identified; Article 4 for uncovered expression
flan,t0_fsopt_data__quoref_Answer_Friend_Question.parquet,25000,36200089,7240017.8,t0_fsopt,,,,,,,,,,,,,flan_submixture,flan_collection_uncovered_expression,direct terms where identified; Article 4 for uncovered expression
flan,t0_fsopt_data__quoref_Answer_Question_Given_Context.parquet,25000,36716835,7343367.0,t0_fsopt,,,,,,,,,,,,,flan_submixture,flan_collection_uncovered_expression,direct terms where identified; Article 4 for uncovered expression
flan,t0_fsopt_data__quoref_Answer_Test.parquet,25000,36390504,7278100.8,t0_fsopt,,,,,,,,,,,,,flan_submixture,flan_collection_uncovered_expression,direct terms where identified; Article 4 for uncovered expression
flan,t0_fsopt_data__quoref_Context_Contains_Answer.parquet,25000,36279446,7255889.2,t0_fsopt,,,,,,,,,,,,,flan_submixture,flan_collection_uncovered_expression,direct terms where identified; Article 4 for uncovered expression
flan,t0_fsopt_data__quoref_Find_Answer.parquet,25000,36472302,7294460.4,t0_fsopt,,,,,,,,,,,,,flan_submixture,flan_collection_uncovered_expression,direct terms where identified; Article 4 for uncovered expression
flan,t0_fsopt_data__quoref_Found_Context_Online.parquet,25000,36538042,7307608.4,t0_fsopt,,,,,,,,,,,,,flan_submixture,flan_collection_uncovered_expression,direct terms where identified; Article 4 for uncovered expression
flan,t0_fsopt_data__quoref_Given_Context_Answer_Question.parquet,25000,36468084,7293616.8,t0_fsopt,,,,,,,,,,,,,flan_submixture,flan_collection_uncovered_expression,direct terms where identified; Article 4 for uncovered expression
flan,t0_fsopt_data__quoref_Guess_Answer.parquet,25000,36287222,7257444.4,t0_fsopt,,,,,,,,,,,,,flan_submixture,flan_collection_uncovered_expression,direct terms where identified; Article 4 for uncovered expression
flan,t0_fsopt_data__quoref_Guess_Title_For_Context.parquet,25000,36863336,7372667.2,t0_fsopt,,,,,,,,,,,,,flan_submixture,flan_collection_uncovered_expression,direct terms where identified; Article 4 for uncovered expression
flan,t0_fsopt_data__quoref_Read_And_Extract_.parquet,25000,36508139,7301627.8,t0_fsopt,,,,,,,,,,,,,flan_submixture,flan_collection_uncovered_expression,direct terms where identified; Article 4 for uncovered expression
flan,t0_fsopt_data__quoref_What_Is_The_Answer.parquet,25000,36418538,7283707.6,t0_fsopt,,,,,,,,,,,,,flan_submixture,flan_collection_uncovered_expression,direct terms where identified; Article 4 for uncovered expression
flan,t0_fsopt_data__sciq_Direct_Question.parquet,25000,16867113,3373422.6,t0_fsopt,,,,,,,,,,,,,flan_submixture,flan_collection_uncovered_expression,direct terms where identified; Article 4 for uncovered expression
flan,t0_fsopt_data__sciq_Direct_Question_Closed_Book_.parquet,25000,5796778,1159355.6,t0_fsopt,,,,,,,,,,,,,flan_submixture,flan_collection_uncovered_expression,direct terms where identified; Article 4 for uncovered expression
flan,t0_fsopt_data__sciq_Multiple_Choice.parquet,25000,16817534,3363506.8,t0_fsopt,,,,,,,,,,,,,flan_submixture,flan_collection_uncovered_expression,direct terms where identified; Article 4 for uncovered expression
flan,t0_fsopt_data__sciq_Multiple_Choice_Closed_Book_.parquet,25000,5778388,1155677.6,t0_fsopt,,,,,,,,,,,,,flan_submixture,flan_collection_uncovered_expression,direct terms where identified; Article 4 for uncovered expression
flan,t0_fsopt_data__sciq_Multiple_Choice_Question_First.parquet,25000,17422950,3484590.0,t0_fsopt,,,,,,,,,,,,,flan_submixture,flan_collection_uncovered_expression,direct terms where identified; Article 4 for uncovered expression
flan,t0_fsopt_data__social_i_qa_Check_if_a_random_answer_is_valid_or_not.parquet,25000,6967785,1393557.0,t0_fsopt,,,,,,,,,,,,,flan_submixture,flan_collection_uncovered_expression,direct terms where identified; Article 4 for uncovered expression
flan,t0_fsopt_data__social_i_qa_Generate_answer.parquet,25000,7371925,1474385.0,t0_fsopt,,,,,,,,,,,,,flan_submixture,flan_collection_uncovered_expression,direct terms where identified; Article 4 for uncovered expression
flan,t0_fsopt_data__social_i_qa_Generate_the_question_from_the_answer.parquet,25000,6507132,1301426.4,t0_fsopt,,,,,,,,,,,,,flan_submixture,flan_collection_uncovered_expression,direct terms where identified; Article 4 for uncovered expression
flan,t0_fsopt_data__social_i_qa_I_was_wondering.parquet,25000,7701653,1540330.6,t0_fsopt,,,,,,,,,,,,,flan_submixture,flan_collection_uncovered_expression,direct terms where identified; Article 4 for uncovered expression
flan,t0_fsopt_data__social_i_qa_Show_choices_and_generate_answer.parquet,25000,6947239,1389447.8,t0_fsopt,,,,,,,,,,,,,flan_submixture,flan_collection_uncovered_expression,direct terms where identified; Article 4 for uncovered expression
flan,t0_fsopt_data__social_i_qa_Show_choices_and_generate_index.parquet,25000,8740304,1748060.8,t0_fsopt,,,,,,,,,,,,,flan_submixture,flan_collection_uncovered_expression,direct terms where identified; Article 4 for uncovered expression
flan,t0_fsopt_data__wiki_bio_comprehension.parquet,25000,34972205,6994441.0,t0_fsopt,,,,,,,,,,,,,flan_submixture,flan_collection_uncovered_expression,direct terms where identified; Article 4 for uncovered expression
flan,t0_fsopt_data__wiki_bio_guess_person.parquet,25000,20463686,4092737.2,t0_fsopt,,,,,,,,,,,,,flan_submixture,flan_collection_uncovered_expression,direct terms where identified; Article 4 for uncovered expression
flan,t0_fsopt_data__wiki_bio_key_content.parquet,25000,32947227,6589445.4,t0_fsopt,,,,,,,,,,,,,flan_submixture,flan_collection_uncovered_expression,direct terms where identified; Article 4 for uncovered expression
flan,t0_fsopt_data__wiki_bio_what_content.parquet,25000,23054629,4610925.8,t0_fsopt,,,,,,,,,,,,,flan_submixture,flan_collection_uncovered_expression,direct terms where identified; Article 4 for uncovered expression
flan,t0_fsopt_data__wiki_bio_who.parquet,25000,33981851,6796370.2,t0_fsopt,,,,,,,,,,,,,flan_submixture,flan_collection_uncovered_expression,direct terms where identified; Article 4 for uncovered expression
flan,t0_fsopt_data__wiki_hop_original_choose_best_object_affirmative_1.parquet,25000,35734124,7146824.8,t0_fsopt,,,,,,,,,,,,,flan_submixture,flan_collection_uncovered_expression,direct terms where identified; Article 4 for uncovered expression
flan,t0_fsopt_data__wiki_hop_original_choose_best_object_affirmative_2.parquet,25000,35723854,7144770.8,t0_fsopt,,,,,,,,,,,,,flan_submixture,flan_collection_uncovered_expression,direct terms where identified; Article 4 for uncovered expression
flan,t0_fsopt_data__wiki_hop_original_choose_best_object_affirmative_3.parquet,25000,35869129,7173825.8,t0_fsopt,,,,,,,,,,,,,flan_submixture,flan_collection_uncovered_expression,direct terms where identified; Article 4 for uncovered expression
flan,t0_fsopt_data__wiki_hop_original_choose_best_object_interrogative_1.parquet,25000,35553240,7110648.0,t0_fsopt,,,,,,,,,,,,,flan_submixture,flan_collection_uncovered_expression,direct terms where identified; Article 4 for uncovered expression
flan,t0_fsopt_data__wiki_hop_original_choose_best_object_interrogative_2.parquet,25000,35591625,7118325.0,t0_fsopt,,,,,,,,,,,,,flan_submixture,flan_collection_uncovered_expression,direct terms where identified; Article 4 for uncovered expression
flan,t0_fsopt_data__wiki_hop_original_explain_relation.parquet,25000,35420946,7084189.2,t0_fsopt,,,,,,,,,,,,,flan_submixture,flan_collection_uncovered_expression,direct terms where identified; Article 4 for uncovered expression
flan,t0_fsopt_data__wiki_hop_original_generate_object.parquet,25000,35465995,7093199.0,t0_fsopt,,,,,,,,,,,,,flan_submixture,flan_collection_uncovered_expression,direct terms where identified; Article 4 for uncovered expression
flan,t0_fsopt_data__wiki_hop_original_generate_subject.parquet,25000,35548125,7109625.0,t0_fsopt,,,,,,,,,,,,,flan_submixture,flan_collection_uncovered_expression,direct terms where identified; Article 4 for uncovered expression
flan,t0_fsopt_data__wiki_hop_original_generate_subject_and_object.parquet,25000,35665591,7133118.2,t0_fsopt,,,,,,,,,,,,,flan_submixture,flan_collection_uncovered_expression,direct terms where identified; Article 4 for uncovered expression
flan,t0_fsopt_data__wiki_qa_Decide_good_answer.parquet,25000,8225184,1645036.8,t0_fsopt,,,,,,,,,,,,,flan_submixture,flan_collection_uncovered_expression,direct terms where identified; Article 4 for uncovered expression
flan,t0_fsopt_data__wiki_qa_Direct_Answer_to_Question.parquet,8090,2268775,453755.0,t0_fsopt,,,,,,,,,,,,,flan_submixture,flan_collection_uncovered_expression,direct terms where identified; Article 4 for uncovered expression
flan,t0_fsopt_data__wiki_qa_Generate_Question_from_Topic.parquet,8250,2834015,566803.0,t0_fsopt,,,,,,,,,,,,,flan_submixture,flan_collection_uncovered_expression,direct terms where identified; Article 4 for uncovered expression
flan,t0_fsopt_data__wiki_qa_Is_This_True_.parquet,25000,7870188,1574037.6,t0_fsopt,,,,,,,,,,,,,flan_submixture,flan_collection_uncovered_expression,direct terms where identified; Article 4 for uncovered expression
flan,t0_fsopt_data__wiki_qa_Jeopardy_style.parquet,8175,2773075,554615.0,t0_fsopt,,,,,,,,,,,,,flan_submixture,flan_collection_uncovered_expression,direct terms where identified; Article 4 for uncovered expression
flan,t0_fsopt_data__wiki_qa_Topic_Prediction_Answer_Only.parquet,7940,2259175,451835.0,t0_fsopt,,,,,,,,,,,,,flan_submixture,flan_collection_uncovered_expression,direct terms where identified; Article 4 for uncovered expression
flan,t0_fsopt_data__wiki_qa_Topic_Prediction_Question_Only.parquet,7570,1266270,253254.0,t0_fsopt,,,,,,,,,,,,,flan_submixture,flan_collection_uncovered_expression,direct terms where identified; Article 4 for uncovered expression
flan,t0_fsopt_data__wiki_qa_Topic_Prediction_Question_and_Answer_Pair.parquet,8260,3111520,622304.0,t0_fsopt,,,,,,,,,,,,,flan_submixture,flan_collection_uncovered_expression,direct terms where identified; Article 4 for uncovered expression
flan,t0_fsopt_data__wiki_qa_automatic_system.parquet,25000,9556344,1911268.8,t0_fsopt,,,,,,,,,,,,,flan_submixture,flan_collection_uncovered_expression,direct terms where identified; Article 4 for uncovered expression
flan,t0_fsopt_data__wiki_qa_exercise.parquet,25000,9634959,1926991.8,t0_fsopt,,,,,,,,,,,,,flan_submixture,flan_collection_uncovered_expression,direct terms where identified; Article 4 for uncovered expression
flan,t0_fsopt_data__wiki_qa_found_on_google.parquet,25000,7953417,1590683.4,t0_fsopt,,,,,,,,,,,,,flan_submixture,flan_collection_uncovered_expression,direct terms where identified; Article 4 for uncovered expression
flan,t0_fsopt_data__wiqa_does_the_supposed_perturbation_have_an_effect.parquet,25000,14632536,2926507.2,t0_fsopt,,,,,,,,,,,,,flan_submixture,flan_collection_uncovered_expression,direct terms where identified; Article 4 for uncovered expression
flan,t0_fsopt_data__wiqa_effect_with_label_answer.parquet,25000,13886625,2777325.0,t0_fsopt,,,,,,,,,,,,,flan_submixture,flan_collection_uncovered_expression,direct terms where identified; Article 4 for uncovered expression
flan,t0_fsopt_data__wiqa_effect_with_string_answer.parquet,25000,14695563,2939112.6,t0_fsopt,,,,,,,,,,,,,flan_submixture,flan_collection_uncovered_expression,direct terms where identified; Article 4 for uncovered expression
flan,t0_fsopt_data__wiqa_what_is_the_final_step_of_the_following_process.parquet,25000,10403468,2080693.6,t0_fsopt,,,,,,,,,,,,,flan_submixture,flan_collection_uncovered_expression,direct terms where identified; Article 4 for uncovered expression
flan,t0_fsopt_data__wiqa_what_is_the_missing_first_step.parquet,25000,10664090,2132818.0,t0_fsopt,,,,,,,,,,,,,flan_submixture,flan_collection_uncovered_expression,direct terms where identified; Article 4 for uncovered expression
flan,t0_fsopt_data__wiqa_what_might_be_the_first_step_of_the_process.parquet,25000,10533984,2106796.8,t0_fsopt,,,,,,,,,,,,,flan_submixture,flan_collection_uncovered_expression,direct terms where identified; Article 4 for uncovered expression
flan,t0_fsopt_data__wiqa_what_might_be_the_last_step_of_the_process.parquet,25000,10520069,2104013.8,t0_fsopt,,,,,,,,,,,,,flan_submixture,flan_collection_uncovered_expression,direct terms where identified; Article 4 for uncovered expression
flan,t0_fsopt_data__wiqa_which_of_the_following_is_the_supposed_perturbation.parquet,25000,17228493,3445698.6,t0_fsopt,,,,,,,,,,,,,flan_submixture,flan_collection_uncovered_expression,direct terms where identified; Article 4 for uncovered expression
flan,t0_zsnoopt_data__adversarial_qa_dbert_answer_the_following_q.parquet,25000,5430680,1086136.0,t0_zsnoopt,,,,,,,,,,,,,flan_submixture,flan_collection_uncovered_expression,direct terms where identified; Article 4 for uncovered expression
flan,t0_zsnoopt_data__adversarial_qa_dbert_based_on.parquet,25000,5173863,1034772.6,t0_zsnoopt,,,,,,,,,,,,,flan_submixture,flan_collection_uncovered_expression,direct terms where identified; Article 4 for uncovered expression
flan,t0_zsnoopt_data__adversarial_qa_dbert_generate_question.parquet,25000,5481521,1096304.2,t0_zsnoopt,,,,,,,,,,,,,flan_submixture,flan_collection_uncovered_expression,direct terms where identified; Article 4 for uncovered expression
flan,t0_zsnoopt_data__adversarial_qa_dbert_question_context_answer.parquet,25000,5049560,1009912.0,t0_zsnoopt,,,,,,,,,,,,,flan_submixture,flan_collection_uncovered_expression,direct terms where identified; Article 4 for uncovered expression
flan,t0_zsnoopt_data__adversarial_qa_dbert_tell_what_it_is.parquet,25000,5298164,1059632.8,t0_zsnoopt,,,,,,,,,,,,,flan_submixture,flan_collection_uncovered_expression,direct terms where identified; Article 4 for uncovered expression
flan,t0_zsnoopt_data__adversarial_qa_dbidaf_answer_the_following_q.parquet,25000,5412535,1082507.0,t0_zsnoopt,,,,,,,,,,,,,flan_submixture,flan_collection_uncovered_expression,direct terms where identified; Article 4 for uncovered expression
flan,t0_zsnoopt_data__adversarial_qa_dbidaf_based_on.parquet,25000,5163097,1032619.4,t0_zsnoopt,,,,,,,,,,,,,flan_submixture,flan_collection_uncovered_expression,direct terms where identified; Article 4 for uncovered expression
flan,t0_zsnoopt_data__adversarial_qa_dbidaf_generate_question.parquet,25000,5462826,1092565.2,t0_zsnoopt,,,,,,,,,,,,,flan_submixture,flan_collection_uncovered_expression,direct terms where identified; Article 4 for uncovered expression
flan,t0_zsnoopt_data__adversarial_qa_dbidaf_question_context_answer.parquet,25000,5030348,1006069.6,t0_zsnoopt,,,,,,,,,,,,,flan_submixture,flan_collection_uncovered_expression,direct terms where identified; Article 4 for uncovered expression
flan,t0_zsnoopt_data__adversarial_qa_dbidaf_tell_what_it_is.parquet,25000,5286299,1057259.8,t0_zsnoopt,,,,,,,,,,,,,flan_submixture,flan_collection_uncovered_expression,direct terms where identified; Article 4 for uncovered expression
flan,t0_zsnoopt_data__adversarial_qa_droberta_answer_the_following_q.parquet,25000,5349652,1069930.4,t0_zsnoopt,,,,,,,,,,,,,flan_submixture,flan_collection_uncovered_expression,direct terms where identified; Article 4 for uncovered expression
flan,t0_zsnoopt_data__adversarial_qa_droberta_based_on.parquet,25000,5093930,1018786.0,t0_zsnoopt,,,,,,,,,,,,,flan_submixture,flan_collection_uncovered_expression,direct terms where identified; Article 4 for uncovered expression
flan,t0_zsnoopt_data__adversarial_qa_droberta_generate_question.parquet,25000,5380280,1076056.0,t0_zsnoopt,,,,,,,,,,,,,flan_submixture,flan_collection_uncovered_expression,direct terms where identified; Article 4 for uncovered expression
flan,t0_zsnoopt_data__adversarial_qa_droberta_question_context_answer.parquet,25000,4975672,995134.4,t0_zsnoopt,,,,,,,,,,,,,flan_submixture,flan_collection_uncovered_expression,direct terms where identified; Article 4 for uncovered expression
flan,t0_zsnoopt_data__adversarial_qa_droberta_tell_what_it_is.parquet,25000,5230445,1046089.0,t0_zsnoopt,,,,,,,,,,,,,flan_submixture,flan_collection_uncovered_expression,direct terms where identified; Article 4 for uncovered expression
flan,t0_zsnoopt_data__cos_e_v1.11_aligned_with_common_sense.parquet,25000,2100683,420136.6,t0_zsnoopt,,,,,,,,,,,,,flan_submixture,flan_collection_uncovered_expression,direct terms where identified; Article 4 for uncovered expression
flan,t0_zsnoopt_data__cos_e_v1.11_description_question_option_id.parquet,25000,1833304,366660.8,t0_zsnoopt,,,,,,,,,,,,,flan_submixture,flan_collection_uncovered_expression,direct terms where identified; Article 4 for uncovered expression
flan,t0_zsnoopt_data__cos_e_v1.11_description_question_option_text.parquet,25000,1603323,320664.6,t0_zsnoopt,,,,,,,,,,,,,flan_submixture,flan_collection_uncovered_expression,direct terms where identified; Article 4 for uncovered expression
flan,t0_zsnoopt_data__cos_e_v1.11_explain_why_human.parquet,25000,1854408,370881.6,t0_zsnoopt,,,,,,,,,,,,,flan_submixture,flan_collection_uncovered_expression,direct terms where identified; Article 4 for uncovered expression
flan,t0_zsnoopt_data__cos_e_v1.11_generate_explanation_given_text.parquet,25000,1652473,330494.6,t0_zsnoopt,,,,,,,,,,,,,flan_submixture,flan_collection_uncovered_expression,direct terms where identified; Article 4 for uncovered expression
flan,t0_zsnoopt_data__cos_e_v1.11_i_think.parquet,25000,2102264,420452.8,t0_zsnoopt,,,,,,,,,,,,,flan_submixture,flan_collection_uncovered_expression,direct terms where identified; Article 4 for uncovered expression
flan,t0_zsnoopt_data__cos_e_v1.11_question_description_option_id.parquet,25000,1734527,346905.4,t0_zsnoopt,,,,,,,,,,,,,flan_submixture,flan_collection_uncovered_expression,direct terms where identified; Article 4 for uncovered expression
flan,t0_zsnoopt_data__cos_e_v1.11_question_description_option_text.parquet,25000,1504731,300946.2,t0_zsnoopt,,,,,,,,,,,,,flan_submixture,flan_collection_uncovered_expression,direct terms where identified; Article 4 for uncovered expression
flan,t0_zsnoopt_data__cos_e_v1.11_question_option_description_id.parquet,25000,1532897,306579.4,t0_zsnoopt,,,,,,,,,,,,,flan_submixture,flan_collection_uncovered_expression,direct terms where identified; Article 4 for uncovered expression
flan,t0_zsnoopt_data__cos_e_v1.11_question_option_description_text.parquet,25000,1304461,260892.2,t0_zsnoopt,,,,,,,,,,,,,flan_submixture,flan_collection_uncovered_expression,direct terms where identified; Article 4 for uncovered expression
flan,t0_zsnoopt_data__cos_e_v1.11_rationale.parquet,25000,1854324,370864.8,t0_zsnoopt,,,,,,,,,,,,,flan_submixture,flan_collection_uncovered_expression,direct terms where identified; Article 4 for uncovered expression
flan,t0_zsnoopt_data__dbpedia_14_given_a_choice_of_categories_.parquet,25000,3468115,693623.0,t0_zsnoopt,,,,,,,,,,,,,flan_submixture,flan_collection_uncovered_expression,direct terms where identified; Article 4 for uncovered expression
flan,t0_zsnoopt_data__dbpedia_14_given_a_list_of_category_what_does_the_title_belong_to.parquet,25000,1829842,365968.4,t0_zsnoopt,,,,,,,,,,,,,flan_submixture,flan_collection_uncovered_expression,direct terms where identified; Article 4 for uncovered expression
flan,t0_zsnoopt_data__dbpedia_14_given_list_what_category_does_the_paragraph_belong_to.parquet,25000,3342061,668412.2,t0_zsnoopt,,,,,,,,,,,,,flan_submixture,flan_collection_uncovered_expression,direct terms where identified; Article 4 for uncovered expression
flan,t0_zsnoopt_data__dbpedia_14_pick_one_category_for_the_following_text.parquet,25000,3469871,693974.2,t0_zsnoopt,,,,,,,,,,,,,flan_submixture,flan_collection_uncovered_expression,direct terms where identified; Article 4 for uncovered expression
flan,t0_zsnoopt_data__duorc_ParaphraseRC_answer_question.parquet,25000,12308416,2461683.2,t0_zsnoopt,,,,,,,,,,,,,flan_submixture,flan_collection_uncovered_expression,direct terms where identified; Article 4 for uncovered expression
flan,t0_zsnoopt_data__duorc_ParaphraseRC_build_story_around_qa.parquet,25000,11751880,2350376.0,t0_zsnoopt,,,,,,,,,,,,,flan_submixture,flan_collection_uncovered_expression,direct terms where identified; Article 4 for uncovered expression
flan,t0_zsnoopt_data__duorc_ParaphraseRC_decide_worth_it.parquet,25000,12720272,2544054.4,t0_zsnoopt,,,,,,,,,,,,,flan_submixture,flan_collection_uncovered_expression,direct terms where identified; Article 4 for uncovered expression
flan,t0_zsnoopt_data__duorc_ParaphraseRC_extract_answer.parquet,25000,12354541,2470908.2,t0_zsnoopt,,,,,,,,,,,,,flan_submixture,flan_collection_uncovered_expression,direct terms where identified; Article 4 for uncovered expression
flan,t0_zsnoopt_data__duorc_ParaphraseRC_generate_question.parquet,25000,11491786,2298357.2,t0_zsnoopt,,,,,,,,,,,,,flan_submixture,flan_collection_uncovered_expression,direct terms where identified; Article 4 for uncovered expression
flan,t0_zsnoopt_data__duorc_ParaphraseRC_generate_question_by_answer.parquet,25000,12035623,2407124.6,t0_zsnoopt,,,,,,,,,,,,,flan_submixture,flan_collection_uncovered_expression,direct terms where identified; Article 4 for uncovered expression
flan,t0_zsnoopt_data__duorc_ParaphraseRC_movie_director.parquet,25000,12565459,2513091.8,t0_zsnoopt,,,,,,,,,,,,,flan_submixture,flan_collection_uncovered_expression,direct terms where identified; Article 4 for uncovered expression
flan,t0_zsnoopt_data__duorc_ParaphraseRC_question_answering.parquet,25000,12027762,2405552.4,t0_zsnoopt,,,,,,,,,,,,,flan_submixture,flan_collection_uncovered_expression,direct terms where identified; Article 4 for uncovered expression
flan,t0_zsnoopt_data__duorc_ParaphraseRC_title_generation.parquet,25000,11382019,2276403.8,t0_zsnoopt,,,,,,,,,,,,,flan_submixture,flan_collection_uncovered_expression,direct terms where identified; Article 4 for uncovered expression
flan,t0_zsnoopt_data__duorc_SelfRC_answer_question.parquet,25000,12059333,2411866.6,t0_zsnoopt,,,,,,,,,,,,,flan_submixture,flan_collection_uncovered_expression,direct terms where identified; Article 4 for uncovered expression
flan,t0_zsnoopt_data__duorc_SelfRC_build_story_around_qa.parquet,25000,11261516,2252303.2,t0_zsnoopt,,,,,,,,,,,,,flan_submixture,flan_collection_uncovered_expression,direct terms where identified; Article 4 for uncovered expression
flan,t0_zsnoopt_data__duorc_SelfRC_decide_worth_it.parquet,25000,12435370,2487074.0,t0_zsnoopt,,,,,,,,,,,,,flan_submixture,flan_collection_uncovered_expression,direct terms where identified; Article 4 for uncovered expression
flan,t0_zsnoopt_data__duorc_SelfRC_extract_answer.parquet,25000,12091521,2418304.2,t0_zsnoopt,,,,,,,,,,,,,flan_submixture,flan_collection_uncovered_expression,direct terms where identified; Article 4 for uncovered expression
flan,t0_zsnoopt_data__duorc_SelfRC_generate_question.parquet,25000,11223048,2244609.6,t0_zsnoopt,,,,,,,,,,,,,flan_submixture,flan_collection_uncovered_expression,direct terms where identified; Article 4 for uncovered expression
flan,t0_zsnoopt_data__duorc_SelfRC_generate_question_by_answer.parquet,25000,11535715,2307143.0,t0_zsnoopt,,,,,,,,,,,,,flan_submixture,flan_collection_uncovered_expression,direct terms where identified; Article 4 for uncovered expression
flan,t0_zsnoopt_data__duorc_SelfRC_movie_director.parquet,25000,12292395,2458479.0,t0_zsnoopt,,,,,,,,,,,,,flan_submixture,flan_collection_uncovered_expression,direct terms where identified; Article 4 for uncovered expression
flan,t0_zsnoopt_data__duorc_SelfRC_question_answering.parquet,25000,11768423,2353684.6,t0_zsnoopt,,,,,,,,,,,,,flan_submixture,flan_collection_uncovered_expression,direct terms where identified; Article 4 for uncovered expression
flan,t0_zsnoopt_data__duorc_SelfRC_title_generation.parquet,25000,11118699,2223739.8,t0_zsnoopt,,,,,,,,,,,,,flan_submixture,flan_collection_uncovered_expression,direct terms where identified; Article 4 for uncovered expression
flan,t0_zsnoopt_data__qasc_is_correct_1.parquet,25000,1404567,280913.4,t0_zsnoopt,,,,,,,,,,,,,flan_submixture,flan_collection_uncovered_expression,direct terms where identified; Article 4 for uncovered expression
flan,t0_zsnoopt_data__qasc_is_correct_2.parquet,25000,1382857,276571.4,t0_zsnoopt,,,,,,,,,,,,,flan_submixture,flan_collection_uncovered_expression,direct terms where identified; Article 4 for uncovered expression
flan,t0_zsnoopt_data__qasc_qa_with_combined_facts_1.parquet,25000,1864554,372910.8,t0_zsnoopt,,,,,,,,,,,,,flan_submixture,flan_collection_uncovered_expression,direct terms where identified; Article 4 for uncovered expression
flan,t0_zsnoopt_data__qasc_qa_with_separated_facts_1.parquet,25000,2226730,445346.0,t0_zsnoopt,,,,,,,,,,,,,flan_submixture,flan_collection_uncovered_expression,direct terms where identified; Article 4 for uncovered expression
flan,t0_zsnoopt_data__qasc_qa_with_separated_facts_2.parquet,25000,2653326,530665.2,t0_zsnoopt,,,,,,,,,,,,,flan_submixture,flan_collection_uncovered_expression,direct terms where identified; Article 4 for uncovered expression
flan,t0_zsnoopt_data__qasc_qa_with_separated_facts_3.parquet,25000,1637836,327567.2,t0_zsnoopt,,,,,,,,,,,,,flan_submixture,flan_collection_uncovered_expression,direct terms where identified; Article 4 for uncovered expression
flan,t0_zsnoopt_data__qasc_qa_with_separated_facts_4.parquet,25000,2569617,513923.4,t0_zsnoopt,,,,,,,,,,,,,flan_submixture,flan_collection_uncovered_expression,direct terms where identified; Article 4 for uncovered expression
flan,t0_zsnoopt_data__qasc_qa_with_separated_facts_5.parquet,25000,2420877,484175.4,t0_zsnoopt,,,,,,,,,,,,,flan_submixture,flan_collection_uncovered_expression,direct terms where identified; Article 4 for uncovered expression
flan,t0_zsnoopt_data__quail_context_description_question_answer_id.parquet,25000,12021540,2404308.0,t0_zsnoopt,,,,,,,,,,,,,flan_submixture,flan_collection_uncovered_expression,direct terms where identified; Article 4 for uncovered expression
flan,t0_zsnoopt_data__quail_context_description_question_answer_text.parquet,25000,11929791,2385958.2,t0_zsnoopt,,,,,,,,,,,,,flan_submixture,flan_collection_uncovered_expression,direct terms where identified; Article 4 for uncovered expression
flan,t0_zsnoopt_data__quail_context_description_question_text.parquet,25000,11116004,2223200.8,t0_zsnoopt,,,,,,,,,,,,,flan_submixture,flan_collection_uncovered_expression,direct terms where identified; Article 4 for uncovered expression
flan,t0_zsnoopt_data__quail_context_question_answer_description_id.parquet,25000,11766235,2353247.0,t0_zsnoopt,,,,,,,,,,,,,flan_submixture,flan_collection_uncovered_expression,direct terms where identified; Article 4 for uncovered expression
flan,t0_zsnoopt_data__quail_context_question_answer_description_text.parquet,25000,11721143,2344228.6,t0_zsnoopt,,,,,,,,,,,,,flan_submixture,flan_collection_uncovered_expression,direct terms where identified; Article 4 for uncovered expression
flan,t0_zsnoopt_data__quail_context_question_description_answer_id.parquet,25000,11742377,2348475.4,t0_zsnoopt,,,,,,,,,,,,,flan_submixture,flan_collection_uncovered_expression,direct terms where identified; Article 4 for uncovered expression
flan,t0_zsnoopt_data__quail_context_question_description_answer_text.parquet,25000,11650180,2330036.0,t0_zsnoopt,,,,,,,,,,,,,flan_submixture,flan_collection_uncovered_expression,direct terms where identified; Article 4 for uncovered expression
flan,t0_zsnoopt_data__quail_context_question_description_text.parquet,25000,11098447,2219689.4,t0_zsnoopt,,,,,,,,,,,,,flan_submixture,flan_collection_uncovered_expression,direct terms where identified; Article 4 for uncovered expression
flan,t0_zsnoopt_data__quail_description_context_question_answer_id.parquet,25000,12017340,2403468.0,t0_zsnoopt,,,,,,,,,,,,,flan_submixture,flan_collection_uncovered_expression,direct terms where identified; Article 4 for uncovered expression
flan,t0_zsnoopt_data__quail_description_context_question_answer_text.parquet,25000,11928266,2385653.2,t0_zsnoopt,,,,,,,,,,,,,flan_submixture,flan_collection_uncovered_expression,direct terms where identified; Article 4 for uncovered expression
flan,t0_zsnoopt_data__quail_description_context_question_text.parquet,25000,11222387,2244477.4,t0_zsnoopt,,,,,,,,,,,,,flan_submixture,flan_collection_uncovered_expression,direct terms where identified; Article 4 for uncovered expression
flan,t0_zsnoopt_data__quail_no_prompt_id.parquet,25000,11516828,2303365.6,t0_zsnoopt,,,,,,,,,,,,,flan_submixture,flan_collection_uncovered_expression,direct terms where identified; Article 4 for uncovered expression
flan,t0_zsnoopt_data__quail_no_prompt_text.parquet,25000,11429291,2285858.2,t0_zsnoopt,,,,,,,,,,,,,flan_submixture,flan_collection_uncovered_expression,direct terms where identified; Article 4 for uncovered expression
flan,t0_zsnoopt_data__quarel_choose_between.parquet,8820,686035,137207.0,t0_zsnoopt,,,,,,,,,,,,,flan_submixture,flan_collection_uncovered_expression,direct terms where identified; Article 4 for uncovered expression
flan,t0_zsnoopt_data__quarel_do_not_use.parquet,8670,795355,159071.0,t0_zsnoopt,,,,,,,,,,,,,flan_submixture,flan_collection_uncovered_expression,direct terms where identified; Article 4 for uncovered expression
flan,t0_zsnoopt_data__quarel_heres_a_story.parquet,8895,804100,160820.0,t0_zsnoopt,,,,,,,,,,,,,flan_submixture,flan_collection_uncovered_expression,direct terms where identified; Article 4 for uncovered expression
flan,t0_zsnoopt_data__quarel_logic_test.parquet,9035,763805,152761.0,t0_zsnoopt,,,,,,,,,,,,,flan_submixture,flan_collection_uncovered_expression,direct terms where identified; Article 4 for uncovered expression
flan,t0_zsnoopt_data__quarel_testing_students.parquet,9110,833230,166646.0,t0_zsnoopt,,,,,,,,,,,,,flan_submixture,flan_collection_uncovered_expression,direct terms where identified; Article 4 for uncovered expression
flan,t0_zsnoopt_data__quartz_answer_question_based_on.parquet,12405,1007325,201465.0,t0_zsnoopt,,,,,,,,,,,,,flan_submixture,flan_collection_uncovered_expression,direct terms where identified; Article 4 for uncovered expression
flan,t0_zsnoopt_data__quartz_answer_question_below.parquet,12700,955285,191057.0,t0_zsnoopt,,,,,,,,,,,,,flan_submixture,flan_collection_uncovered_expression,direct terms where identified; Article 4 for uncovered expression
flan,t0_zsnoopt_data__quartz_given_the_fact_answer_the_q.parquet,12080,921170,184234.0,t0_zsnoopt,,,,,,,,,,,,,flan_submixture,flan_collection_uncovered_expression,direct terms where identified; Article 4 for uncovered expression
flan,t0_zsnoopt_data__quartz_having_read_above_passage.parquet,12480,1102080,220416.0,t0_zsnoopt,,,,,,,,,,,,,flan_submixture,flan_collection_uncovered_expression,direct terms where identified; Article 4 for uncovered expression
flan,t0_zsnoopt_data__quartz_paragraph_question_plain_concat.parquet,12545,818320,163664.0,t0_zsnoopt,,,,,,,,,,,,,flan_submixture,flan_collection_uncovered_expression,direct terms where identified; Article 4 for uncovered expression
flan,t0_zsnoopt_data__quartz_read_passage_below_choose.parquet,12575,1097145,219429.0,t0_zsnoopt,,,,,,,,,,,,,flan_submixture,flan_collection_uncovered_expression,direct terms where identified; Article 4 for uncovered expression
flan,t0_zsnoopt_data__quartz_use_info_from_paragraph_question.parquet,12350,1013995,202799.0,t0_zsnoopt,,,,,,,,,,,,,flan_submixture,flan_collection_uncovered_expression,direct terms where identified; Article 4 for uncovered expression
flan,t0_zsnoopt_data__quartz_use_info_from_question_paragraph.parquet,12365,1017270,203454.0,t0_zsnoopt,,,,,,,,,,,,,flan_submixture,flan_collection_uncovered_expression,direct terms where identified; Article 4 for uncovered expression
flan,t0_zsnoopt_data__quoref_Answer_Friend_Question.parquet,25000,11415737,2283147.4,t0_zsnoopt,,,,,,,,,,,,,flan_submixture,flan_collection_uncovered_expression,direct terms where identified; Article 4 for uncovered expression
flan,t0_zsnoopt_data__quoref_Answer_Question_Given_Context.parquet,25000,11261511,2252302.2,t0_zsnoopt,,,,,,,,,,,,,flan_submixture,flan_collection_uncovered_expression,direct terms where identified; Article 4 for uncovered expression
flan,t0_zsnoopt_data__quoref_Answer_Test.parquet,25000,11491798,2298359.6,t0_zsnoopt,,,,,,,,,,,,,flan_submixture,flan_collection_uncovered_expression,direct terms where identified; Article 4 for uncovered expression
flan,t0_zsnoopt_data__quoref_Context_Contains_Answer.parquet,25000,11286229,2257245.8,t0_zsnoopt,,,,,,,,,,,,,flan_submixture,flan_collection_uncovered_expression,direct terms where identified; Article 4 for uncovered expression
flan,t0_zsnoopt_data__quoref_Find_Answer.parquet,25000,11392246,2278449.2,t0_zsnoopt,,,,,,,,,,,,,flan_submixture,flan_collection_uncovered_expression,direct terms where identified; Article 4 for uncovered expression
flan,t0_zsnoopt_data__quoref_Found_Context_Online.parquet,25000,11295859,2259171.8,t0_zsnoopt,,,,,,,,,,,,,flan_submixture,flan_collection_uncovered_expression,direct terms where identified; Article 4 for uncovered expression
flan,t0_zsnoopt_data__quoref_Given_Context_Answer_Question.parquet,25000,11243758,2248751.6,t0_zsnoopt,,,,,,,,,,,,,flan_submixture,flan_collection_uncovered_expression,direct terms where identified; Article 4 for uncovered expression
flan,t0_zsnoopt_data__quoref_Guess_Answer.parquet,25000,11343207,2268641.4,t0_zsnoopt,,,,,,,,,,,,,flan_submixture,flan_collection_uncovered_expression,direct terms where identified; Article 4 for uncovered expression
flan,t0_zsnoopt_data__quoref_Guess_Title_For_Context.parquet,25000,10886459,2177291.8,t0_zsnoopt,,,,,,,,,,,,,flan_submixture,flan_collection_uncovered_expression,direct terms where identified; Article 4 for uncovered expression
flan,t0_zsnoopt_data__quoref_Read_And_Extract_.parquet,25000,11272364,2254472.8,t0_zsnoopt,,,,,,,,,,,,,flan_submixture,flan_collection_uncovered_expression,direct terms where identified; Article 4 for uncovered expression
flan,t0_zsnoopt_data__quoref_What_Is_The_Answer.parquet,25000,11292355,2258471.0,t0_zsnoopt,,,,,,,,,,,,,flan_submixture,flan_collection_uncovered_expression,direct terms where identified; Article 4 for uncovered expression
flan,t0_zsnoopt_data__sciq_Direct_Question.parquet,25000,3254118,650823.6,t0_zsnoopt,,,,,,,,,,,,,flan_submixture,flan_collection_uncovered_expression,direct terms where identified; Article 4 for uncovered expression
flan,t0_zsnoopt_data__sciq_Direct_Question_Closed_Book_.parquet,25000,953978,190795.6,t0_zsnoopt,,,,,,,,,,,,,flan_submixture,flan_collection_uncovered_expression,direct terms where identified; Article 4 for uncovered expression
flan,t0_zsnoopt_data__sciq_Multiple_Choice.parquet,25000,3716679,743335.8,t0_zsnoopt,,,,,,,,,,,,,flan_submixture,flan_collection_uncovered_expression,direct terms where identified; Article 4 for uncovered expression
flan,t0_zsnoopt_data__sciq_Multiple_Choice_Closed_Book_.parquet,25000,1419701,283940.2,t0_zsnoopt,,,,,,,,,,,,,flan_submixture,flan_collection_uncovered_expression,direct terms where identified; Article 4 for uncovered expression
flan,t0_zsnoopt_data__sciq_Multiple_Choice_Question_First.parquet,25000,3840696,768139.2,t0_zsnoopt,,,,,,,,,,,,,flan_submixture,flan_collection_uncovered_expression,direct terms where identified; Article 4 for uncovered expression
flan,t0_zsnoopt_data__social_i_qa_Check_if_a_random_answer_is_valid_or_not.parquet,25000,1411383,282276.6,t0_zsnoopt,,,,,,,,,,,,,flan_submixture,flan_collection_uncovered_expression,direct terms where identified; Article 4 for uncovered expression
flan,t0_zsnoopt_data__social_i_qa_Generate_answer.parquet,25000,1212437,242487.4,t0_zsnoopt,,,,,,,,,,,,,flan_submixture,flan_collection_uncovered_expression,direct terms where identified; Article 4 for uncovered expression
flan,t0_zsnoopt_data__social_i_qa_Generate_the_question_from_the_answer.parquet,25000,1506807,301361.4,t0_zsnoopt,,,,,,,,,,,,,flan_submixture,flan_collection_uncovered_expression,direct terms where identified; Article 4 for uncovered expression
flan,t0_zsnoopt_data__social_i_qa_I_was_wondering.parquet,25000,1284330,256866.0,t0_zsnoopt,,,,,,,,,,,,,flan_submixture,flan_collection_uncovered_expression,direct terms where identified; Article 4 for uncovered expression
flan,t0_zsnoopt_data__social_i_qa_Show_choices_and_generate_answer.parquet,25000,1663350,332670.0,t0_zsnoopt,,,,,,,,,,,,,flan_submixture,flan_collection_uncovered_expression,direct terms where identified; Article 4 for uncovered expression
flan,t0_zsnoopt_data__social_i_qa_Show_choices_and_generate_index.parquet,25000,2036738,407347.6,t0_zsnoopt,,,,,,,,,,,,,flan_submixture,flan_collection_uncovered_expression,direct terms where identified; Article 4 for uncovered expression
flan,t0_zsnoopt_data__wiki_bio_comprehension.parquet,25000,8740423,1748084.6,t0_zsnoopt,,,,,,,,,,,,,flan_submixture,flan_collection_uncovered_expression,direct terms where identified; Article 4 for uncovered expression
flan,t0_zsnoopt_data__wiki_bio_guess_person.parquet,25000,4415079,883015.8,t0_zsnoopt,,,,,,,,,,,,,flan_submixture,flan_collection_uncovered_expression,direct terms where identified; Article 4 for uncovered expression
flan,t0_zsnoopt_data__wiki_bio_key_content.parquet,25000,7696490,1539298.0,t0_zsnoopt,,,,,,,,,,,,,flan_submixture,flan_collection_uncovered_expression,direct terms where identified; Article 4 for uncovered expression
flan,t0_zsnoopt_data__wiki_bio_what_content.parquet,25000,5052362,1010472.4,t0_zsnoopt,,,,,,,,,,,,,flan_submixture,flan_collection_uncovered_expression,direct terms where identified; Article 4 for uncovered expression
flan,t0_zsnoopt_data__wiki_bio_who.parquet,25000,8064038,1612807.6,t0_zsnoopt,,,,,,,,,,,,,flan_submixture,flan_collection_uncovered_expression,direct terms where identified; Article 4 for uncovered expression
flan,t0_zsnoopt_data__wiki_hop_original_choose_best_object_affirmative_1.parquet,25000,38836736,7767347.2,t0_zsnoopt,,,,,,,,,,,,,flan_submixture,flan_collection_uncovered_expression,direct terms where identified; Article 4 for uncovered expression
flan,t0_zsnoopt_data__wiki_hop_original_choose_best_object_affirmative_2.parquet,25000,39096049,7819209.8,t0_zsnoopt,,,,,,,,,,,,,flan_submixture,flan_collection_uncovered_expression,direct terms where identified; Article 4 for uncovered expression
flan,t0_zsnoopt_data__wiki_hop_original_choose_best_object_affirmative_3.parquet,25000,39236776,7847355.2,t0_zsnoopt,,,,,,,,,,,,,flan_submixture,flan_collection_uncovered_expression,direct terms where identified; Article 4 for uncovered expression
flan,t0_zsnoopt_data__wiki_hop_original_choose_best_object_interrogative_1.parquet,25000,38874193,7774838.6,t0_zsnoopt,,,,,,,,,,,,,flan_submixture,flan_collection_uncovered_expression,direct terms where identified; Article 4 for uncovered expression
flan,t0_zsnoopt_data__wiki_hop_original_choose_best_object_interrogative_2.parquet,25000,38804094,7760818.8,t0_zsnoopt,,,,,,,,,,,,,flan_submixture,flan_collection_uncovered_expression,direct terms where identified; Article 4 for uncovered expression
flan,t0_zsnoopt_data__wiki_hop_original_explain_relation.parquet,25000,37186188,7437237.6,t0_zsnoopt,,,,,,,,,,,,,flan_submixture,flan_collection_uncovered_expression,direct terms where identified; Article 4 for uncovered expression
flan,t0_zsnoopt_data__wiki_hop_original_generate_object.parquet,25000,37390143,7478028.6,t0_zsnoopt,,,,,,,,,,,,,flan_submixture,flan_collection_uncovered_expression,direct terms where identified; Article 4 for uncovered expression
flan,t0_zsnoopt_data__wiki_hop_original_generate_subject.parquet,25000,37426446,7485289.2,t0_zsnoopt,,,,,,,,,,,,,flan_submixture,flan_collection_uncovered_expression,direct terms where identified; Article 4 for uncovered expression
flan,t0_zsnoopt_data__wiki_hop_original_generate_subject_and_object.parquet,25000,37636454,7527290.8,t0_zsnoopt,,,,,,,,,,,,,flan_submixture,flan_collection_uncovered_expression,direct terms where identified; Article 4 for uncovered expression
flan,t0_zsnoopt_data__wiki_qa_Decide_good_answer.parquet,25000,1928957,385791.4,t0_zsnoopt,,,,,,,,,,,,,flan_submixture,flan_collection_uncovered_expression,direct terms where identified; Article 4 for uncovered expression
flan,t0_zsnoopt_data__wiki_qa_Direct_Answer_to_Question.parquet,4750,303235,60647.0,t0_zsnoopt,,,,,,,,,,,,,flan_submixture,flan_collection_uncovered_expression,direct terms where identified; Article 4 for uncovered expression
flan,t0_zsnoopt_data__wiki_qa_Generate_Question_from_Topic.parquet,4685,359945,71989.0,t0_zsnoopt,,,,,,,,,,,,,flan_submixture,flan_collection_uncovered_expression,direct terms where identified; Article 4 for uncovered expression
flan,t0_zsnoopt_data__wiki_qa_Is_This_True_.parquet,25000,1603034,320606.8,t0_zsnoopt,,,,,,,,,,,,,flan_submixture,flan_collection_uncovered_expression,direct terms where identified; Article 4 for uncovered expression
flan,t0_zsnoopt_data__wiki_qa_Jeopardy_style.parquet,4945,379050,75810.0,t0_zsnoopt,,,,,,,,,,,,,flan_submixture,flan_collection_uncovered_expression,direct terms where identified; Article 4 for uncovered expression
flan,t0_zsnoopt_data__wiki_qa_Topic_Prediction_Answer_Only.parquet,5000,330005,66001.0,t0_zsnoopt,,,,,,,,,,,,,flan_submixture,flan_collection_uncovered_expression,direct terms where identified; Article 4 for uncovered expression
flan,t0_zsnoopt_data__wiki_qa_Topic_Prediction_Question_Only.parquet,4645,188490,37698.0,t0_zsnoopt,,,,,,,,,,,,,flan_submixture,flan_collection_uncovered_expression,direct terms where identified; Article 4 for uncovered expression
flan,t0_zsnoopt_data__wiki_qa_Topic_Prediction_Question_and_Answer_Pair.parquet,5200,436170,87234.0,t0_zsnoopt,,,,,,,,,,,,,flan_submixture,flan_collection_uncovered_expression,direct terms where identified; Article 4 for uncovered expression
flan,t0_zsnoopt_data__wiki_qa_automatic_system.parquet,25000,1955592,391118.4,t0_zsnoopt,,,,,,,,,,,,,flan_submixture,flan_collection_uncovered_expression,direct terms where identified; Article 4 for uncovered expression
flan,t0_zsnoopt_data__wiki_qa_exercise.parquet,25000,2222632,444526.4,t0_zsnoopt,,,,,,,,,,,,,flan_submixture,flan_collection_uncovered_expression,direct terms where identified; Article 4 for uncovered expression
flan,t0_zsnoopt_data__wiki_qa_found_on_google.parquet,25000,1870621,374124.2,t0_zsnoopt,,,,,,,,,,,,,flan_submixture,flan_collection_uncovered_expression,direct terms where identified; Article 4 for uncovered expression
flan,t0_zsnoopt_data__wiqa_does_the_supposed_perturbation_have_an_effect.parquet,25000,3195141,639028.2,t0_zsnoopt,,,,,,,,,,,,,flan_submixture,flan_collection_uncovered_expression,direct terms where identified; Article 4 for uncovered expression
flan,t0_zsnoopt_data__wiqa_effect_with_label_answer.parquet,25000,3043959,608791.8,t0_zsnoopt,,,,,,,,,,,,,flan_submixture,flan_collection_uncovered_expression,direct terms where identified; Article 4 for uncovered expression
flan,t0_zsnoopt_data__wiqa_effect_with_string_answer.parquet,25000,3201698,640339.6,t0_zsnoopt,,,,,,,,,,,,,flan_submixture,flan_collection_uncovered_expression,direct terms where identified; Article 4 for uncovered expression
flan,t0_zsnoopt_data__wiqa_what_is_the_final_step_of_the_following_process.parquet,25000,2313722,462744.4,t0_zsnoopt,,,,,,,,,,,,,flan_submixture,flan_collection_uncovered_expression,direct terms where identified; Article 4 for uncovered expression
flan,t0_zsnoopt_data__wiqa_what_is_the_missing_first_step.parquet,25000,2368928,473785.6,t0_zsnoopt,,,,,,,,,,,,,flan_submixture,flan_collection_uncovered_expression,direct terms where identified; Article 4 for uncovered expression
flan,t0_zsnoopt_data__wiqa_what_might_be_the_first_step_of_the_process.parquet,25000,2343034,468606.8,t0_zsnoopt,,,,,,,,,,,,,flan_submixture,flan_collection_uncovered_expression,direct terms where identified; Article 4 for uncovered expression
flan,t0_zsnoopt_data__wiqa_what_might_be_the_last_step_of_the_process.parquet,25000,2336057,467211.4,t0_zsnoopt,,,,,,,,,,,,,flan_submixture,flan_collection_uncovered_expression,direct terms where identified; Article 4 for uncovered expression
flan,t0_zsnoopt_data__wiqa_which_of_the_following_is_the_supposed_perturbation.parquet,25000,3730458,746091.6,t0_zsnoopt,,,,,,,,,,,,,flan_submixture,flan_collection_uncovered_expression,direct terms where identified; Article 4 for uncovered expression
flan,t0_zsopt_data__adversarial_qa_dbert_answer_the_following_q.parquet,25000,5422333,1084466.6,t0_zsopt,,,,,,,,,,,,,flan_submixture,flan_collection_uncovered_expression,direct terms where identified; Article 4 for uncovered expression
flan,t0_zsopt_data__adversarial_qa_dbert_based_on.parquet,25000,5174747,1034949.4,t0_zsopt,,,,,,,,,,,,,flan_submixture,flan_collection_uncovered_expression,direct terms where identified; Article 4 for uncovered expression
flan,t0_zsopt_data__adversarial_qa_dbert_generate_question.parquet,25000,5472993,1094598.6,t0_zsopt,,,,,,,,,,,,,flan_submixture,flan_collection_uncovered_expression,direct terms where identified; Article 4 for uncovered expression
flan,t0_zsopt_data__adversarial_qa_dbert_question_context_answer.parquet,25000,5049858,1009971.6,t0_zsopt,,,,,,,,,,,,,flan_submixture,flan_collection_uncovered_expression,direct terms where identified; Article 4 for uncovered expression
flan,t0_zsopt_data__adversarial_qa_dbert_tell_what_it_is.parquet,25000,5299751,1059950.2,t0_zsopt,,,,,,,,,,,,,flan_submixture,flan_collection_uncovered_expression,direct terms where identified; Article 4 for uncovered expression
flan,t0_zsopt_data__adversarial_qa_dbidaf_answer_the_following_q.parquet,25000,5416873,1083374.6,t0_zsopt,,,,,,,,,,,,,flan_submixture,flan_collection_uncovered_expression,direct terms where identified; Article 4 for uncovered expression
flan,t0_zsopt_data__adversarial_qa_dbidaf_based_on.parquet,25000,5162424,1032484.8,t0_zsopt,,,,,,,,,,,,,flan_submixture,flan_collection_uncovered_expression,direct terms where identified; Article 4 for uncovered expression
flan,t0_zsopt_data__adversarial_qa_dbidaf_generate_question.parquet,25000,5458266,1091653.2,t0_zsopt,,,,,,,,,,,,,flan_submixture,flan_collection_uncovered_expression,direct terms where identified; Article 4 for uncovered expression
flan,t0_zsopt_data__adversarial_qa_dbidaf_question_context_answer.parquet,25000,5033134,1006626.8,t0_zsopt,,,,,,,,,,,,,flan_submixture,flan_collection_uncovered_expression,direct terms where identified; Article 4 for uncovered expression
flan,t0_zsopt_data__adversarial_qa_dbidaf_tell_what_it_is.parquet,25000,5281829,1056365.8,t0_zsopt,,,,,,,,,,,,,flan_submixture,flan_collection_uncovered_expression,direct terms where identified; Article 4 for uncovered expression
flan,t0_zsopt_data__adversarial_qa_droberta_answer_the_following_q.parquet,25000,5356610,1071322.0,t0_zsopt,,,,,,,,,,,,,flan_submixture,flan_collection_uncovered_expression,direct terms where identified; Article 4 for uncovered expression
flan,t0_zsopt_data__adversarial_qa_droberta_based_on.parquet,25000,5093629,1018725.8,t0_zsopt,,,,,,,,,,,,,flan_submixture,flan_collection_uncovered_expression,direct terms where identified; Article 4 for uncovered expression
flan,t0_zsopt_data__adversarial_qa_droberta_generate_question.parquet,25000,5380778,1076155.6,t0_zsopt,,,,,,,,,,,,,flan_submixture,flan_collection_uncovered_expression,direct terms where identified; Article 4 for uncovered expression
flan,t0_zsopt_data__adversarial_qa_droberta_question_context_answer.parquet,25000,4974396,994879.2,t0_zsopt,,,,,,,,,,,,,flan_submixture,flan_collection_uncovered_expression,direct terms where identified; Article 4 for uncovered expression
flan,t0_zsopt_data__adversarial_qa_droberta_tell_what_it_is.parquet,25000,5231573,1046314.6,t0_zsopt,,,,,,,,,,,,,flan_submixture,flan_collection_uncovered_expression,direct terms where identified; Article 4 for uncovered expression
flan,t0_zsopt_data__cos_e_v1.11_aligned_with_common_sense.parquet,25000,2103490,420698.0,t0_zsopt,,,,,,,,,,,,,flan_submixture,flan_collection_uncovered_expression,direct terms where identified; Article 4 for uncovered expression
flan,t0_zsopt_data__cos_e_v1.11_description_question_option_id.parquet,25000,1832841,366568.2,t0_zsopt,,,,,,,,,,,,,flan_submixture,flan_collection_uncovered_expression,direct terms where identified; Article 4 for uncovered expression
flan,t0_zsopt_data__cos_e_v1.11_description_question_option_text.parquet,25000,1604054,320810.8,t0_zsopt,,,,,,,,,,,,,flan_submixture,flan_collection_uncovered_expression,direct terms where identified; Article 4 for uncovered expression
flan,t0_zsopt_data__cos_e_v1.11_explain_why_human.parquet,25000,1854283,370856.6,t0_zsopt,,,,,,,,,,,,,flan_submixture,flan_collection_uncovered_expression,direct terms where identified; Article 4 for uncovered expression
flan,t0_zsopt_data__cos_e_v1.11_generate_explanation_given_text.parquet,25000,1653722,330744.4,t0_zsopt,,,,,,,,,,,,,flan_submixture,flan_collection_uncovered_expression,direct terms where identified; Article 4 for uncovered expression
flan,t0_zsopt_data__cos_e_v1.11_i_think.parquet,25000,2103376,420675.2,t0_zsopt,,,,,,,,,,,,,flan_submixture,flan_collection_uncovered_expression,direct terms where identified; Article 4 for uncovered expression
flan,t0_zsopt_data__cos_e_v1.11_question_description_option_id.parquet,25000,1732721,346544.2,t0_zsopt,,,,,,,,,,,,,flan_submixture,flan_collection_uncovered_expression,direct terms where identified; Article 4 for uncovered expression
flan,t0_zsopt_data__cos_e_v1.11_question_description_option_text.parquet,25000,1504197,300839.4,t0_zsopt,,,,,,,,,,,,,flan_submixture,flan_collection_uncovered_expression,direct terms where identified; Article 4 for uncovered expression
flan,t0_zsopt_data__cos_e_v1.11_question_option_description_id.parquet,25000,1533269,306653.8,t0_zsopt,,,,,,,,,,,,,flan_submixture,flan_collection_uncovered_expression,direct terms where identified; Article 4 for uncovered expression
flan,t0_zsopt_data__cos_e_v1.11_question_option_description_text.parquet,25000,1304652,260930.4,t0_zsopt,,,,,,,,,,,,,flan_submixture,flan_collection_uncovered_expression,direct terms where identified; Article 4 for uncovered expression
flan,t0_zsopt_data__cos_e_v1.11_rationale.parquet,25000,1853469,370693.8,t0_zsopt,,,,,,,,,,,,,flan_submixture,flan_collection_uncovered_expression,direct terms where identified; Article 4 for uncovered expression
flan,t0_zsopt_data__dbpedia_14_given_a_choice_of_categories_.parquet,25000,3471177,694235.4,t0_zsopt,,,,,,,,,,,,,flan_submixture,flan_collection_uncovered_expression,direct terms where identified; Article 4 for uncovered expression
flan,t0_zsopt_data__dbpedia_14_given_a_list_of_category_what_does_the_title_belong_to.parquet,25000,1830518,366103.6,t0_zsopt,,,,,,,,,,,,,flan_submixture,flan_collection_uncovered_expression,direct terms where identified; Article 4 for uncovered expression
flan,t0_zsopt_data__dbpedia_14_given_list_what_category_does_the_paragraph_belong_to.parquet,25000,3339765,667953.0,t0_zsopt,,,,,,,,,,,,,flan_submixture,flan_collection_uncovered_expression,direct terms where identified; Article 4 for uncovered expression
flan,t0_zsopt_data__dbpedia_14_pick_one_category_for_the_following_text.parquet,25000,3465038,693007.6,t0_zsopt,,,,,,,,,,,,,flan_submixture,flan_collection_uncovered_expression,direct terms where identified; Article 4 for uncovered expression
flan,t0_zsopt_data__duorc_ParaphraseRC_answer_question.parquet,25000,12320745,2464149.0,t0_zsopt,,,,,,,,,,,,,flan_submixture,flan_collection_uncovered_expression,direct terms where identified; Article 4 for uncovered expression
flan,t0_zsopt_data__duorc_ParaphraseRC_build_story_around_qa.parquet,25000,11749398,2349879.6,t0_zsopt,,,,,,,,,,,,,flan_submixture,flan_collection_uncovered_expression,direct terms where identified; Article 4 for uncovered expression
flan,t0_zsopt_data__duorc_ParaphraseRC_decide_worth_it.parquet,25000,12720803,2544160.6,t0_zsopt,,,,,,,,,,,,,flan_submixture,flan_collection_uncovered_expression,direct terms where identified; Article 4 for uncovered expression
flan,t0_zsopt_data__duorc_ParaphraseRC_extract_answer.parquet,25000,12348974,2469794.8,t0_zsopt,,,,,,,,,,,,,flan_submixture,flan_collection_uncovered_expression,direct terms where identified; Article 4 for uncovered expression
flan,t0_zsopt_data__duorc_ParaphraseRC_generate_question.parquet,25000,11487913,2297582.6,t0_zsopt,,,,,,,,,,,,,flan_submixture,flan_collection_uncovered_expression,direct terms where identified; Article 4 for uncovered expression
flan,t0_zsopt_data__duorc_ParaphraseRC_generate_question_by_answer.parquet,25000,12017940,2403588.0,t0_zsopt,,,,,,,,,,,,,flan_submixture,flan_collection_uncovered_expression,direct terms where identified; Article 4 for uncovered expression
flan,t0_zsopt_data__duorc_ParaphraseRC_movie_director.parquet,25000,12562938,2512587.6,t0_zsopt,,,,,,,,,,,,,flan_submixture,flan_collection_uncovered_expression,direct terms where identified; Article 4 for uncovered expression
flan,t0_zsopt_data__duorc_ParaphraseRC_question_answering.parquet,25000,12020667,2404133.4,t0_zsopt,,,,,,,,,,,,,flan_submixture,flan_collection_uncovered_expression,direct terms where identified; Article 4 for uncovered expression
flan,t0_zsopt_data__duorc_ParaphraseRC_title_generation.parquet,25000,11373351,2274670.2,t0_zsopt,,,,,,,,,,,,,flan_submixture,flan_collection_uncovered_expression,direct terms where identified; Article 4 for uncovered expression
flan,t0_zsopt_data__duorc_SelfRC_answer_question.parquet,25000,12039432,2407886.4,t0_zsopt,,,,,,,,,,,,,flan_submixture,flan_collection_uncovered_expression,direct terms where identified; Article 4 for uncovered expression
flan,t0_zsopt_data__duorc_SelfRC_build_story_around_qa.parquet,25000,11259559,2251911.8,t0_zsopt,,,,,,,,,,,,,flan_submixture,flan_collection_uncovered_expression,direct terms where identified; Article 4 for uncovered expression
flan,t0_zsopt_data__duorc_SelfRC_decide_worth_it.parquet,25000,12456121,2491224.2,t0_zsopt,,,,,,,,,,,,,flan_submixture,flan_collection_uncovered_expression,direct terms where identified; Article 4 for uncovered expression
flan,t0_zsopt_data__duorc_SelfRC_extract_answer.parquet,25000,12078619,2415723.8,t0_zsopt,,,,,,,,,,,,,flan_submixture,flan_collection_uncovered_expression,direct terms where identified; Article 4 for uncovered expression
flan,t0_zsopt_data__duorc_SelfRC_generate_question.parquet,25000,11226830,2245366.0,t0_zsopt,,,,,,,,,,,,,flan_submixture,flan_collection_uncovered_expression,direct terms where identified; Article 4 for uncovered expression
flan,t0_zsopt_data__duorc_SelfRC_generate_question_by_answer.parquet,25000,11542843,2308568.6,t0_zsopt,,,,,,,,,,,,,flan_submixture,flan_collection_uncovered_expression,direct terms where identified; Article 4 for uncovered expression
flan,t0_zsopt_data__duorc_SelfRC_movie_director.parquet,25000,12306369,2461273.8,t0_zsopt,,,,,,,,,,,,,flan_submixture,flan_collection_uncovered_expression,direct terms where identified; Article 4 for uncovered expression
flan,t0_zsopt_data__duorc_SelfRC_question_answering.parquet,25000,11750916,2350183.2,t0_zsopt,,,,,,,,,,,,,flan_submixture,flan_collection_uncovered_expression,direct terms where identified; Article 4 for uncovered expression
flan,t0_zsopt_data__duorc_SelfRC_title_generation.parquet,25000,11099288,2219857.6,t0_zsopt,,,,,,,,,,,,,flan_submixture,flan_collection_uncovered_expression,direct terms where identified; Article 4 for uncovered expression
flan,t0_zsopt_data__qasc_is_correct_1.parquet,25000,1759514,351902.8,t0_zsopt,,,,,,,,,,,,,flan_submixture,flan_collection_uncovered_expression,direct terms where identified; Article 4 for uncovered expression
flan,t0_zsopt_data__qasc_is_correct_2.parquet,25000,1735077,347015.4,t0_zsopt,,,,,,,,,,,,,flan_submixture,flan_collection_uncovered_expression,direct terms where identified; Article 4 for uncovered expression
flan,t0_zsopt_data__qasc_qa_with_combined_facts_1.parquet,25000,1863757,372751.4,t0_zsopt,,,,,,,,,,,,,flan_submixture,flan_collection_uncovered_expression,direct terms where identified; Article 4 for uncovered expression
flan,t0_zsopt_data__qasc_qa_with_separated_facts_1.parquet,25000,2225123,445024.6,t0_zsopt,,,,,,,,,,,,,flan_submixture,flan_collection_uncovered_expression,direct terms where identified; Article 4 for uncovered expression
flan,t0_zsopt_data__qasc_qa_with_separated_facts_2.parquet,25000,2653825,530765.0,t0_zsopt,,,,,,,,,,,,,flan_submixture,flan_collection_uncovered_expression,direct terms where identified; Article 4 for uncovered expression
flan,t0_zsopt_data__qasc_qa_with_separated_facts_3.parquet,25000,2817903,563580.6,t0_zsopt,,,,,,,,,,,,,flan_submixture,flan_collection_uncovered_expression,direct terms where identified; Article 4 for uncovered expression
flan,t0_zsopt_data__qasc_qa_with_separated_facts_4.parquet,25000,2569650,513930.0,t0_zsopt,,,,,,,,,,,,,flan_submixture,flan_collection_uncovered_expression,direct terms where identified; Article 4 for uncovered expression
flan,t0_zsopt_data__qasc_qa_with_separated_facts_5.parquet,25000,3603244,720648.8,t0_zsopt,,,,,,,,,,,,,flan_submixture,flan_collection_uncovered_expression,direct terms where identified; Article 4 for uncovered expression
flan,t0_zsopt_data__quail_context_description_question_answer_id.parquet,25000,12018673,2403734.6,t0_zsopt,,,,,,,,,,,,,flan_submixture,flan_collection_uncovered_expression,direct terms where identified; Article 4 for uncovered expression
flan,t0_zsopt_data__quail_context_description_question_answer_text.parquet,25000,11926133,2385226.6,t0_zsopt,,,,,,,,,,,,,flan_submixture,flan_collection_uncovered_expression,direct terms where identified; Article 4 for uncovered expression
flan,t0_zsopt_data__quail_context_description_question_text.parquet,25000,11975803,2395160.6,t0_zsopt,,,,,,,,,,,,,flan_submixture,flan_collection_uncovered_expression,direct terms where identified; Article 4 for uncovered expression
flan,t0_zsopt_data__quail_context_question_answer_description_id.parquet,25000,11769967,2353993.4,t0_zsopt,,,,,,,,,,,,,flan_submixture,flan_collection_uncovered_expression,direct terms where identified; Article 4 for uncovered expression
flan,t0_zsopt_data__quail_context_question_answer_description_text.parquet,25000,11727783,2345556.6,t0_zsopt,,,,,,,,,,,,,flan_submixture,flan_collection_uncovered_expression,direct terms where identified; Article 4 for uncovered expression
flan,t0_zsopt_data__quail_context_question_description_answer_id.parquet,25000,11747637,2349527.4,t0_zsopt,,,,,,,,,,,,,flan_submixture,flan_collection_uncovered_expression,direct terms where identified; Article 4 for uncovered expression
flan,t0_zsopt_data__quail_context_question_description_answer_text.parquet,25000,11656091,2331218.2,t0_zsopt,,,,,,,,,,,,,flan_submixture,flan_collection_uncovered_expression,direct terms where identified; Article 4 for uncovered expression
flan,t0_zsopt_data__quail_context_question_description_text.parquet,25000,11946935,2389387.0,t0_zsopt,,,,,,,,,,,,,flan_submixture,flan_collection_uncovered_expression,direct terms where identified; Article 4 for uncovered expression
flan,t0_zsopt_data__quail_description_context_question_answer_id.parquet,25000,12018421,2403684.2,t0_zsopt,,,,,,,,,,,,,flan_submixture,flan_collection_uncovered_expression,direct terms where identified; Article 4 for uncovered expression
flan,t0_zsopt_data__quail_description_context_question_answer_text.parquet,25000,11927601,2385520.2,t0_zsopt,,,,,,,,,,,,,flan_submixture,flan_collection_uncovered_expression,direct terms where identified; Article 4 for uncovered expression
flan,t0_zsopt_data__quail_description_context_question_text.parquet,25000,12072426,2414485.2,t0_zsopt,,,,,,,,,,,,,flan_submixture,flan_collection_uncovered_expression,direct terms where identified; Article 4 for uncovered expression
flan,t0_zsopt_data__quail_no_prompt_id.parquet,25000,11522657,2304531.4,t0_zsopt,,,,,,,,,,,,,flan_submixture,flan_collection_uncovered_expression,direct terms where identified; Article 4 for uncovered expression
flan,t0_zsopt_data__quail_no_prompt_text.parquet,25000,11425716,2285143.2,t0_zsopt,,,,,,,,,,,,,flan_submixture,flan_collection_uncovered_expression,direct terms where identified; Article 4 for uncovered expression
flan,t0_zsopt_data__quarel_choose_between.parquet,9615,745715,149143.0,t0_zsopt,,,,,,,,,,,,,flan_submixture,flan_collection_uncovered_expression,direct terms where identified; Article 4 for uncovered expression
flan,t0_zsopt_data__quarel_do_not_use.parquet,9115,833950,166790.0,t0_zsopt,,,,,,,,,,,,,flan_submixture,flan_collection_uncovered_expression,direct terms where identified; Article 4 for uncovered expression
flan,t0_zsopt_data__quarel_heres_a_story.parquet,9150,827445,165489.0,t0_zsopt,,,,,,,,,,,,,flan_submixture,flan_collection_uncovered_expression,direct terms where identified; Article 4 for uncovered expression
flan,t0_zsopt_data__quarel_logic_test.parquet,9435,798425,159685.0,t0_zsopt,,,,,,,,,,,,,flan_submixture,flan_collection_uncovered_expression,direct terms where identified; Article 4 for uncovered expression
flan,t0_zsopt_data__quarel_testing_students.parquet,9660,884830,176966.0,t0_zsopt,,,,,,,,,,,,,flan_submixture,flan_collection_uncovered_expression,direct terms where identified; Article 4 for uncovered expression
flan,t0_zsopt_data__quartz_answer_question_based_on.parquet,12825,1042360,208472.0,t0_zsopt,,,,,,,,,,,,,flan_submixture,flan_collection_uncovered_expression,direct terms where identified; Article 4 for uncovered expression
flan,t0_zsopt_data__quartz_answer_question_below.parquet,13095,985865,197173.0,t0_zsopt,,,,,,,,,,,,,flan_submixture,flan_collection_uncovered_expression,direct terms where identified; Article 4 for uncovered expression
flan,t0_zsopt_data__quartz_given_the_fact_answer_the_q.parquet,12785,975275,195055.0,t0_zsopt,,,,,,,,,,,,,flan_submixture,flan_collection_uncovered_expression,direct terms where identified; Article 4 for uncovered expression
flan,t0_zsopt_data__quartz_having_read_above_passage.parquet,13215,1166365,233273.0,t0_zsopt,,,,,,,,,,,,,flan_submixture,flan_collection_uncovered_expression,direct terms where identified; Article 4 for uncovered expression
flan,t0_zsopt_data__quartz_paragraph_question_plain_concat.parquet,13030,849430,169886.0,t0_zsopt,,,,,,,,,,,,,flan_submixture,flan_collection_uncovered_expression,direct terms where identified; Article 4 for uncovered expression
flan,t0_zsopt_data__quartz_read_passage_below_choose.parquet,13450,1173725,234745.0,t0_zsopt,,,,,,,,,,,,,flan_submixture,flan_collection_uncovered_expression,direct terms where identified; Article 4 for uncovered expression
flan,t0_zsopt_data__quartz_use_info_from_paragraph_question.parquet,12830,1056130,211226.0,t0_zsopt,,,,,,,,,,,,,flan_submixture,flan_collection_uncovered_expression,direct terms where identified; Article 4 for uncovered expression
flan,t0_zsopt_data__quartz_use_info_from_question_paragraph.parquet,13340,1097285,219457.0,t0_zsopt,,,,,,,,,,,,,flan_submixture,flan_collection_uncovered_expression,direct terms where identified; Article 4 for uncovered expression
flan,t0_zsopt_data__quoref_Answer_Friend_Question.parquet,25000,11420633,2284126.6,t0_zsopt,,,,,,,,,,,,,flan_submixture,flan_collection_uncovered_expression,direct terms where identified; Article 4 for uncovered expression
flan,t0_zsopt_data__quoref_Answer_Question_Given_Context.parquet,25000,11261912,2252382.4,t0_zsopt,,,,,,,,,,,,,flan_submixture,flan_collection_uncovered_expression,direct terms where identified; Article 4 for uncovered expression
flan,t0_zsopt_data__quoref_Answer_Test.parquet,25000,11488615,2297723.0,t0_zsopt,,,,,,,,,,,,,flan_submixture,flan_collection_uncovered_expression,direct terms where identified; Article 4 for uncovered expression
flan,t0_zsopt_data__quoref_Context_Contains_Answer.parquet,25000,11295153,2259030.6,t0_zsopt,,,,,,,,,,,,,flan_submixture,flan_collection_uncovered_expression,direct terms where identified; Article 4 for uncovered expression
flan,t0_zsopt_data__quoref_Find_Answer.parquet,25000,11397376,2279475.2,t0_zsopt,,,,,,,,,,,,,flan_submixture,flan_collection_uncovered_expression,direct terms where identified; Article 4 for uncovered expression
flan,t0_zsopt_data__quoref_Found_Context_Online.parquet,25000,11275490,2255098.0,t0_zsopt,,,,,,,,,,,,,flan_submixture,flan_collection_uncovered_expression,direct terms where identified; Article 4 for uncovered expression
flan,t0_zsopt_data__quoref_Given_Context_Answer_Question.parquet,25000,11251578,2250315.6,t0_zsopt,,,,,,,,,,,,,flan_submixture,flan_collection_uncovered_expression,direct terms where identified; Article 4 for uncovered expression
flan,t0_zsopt_data__quoref_Guess_Answer.parquet,25000,11348440,2269688.0,t0_zsopt,,,,,,,,,,,,,flan_submixture,flan_collection_uncovered_expression,direct terms where identified; Article 4 for uncovered expression
flan,t0_zsopt_data__quoref_Guess_Title_For_Context.parquet,25000,10885148,2177029.6,t0_zsopt,,,,,,,,,,,,,flan_submixture,flan_collection_uncovered_expression,direct terms where identified; Article 4 for uncovered expression
flan,t0_zsopt_data__quoref_Read_And_Extract_.parquet,25000,11265773,2253154.6,t0_zsopt,,,,,,,,,,,,,flan_submixture,flan_collection_uncovered_expression,direct terms where identified; Article 4 for uncovered expression
flan,t0_zsopt_data__quoref_What_Is_The_Answer.parquet,25000,11290680,2258136.0,t0_zsopt,,,,,,,,,,,,,flan_submixture,flan_collection_uncovered_expression,direct terms where identified; Article 4 for uncovered expression
flan,t0_zsopt_data__sciq_Direct_Question.parquet,25000,3887972,777594.4,t0_zsopt,,,,,,,,,,,,,flan_submixture,flan_collection_uncovered_expression,direct terms where identified; Article 4 for uncovered expression
flan,t0_zsopt_data__sciq_Direct_Question_Closed_Book_.parquet,25000,1584047,316809.4,t0_zsopt,,,,,,,,,,,,,flan_submixture,flan_collection_uncovered_expression,direct terms where identified; Article 4 for uncovered expression
flan,t0_zsopt_data__sciq_Multiple_Choice.parquet,25000,3720604,744120.8,t0_zsopt,,,,,,,,,,,,,flan_submixture,flan_collection_uncovered_expression,direct terms where identified; Article 4 for uncovered expression
flan,t0_zsopt_data__sciq_Multiple_Choice_Closed_Book_.parquet,25000,1419875,283975.0,t0_zsopt,,,,,,,,,,,,,flan_submixture,flan_collection_uncovered_expression,direct terms where identified; Article 4 for uncovered expression
flan,t0_zsopt_data__sciq_Multiple_Choice_Question_First.parquet,25000,3843773,768754.6,t0_zsopt,,,,,,,,,,,,,flan_submixture,flan_collection_uncovered_expression,direct terms where identified; Article 4 for uncovered expression
flan,t0_zsopt_data__social_i_qa_Check_if_a_random_answer_is_valid_or_not.parquet,25000,1766857,353371.4,t0_zsopt,,,,,,,,,,,,,flan_submixture,flan_collection_uncovered_expression,direct terms where identified; Article 4 for uncovered expression
flan,t0_zsopt_data__social_i_qa_Generate_answer.parquet,25000,1831410,366282.0,t0_zsopt,,,,,,,,,,,,,flan_submixture,flan_collection_uncovered_expression,direct terms where identified; Article 4 for uncovered expression
flan,t0_zsopt_data__social_i_qa_Generate_the_question_from_the_answer.parquet,25000,1507258,301451.6,t0_zsopt,,,,,,,,,,,,,flan_submixture,flan_collection_uncovered_expression,direct terms where identified; Article 4 for uncovered expression
flan,t0_zsopt_data__social_i_qa_I_was_wondering.parquet,25000,1904373,380874.6,t0_zsopt,,,,,,,,,,,,,flan_submixture,flan_collection_uncovered_expression,direct terms where identified; Article 4 for uncovered expression
flan,t0_zsopt_data__social_i_qa_Show_choices_and_generate_answer.parquet,25000,1663668,332733.6,t0_zsopt,,,,,,,,,,,,,flan_submixture,flan_collection_uncovered_expression,direct terms where identified; Article 4 for uncovered expression
flan,t0_zsopt_data__social_i_qa_Show_choices_and_generate_index.parquet,25000,2037271,407454.2,t0_zsopt,,,,,,,,,,,,,flan_submixture,flan_collection_uncovered_expression,direct terms where identified; Article 4 for uncovered expression
flan,t0_zsopt_data__wiki_bio_comprehension.parquet,25000,8702813,1740562.6,t0_zsopt,,,,,,,,,,,,,flan_submixture,flan_collection_uncovered_expression,direct terms where identified; Article 4 for uncovered expression
flan,t0_zsopt_data__wiki_bio_guess_person.parquet,25000,4389996,877999.2,t0_zsopt,,,,,,,,,,,,,flan_submixture,flan_collection_uncovered_expression,direct terms where identified; Article 4 for uncovered expression
flan,t0_zsopt_data__wiki_bio_key_content.parquet,25000,7729975,1545995.0,t0_zsopt,,,,,,,,,,,,,flan_submixture,flan_collection_uncovered_expression,direct terms where identified; Article 4 for uncovered expression
flan,t0_zsopt_data__wiki_bio_what_content.parquet,25000,5011376,1002275.2,t0_zsopt,,,,,,,,,,,,,flan_submixture,flan_collection_uncovered_expression,direct terms where identified; Article 4 for uncovered expression
flan,t0_zsopt_data__wiki_bio_who.parquet,25000,8027584,1605516.8,t0_zsopt,,,,,,,,,,,,,flan_submixture,flan_collection_uncovered_expression,direct terms where identified; Article 4 for uncovered expression
flan,t0_zsopt_data__wiki_hop_original_choose_best_object_affirmative_1.parquet,25000,39132396,7826479.2,t0_zsopt,,,,,,,,,,,,,flan_submixture,flan_collection_uncovered_expression,direct terms where identified; Article 4 for uncovered expression
flan,t0_zsopt_data__wiki_hop_original_choose_best_object_affirmative_2.parquet,25000,39029095,7805819.0,t0_zsopt,,,,,,,,,,,,,flan_submixture,flan_collection_uncovered_expression,direct terms where identified; Article 4 for uncovered expression
flan,t0_zsopt_data__wiki_hop_original_choose_best_object_affirmative_3.parquet,25000,39264051,7852810.2,t0_zsopt,,,,,,,,,,,,,flan_submixture,flan_collection_uncovered_expression,direct terms where identified; Article 4 for uncovered expression
flan,t0_zsopt_data__wiki_hop_original_choose_best_object_interrogative_1.parquet,25000,38707414,7741482.8,t0_zsopt,,,,,,,,,,,,,flan_submixture,flan_collection_uncovered_expression,direct terms where identified; Article 4 for uncovered expression
flan,t0_zsopt_data__wiki_hop_original_choose_best_object_interrogative_2.parquet,25000,38876069,7775213.8,t0_zsopt,,,,,,,,,,,,,flan_submixture,flan_collection_uncovered_expression,direct terms where identified; Article 4 for uncovered expression
flan,t0_zsopt_data__wiki_hop_original_explain_relation.parquet,25000,37351164,7470232.8,t0_zsopt,,,,,,,,,,,,,flan_submixture,flan_collection_uncovered_expression,direct terms where identified; Article 4 for uncovered expression
flan,t0_zsopt_data__wiki_hop_original_generate_object.parquet,25000,37317861,7463572.2,t0_zsopt,,,,,,,,,,,,,flan_submixture,flan_collection_uncovered_expression,direct terms where identified; Article 4 for uncovered expression
flan,t0_zsopt_data__wiki_hop_original_generate_subject.parquet,25000,37377433,7475486.6,t0_zsopt,,,,,,,,,,,,,flan_submixture,flan_collection_uncovered_expression,direct terms where identified; Article 4 for uncovered expression
flan,t0_zsopt_data__wiki_hop_original_generate_subject_and_object.parquet,25000,37318451,7463690.2,t0_zsopt,,,,,,,,,,,,,flan_submixture,flan_collection_uncovered_expression,direct terms where identified; Article 4 for uncovered expression
flan,t0_zsopt_data__wiki_qa_Decide_good_answer.parquet,25000,1928265,385653.0,t0_zsopt,,,,,,,,,,,,,flan_submixture,flan_collection_uncovered_expression,direct terms where identified; Article 4 for uncovered expression
flan,t0_zsopt_data__wiki_qa_Direct_Answer_to_Question.parquet,5070,325110,65022.0,t0_zsopt,,,,,,,,,,,,,flan_submixture,flan_collection_uncovered_expression,direct terms where identified; Article 4 for uncovered expression
flan,t0_zsopt_data__wiki_qa_Generate_Question_from_Topic.parquet,4900,375595,75119.0,t0_zsopt,,,,,,,,,,,,,flan_submixture,flan_collection_uncovered_expression,direct terms where identified; Article 4 for uncovered expression
flan,t0_zsopt_data__wiki_qa_Is_This_True_.parquet,25000,1957333,391466.6,t0_zsopt,,,,,,,,,,,,,flan_submixture,flan_collection_uncovered_expression,direct terms where identified; Article 4 for uncovered expression
flan,t0_zsopt_data__wiki_qa_Jeopardy_style.parquet,4900,376110,75222.0,t0_zsopt,,,,,,,,,,,,,flan_submixture,flan_collection_uncovered_expression,direct terms where identified; Article 4 for uncovered expression
flan,t0_zsopt_data__wiki_qa_Topic_Prediction_Answer_Only.parquet,5155,339305,67861.0,t0_zsopt,,,,,,,,,,,,,flan_submixture,flan_collection_uncovered_expression,direct terms where identified; Article 4 for uncovered expression
flan,t0_zsopt_data__wiki_qa_Topic_Prediction_Question_Only.parquet,5125,207945,41589.0,t0_zsopt,,,,,,,,,,,,,flan_submixture,flan_collection_uncovered_expression,direct terms where identified; Article 4 for uncovered expression
flan,t0_zsopt_data__wiki_qa_Topic_Prediction_Question_and_Answer_Pair.parquet,5150,432185,86437.0,t0_zsopt,,,,,,,,,,,,,flan_submixture,flan_collection_uncovered_expression,direct terms where identified; Article 4 for uncovered expression
flan,t0_zsopt_data__wiki_qa_automatic_system.parquet,25000,2307041,461408.2,t0_zsopt,,,,,,,,,,,,,flan_submixture,flan_collection_uncovered_expression,direct terms where identified; Article 4 for uncovered expression
flan,t0_zsopt_data__wiki_qa_exercise.parquet,25000,2222076,444415.2,t0_zsopt,,,,,,,,,,,,,flan_submixture,flan_collection_uncovered_expression,direct terms where identified; Article 4 for uncovered expression
flan,t0_zsopt_data__wiki_qa_found_on_google.parquet,25000,1871802,374360.4,t0_zsopt,,,,,,,,,,,,,flan_submixture,flan_collection_uncovered_expression,direct terms where identified; Article 4 for uncovered expression
flan,t0_zsopt_data__wiqa_does_the_supposed_perturbation_have_an_effect.parquet,25000,3192175,638435.0,t0_zsopt,,,,,,,,,,,,,flan_submixture,flan_collection_uncovered_expression,direct terms where identified; Article 4 for uncovered expression
flan,t0_zsopt_data__wiqa_effect_with_label_answer.parquet,25000,3043093,608618.6,t0_zsopt,,,,,,,,,,,,,flan_submixture,flan_collection_uncovered_expression,direct terms where identified; Article 4 for uncovered expression
flan,t0_zsopt_data__wiqa_effect_with_string_answer.parquet,25000,3200839,640167.8,t0_zsopt,,,,,,,,,,,,,flan_submixture,flan_collection_uncovered_expression,direct terms where identified; Article 4 for uncovered expression
flan,t0_zsopt_data__wiqa_what_is_the_final_step_of_the_following_process.parquet,25000,2310687,462137.4,t0_zsopt,,,,,,,,,,,,,flan_submixture,flan_collection_uncovered_expression,direct terms where identified; Article 4 for uncovered expression
flan,t0_zsopt_data__wiqa_what_is_the_missing_first_step.parquet,25000,2368062,473612.4,t0_zsopt,,,,,,,,,,,,,flan_submixture,flan_collection_uncovered_expression,direct terms where identified; Article 4 for uncovered expression
flan,t0_zsopt_data__wiqa_what_might_be_the_first_step_of_the_process.parquet,25000,2343311,468662.2,t0_zsopt,,,,,,,,,,,,,flan_submixture,flan_collection_uncovered_expression,direct terms where identified; Article 4 for uncovered expression
flan,t0_zsopt_data__wiqa_what_might_be_the_last_step_of_the_process.parquet,25000,2336320,467264.0,t0_zsopt,,,,,,,,,,,,,flan_submixture,flan_collection_uncovered_expression,direct terms where identified; Article 4 for uncovered expression
flan,t0_zsopt_data__wiqa_which_of_the_following_is_the_supposed_perturbation.parquet,25000,3727109,745421.8,t0_zsopt,,,,,,,,,,,,,flan_submixture,flan_collection_uncovered_expression,direct terms where identified; Article 4 for uncovered expression
tasksource,CONDAQA.parquet,28620,6458095,1291619.0,lasha-nlp/CONDAQA,CONDAQA,lasha-nlp/CONDAQA,,,conqada,Classification,apache-2.0,3c9caa2f2f6960711e7f4d2e800581def2b6c183,false,false,false,,exact_normalized_tasksource_mapping,tasksource_specific_licence,current upstream repository licence metadata
tasksource,ConTRoL-nli.parquet,33595,20246805,4049361.0,tasksource/ConTRoL-nli,ConTRoL-nli,tasksource/ConTRoL-nli,,,control,Classification,,2c5a0f3d8cefe4130aa8d341297181c0c12e5d0f,false,false,false,,exact_normalized_tasksource_mapping,tasksource_residual_research_tdm,Article 3 / Danish section 11 c for current research use
tasksource,FLUTE.parquet,33900,2781755,556351.0,ColumbiaNLP/FLUTE,FLUTE,ColumbiaNLP/FLUTE,,,flute,Classification,afl-3.0,84087ff790a60b7e361d86c6acd9a558f07a1244,false,false,false,,exact_normalized_tasksource_mapping,tasksource_specific_licence,current upstream repository licence metadata
tasksource,HatemojiBuild.parquet,23640,1172010,234402.0,HannahRoseKirk/HatemojiBuild,HatemojiBuild,HannahRoseKirk/HatemojiBuild,,,hatemoji,Classification,cc-by-4.0,17509b6678c3206ce7bfa43107fdadf53f3d06f7,auto,false,false,,exact_normalized_tasksource_mapping,tasksource_specific_licence,current upstream repository licence metadata
tasksource,I2D2.parquet,50000,2079229,415845.8,tasksource/I2D2,I2D2,tasksource/I2D2,,,i2d2,Classification,apache-2.0,37f168f76da1cbc0fead701e96006892ed723549,false,false,false,,exact_normalized_tasksource_mapping,tasksource_specific_licence,current upstream repository licence metadata
tasksource,MOH.parquet,6835,373085,74617.0,tasksource/MOH,MOH,tasksource/MOH,,,moh,Classification,,8991746993241cb05c6e57f0270b969e78597dfb,false,false,false,,exact_normalized_tasksource_mapping,tasksource_residual_research_tdm,Article 3 / Danish section 11 c for current research use
tasksource,MedQA-USMLE-4-options-hf.parquet,50000,11773238,2354647.6,GBaker/MedQA-USMLE-4-options-hf,MedQA-USMLE-4-options-hf,GBaker/MedQA-USMLE-4-options-hf,,,medqa_usmle,MultipleChoice,cc-by-sa-4.0,17af9355ef89fba60de966eabaeba797c695f86e,false,false,false,,exact_normalized_tasksource_mapping,tasksource_specific_licence,current upstream repository licence metadata
tasksource,PARARULE-Plus.parquet,50000,12525580,2505116.0,qbao775/PARARULE-Plus,PARARULE-Plus,qbao775/PARARULE-Plus,,,para_rules,Classification,mit,b69a66cba535e646cc3ace12b4eb672be78b44af,false,false,false,,exact_normalized_tasksource_mapping,tasksource_specific_licence,current upstream repository licence metadata
tasksource,SpaceNLI.parquet,50000,3494701,698940.2,tasksource/SpaceNLI,SpaceNLI,tasksource/SpaceNLI,,,space_nli,Classification,mit,4755020cda14b4ca1f7d464430aa72b3acb8eadb,false,false,false,,exact_normalized_tasksource_mapping,tasksource_specific_licence,current upstream repository licence metadata
tasksource,Touche23-ValueEval.parquet,26965,2083620,416724.0,webis/Touche23-ValueEval,Touche23-ValueEval,webis/Touche23-ValueEval,,,valueeval_stance,Classification,cc-by-4.0,66ed7d7e0ca7778b8662bd31af55365c07d6c1cd,false,false,false,,exact_normalized_tasksource_mapping,tasksource_specific_licence,current upstream repository licence metadata
tasksource,TroFi.parquet,7970,632640,126528.0,tasksource/TroFi,TroFi,tasksource/TroFi,,,trofi,Classification,gpl,69e6baed2fe03e9618f4785cc985fcd15676c834,false,false,false,,exact_normalized_tasksource_mapping,tasksource_specific_licence,current upstream repository licence metadata
tasksource,VUAC.parquet,50000,3764644,752928.8,tasksource/VUAC,VUAC,tasksource/VUAC,,,vuac,Classification,,1a7b7766b2f6830b7471e38c337eee7c7236a2e7,false,false,false,,exact_normalized_tasksource_mapping,tasksource_residual_research_tdm,Article 3 / Danish section 11 c for current research use
tasksource,WANLI.parquet,50000,4126957,825391.4,alisawuffles/WANLI,WANLI,alisawuffles/WANLI,,,wanli,Classification,cc-by-4.0,61c95318fd71c55b6ba355d76253254615f387ec,false,false,false,,exact_normalized_tasksource_mapping,tasksource_specific_licence,current upstream repository licence metadata
tasksource,acronym_identification.parquet,50000,12737785,2547557.0,acronym_identification,acronym_identification,acronym_identification,,,acronym_identification,TokenClassification,mit,15ef643450d589d5883e289ffadeb03563e80a9e,false,false,false,,exact_normalized_tasksource_mapping,tasksource_specific_licence,current upstream repository licence metadata
tasksource,add_one_rte.parquet,22405,1726020,345204.0,pietrolesci/add_one_rte,add_one_rte,pietrolesci/add_one_rte,,,add_one_rte,Classification,,a5bdde974239556a20e6fc1624c2e32ee20b0c6a,false,false,false,,exact_normalized_tasksource_mapping,tasksource_residual_research_tdm,Article 3 / Danish section 11 c for current research use
tasksource,arct.parquet,6050,462300,92460.0,tasksource/arct,arct,tasksource/arct,,,arct,MultipleChoice,apache-2.0,c13f83ea610d0f04c8b6ea50a59339b8204dcd44,false,false,false,,exact_normalized_tasksource_mapping,tasksource_specific_licence,current upstream repository licence metadata
tasksource,autotnli.parquet,50000,15661767,3132353.4,tasksource/autotnli,autotnli,tasksource/autotnli,,,autotnli,Classification,apache-2.0,7bfbd76ca5f8f7f56338c211a11e5c3ea2e8a85f,false,false,false,,exact_normalized_tasksource_mapping,tasksource_specific_licence,current upstream repository licence metadata
tasksource,avicenna.parquet,21600,1583360,316672.0,tasksource/avicenna,avicenna,tasksource/avicenna,,,avicenna,Classification,cc,909ba9cda08a332f629239a4461296462f01766b,false,false,false,,exact_normalized_tasksource_mapping,tasksource_residual_research_tdm,Article 3 / Danish section 11 c for current research use
tasksource,balanced-copa.parquet,4500,244650,48930.0,pkavumba/balanced-copa,balanced-copa,pkavumba/balanced-copa,,,balanced_copa,MultipleChoice,cc-by-4.0,813bd03cd6e07d9bd8d7333896ad5d40abb95ea9,false,false,false,,exact_normalized_tasksource_mapping,tasksource_specific_licence,current upstream repository licence metadata
tasksource,banking77.parquet,45010,3320060,664012.0,PolyAI/banking77,banking77,PolyAI/banking77,,,banking77,Classification,cc-by-4.0,90d4e2ee5521c04fc1488f065b8b083658768c57,false,false,false,,exact_normalized_tasksource_mapping,tasksource_specific_licence,current upstream repository licence metadata
tasksource,breaking_nli.parquet,36865,2801440,560288.0,pietrolesci/breaking_nli,breaking_nli,pietrolesci/breaking_nli,,,breaking_nli,Classification,,82b6583887562130331c99bba2c994b44eae310f,false,false,false,,exact_normalized_tasksource_mapping,tasksource_residual_research_tdm,Article 3 / Danish section 11 c for current research use
tasksource,citation_intent.parquet,8440,815510,163102.0,zapsdcn/citation_intent,citation_intent,zapsdcn/citation_intent,,,citation_intent,Classification,,f5e62b86ee701ba2ea2a5d95be12cd7633b6f6f9,false,false,false,,exact_normalized_tasksource_mapping,tasksource_residual_research_tdm,Article 3 / Danish section 11 c for current research use
tasksource,cladder.parquet,47520,5471520,1094304.0,tasksource/cladder,cladder,tasksource/cladder,,,cladder,Classification,mit,c1274613e7a9a0fd38425ae763ff0ea07c1f188a,false,false,false,,exact_normalized_tasksource_mapping,tasksource_specific_licence,current upstream repository licence metadata
tasksource,clcd-english.parquet,45000,3678635,735727.0,tasksource/clcd-english,clcd-english,tasksource/clcd-english,,,clcd,Classification,apache-2.0,2fa911a56b9c5f19cb84a2934136e8745c7a0f25,false,false,false,,exact_normalized_tasksource_mapping,tasksource_specific_licence,current upstream repository licence metadata
tasksource,cloth.parquet,50000,4059101,811820.2,AndyChiang/cloth,cloth,AndyChiang/cloth,,,cloth,MultipleChoice,mit,205ca64c78a48e01e0ba211163c89e77c027a4ff,false,false,false,,exact_normalized_tasksource_mapping,tasksource_specific_licence,current upstream repository licence metadata
tasksource,cnli.parquet,37485,2744450,548890.0,metaeval/cnli,cnli,metaeval/cnli,,,cnli,Classification,,4cee00e6022028f7fb3a903ffdeac426d3c221dd,false,false,false,,exact_normalized_tasksource_mapping,tasksource_residual_research_tdm,Article 3 / Danish section 11 c for current research use
tasksource,com2sense.parquet,8040,412545,82509.0,tasksource/com2sense,com2sense,tasksource/com2sense,,,com2sense,Classification,,99d1b25627a0b38202d5744c0c71baeef7b648e2,false,false,false,,exact_normalized_tasksource_mapping,tasksource_residual_research_tdm,Article 3 / Danish section 11 c for current research use
tasksource,commonsense_qa_2.0.parquet,46320,1926060,385212.0,tasksource/commonsense_qa_2.0,commonsense_qa_2.0,tasksource/commonsense_qa_2.0,,,commonsense_qa_2,Classification,cc-by-4.0,23ff83b18ed76882f3af1a403a7c464b72efcd86,false,false,false,,exact_normalized_tasksource_mapping,tasksource_specific_licence,current upstream repository licence metadata
tasksource,conceptrules_v2.parquet,50000,7175470,1435094.0,tasksource/conceptrules_v2,conceptrules_v2,tasksource/conceptrules_v2,,,conceptrules_v2,Classification,mit,aa3a377d68c5863840db744c79700cff309e3a91,false,false,false,,exact_normalized_tasksource_mapping,tasksource_specific_licence,current upstream repository licence metadata
tasksource,conj_nli.parquet,50000,4877193,975438.6,pietrolesci/conj_nli,conj_nli,pietrolesci/conj_nli,,,conj_nli,Classification,,a3923be8c49a8c8b5025737e64919faecc7576a7,false,false,false,,exact_normalized_tasksource_mapping,tasksource_residual_research_tdm,Article 3 / Danish section 11 c for current research use
tasksource,conll2000.parquet,40215,10841960,2168392.0,conll2000,conll2000,conll2000,,,chunking,TokenClassification,,ce1947a0302ee3ede3bf53750c16f7b6be5daf0e,false,false,false,,exact_normalized_tasksource_mapping,tasksource_residual_research_tdm,Article 3 / Danish section 11 c for current research use
tasksource,conll2003_chunk_tags.parquet,50000,9991659,1998331.8,conll2003,conll2003/chunk_tags,conll2003,,chunk_tags,conll2003__chunk_tags,TokenClassification,other,3f1cce917ab38486481b062921eb137e7bd3c205,false,false,false,,exact_normalized_tasksource_mapping,tasksource_residual_research_tdm,Article 3 / Danish section 11 c for current research use
tasksource,conll2003_ner_tags.parquet,50000,8537822,1707564.4,conll2003,conll2003/ner_tags,conll2003,,ner_tags,conll2003__ner_tags,TokenClassification,other,3f1cce917ab38486481b062921eb137e7bd3c205,false,false,false,,exact_normalized_tasksource_mapping,tasksource_residual_research_tdm,Article 3 / Danish section 11 c for current research use
tasksource,conll2003_pos_tags.parquet,50000,7742082,1548416.4,conll2003,conll2003/pos_tags,conll2003,,pos_tags,conll2003__pos_tags,TokenClassification,other,3f1cce917ab38486481b062921eb137e7bd3c205,false,false,false,,exact_normalized_tasksource_mapping,tasksource_residual_research_tdm,Article 3 / Danish section 11 c for current research use
tasksource,corr2cause.parquet,50000,26483888,5296777.6,tasksource/corr2cause,corr2cause,tasksource/corr2cause,,,causality,Classification,mit,aa0e8b909b8cb7589eb23dad5e9c1cb709e665a3,false,false,false,,exact_normalized_tasksource_mapping,tasksource_specific_licence,current upstream repository licence metadata
tasksource,counterfactually-augmented-snli.parquet,33320,2441030,488206.0,tasksource/counterfactually-augmented-snli,counterfactually-augmented-snli,tasksource/counterfactually-augmented-snli,,,c_aug_snli,Classification,unknown,a10a9450a0a72ce057e050680a623435cd339499,false,false,false,,exact_normalized_tasksource_mapping,tasksource_residual_research_tdm,Article 3 / Danish section 11 c for current research use
tasksource,crowdflower_airline-sentiment.parquet,50000,2953015,590603.0,tasksource/crowdflower,crowdflower/airline-sentiment,tasksource/crowdflower,airline-sentiment,,crowdflower,Classification,,6d2c046fd8032a11c5779deb27d2c1880297dac9,false,false,false,,exact_normalized_tasksource_mapping,tasksource_residual_research_tdm,Article 3 / Danish section 11 c for current research use
tasksource,crowdflower_political-media-audience.parquet,22495,1807545,361509.0,tasksource/crowdflower,crowdflower/political-media-audience,tasksource/crowdflower,political-media-audience,,crowdflower,Classification,,6d2c046fd8032a11c5779deb27d2c1880297dac9,false,false,false,,exact_normalized_tasksource_mapping,tasksource_residual_research_tdm,Article 3 / Danish section 11 c for current research use
tasksource,crowdflower_political-media-bias.parquet,22495,1753255,350651.0,tasksource/crowdflower,crowdflower/political-media-bias,tasksource/crowdflower,political-media-bias,,crowdflower,Classification,,6d2c046fd8032a11c5779deb27d2c1880297dac9,false,false,false,,exact_normalized_tasksource_mapping,tasksource_residual_research_tdm,Article 3 / Danish section 11 c for current research use
tasksource,crowdflower_political-media-message.parquet,22495,1916865,383373.0,tasksource/crowdflower,crowdflower/political-media-message,tasksource/crowdflower,political-media-message,,crowdflower,Classification,,6d2c046fd8032a11c5779deb27d2c1880297dac9,false,false,false,,exact_normalized_tasksource_mapping,tasksource_residual_research_tdm,Article 3 / Danish section 11 c for current research use
tasksource,crowdflower_sentiment_nuclear_power.parquet,855,65640,13128.0,tasksource/crowdflower,crowdflower/sentiment_nuclear_power,tasksource/crowdflower,sentiment_nuclear_power,,crowdflower,Classification,,6d2c046fd8032a11c5779deb27d2c1880297dac9,false,false,false,,exact_normalized_tasksource_mapping,tasksource_residual_research_tdm,Article 3 / Danish section 11 c for current research use
tasksource,cycic_classification.parquet,20780,1396710,279342.0,tasksource/cycic_classification,cycic_classification,tasksource/cycic_classification,,,cycic_classification,Classification,apache-2.0,ad7eb0d2022e36d762903851ef3ac1d612da96be,false,false,false,,exact_normalized_tasksource_mapping,tasksource_specific_licence,current upstream repository licence metadata
tasksource,cycic_multiplechoice.parquet,32605,2811975,562395.0,tasksource/cycic_multiplechoice,cycic_multiplechoice,tasksource/cycic_multiplechoice,,,cycic_mc,MultipleChoice,apache-2.0,fc9f5f881b814de9f5d73c489a80a32e764579f6,false,false,false,,exact_normalized_tasksource_mapping,tasksource_specific_licence,current upstream repository licence metadata
tasksource,dadc-limit-nli.parquet,3445,703660,140732.0,tasksource/dadc-limit-nli,dadc-limit-nli,tasksource/dadc-limit-nli,,,dadc_limit,Classification,cc,0dc4c326436b30f901b484ecaabb0962d7a97ca7,false,false,false,,exact_normalized_tasksource_mapping,tasksource_residual_research_tdm,Article 3 / Danish section 11 c for current research use
tasksource,defeasible-nli_atomic.parquet,50000,3538802,707760.4,metaeval/defeasible-nli,defeasible-nli/atomic,metaeval/defeasible-nli,atomic,,defeasible_nli,Classification,apache-2.0,7c4a57df9d8de5c36d4e9caa977907b5e8469c4f,false,false,false,,exact_normalized_tasksource_mapping,tasksource_specific_licence,current upstream repository licence metadata
tasksource,defeasible-nli_snli.parquet,50000,4043733,808746.6,metaeval/defeasible-nli,defeasible-nli/snli,metaeval/defeasible-nli,snli,,defeasible_nli,Classification,apache-2.0,7c4a57df9d8de5c36d4e9caa977907b5e8469c4f,false,false,false,,exact_normalized_tasksource_mapping,tasksource_specific_licence,current upstream repository licence metadata
tasksource,dgen.parquet,10440,579065,115813.0,AndyChiang/dgen,dgen,AndyChiang/dgen,,,dgen,MultipleChoice,mit,104c7e6a9c489be3b34bfdb905cf124063473ea7,false,false,false,,exact_normalized_tasksource_mapping,tasksource_specific_licence,current upstream repository licence metadata
tasksource,dialogue_nli.parquet,50000,3455069,691013.8,pietrolesci/dialogue_nli,dialogue_nli,pietrolesci/dialogue_nli,,,dialogue_nli,Classification,,f23677a6713b1558fe0e6ba3ec8db76ec8e49e98,false,false,false,,exact_normalized_tasksource_mapping,tasksource_residual_research_tdm,Article 3 / Danish section 11 c for current research use
tasksource,discosense.parquet,41845,6055375,1211075.0,prajjwal1/discosense,discosense,prajjwal1/discosense,,,discosense,MultipleChoice,,6d008011ac5b47dcd75029f46901da81382b6d89,false,false,false,,exact_normalized_tasksource_mapping,tasksource_residual_research_tdm,Article 3 / Danish section 11 c for current research use
tasksource,dnc.parquet,50000,3444762,688952.4,pietrolesci/dnc,dnc,pietrolesci/dnc,,,dnc_nli,Classification,,1b34f1c8b073c6782b68dc3c5c10ef6356a284d3,false,false,false,,exact_normalized_tasksource_mapping,tasksource_residual_research_tdm,Article 3 / Danish section 11 c for current research use
tasksource,dnd_style_intents.parquet,50000,2452014,490402.8,neurae/dnd_style_intents,dnd_style_intents,neurae/dnd_style_intents,,,dnd_intent,Classification,apache-2.0,f070d66ac5646ad079ad5ac30a4ab88d1497bc61,false,false,false,,exact_normalized_tasksource_mapping,tasksource_specific_licence,current upstream repository licence metadata
tasksource,dynasent_dynabench.dynasent.r1.all_r1.parquet,50000,2419944,483988.8,dynabench/dynasent,dynasent/dynabench.dynasent.r1.all/r1,dynabench/dynasent,dynabench.dynasent.r1.all,r1,dynasent__r1,Classification,,d1e2d5e619bb78fb6dc4d548108c50cb65b8d78c,false,false,false,,exact_normalized_tasksource_mapping,tasksource_residual_research_tdm,Article 3 / Danish section 11 c for current research use
tasksource,dynasent_dynabench.dynasent.r2.all_r2.parquet,50000,2344458,468891.6,dynabench/dynasent,dynasent/dynabench.dynasent.r2.all/r2,dynabench/dynasent,dynabench.dynasent.r2.all,r2,dynasent__r2,Classification,,d1e2d5e619bb78fb6dc4d548108c50cb65b8d78c,false,false,false,,exact_normalized_tasksource_mapping,tasksource_residual_research_tdm,Article 3 / Danish section 11 c for current research use
tasksource,e-CARE.parquet,50000,3035946,607189.2,12ml/e-CARE,e-CARE,12ml/e-CARE,,,e_care,MultipleChoice,,a9c788710144e6edd31f925345fa107c0634e223,false,false,false,,exact_normalized_tasksource_mapping,tasksource_residual_research_tdm,Article 3 / Danish section 11 c for current research use
tasksource,equate.parquet,8730,785505,157101.0,metaeval/equate,equate,metaeval/equate,,,equate,Classification,apache-2.0,c2b995af77956d93c1afbe79edd511645b058239,false,false,false,,exact_normalized_tasksource_mapping,tasksource_specific_licence,current upstream repository licence metadata
tasksource,esci.parquet,50000,17682546,3536509.2,tasksource/esci,esci,tasksource/esci,,,esci,Classification,apache-2.0,8113b17a5d4099e20243282c926f1bc1a08a4d13,false,false,false,,exact_normalized_tasksource_mapping,tasksource_specific_licence,current upstream repository licence metadata
tasksource,fever-evidence-related_mwong--fever-related.parquet,50000,19434633,3886926.6,mwong/fever-evidence-related,fever-evidence-related,mwong/fever-evidence-related,,,mwong_fever_evidence_related,Classification,cc-by-sa-3.0;gpl-3.0,14aba009b5fcd97b1a9ee6f3e3b0da0e308cf7cb,false,false,false,,exact_normalized_tasksource_mapping,tasksource_specific_licence,current upstream repository licence metadata
tasksource,few-nerd_supervised.parquet,50000,12386820,2477364.0,DFKI-SLT/few-nerd,few-nerd/supervised,DFKI-SLT/few-nerd,supervised,,few_nerd,TokenClassification,cc-by-sa-4.0,205f3e9c9f3577ea2561d43f2f62dc249ab92d5b,false,false,false,,exact_normalized_tasksource_mapping,tasksource_specific_licence,current upstream repository licence metadata
tasksource,fig-qa.parquet,48370,2707860,541572.0,nightingal3/fig-qa,fig-qa,nightingal3/fig-qa,,,fig_qa,MultipleChoice,mit,b29ec2faf6ef73d634db9757f8741dee68f6c874,false,false,false,,exact_normalized_tasksource_mapping,tasksource_specific_licence,current upstream repository licence metadata
tasksource,folio.parquet,5005,709260,141852.0,tasksource/folio,folio,tasksource/folio,,,folio,Classification,cc,295b95fb4fe9be4ff3f933b73142d142cf6b2c97,false,false,false,,exact_normalized_tasksource_mapping,tasksource_residual_research_tdm,Article 3 / Danish section 11 c for current research use
tasksource,fool-me-twice.parquet,50000,5421680,1084336.0,tasksource/fool-me-twice,fool-me-twice,tasksource/fool-me-twice,,,fool_me_twice,Classification,apache-2.0,c7bc95f5e7693dcfa1e03517d14e37d959072f32,false,false,false,,exact_normalized_tasksource_mapping,tasksource_specific_licence,current upstream repository licence metadata
tasksource,fracas.parquet,1240,91670,18334.0,pietrolesci/fracas,fracas,pietrolesci/fracas,,,fracas,Classification,,b9dee7e7cf675ed6f2b97378b8de74920162b617,false,false,false,,exact_normalized_tasksource_mapping,tasksource_residual_research_tdm,Article 3 / Danish section 11 c for current research use
tasksource,help-nli.parquet,50000,3408460,681692.0,tasksource/help-nli,help-nli,tasksource/help-nli,,,help_nli,Classification,cc,c9988951aa6571824b20888f8ba8201953d44df9,false,false,false,,exact_normalized_tasksource_mapping,tasksource_residual_research_tdm,Article 3 / Danish section 11 c for current research use
tasksource,hlgd.parquet,50000,3679389,735877.8,hlgd,hlgd,hlgd,,,hlgd,Classification,apache-2.0,c36e45ea940ad2c471568a5b362b4ddded75ea4b,false,false,false,,exact_normalized_tasksource_mapping,tasksource_specific_licence,current upstream repository licence metadata
tasksource,implicatures.parquet,4500,285230,57046.0,tasksource/implicatures,implicatures,tasksource/implicatures,,,implicatures,MultipleChoice,gpl,e1d0531e474b2c7e22fd5fa29d2f980debb29ab2,false,false,false,,exact_normalized_tasksource_mapping,tasksource_specific_licence,current upstream repository licence metadata
tasksource,jnlpba_jnlpba.parquet,50000,13594527,2718905.4,jnlpba,jnlpba/jnlpba,jnlpba,jnlpba,,jnlpba,TokenClassification,unknown,282eba950020b54bfc7c29b70aed6431a0723217,false,false,false,,exact_normalized_tasksource_mapping,tasksource_residual_research_tdm,Article 3 / Danish section 11 c for current research use
tasksource,language-identification.parquet,50000,3400671,680134.2,papluca/language-identification,language-identification,papluca/language-identification,,,language_identification,Classification,,aa56583bf2bc52b0565770607d6fc3faebecf9e2,false,false,false,,exact_normalized_tasksource_mapping,tasksource_residual_research_tdm,Article 3 / Danish section 11 c for current research use
tasksource,lex_glue_ledgar.parquet,50000,8908702,1781740.4,lex_glue,lex_glue/ledgar,lex_glue,ledgar,,lex_glue___ledgar,Classification,cc-by-4.0,c23fdff1a6bf74e0e1a71cb86f1e781d37da888c,false,false,false,,exact_normalized_tasksource_mapping,tasksource_specific_licence,current upstream repository licence metadata
tasksource,lexical_relation_classification_BLESS.parquet,50000,2594715,518943.0,relbert/lexical_relation_classification,lexical_relation_classification/BLESS,relbert/lexical_relation_classification,BLESS,,relbert_lexical_relation_classification,Classification,other,9862d1e870fe6dba4922d3d326c9c8b90a2ecad5,false,false,false,,exact_normalized_tasksource_mapping,tasksource_residual_research_tdm,Article 3 / Danish section 11 c for current research use
tasksource,lexical_relation_classification_CogALexV.parquet,13740,757590,151518.0,relbert/lexical_relation_classification,lexical_relation_classification/CogALexV,relbert/lexical_relation_classification,CogALexV,,relbert_lexical_relation_classification,Classification,other,9862d1e870fe6dba4922d3d326c9c8b90a2ecad5,false,false,false,,exact_normalized_tasksource_mapping,tasksource_residual_research_tdm,Article 3 / Danish section 11 c for current research use
tasksource,lexical_relation_classification_EVALution.parquet,25800,1429930,285986.0,relbert/lexical_relation_classification,lexical_relation_classification/EVALution,relbert/lexical_relation_classification,EVALution,,relbert_lexical_relation_classification,Classification,other,9862d1e870fe6dba4922d3d326c9c8b90a2ecad5,false,false,false,,exact_normalized_tasksource_mapping,tasksource_residual_research_tdm,Article 3 / Danish section 11 c for current research use
tasksource,lingnli.parquet,50000,4330028,866005.6,tasksource/lingnli,lingnli,tasksource/lingnli,,,ling_nli,Classification,unknown,0d5cbee5220a13b3c0701d3a165d70d006a35339,false,false,false,,exact_normalized_tasksource_mapping,tasksource_residual_research_tdm,Article 3 / Danish section 11 c for current research use
tasksource,logical-fallacy.parquet,12060,935305,187061.0,tasksource/logical-fallacy,logical-fallacy,tasksource/logical-fallacy,,,logical_fallacy,Classification,unknown,37e9b0537a86e72e9eaf6ee8c9a27d872a944103,false,false,false,,exact_normalized_tasksource_mapping,tasksource_residual_research_tdm,Article 3 / Danish section 11 c for current research use
tasksource,logiqa-2.0-nli.parquet,34335,5632065,1126413.0,tasksource/logiqa-2.0-nli,logiqa-2.0-nli,tasksource/logiqa-2.0-nli,,,logiqa_2,Classification,cc,b45b30eb291dcd2296df50d39d1ed63e61df66b6,false,false,false,,exact_normalized_tasksource_mapping,tasksource_residual_research_tdm,Article 3 / Danish section 11 c for current research use
tasksource,logiqa.parquet,36880,7710825,1542165.0,lucasmccabe/logiqa,logiqa,lucasmccabe/logiqa,,,logiqa,MultipleChoice,,3c19b0488d794d30c36f73d132d8a22e64f42f2e,false,false,false,,exact_normalized_tasksource_mapping,tasksource_residual_research_tdm,Article 3 / Danish section 11 c for current research use
tasksource,lonli.parquet,50000,3478911,695782.2,tasksource/lonli,lonli,tasksource/lonli,,,lonli,Classification,mit,f17e55b8f60da2f32720c1a16e4b6149145c662f,false,false,false,,exact_normalized_tasksource_mapping,tasksource_specific_licence,current upstream repository licence metadata
tasksource,lsat_qa_all.parquet,8150,1826445,365289.0,lighteval/lsat_qa,lsat_qa/all,lighteval/lsat_qa,all,,lsat,MultipleChoice,,a1612eed9892cb37995b31d3e0c703018a35d7c6,false,false,false,,exact_normalized_tasksource_mapping,tasksource_residual_research_tdm,Article 3 / Danish section 11 c for current research use
tasksource,medmcqa.parquet,50000,3968621,793724.2,medmcqa,medmcqa,medmcqa,,,medmcqa,MultipleChoice,apache-2.0,91c6572c454088bf71b679ad90aa8dffcd0d5868,false,false,false,,exact_normalized_tasksource_mapping,tasksource_specific_licence,current upstream repository licence metadata
tasksource,mindgames.parquet,50000,6207730,1241546.0,sileod/mindgames,mindgames,sileod/mindgames,,,mindgames,Classification,apache-2.0,e378f4c70f66413a00c664373f4f43064b3ba752,false,false,false,,exact_normalized_tasksource_mapping,tasksource_specific_licence,current upstream repository licence metadata
tasksource,monli.parquet,4505,291235,58247.0,tasksource/monli,monli,tasksource/monli,,,monli,Classification,,8585231417a18e9514d5b7c3f9be36f40a84ee88,false,false,false,,exact_normalized_tasksource_mapping,tasksource_residual_research_tdm,Article 3 / Danish section 11 c for current research use
tasksource,monotonicity-entailment.parquet,24215,1599075,319815.0,tasksource/monotonicity-entailment,monotonicity-entailment,tasksource/monotonicity-entailment,,,monotonicity_entailment,Classification,apache-2.0,5f9ed9a1790bafe23dc3f84710602b4bb3a137ef,false,false,false,,exact_normalized_tasksource_mapping,tasksource_specific_licence,current upstream repository licence metadata
tasksource,moral_stories_full.parquet,50000,4823297,964659.4,demelin/moral_stories,moral_stories/full,demelin/moral_stories,full,,moral_stories,MultipleChoice,mit,b830cf56eb00bc4edd1860dd544a192216eb3587,false,false,false,,exact_normalized_tasksource_mapping,tasksource_specific_licence,current upstream repository licence metadata
tasksource,mpe.parquet,40000,4398810,879762.0,pietrolesci/mpe,mpe,pietrolesci/mpe,,,mpe_nli,Classification,,5bd658aa3bfea14d2c051f1c7dd34b456bbda4a0,false,false,false,,exact_normalized_tasksource_mapping,tasksource_residual_research_tdm,Article 3 / Danish section 11 c for current research use
tasksource,mutual.parquet,31895,7099660,1419932.0,tasksource/mutual,mutual,tasksource/mutual,,,mutual,MultipleChoice,,a3beb1e148910f03335648c47508d739d124a924,false,false,false,,exact_normalized_tasksource_mapping,tasksource_residual_research_tdm,Article 3 / Danish section 11 c for current research use
tasksource,nan-nli_joey234--nan-nli.parquet,1160,80625,16125.0,joey234/nan-nli,nan-nli,joey234/nan-nli,,,nan_nli,Classification,cc-by-sa-4.0,bb4424259da93902b3ec2ece55a744f23d0793d0,false,false,false,,exact_normalized_tasksource_mapping,tasksource_specific_licence,current upstream repository licence metadata
tasksource,natural-language-satisfiability.parquet,36000,7087045,1417409.0,tasksource/natural-language-satisfiability,natural-language-satisfiability,tasksource/natural-language-satisfiability,,,nlsat,Classification,,b67c5f9682739d40d4aec2104f58bcf46828d5c4,false,false,false,,exact_normalized_tasksource_mapping,tasksource_residual_research_tdm,Article 3 / Danish section 11 c for current research use
tasksource,naturallogic.parquet,28755,2060400,412080.0,tasksource/naturallogic,naturallogic,tasksource/naturallogic,,,naturallogic,Classification,apache-2.0,746f83a1f110ee7cd4ca4267f28a9ef044fb8d4b,false,false,false,,exact_normalized_tasksource_mapping,tasksource_specific_licence,current upstream repository licence metadata
tasksource,ncbi_disease_ncbi_disease.parquet,27165,5488595,1097719.0,ncbi_disease,ncbi_disease/ncbi_disease,ncbi_disease,ncbi_disease,,ncbi_disease,TokenClassification,unknown,de3b3cbb82b5d4f7903888ec1e8d099a3cbdb713,false,false,false,,exact_normalized_tasksource_mapping,tasksource_residual_research_tdm,Article 3 / Danish section 11 c for current research use
tasksource,nli-veridicality-transitivity.parquet,50000,3451827,690365.4,metaeval/nli-veridicality-transitivity,nli-veridicality-transitivity,metaeval/nli-veridicality-transitivity,,,nli_veridicality_transitivity,Classification,cc,830b0d0c724f22b06a1e1cb95b6812f31ed701f2,false,false,false,,exact_normalized_tasksource_mapping,tasksource_residual_research_tdm,Article 3 / Danish section 11 c for current research use
tasksource,nli_fever.parquet,50000,6861590,1372318.0,pietrolesci/nli_fever,nli_fever,pietrolesci/nli_fever,,,nli_fever,Classification,,1eddac63112eee1fdf1966e0bca27a5ff248c772,false,false,false,,exact_normalized_tasksource_mapping,tasksource_residual_research_tdm,Article 3 / Danish section 11 c for current research use
tasksource,onestop_qa.parquet,6560,1520625,304125.0,onestop_qa,onestop_qa,onestop_qa,,,onestop_qa,MultipleChoice,cc-by-sa-4.0,1df9aea8c9532045bc55c001d7c588372de2d723,false,false,false,,exact_normalized_tasksource_mapping,tasksource_specific_licence,current upstream repository licence metadata
tasksource,ontonotes_english_SpeedOfMagic--ontonotes_english.parquet,50000,9724093,1944818.6,SpeedOfMagic/ontonotes_english,ontonotes_english/SpeedOfMagic--ontonotes_english,SpeedOfMagic/ontonotes_english,SpeedOfMagic--ontonotes_english,,SpeedOfMagic_ontonotes_english,TokenClassification,unknown,8b4000d7a1e7779bd0c7291f785a2160f95c03fb,false,false,false,,exact_normalized_tasksource_mapping,tasksource_residual_research_tdm,Article 3 / Danish section 11 c for current research use
tasksource,open_question_type.parquet,18580,964715,192943.0,launch/open_question_type,open_question_type,launch/open_question_type,,,launch_open_question_type,Classification,cc-by-4.0,1cf33ab60b1855c636eed32ca381dbac55116571,false,false,false,,exact_normalized_tasksource_mapping,tasksource_specific_licence,current upstream repository licence metadata
tasksource,parade.parquet,37750,3457635,691527.0,tasksource/parade,parade,tasksource/parade,,,parade,Classification,,466978f31aebf4d052287f32ea3ae393f178f386,false,false,false,,exact_normalized_tasksource_mapping,tasksource_residual_research_tdm,Article 3 / Danish section 11 c for current research use
tasksource,pragmeval_emergent.parquet,10380,790485,158097.0,pragmeval,pragmeval/emergent,pragmeval,emergent,,pragmeval_2,Classification,unknown,b5178e3203fb37b8556e2e5ecbef5cab9be77615,false,false,false,,exact_normalized_tasksource_mapping,tasksource_residual_research_tdm,Article 3 / Danish section 11 c for current research use
tasksource,pragmeval_gum.parquet,8500,700815,140163.0,pragmeval,pragmeval/gum,pragmeval,gum,,pragmeval_2,Classification,unknown,b5178e3203fb37b8556e2e5ecbef5cab9be77615,false,false,false,,exact_normalized_tasksource_mapping,tasksource_residual_research_tdm,Article 3 / Danish section 11 c for current research use
tasksource,pragmeval_pdtb.parquet,50000,4968216,993643.2,pragmeval,pragmeval/pdtb,pragmeval,pdtb,,pragmeval_2,Classification,unknown,b5178e3203fb37b8556e2e5ecbef5cab9be77615,false,false,false,,exact_normalized_tasksource_mapping,tasksource_residual_research_tdm,Article 3 / Danish section 11 c for current research use
tasksource,pragmeval_stac.parquet,50000,3247334,649466.8,pragmeval,pragmeval/stac,pragmeval,stac,,pragmeval_2,Classification,unknown,b5178e3203fb37b8556e2e5ecbef5cab9be77615,false,false,false,,exact_normalized_tasksource_mapping,tasksource_residual_research_tdm,Article 3 / Danish section 11 c for current research use
tasksource,pragmeval_verifiability.parquet,28560,1665670,333134.0,pragmeval,pragmeval/verifiability,pragmeval,verifiability,,pragmeval_1,Classification,unknown,b5178e3203fb37b8556e2e5ecbef5cab9be77615,false,false,false,,exact_normalized_tasksource_mapping,tasksource_residual_research_tdm,Article 3 / Danish section 11 c for current research use
tasksource,probability_words_nli_reasoning_1hop.parquet,20000,1857525,371505.0,sileod/probability_words_nli,probability_words_nli/reasoning_1hop,sileod/probability_words_nli,reasoning_1hop,,probability_words_nli,Classification,apache-2.0,4162853a87a970f96bdb689dcdc35732d8aaa854,false,false,false,,exact_normalized_tasksource_mapping,tasksource_specific_licence,current upstream repository licence metadata
tasksource,probability_words_nli_reasoning_2hop.parquet,20000,3442415,688483.0,sileod/probability_words_nli,probability_words_nli/reasoning_2hop,sileod/probability_words_nli,reasoning_2hop,,probability_words_nli,Classification,apache-2.0,4162853a87a970f96bdb689dcdc35732d8aaa854,false,false,false,,exact_normalized_tasksource_mapping,tasksource_specific_licence,current upstream repository licence metadata
tasksource,probability_words_nli_usnli.parquet,50000,3752298,750459.6,sileod/probability_words_nli,probability_words_nli/usnli,sileod/probability_words_nli,usnli,,probability_words_nli,Classification,apache-2.0,4162853a87a970f96bdb689dcdc35732d8aaa854,false,false,false,,exact_normalized_tasksource_mapping,tasksource_specific_licence,current upstream repository licence metadata
tasksource,propsegment_nli.parquet,50000,19036071,3807214.2,sihaochen/propsegment,propsegment/nli,sihaochen/propsegment,nli,,propsegment,Classification,cc-by-4.0,8454abe0cc508213c931e32fff18f982fc26712f,false,false,false,,exact_normalized_tasksource_mapping,tasksource_specific_licence,current upstream repository licence metadata
tasksource,prost.parquet,50000,2621600,524320.0,corypaik/prost,prost,corypaik/prost,,,prost,MultipleChoice,apache-2.0,b3efebf08969fc19335ba894353316878b6fa493,false,false,false,,exact_normalized_tasksource_mapping,tasksource_specific_licence,current upstream repository licence metadata
tasksource,puzzte.parquet,50000,6837012,1367402.4,tasksource/puzzte,puzzte,tasksource/puzzte,,,puzzte,Classification,apache-2.0,9eee591351717431e5ba3f2e8a973f1b2d8758d5,false,false,false,,exact_normalized_tasksource_mapping,tasksource_specific_licence,current upstream repository licence metadata
tasksource,quote-repetition.parquet,1350,192820,38564.0,inverse-scaling/quote-repetition,quote-repetition,inverse-scaling/quote-repetition,,,quote_repetition,MultipleChoice,cc-by-sa-4.0,9627e351697f199464f7c544f485289937dba0ee,false,false,false,,exact_normalized_tasksource_mapping,tasksource_specific_licence,current upstream repository licence metadata
tasksource,race-c.parquet,50000,28957059,5791411.8,tasksource/race-c,race-c,tasksource/race-c,,,race_c,MultipleChoice,,99b95125875f1ef0e47f89801cb435d14911fffa,false,false,false,,exact_normalized_tasksource_mapping,tasksource_residual_research_tdm,Article 3 / Danish section 11 c for current research use
tasksource,recast_recast_factuality.parquet,50000,4068455,813691.0,tasksource/recast,recast/recast_factuality,tasksource/recast,recast_factuality,,recast_nli,Classification,apache-2.0,aec774df2787114414cc592d17e3c7953d1e4a56,false,false,false,,exact_normalized_tasksource_mapping,tasksource_specific_licence,current upstream repository licence metadata
tasksource,recast_recast_megaveridicality.parquet,47250,3266820,653364.0,tasksource/recast,recast/recast_megaveridicality,tasksource/recast,recast_megaveridicality,,recast_nli,Classification,apache-2.0,aec774df2787114414cc592d17e3c7953d1e4a56,false,false,false,,exact_normalized_tasksource_mapping,tasksource_specific_licence,current upstream repository licence metadata
tasksource,recast_recast_ner.parquet,50000,4196082,839216.4,tasksource/recast,recast/recast_ner,tasksource/recast,recast_ner,,recast_nli,Classification,apache-2.0,aec774df2787114414cc592d17e3c7953d1e4a56,false,false,false,,exact_normalized_tasksource_mapping,tasksource_specific_licence,current upstream repository licence metadata
tasksource,recast_recast_puns.parquet,50000,3562507,712501.4,tasksource/recast,recast/recast_puns,tasksource/recast,recast_puns,,recast_nli,Classification,apache-2.0,aec774df2787114414cc592d17e3c7953d1e4a56,false,false,false,,exact_normalized_tasksource_mapping,tasksource_specific_licence,current upstream repository licence metadata
tasksource,recast_recast_sentiment.parquet,24000,1972180,394436.0,tasksource/recast,recast/recast_sentiment,tasksource/recast,recast_sentiment,,recast_nli,Classification,apache-2.0,aec774df2787114414cc592d17e3c7953d1e4a56,false,false,false,,exact_normalized_tasksource_mapping,tasksource_specific_licence,current upstream repository licence metadata
tasksource,recast_recast_verbcorner.parquet,50000,3203285,640657.0,tasksource/recast,recast/recast_verbcorner,tasksource/recast,recast_verbcorner,,recast_nli,Classification,apache-2.0,aec774df2787114414cc592d17e3c7953d1e4a56,false,false,false,,exact_normalized_tasksource_mapping,tasksource_specific_licence,current upstream repository licence metadata
tasksource,recast_recast_verbnet.parquet,6990,442080,88416.0,tasksource/recast,recast/recast_verbnet,tasksource/recast,recast_verbnet,,recast_nli,Classification,apache-2.0,aec774df2787114414cc592d17e3c7953d1e4a56,false,false,false,,exact_normalized_tasksource_mapping,tasksource_specific_licence,current upstream repository licence metadata
tasksource,recast_white_dpr.parquet,16475,1362230,272446.0,pietrolesci/recast_white,recast_white/dpr,pietrolesci/recast_white,,dpr,recast_white__dpr,Classification,,49f76692fb17d5f51bfff93c80276ba700010005,false,false,false,,exact_normalized_tasksource_mapping,tasksource_residual_research_tdm,Article 3 / Danish section 11 c for current research use
tasksource,recast_white_fnplus.parquet,50000,5922841,1184568.2,pietrolesci/recast_white,recast_white/fnplus,pietrolesci/recast_white,,fnplus,recast_white__fnplus,Classification,,49f76692fb17d5f51bfff93c80276ba700010005,false,false,false,,exact_normalized_tasksource_mapping,tasksource_residual_research_tdm,Article 3 / Danish section 11 c for current research use
tasksource,recast_white_sprl.parquet,50000,4378637,875727.4,pietrolesci/recast_white,recast_white/sprl,pietrolesci/recast_white,,sprl,recast_white__sprl,Classification,,49f76692fb17d5f51bfff93c80276ba700010005,false,false,false,,exact_normalized_tasksource_mapping,tasksource_residual_research_tdm,Article 3 / Danish section 11 c for current research use
tasksource,redefine-math.parquet,4050,256070,51214.0,inverse-scaling/redefine-math,redefine-math,inverse-scaling/redefine-math,,,redefine_math,MultipleChoice,cc-by-sa-4.0,5670e30333bdb4cbb1e2917ed004a74ee5656059,false,false,false,,exact_normalized_tasksource_mapping,tasksource_specific_licence,current upstream repository licence metadata
tasksource,regset.parquet,50000,2141623,428324.6,tasksource/regset,regset,tasksource/regset,,,regset,Classification,unknown,bf80aaccff64dfe968a95c97560b45dc199a2ca0,false,false,false,,exact_normalized_tasksource_mapping,tasksource_residual_research_tdm,Article 3 / Danish section 11 c for current research use
tasksource,riddle_sense.parquet,17550,1393670,278734.0,riddle_sense,riddle_sense,riddle_sense,,,riddle_sense,MultipleChoice,other,839cbbe6d7faef6204c3a79a2f7b852ffdc505b8,false,false,false,,exact_normalized_tasksource_mapping,tasksource_residual_research_tdm,Article 3 / Danish section 11 c for current research use
tasksource,robustLR.parquet,10425,3161665,632333.0,tasksource/robustLR,robustLR,tasksource/robustLR,,,robustLR,Classification,,369ce16fbe4467f46916efe3730d04fb607c0391,false,false,false,,exact_normalized_tasksource_mapping,tasksource_residual_research_tdm,Article 3 / Danish section 11 c for current research use
tasksource,robust_nli_IS_CS.parquet,2950,283730,56746.0,pietrolesci/robust_nli,robust_nli/IS_CS,pietrolesci/robust_nli,,IS_CS,robust_nli__IS_CS,Classification,,429dde22805398bdd6cfece27284f53a44ed6e67,false,false,false,,exact_normalized_tasksource_mapping,tasksource_residual_research_tdm,Article 3 / Danish section 11 c for current research use
tasksource,robust_nli_LI_LI.parquet,44670,3555295,711059.0,pietrolesci/robust_nli,robust_nli/LI_LI,pietrolesci/robust_nli,,LI_LI,robust_nli__LI_LI,Classification,,429dde22805398bdd6cfece27284f53a44ed6e67,false,false,false,,exact_normalized_tasksource_mapping,tasksource_residual_research_tdm,Article 3 / Danish section 11 c for current research use
tasksource,robust_nli_PI_CD.parquet,14670,1088230,217646.0,pietrolesci/robust_nli,robust_nli/PI_CD,pietrolesci/robust_nli,,PI_CD,robust_nli__PI_CD,Classification,,429dde22805398bdd6cfece27284f53a44ed6e67,false,false,false,,exact_normalized_tasksource_mapping,tasksource_residual_research_tdm,Article 3 / Danish section 11 c for current research use
tasksource,robust_nli_PI_SP.parquet,1665,154950,30990.0,pietrolesci/robust_nli,robust_nli/PI_SP,pietrolesci/robust_nli,,PI_SP,robust_nli__PI_SP,Classification,,429dde22805398bdd6cfece27284f53a44ed6e67,false,false,false,,exact_normalized_tasksource_mapping,tasksource_residual_research_tdm,Article 3 / Danish section 11 c for current research use
tasksource,robust_nli_ST_LM.parquet,44240,4718205,943641.0,pietrolesci/robust_nli,robust_nli/ST_LM,pietrolesci/robust_nli,,ST_LM,robust_nli__ST_LM,Classification,,429dde22805398bdd6cfece27284f53a44ed6e67,false,false,false,,exact_normalized_tasksource_mapping,tasksource_residual_research_tdm,Article 3 / Danish section 11 c for current research use
tasksource,robust_nli_ST_NE.parquet,44240,4106655,821331.0,pietrolesci/robust_nli,robust_nli/ST_NE,pietrolesci/robust_nli,,ST_NE,robust_nli__ST_NE,Classification,,429dde22805398bdd6cfece27284f53a44ed6e67,false,false,false,,exact_normalized_tasksource_mapping,tasksource_residual_research_tdm,Article 3 / Danish section 11 c for current research use
tasksource,robust_nli_ST_SE.parquet,50000,4424970,884994.0,pietrolesci/robust_nli,robust_nli/ST_SE,pietrolesci/robust_nli,,ST_SE,robust_nli__ST_SE,Classification,,429dde22805398bdd6cfece27284f53a44ed6e67,false,false,false,,exact_normalized_tasksource_mapping,tasksource_residual_research_tdm,Article 3 / Danish section 11 c for current research use
tasksource,robust_nli_ST_WO.parquet,44240,4062415,812483.0,pietrolesci/robust_nli,robust_nli/ST_WO,pietrolesci/robust_nli,,ST_WO,robust_nli__ST_WO,Classification,,429dde22805398bdd6cfece27284f53a44ed6e67,false,false,false,,exact_normalized_tasksource_mapping,tasksource_residual_research_tdm,Article 3 / Danish section 11 c for current research use
tasksource,robust_nli_is_sd.parquet,50000,3338562,667712.4,pietrolesci/robust_nli_is_sd,robust_nli_is_sd,pietrolesci/robust_nli_is_sd,,,robust_nli_is_sd,Classification,,338d9797bb910381f7493343991c1055d425b9c4,false,false,false,,exact_normalized_tasksource_mapping,tasksource_residual_research_tdm,Article 3 / Danish section 11 c for current research use
tasksource,robust_nli_li_ts.parquet,44240,3909560,781912.0,pietrolesci/robust_nli_li_ts,robust_nli_li_ts,pietrolesci/robust_nli_li_ts,,,robust_nli_li_ts,Classification,,8ede2d7bf4531a7b210c793fe7b9e483b871c8f5,false,false,false,,exact_normalized_tasksource_mapping,tasksource_residual_research_tdm,Article 3 / Danish section 11 c for current research use
tasksource,ruletaker.parquet,50000,8808725,1761745.0,tasksource/ruletaker,ruletaker,tasksource/ruletaker,,,ruletaker,Classification,apache-2.0,a3e0880baeb6ec3d478f4c4d85afe04b21b6cf7f,false,false,false,,exact_normalized_tasksource_mapping,tasksource_specific_licence,current upstream repository licence metadata
tasksource,rumoureval_2019_RumourEval2019.parquet,24385,2744395,548879.0,strombergnlp/rumoureval_2019,rumoureval_2019/RumourEval2019,strombergnlp/rumoureval_2019,RumourEval2019,,rumoureval_2019,Classification,cc-by-4.0,c9c0c7279d591d2fa4d692501d85f4e46d4b0572,false,false,false,,exact_normalized_tasksource_mapping,tasksource_specific_licence,current upstream repository licence metadata
tasksource,scicite.parquet,40970,3638360,727672.0,allenai/scicite,scicite,allenai/scicite,,,scicite,Classification,unknown,4c40e64d8eebd9c0a8f27bb630cfbaeffc01c941,false,false,false,,exact_normalized_tasksource_mapping,tasksource_residual_research_tdm,Article 3 / Danish section 11 c for current research use
tasksource,scientific-exaggeration-detection.parquet,450,50960,10192.0,copenlu/scientific-exaggeration-detection,scientific-exaggeration-detection,copenlu/scientific-exaggeration-detection,,,exaggeration_detection,Classification,gpl-3.0,544352335e47b53a991ed4157a396453fdb25d49,false,false,false,,exact_normalized_tasksource_mapping,tasksource_specific_licence,current upstream repository licence metadata
tasksource,scinli.parquet,50000,5730652,1146130.4,tasksource/scinli,scinli,tasksource/scinli,,,scinli,Classification,apache-2.0,61419d7f2cec9ca67324f28f6a077582643a037c,false,false,false,,exact_normalized_tasksource_mapping,tasksource_specific_licence,current upstream repository licence metadata
tasksource,scone.parquet,22545,1637770,327554.0,tasksource/scone,scone,tasksource/scone,,,scone,Classification,cc0-1.0,505ed270f9e9865c6cfab1e222d804fedd837127,false,false,false,,exact_normalized_tasksource_mapping,tasksource_specific_licence,current upstream repository licence metadata
tasksource,scruples.parquet,50000,22558367,4511673.4,metaeval/scruples,scruples,metaeval/scruples,,,scruples,Classification,apache-2.0,121b03f7820133d4ec4b42b776158968b787e3fd,false,false,false,,exact_normalized_tasksource_mapping,tasksource_specific_licence,current upstream repository licence metadata
tasksource,sem_eval_2010_task_8.parquet,36000,3913750,782750.0,sem_eval_2010_task_8,sem_eval_2010_task_8,sem_eval_2010_task_8,,,sem_eval_2010_task_8,Classification,,d58325907b9bf84a7c81f81fe5372791d911c10c,false,false,false,,exact_normalized_tasksource_mapping,tasksource_residual_research_tdm,Article 3 / Danish section 11 c for current research use
tasksource,sen-making_1.parquet,9090,510790,102158.0,tasksource/sen-making,sen-making/1,tasksource/sen-making,,1,sen_making__1,MultipleChoice,,69be31fdcab1fb4019b6311ed7f12fc42e8a4b13,false,false,false,,exact_normalized_tasksource_mapping,tasksource_residual_research_tdm,Article 3 / Danish section 11 c for current research use
tasksource,sen-making_2.parquet,9090,720505,144101.0,tasksource/sen-making,sen-making/2,tasksource/sen-making,,2,sen_making__2,MultipleChoice,,69be31fdcab1fb4019b6311ed7f12fc42e8a4b13,false,false,false,,exact_normalized_tasksource_mapping,tasksource_residual_research_tdm,Article 3 / Danish section 11 c for current research use
tasksource,sharc_modified_mod.parquet,50000,7032635,1406527.0,sharc_modified,sharc_modified/mod,sharc_modified,mod,,sharc_classification,Classification,unknown,cd708611e596e8cc44c9d35ca9a8c213552a3cda,false,false,false,,exact_normalized_tasksource_mapping,tasksource_residual_research_tdm,Article 3 / Danish section 11 c for current research use
tasksource,sherliic.parquet,4480,314025,62805.0,tasksource/sherliic,sherliic,tasksource/sherliic,,,sherliic,Classification,,f1a643fdf463c7ac9c4a48ccd67b41e8a6672086,false,false,false,,exact_normalized_tasksource_mapping,tasksource_residual_research_tdm,Article 3 / Danish section 11 c for current research use
tasksource,snips_built_in_intents.parquet,1475,77240,15448.0,snips_built_in_intents,snips_built_in_intents,snips_built_in_intents,,,snips_built_in_intents,Classification,cc0-1.0,7a3f9329f396a746c867f370c7ab210dff9c789b,false,false,false,,exact_normalized_tasksource_mapping,tasksource_specific_licence,current upstream repository licence metadata
tasksource,spartqa-mchoice.parquet,50000,10553947,2110789.4,tasksource/spartqa-mchoice,spartqa-mchoice,tasksource/spartqa-mchoice,,,spartqa_mc,MultipleChoice,mit,d29ba456044649c3c2fe29c5ff429c3e6d80a97b,false,false,false,,exact_normalized_tasksource_mapping,tasksource_specific_licence,current upstream repository licence metadata
tasksource,spartqa-yn.parquet,50000,9511203,1902240.6,tasksource/spartqa-yn,spartqa-yn,tasksource/spartqa-yn,,,spartqa_yn,Classification,apache-2.0,150c819e88bba1859b8a763fd40d3a15033adc58,false,false,false,,exact_normalized_tasksource_mapping,tasksource_specific_licence,current upstream repository licence metadata
tasksource,starcon.parquet,6755,389045,77809.0,tasksource/starcon,starcon,tasksource/starcon,,,starcon,Classification,unknown,ce9b8e062e9dc0ce6df29337bb9e0b610744ef63,false,false,false,,exact_normalized_tasksource_mapping,tasksource_residual_research_tdm,Article 3 / Danish section 11 c for current research use
tasksource,subjectivity.parquet,3655,213500,42700.0,tasksource/subjectivity,subjectivity,tasksource/subjectivity,,,subjectivity,Classification,mit,0474129486413a7654eab313d2c03532625fa9ae,false,false,false,,exact_normalized_tasksource_mapping,tasksource_specific_licence,current upstream repository licence metadata
tasksource,summarize_from_feedback_comparisons.parquet,50000,20179661,4035932.2,openai/summarize_from_feedback,summarize_from_feedback/comparisons,openai/summarize_from_feedback,comparisons,,summarize_from_feedback,MultipleChoice,,b8f7d168b6f4e95b2a92e84768bd6c955bed2f29,false,false,false,,exact_normalized_tasksource_mapping,tasksource_residual_research_tdm,Article 3 / Danish section 11 c for current research use
tasksource,syntactic-augmentation-nli.parquet,50000,3882549,776509.8,metaeval/syntactic-augmentation-nli,syntactic-augmentation-nli,metaeval/syntactic-augmentation-nli,,,syntactic_augmentation_nli,Classification,mit,81300ee240953dcb505b786d4220b3ca6a8b060e,false,false,false,,exact_normalized_tasksource_mapping,tasksource_specific_licence,current upstream repository licence metadata
tasksource,temporal-nli.parquet,50000,3766584,753316.8,tasksource/temporal-nli,temporal-nli,tasksource/temporal-nli,,,temporal_nli,Classification,apache-2.0,d5cedbbdb9f1e7591569ebaf7cf1dd238f0b624b,false,false,false,,exact_normalized_tasksource_mapping,tasksource_specific_licence,current upstream repository licence metadata
tasksource,tomi-nli.parquet,29970,3319250,663850.0,tasksource/tomi-nli,tomi-nli,tasksource/tomi-nli,,,tomi_nli,Classification,gpl-3.0,0ef85426a9b6765dca712c0d45cc55d42ef18fe7,false,false,false,,exact_normalized_tasksource_mapping,tasksource_specific_licence,current upstream repository licence metadata
tasksource,tracie.parquet,5280,629665,125933.0,tasksource/tracie,tracie,tasksource/tracie,,,tracie,Classification,apache-2.0,4967d8aaa06a4ea97a88bf77071d66be0140bc45,false,false,false,,exact_normalized_tasksource_mapping,tasksource_specific_licence,current upstream repository licence metadata
tasksource,twentyquestions.parquet,50000,2490797,498159.4,maximedb/twentyquestions,twentyquestions,maximedb/twentyquestions,,,twentyquestions,Classification,,,,,,HTTPError: HTTP Error 401: Unauthorized,exact_normalized_tasksource_mapping,tasksource_residual_research_tdm,Article 3 / Danish section 11 c for current research use
tasksource,universal_dependencies_en_ewt_deprel.parquet,50000,8912749,1782549.8,universal_dependencies,universal_dependencies/en_ewt/deprel,universal_dependencies,en_ewt,deprel,udep__deprel,TokenClassification,,,,,,HTTPError: HTTP Error 401: Unauthorized,exact_normalized_tasksource_mapping,tasksource_residual_research_tdm,Article 3 / Danish section 11 c for current research use
tasksource,universal_dependencies_en_gum_deprel.parquet,21435,4205645,841129.0,universal_dependencies,universal_dependencies/en_gum/deprel,universal_dependencies,en_gum,deprel,udep__deprel,TokenClassification,,,,,,HTTPError: HTTP Error 401: Unauthorized,exact_normalized_tasksource_mapping,tasksource_residual_research_tdm,Article 3 / Danish section 11 c for current research use
tasksource,universal_dependencies_en_lines_deprel.parquet,15880,2940975,588195.0,universal_dependencies,universal_dependencies/en_lines/deprel,universal_dependencies,en_lines,deprel,udep__deprel,TokenClassification,,,,,,HTTPError: HTTP Error 401: Unauthorized,exact_normalized_tasksource_mapping,tasksource_residual_research_tdm,Article 3 / Danish section 11 c for current research use
tasksource,universal_dependencies_en_partut_deprel.parquet,8905,2073820,414764.0,universal_dependencies,universal_dependencies/en_partut/deprel,universal_dependencies,en_partut,deprel,udep__deprel,TokenClassification,,,,,,HTTPError: HTTP Error 401: Unauthorized,exact_normalized_tasksource_mapping,tasksource_residual_research_tdm,Article 3 / Danish section 11 c for current research use
tasksource,vitaminc_tals--vitaminc.parquet,50000,5331396,1066279.2,tals/vitaminc,vitaminc,tals/vitaminc,,,tals_vitaminc,Classification,cc-by-sa-3.0,be6febb761b0b2807687e61e0b5282e459df2fa0,false,false,false,,exact_normalized_tasksource_mapping,tasksource_specific_licence,current upstream repository licence metadata
tasksource,wikimedqa_medwiki.parquet,50000,17343670,3468734.0,sileod/wikimedqa,wikimedqa/medwiki,sileod/wikimedqa,medwiki,,wikimedqa,MultipleChoice,apache-2.0,a656b4ab939f8b8fbee6298d8f00da6861009b54,false,false,false,,exact_normalized_tasksource_mapping,tasksource_specific_licence,current upstream repository licence metadata
tasksource,winodict.parquet,6695,388230,77646.0,tasksource/winodict,winodict,tasksource/winodict,,,winodict,MultipleChoice,cc-by-4.0,c04c8161fd151b4313a010e0f6a71b95dc0f67c9,false,false,false,,exact_normalized_tasksource_mapping,tasksource_specific_licence,current upstream repository licence metadata
